row_id,topic_sim,on_topic
0,0.7424,True
1,1.0148,True
2,1.0668,True
3,1.1306,True
4,0.5371,True
5,1.1612,True
6,0.9403,True
7,0.8872,True
8,0.9425,True
9,1.0104,True
10,1.1001,True
11,1.0214,True
12,0.9007,True
13,0.8807,True
14,1.0284,True
15,1.2891,True
16,0.921,True
17,1.1942,True
18,0.4939,False
19,0.8815,True
20,1.2394,True
21,0.5179,True
22,0.981,True
23,1.1807,True
24,1.017,True
25,0.8297,True
26,0.6555,True
27,0.9814,True
28,0.9612,True
29,0.7398,True
30,0.989,True
31,0.9242,True
32,0.895,True
33,0.9178,True
34,1.1142,True
35,1.04,True
36,0.83,True
37,0.8456,True
38,0.7541,True
39,0.8992,True
40,1.0081,True
41,0.939,True
42,1.0125,True
43,0.9443,True
44,1.1187,True
45,0.9041,True
46,0.9216,True
47,1.0293,True
48,1.0474,True
49,0.9565,True
50,0.9284,True
51,0.8293,True
52,1.0494,True
53,0.9846,True
54,0.8715,True
55,0.7895,True
56,1.2186,True
57,1.0066,True
58,1.151,True
59,1.0482,True
60,0.9495,True
61,0.8111,True
62,0.9731,True
63,0.9499,True
64,1.0311,True
65,0.6625,True
66,0.9623,True
67,1.1651,True
68,1.0409,True
69,1.1725,True
70,0.9624,True
71,0.9876,True
72,1.0835,True
73,0.9043,True
74,0.8275,True
75,0.6847,True
76,1.0784,True
77,0.8228,True
78,1.0074,True
79,1.1136,True
80,0.7156,True
81,0.4889,False
82,1.1101,True
83,1.1131,True
84,1.0811,True
85,0.9467,True
86,1.2117,True
87,0.8784,True
88,1.1772,True
89,1.231,True
90,1.065,True
91,0.9476,True
92,1.1292,True
93,0.9252,True
94,1.1208,True
95,1.0033,True
96,0.9856,True
97,0.8579,True
98,0.9187,True
99,0.7565,True
100,0.8914,True
101,0.8228,True
102,1.0512,True
103,1.1676,True
104,1.3238,True
105,1.1975,True
106,1.0772,True
107,0.8434,True
108,1.1225,True
109,0.9849,True
110,0.8281,True
111,1.1675,True
112,1.0736,True
113,1.0294,True
114,0.6456,True
115,1.2279,True
116,0.7487,True
117,1.2671,True
118,1.1027,True
119,1.0074,True
120,1.0073,True
121,0.8489,True
122,1.0093,True
123,1.0263,True
124,1.0575,True
125,1.1372,True
126,0.8439,True
127,1.1042,True
128,1.2133,True
129,1.0615,True
130,1.2451,True
131,1.1574,True
132,0.6776,True
133,0.708,True
134,1.0059,True
135,1.0934,True
136,1.1838,True
137,0.667,True
138,0.8295,True
139,1.0504,True
140,1.0051,True
141,1.3399,True
142,0.9644,True
143,1.0887,True
144,0.8602,True
145,0.95,True
146,1.0813,True
147,1.1814,True
148,1.0295,True
149,0.8701,True
150,1.0697,True
151,1.1201,True
152,1.0359,True
153,1.0317,True
154,1.0248,True
155,1.0124,True
156,1.121,True
157,1.0762,True
158,0.9913,True
159,1.069,True
160,1.129,True
161,1.0896,True
162,0.9242,True
163,1.2399,True
164,1.2795,True
165,0.9798,True
166,1.1109,True
167,1.0208,True
168,1.0279,True
169,0.9263,True
170,1.2435,True
171,1.1783,True
172,0.9155,True
173,1.1718,True
174,1.0156,True
175,1.0022,True
176,1.238,True
177,0.9941,True
178,0.871,True
179,1.1148,True
180,0.9702,True
181,0.869,True
182,0.9566,True
183,1.063,True
184,1.2069,True
185,1.2204,True
186,0.73,True
187,1.185,True
188,0.9137,True
189,1.1126,True
190,1.0202,True
191,1.079,True
192,0.7793,True
193,0.8604,True
194,1.0117,True
195,0.8863,True
196,0.9853,True
197,1.2035,True
198,1.0101,True
199,1.0471,True
200,1.0331,True
201,0.8017,True
202,0.8957,True
203,0.8627,True
204,1.0619,True
205,1.1462,True
206,0.9461,True
207,0.8727,True
208,0.817,True
209,0.8735,True
210,1.058,True
211,0.7115,True
212,1.0058,True
213,1.1192,True
214,0.9675,True
215,1.0398,True
216,1.1599,True
217,1.1555,True
218,0.9006,True
219,0.9304,True
220,1.0283,True
221,0.9023,True
222,0.9507,True
223,1.0548,True
224,1.0481,True
225,0.9486,True
226,0.8002,True
227,1.0463,True
228,0.8945,True
229,1.0155,True
230,0.7221,True
231,0.9648,True
232,1.1411,True
233,0.8661,True
234,0.8521,True
235,1.033,True
236,1.1579,True
237,1.0604,True
238,1.1326,True
239,0.9917,True
240,0.7248,True
241,0.8755,True
242,1.1397,True
243,1.1859,True
244,1.256,True
245,0.8222,True
246,0.9891,True
247,1.1186,True
248,0.5051,True
249,0.8173,True
250,1.1923,True
251,0.7593,True
252,0.8411,True
253,1.0491,True
254,1.0963,True
255,1.1124,True
256,1.0312,True
257,1.0118,True
258,1.116,True
259,1.0037,True
260,1.2609,True
261,0.5753,True
262,1.264,True
263,1.1159,True
264,0.5907,True
265,0.9855,True
266,0.9233,True
267,1.0003,True
268,0.9138,True
269,0.9117,True
270,0.83,True
271,1.0214,True
272,1.1696,True
273,1.0052,True
274,1.0769,True
275,0.8639,True
276,1.1889,True
277,0.9538,True
278,0.9355,True
279,1.1249,True
280,0.7929,True
281,1.0736,True
282,0.9887,True
283,1.0735,True
284,0.9378,True
285,0.9721,True
286,0.9402,True
287,0.6864,True
288,1.0431,True
289,0.8531,True
290,1.0648,True
291,0.8655,True
292,1.0489,True
293,1.0984,True
294,1.0595,True
295,1.0889,True
296,0.8742,True
297,1.0525,True
298,1.1149,True
299,1.1077,True
300,0.6788,True
301,1.1043,True
302,0.945,True
303,0.943,True
304,0.9671,True
305,1.3775,True
306,0.9843,True
307,1.0744,True
308,0.8044,True
309,1.0754,True
310,1.06,True
311,0.9994,True
312,1.2674,True
313,0.5781,True
314,0.9428,True
315,0.8592,True
316,0.7794,True
317,1.0557,True
318,1.213,True
319,0.856,True
320,0.7783,True
321,1.0006,True
322,1.0355,True
323,1.0685,True
324,0.9396,True
325,1.1024,True
326,1.1275,True
327,0.8772,True
328,0.9756,True
329,0.9357,True
330,0.8505,True
331,1.1161,True
332,0.9525,True
333,0.9962,True
334,0.9875,True
335,1.0265,True
336,0.8357,True
337,0.8602,True
338,0.8623,True
339,0.9297,True
340,1.2891,True
341,0.9183,True
342,1.0271,True
343,0.9646,True
344,0.9865,True
345,0.7996,True
346,0.8767,True
347,0.6229,True
348,0.8486,True
349,0.6964,True
350,1.1903,True
351,0.9969,True
352,1.0895,True
353,1.0392,True
354,1.2563,True
355,0.8507,True
356,1.2138,True
357,1.0469,True
358,1.0303,True
359,0.9799,True
360,1.2844,True
361,1.1401,True
362,1.0322,True
363,0.6319,True
364,0.9153,True
365,1.1636,True
366,0.8625,True
367,1.1439,True
368,0.6918,True
369,0.857,True
370,1.2474,True
371,0.9563,True
372,0.5756,True
373,1.0051,True
374,1.0158,True
375,1.249,True
376,1.0279,True
377,1.2019,True
378,1.1282,True
379,1.046,True
380,1.1501,True
381,0.9488,True
382,0.8181,True
383,1.0416,True
384,1.0394,True
385,1.0677,True
386,1.1111,True
387,0.8809,True
388,0.9129,True
389,0.8959,True
390,0.8149,True
391,0.9431,True
392,1.0324,True
393,0.9053,True
394,1.0007,True
395,1.0386,True
396,0.9934,True
397,0.7006,True
398,0.898,True
399,1.1844,True
400,0.7815,True
401,1.092,True
402,1.0146,True
403,0.945,True
404,0.9753,True
405,0.9778,True
406,0.928,True
407,1.0714,True
408,0.8938,True
409,0.9428,True
410,1.1865,True
411,0.8764,True
412,1.1449,True
413,1.0017,True
414,1.1155,True
415,0.9997,True
416,0.8779,True
417,1.0912,True
418,0.8434,True
419,0.9275,True
420,1.0962,True
421,1.0294,True
422,1.1571,True
423,0.8726,True
424,1.1946,True
425,0.8892,True
426,1.0917,True
427,0.9457,True
428,0.8343,True
429,0.9012,True
430,0.9841,True
431,1.0279,True
432,1.2973,True
433,1.1118,True
434,1.0144,True
435,0.9515,True
436,0.9875,True
437,1.1358,True
438,0.8235,True
439,1.0968,True
440,1.0318,True
441,0.9521,True
442,1.1241,True
443,0.9258,True
444,0.8234,True
445,1.0428,True
446,0.9352,True
447,0.9467,True
448,1.2051,True
449,1.0361,True
450,1.0456,True
451,0.9833,True
452,0.8593,True
453,1.0333,True
454,1.0104,True
455,1.0091,True
456,1.0235,True
457,1.099,True
458,1.2836,True
459,0.9058,True
460,1.007,True
461,1.0051,True
462,1.0496,True
463,1.1089,True
464,0.8407,True
465,1.2239,True
466,0.7411,True
467,0.858,True
468,1.0252,True
469,0.873,True
470,1.103,True
471,1.1715,True
472,1.2231,True
473,0.8226,True
474,1.1716,True
475,1.1574,True
476,0.9463,True
477,0.9679,True
478,1.0957,True
479,1.0842,True
480,0.9541,True
481,1.1457,True
482,0.9206,True
483,0.9169,True
484,1.2437,True
485,1.0828,True
486,1.1794,True
487,0.9448,True
488,0.9702,True
489,0.9942,True
490,0.9724,True
491,0.9739,True
492,1.098,True
493,1.205,True
494,1.0244,True
495,1.0829,True
496,1.0652,True
497,1.0992,True
498,0.9337,True
499,0.8741,True
500,1.0654,True
501,1.0322,True
502,0.9659,True
503,1.0573,True
504,1.0751,True
505,0.8992,True
506,1.0402,True
507,1.0417,True
508,0.9617,True
509,1.0875,True
510,1.2365,True
511,1.1287,True
512,1.1609,True
513,0.851,True
514,1.1618,True
515,0.9304,True
516,1.115,True
517,0.7549,True
518,1.0843,True
519,1.1533,True
520,1.2126,True
521,0.852,True
522,1.0324,True
523,1.1301,True
524,0.9879,True
525,1.067,True
526,0.9533,True
527,1.281,True
528,1.1418,True
529,0.9438,True
530,1.1493,True
531,0.8425,True
532,1.0491,True
533,0.992,True
534,1.0809,True
535,0.8454,True
536,0.8458,True
537,0.9191,True
538,1.0864,True
539,0.8703,True
540,0.765,True
541,0.9834,True
542,0.7487,True
543,0.8762,True
544,0.8908,True
545,1.0222,True
546,1.071,True
547,0.8205,True
548,1.0852,True
549,0.9347,True
550,1.1334,True
551,1.2702,True
552,1.0244,True
553,0.9718,True
554,0.9356,True
555,0.9305,True
556,0.9298,True
557,1.0989,True
558,0.9974,True
559,1.0422,True
560,1.0455,True
561,0.8397,True
562,1.159,True
563,1.1697,True
564,0.9481,True
565,1.0079,True
566,1.1403,True
567,0.9982,True
568,0.9946,True
569,0.9646,True
570,1.0857,True
571,1.1321,True
572,1.0199,True
573,0.6857,True
574,0.922,True
575,0.9757,True
576,1.0181,True
577,0.8162,True
578,0.8662,True
579,1.3185,True
580,0.998,True
581,0.9687,True
582,1.007,True
583,0.8951,True
584,1.0342,True
585,0.8029,True
586,0.9222,True
587,1.0376,True
588,1.0691,True
589,0.7443,True
590,1.1781,True
591,1.1092,True
592,0.6792,True
593,1.2752,True
594,1.1778,True
595,0.9418,True
596,0.8944,True
597,0.85,True
598,1.0391,True
599,1.0348,True
600,1.0923,True
601,0.8296,True
602,1.0743,True
603,1.0566,True
604,1.1315,True
605,0.9738,True
606,1.028,True
607,0.9627,True
608,1.041,True
609,0.9846,True
610,0.9456,True
611,0.9581,True
612,0.9652,True
613,0.8399,True
614,0.9759,True
615,0.947,True
616,0.7141,True
617,1.0403,True
618,0.8933,True
619,1.1209,True
620,1.1121,True
621,1.0196,True
622,0.7765,True
623,1.1456,True
624,0.8379,True
625,0.7891,True
626,0.806,True
627,0.7762,True
628,0.7684,True
629,1.2269,True
630,1.0428,True
631,1.1628,True
632,1.0247,True
633,1.0281,True
634,1.19,True
635,1.0472,True
636,1.1176,True
637,0.8545,True
638,0.8278,True
639,0.9293,True
640,1.2769,True
641,0.924,True
642,0.8087,True
643,0.7705,True
644,1.0103,True
645,0.8884,True
646,1.0358,True
647,0.9435,True
648,1.0386,True
649,1.1598,True
650,0.9904,True
651,0.7301,True
652,0.986,True
653,0.7557,True
654,1.127,True
655,0.7039,True
656,0.8697,True
657,0.9718,True
658,0.8276,True
659,0.853,True
660,0.9952,True
661,0.9818,True
662,0.9649,True
663,1.1978,True
664,0.9983,True
665,0.9116,True
666,0.7473,True
667,1.1525,True
668,0.9374,True
669,1.0721,True
670,0.841,True
671,0.9665,True
672,1.1674,True
673,0.825,True
674,0.9888,True
675,1.111,True
676,1.2485,True
677,1.147,True
678,1.0969,True
679,1.1534,True
680,1.0503,True
681,0.9837,True
682,1.0039,True
683,0.8623,True
684,1.2171,True
685,1.2125,True
686,0.9769,True
687,0.9497,True
688,1.104,True
689,0.9043,True
690,1.1094,True
691,1.0126,True
692,0.9823,True
693,1.0445,True
694,0.8498,True
695,1.1015,True
696,0.6823,True
697,0.7465,True
698,0.9821,True
699,0.9457,True
700,0.8264,True
701,0.8616,True
702,1.0699,True
703,0.9222,True
704,0.9119,True
705,1.0679,True
706,0.8681,True
707,1.1598,True
708,0.9907,True
709,1.127,True
710,0.9987,True
711,1.0219,True
712,1.1031,True
713,0.7892,True
714,1.5123,True
715,0.9749,True
716,1.0131,True
717,1.1303,True
718,1.0099,True
719,0.9798,True
720,1.0778,True
721,0.9463,True
722,1.0542,True
723,1.2591,True
724,0.8328,True
725,1.1331,True
726,1.0873,True
727,1.0056,True
728,0.8566,True
729,0.8823,True
730,1.0953,True
731,1.1895,True
732,0.9831,True
733,0.8625,True
734,0.9348,True
735,0.9682,True
736,0.5158,True
737,1.147,True
738,0.8331,True
739,0.8449,True
740,1.0854,True
741,1.0516,True
742,0.9717,True
743,1.1636,True
744,1.0722,True
745,1.1166,True
746,1.0422,True
747,0.7031,True
748,0.8983,True
749,0.922,True
750,1.093,True
751,1.0993,True
752,1.1789,True
753,1.0055,True
754,1.0332,True
755,0.829,True
756,0.9213,True
757,0.8814,True
758,1.1984,True
759,0.9567,True
760,1.2917,True
761,1.0029,True
762,1.0281,True
763,1.1771,True
764,1.1725,True
765,1.0457,True
766,1.0099,True
767,1.0774,True
768,1.0899,True
769,1.1838,True
770,1.0369,True
771,0.751,True
772,0.9743,True
773,1.1031,True
774,1.163,True
775,0.8688,True
776,0.9428,True
777,1.3275,True
778,0.9035,True
779,0.9768,True
780,0.971,True
781,1.0776,True
782,0.6575,True
783,0.831,True
784,1.0466,True
785,1.1053,True
786,1.068,True
787,1.0365,True
788,0.9681,True
789,1.0814,True
790,1.0347,True
791,1.1095,True
792,0.9448,True
793,0.8059,True
794,1.1742,True
795,0.9054,True
796,1.2838,True
797,0.8792,True
798,1.1321,True
799,0.9519,True
800,0.8798,True
801,0.9212,True
802,0.9533,True
803,1.0391,True
804,1.0705,True
805,1.0839,True
806,0.9458,True
807,1.1063,True
808,1.2237,True
809,1.1909,True
810,0.8769,True
811,1.0993,True
812,0.877,True
813,0.9449,True
814,1.1118,True
815,1.0768,True
816,0.9508,True
817,1.0181,True
818,1.1567,True
819,1.1406,True
820,1.0492,True
821,0.8898,True
822,1.0979,True
823,0.9966,True
824,1.2287,True
825,0.8925,True
826,1.1415,True
827,1.0079,True
828,0.9475,True
829,1.0007,True
830,1.0177,True
831,0.9646,True
832,0.9941,True
833,0.9245,True
834,1.2229,True
835,0.7344,True
836,0.7368,True
837,0.5741,True
838,0.859,True
839,1.071,True
840,0.9469,True
841,1.0527,True
842,1.1831,True
843,1.0161,True
844,0.8892,True
845,1.067,True
846,1.0389,True
847,0.735,True
848,1.1016,True
849,0.9899,True
850,0.8462,True
851,1.1372,True
852,0.8165,True
853,0.585,True
854,0.8511,True
855,0.8392,True
856,0.6909,True
857,1.0696,True
858,0.8799,True
859,0.9633,True
860,0.913,True
861,0.9681,True
862,0.9963,True
863,1.022,True
864,1.0328,True
865,0.7597,True
866,0.7756,True
867,0.9068,True
868,1.0381,True
869,1.211,True
870,0.985,True
871,1.0249,True
872,1.0182,True
873,0.9044,True
874,0.7373,True
875,1.1095,True
876,1.0579,True
877,0.9841,True
878,0.9683,True
879,1.0058,True
880,1.3629,True
881,1.0591,True
882,1.0049,True
883,1.0334,True
884,0.8068,True
885,0.9145,True
886,0.8766,True
887,0.9446,True
888,1.1235,True
889,0.5991,True
890,0.9683,True
891,0.8662,True
892,1.2683,True
893,0.9536,True
894,0.8512,True
895,1.006,True
896,1.0787,True
897,1.0418,True
898,0.8994,True
899,1.0169,True
900,0.9803,True
901,0.9341,True
902,0.7437,True
903,0.9814,True
904,0.9713,True
905,0.6824,True
906,0.8736,True
907,1.2715,True
908,0.9829,True
909,1.165,True
910,1.0734,True
911,1.1463,True
912,0.649,True
913,1.17,True
914,0.831,True
915,1.0807,True
916,1.2004,True
917,1.144,True
918,1.0567,True
919,0.9861,True
920,1.3565,True
921,1.232,True
922,1.1229,True
923,0.7933,True
924,1.2764,True
925,1.1344,True
926,1.0583,True
927,1.0423,True
928,1.0011,True
929,1.0417,True
930,0.9102,True
931,0.6883,True
932,0.872,True
933,0.8185,True
934,1.0946,True
935,0.9546,True
936,0.8376,True
937,1.1031,True
938,1.1075,True
939,0.8653,True
940,0.6948,True
941,0.7349,True
942,1.1013,True
943,0.8964,True
944,1.0484,True
945,0.8621,True
946,1.02,True
947,0.8183,True
948,0.7132,True
949,1.2022,True
950,0.7751,True
951,1.0349,True
952,1.0109,True
953,0.6447,True
954,0.9916,True
955,0.8578,True
956,0.8728,True
957,0.9869,True
958,1.1092,True
959,0.9833,True
960,0.8531,True
961,0.7795,True
962,0.9275,True
963,1.0359,True
964,1.0445,True
965,0.784,True
966,1.0619,True
967,0.9631,True
968,1.1055,True
969,1.0337,True
970,1.08,True
971,1.021,True
972,1.1179,True
973,1.1624,True
974,1.2018,True
975,1.0787,True
976,0.7364,True
977,1.1358,True
978,0.642,True
979,1.0824,True
980,0.8263,True
981,0.8512,True
982,0.7898,True
983,0.8988,True
984,1.1653,True
985,1.0423,True
986,0.8886,True
987,0.8797,True
988,0.612,True
989,1.0685,True
990,1.2272,True
991,1.0131,True
992,0.9119,True
993,0.9329,True
994,0.9945,True
995,1.0237,True
996,1.1488,True
997,0.6071,True
998,0.8762,True
999,1.0021,True
1000,0.9113,True
1001,1.0202,True
1002,0.9666,True
1003,0.8969,True
1004,1.0563,True
1005,1.1062,True
1006,0.8805,True
1007,0.8996,True
1008,0.9213,True
1009,0.9917,True
1010,0.9916,True
1011,1.0998,True
1012,1.1757,True
1013,1.0536,True
1014,1.215,True
1015,1.1333,True
1016,0.9034,True
1017,1.0732,True
1018,0.8607,True
1019,1.3003,True
1020,1.0113,True
1021,1.1535,True
1022,0.9207,True
1023,1.1512,True
1024,0.9068,True
1025,1.1501,True
1026,1.1744,True
1027,0.9306,True
1028,0.9205,True
1029,0.8776,True
1030,0.9155,True
1031,1.0607,True
1032,1.0634,True
1033,0.6635,True
1034,1.1347,True
1035,1.1216,True
1036,1.0031,True
1037,0.8582,True
1038,0.9356,True
1039,1.0191,True
1040,1.2035,True
1041,0.911,True
1042,1.0532,True
1043,0.9575,True
1044,0.8344,True
1045,0.9187,True
1046,0.828,True
1047,0.9421,True
1048,0.7853,True
1049,0.8802,True
1050,0.804,True
1051,1.1453,True
1052,0.9739,True
1053,1.2064,True
1054,0.8686,True
1055,1.0606,True
1056,1.1546,True
1057,0.9712,True
1058,1.0837,True
1059,0.9827,True
1060,0.9191,True
1061,1.0643,True
1062,1.3608,True
1063,1.0923,True
1064,0.7514,True
1065,0.9535,True
1066,0.8796,True
1067,1.0171,True
1068,0.9974,True
1069,0.8905,True
1070,0.9265,True
1071,1.1719,True
1072,0.869,True
1073,1.0896,True
1074,1.0273,True
1075,1.2149,True
1076,0.7171,True
1077,0.6668,True
1078,0.8603,True
1079,1.1809,True
1080,1.1148,True
1081,1.0149,True
1082,0.9469,True
1083,1.177,True
1084,0.9279,True
1085,0.8702,True
1086,0.7781,True
1087,1.0118,True
1088,0.8792,True
1089,1.1997,True
1090,0.7827,True
1091,1.0623,True
1092,1.1993,True
1093,1.0799,True
1094,0.9695,True
1095,0.7765,True
1096,0.9947,True
1097,1.1424,True
1098,1.0178,True
1099,1.0936,True
1100,1.0497,True
1101,1.1695,True
1102,0.8337,True
1103,1.1081,True
1104,1.1381,True
1105,1.0799,True
1106,1.0059,True
1107,0.9094,True
1108,1.11,True
1109,1.3061,True
1110,0.8691,True
1111,1.0972,True
1112,0.9272,True
1113,0.6141,True
1114,0.8725,True
1115,0.949,True
1116,0.6729,True
1117,0.9979,True
1118,0.972,True
1119,0.7837,True
1120,0.8468,True
1121,0.7173,True
1122,0.7168,True
1123,0.9372,True
1124,0.6856,True
1125,0.9943,True
1126,0.8272,True
1127,0.8749,True
1128,1.2656,True
1129,1.1824,True
1130,1.0589,True
1131,1.1572,True
1132,1.0981,True
1133,0.7853,True
1134,0.9347,True
1135,1.0213,True
1136,0.9887,True
1137,0.9901,True
1138,0.9725,True
1139,0.9559,True
1140,0.9415,True
1141,1.0217,True
1142,1.1036,True
1143,0.8736,True
1144,1.1029,True
1145,0.97,True
1146,0.9486,True
1147,0.99,True
1148,0.8222,True
1149,0.8969,True
1150,0.9051,True
1151,0.8541,True
1152,0.9792,True
1153,1.05,True
1154,0.9694,True
1155,1.248,True
1156,1.1923,True
1157,1.0461,True
1158,0.8909,True
1159,0.9087,True
1160,1.1363,True
1161,1.0395,True
1162,0.8174,True
1163,1.0938,True
1164,0.8549,True
1165,0.8931,True
1166,0.7609,True
1167,1.0742,True
1168,1.0323,True
1169,0.9632,True
1170,0.7565,True
1171,0.8445,True
1172,1.0982,True
1173,1.2641,True
1174,0.9546,True
1175,1.1806,True
1176,1.1575,True
1177,1.337,True
1178,0.8208,True
1179,1.0103,True
1180,1.1448,True
1181,1.2533,True
1182,1.0614,True
1183,1.1578,True
1184,0.9125,True
1185,1.0963,True
1186,0.8371,True
1187,0.3289,False
1188,1.2141,True
1189,1.0396,True
1190,0.9057,True
1191,1.0702,True
1192,1.163,True
1193,0.9208,True
1194,0.8186,True
1195,0.8886,True
1196,1.2651,True
1197,0.9303,True
1198,1.0404,True
1199,0.979,True
1200,0.9461,True
1201,0.8829,True
1202,1.2051,True
1203,1.2598,True
1204,1.1041,True
1205,0.9892,True
1206,0.8252,True
1207,0.8824,True
1208,0.9,True
1209,1.2114,True
1210,1.1431,True
1211,1.1698,True
1212,0.8742,True
1213,0.8938,True
1214,1.0328,True
1215,0.6376,True
1216,0.7288,True
1217,0.9546,True
1218,0.845,True
1219,1.121,True
1220,1.0214,True
1221,0.7595,True
1222,0.7635,True
1223,0.718,True
1224,1.1992,True
1225,0.8475,True
1226,0.8446,True
1227,1.0261,True
1228,0.6954,True
1229,0.5458,True
1230,0.8634,True
1231,0.5673,True
1232,1.058,True
1233,1.1175,True
1234,1.0322,True
1235,0.9287,True
1236,1.1702,True
1237,0.8783,True
1238,0.947,True
1239,1.1827,True
1240,1.0505,True
1241,1.0258,True
1242,0.7205,True
1243,1.2653,True
1244,1.1255,True
1245,1.1688,True
1246,1.0468,True
1247,1.2045,True
1248,1.0707,True
1249,0.827,True
1250,1.1441,True
1251,0.9173,True
1252,0.9727,True
1253,1.1403,True
1254,0.7419,True
1255,0.843,True
1256,1.0573,True
1257,1.0354,True
1258,1.0441,True
1259,0.8574,True
1260,1.0837,True
1261,1.0681,True
1262,0.5255,True
1263,1.171,True
1264,1.014,True
1265,0.7076,True
1266,0.8611,True
1267,0.8695,True
1268,1.1796,True
1269,0.9915,True
1270,1.1829,True
1271,1.0098,True
1272,1.0114,True
1273,0.9043,True
1274,1.2637,True
1275,0.9915,True
1276,1.1744,True
1277,0.8828,True
1278,1.0542,True
1279,0.8739,True
1280,1.0471,True
1281,1.3087,True
1282,0.7987,True
1283,1.2286,True
1284,1.0094,True
1285,1.0052,True
1286,1.0062,True
1287,1.0534,True
1288,0.8118,True
1289,0.6793,True
1290,1.1687,True
1291,0.5352,True
1292,1.0444,True
1293,1.053,True
1294,1.1599,True
1295,0.8885,True
1296,0.6296,True
1297,0.5465,True
1298,0.8185,True
1299,1.1981,True
1300,0.8572,True
1301,0.958,True
1302,1.2496,True
1303,1.094,True
1304,0.9752,True
1305,0.9113,True
1306,0.7675,True
1307,1.0023,True
1308,0.9449,True
1309,1.0093,True
1310,1.1306,True
1311,0.4454,False
1312,0.7843,True
1313,1.0345,True
1314,0.9146,True
1315,0.7316,True
1316,0.9792,True
1317,0.9401,True
1318,1.0071,True
1319,0.9818,True
1320,0.6474,True
1321,1.1265,True
1322,1.1235,True
1323,0.6916,True
1324,1.2003,True
1325,0.9331,True
1326,0.9361,True
1327,1.1485,True
1328,0.7572,True
1329,0.8863,True
1330,1.0355,True
1331,0.9147,True
1332,1.1809,True
1333,0.8868,True
1334,1.2038,True
1335,0.9516,True
1336,1.1756,True
1337,0.678,True
1338,0.8799,True
1339,0.7412,True
1340,0.9536,True
1341,1.1695,True
1342,0.7821,True
1343,1.0771,True
1344,0.8019,True
1345,1.1804,True
1346,0.9345,True
1347,0.829,True
1348,0.8179,True
1349,0.9454,True
1350,1.1613,True
1351,0.9223,True
1352,0.9109,True
1353,0.8729,True
1354,1.0118,True
1355,0.9491,True
1356,1.0495,True
1357,0.856,True
1358,1.104,True
1359,0.9362,True
1360,0.7711,True
1361,0.7658,True
1362,0.8162,True
1363,1.1259,True
1364,0.6374,True
1365,1.0774,True
1366,0.7542,True
1367,0.8326,True
1368,0.9931,True
1369,1.1342,True
1370,1.0174,True
1371,1.2509,True
1372,0.9637,True
1373,1.1123,True
1374,0.8553,True
1375,1.026,True
1376,0.9814,True
1377,0.8129,True
1378,0.4254,False
1379,0.8072,True
1380,1.2724,True
1381,0.9024,True
1382,1.1013,True
1383,1.1206,True
1384,0.8506,True
1385,1.0554,True
1386,1.2116,True
1387,1.1162,True
1388,1.0692,True
1389,1.0936,True
1390,0.7546,True
1391,1.088,True
1392,0.7714,True
1393,0.5776,True
1394,1.0177,True
1395,1.172,True
1396,0.9907,True
1397,1.0066,True
1398,1.0875,True
1399,0.8835,True
1400,0.6316,True
1401,0.9579,True
1402,1.1274,True
1403,0.5171,True
1404,0.7976,True
1405,1.1078,True
1406,0.5009,True
1407,0.7553,True
1408,0.4909,False
1409,1.2429,True
1410,0.8061,True
1411,1.0092,True
1412,0.9869,True
1413,0.7302,True
1414,0.9218,True
1415,1.1431,True
1416,1.0747,True
1417,0.9045,True
1418,0.8803,True
1419,1.0022,True
1420,0.6431,True
1421,0.8869,True
1422,1.0917,True
1423,0.7656,True
1424,1.0762,True
1425,0.6345,True
1426,0.6438,True
1427,0.907,True
1428,0.9838,True
1429,0.8276,True
1430,1.0898,True
1431,0.9736,True
1432,0.8644,True
1433,0.5145,True
1434,1.1567,True
1435,0.8972,True
1436,0.5747,True
1437,1.0606,True
1438,1.1537,True
1439,0.8438,True
1440,1.064,True
1441,1.3534,True
1442,0.6165,True
1443,0.7511,True
1444,0.8592,True
1445,0.5549,True
1446,0.959,True
1447,1.0173,True
1448,0.9363,True
1449,1.1293,True
1450,0.8949,True
1451,0.8705,True
1452,0.9973,True
1453,1.1314,True
1454,1.0447,True
1455,1.2553,True
1456,1.0932,True
1457,0.7237,True
1458,0.7783,True
1459,0.7728,True
1460,0.9656,True
1461,0.643,True
1462,1.0807,True
1463,1.2216,True
1464,1.0972,True
1465,0.7997,True
1466,1.1512,True
1467,1.027,True
1468,0.8592,True
1469,1.2526,True
1470,1.1014,True
1471,0.896,True
1472,1.0903,True
1473,0.8058,True
1474,0.9792,True
1475,0.9327,True
1476,0.7433,True
1477,1.1933,True
1478,1.2339,True
1479,0.9903,True
1480,1.3911,True
1481,0.9567,True
1482,0.8988,True
1483,0.9398,True
1484,1.1237,True
1485,0.7574,True
1486,1.0,True
1487,0.8376,True
1488,0.9401,True
1489,0.9653,True
1490,0.6683,True
1491,1.0244,True
1492,0.6726,True
1493,1.2148,True
1494,0.6865,True
1495,0.8935,True
1496,1.0016,True
1497,0.9205,True
1498,1.2443,True
1499,0.3934,False
1500,1.2216,True
1501,1.0492,True
1502,0.9676,True
1503,0.7294,True
1504,0.7717,True
1505,1.0997,True
1506,0.7904,True
1507,0.9323,True
1508,1.2249,True
1509,0.8325,True
1510,0.5719,True
1511,0.9358,True
1512,1.078,True
1513,0.9895,True
1514,1.1668,True
1515,0.6491,True
1516,1.3801,True
1517,0.9338,True
1518,1.1496,True
1519,1.0304,True
1520,1.1021,True
1521,0.8894,True
1522,1.1825,True
1523,0.7113,True
1524,1.0004,True
1525,1.3306,True
1526,1.3089,True
1527,0.9202,True
1528,1.0048,True
1529,1.2486,True
1530,1.0039,True
1531,1.0402,True
1532,1.0983,True
1533,1.1573,True
1534,1.4409,True
1535,0.9022,True
1536,1.0041,True
1537,0.9927,True
1538,0.7264,True
1539,1.1754,True
1540,0.8871,True
1541,0.7444,True
1542,1.0943,True
1543,0.9417,True
1544,0.8113,True
1545,1.2116,True
1546,0.9748,True
1547,1.0992,True
1548,0.8004,True
1549,1.225,True
1550,1.1224,True
1551,0.9965,True
1552,1.1302,True
1553,1.2573,True
1554,1.0321,True
1555,0.977,True
1556,0.8016,True
1557,1.1531,True
1558,0.967,True
1559,0.7109,True
1560,0.5896,True
1561,0.5968,True
1562,1.2067,True
1563,0.9645,True
1564,0.8707,True
1565,1.1734,True
1566,1.1375,True
1567,1.008,True
1568,0.9144,True
1569,1.1056,True
1570,0.7879,True
1571,1.1069,True
1572,1.0013,True
1573,1.1417,True
1574,1.0239,True
1575,1.1688,True
1576,0.9495,True
1577,1.2087,True
1578,1.2568,True
1579,1.2473,True
1580,0.8143,True
1581,1.2456,True
1582,1.0101,True
1583,0.8,True
1584,1.1429,True
1585,1.0052,True
1586,0.9856,True
1587,0.9458,True
1588,1.2523,True
1589,0.8577,True
1590,1.2864,True
1591,1.1443,True
1592,0.9584,True
1593,1.1181,True
1594,0.2873,False
1595,1.1629,True
1596,0.9836,True
1597,0.7574,True
1598,0.6145,True
1599,1.0342,True
1600,0.9713,True
1601,0.787,True
1602,1.2107,True
1603,0.8639,True
1604,0.9753,True
1605,1.1731,True
1606,0.902,True
1607,1.2345,True
1608,1.1173,True
1609,1.1144,True
1610,1.0629,True
1611,1.151,True
1612,0.7323,True
1613,0.75,True
1614,0.8615,True
1615,0.5815,True
1616,1.0189,True
1617,0.2691,False
1618,1.1146,True
1619,1.0163,True
1620,1.0222,True
1621,1.3132,True
1622,0.8583,True
1623,1.1173,True
1624,0.9823,True
1625,1.3666,True
1626,0.9502,True
1627,0.8521,True
1628,1.0229,True
1629,1.0645,True
1630,0.6917,True
1631,1.072,True
1632,0.8014,True
1633,1.04,True
1634,0.833,True
1635,0.7772,True
1636,0.8657,True
1637,0.9305,True
1638,1.0629,True
1639,1.1083,True
1640,1.0728,True
1641,1.2561,True
1642,1.0537,True
1643,0.7493,True
1644,1.2058,True
1645,0.7381,True
1646,1.1303,True
1647,1.0782,True
1648,0.9468,True
1649,1.0301,True
1650,0.9048,True
1651,0.709,True
1652,0.674,True
1653,1.082,True
1654,0.8896,True
1655,0.8646,True
1656,1.3369,True
1657,1.1946,True
1658,1.0252,True
1659,0.9645,True
1660,0.7373,True
1661,0.6786,True
1662,0.903,True
1663,0.795,True
1664,1.0914,True
1665,0.5781,True
1666,0.6996,True
1667,0.98,True
1668,0.8027,True
1669,0.7188,True
1670,0.6968,True
1671,1.2755,True
1672,1.1444,True
1673,0.9468,True
1674,0.9404,True
1675,1.1709,True
1676,1.0552,True
1677,0.9658,True
1678,1.1855,True
1679,1.1025,True
1680,0.8104,True
1681,1.1067,True
1682,1.0325,True
1683,1.1533,True
1684,0.8045,True
1685,1.0751,True
1686,0.932,True
1687,1.1513,True
1688,1.0767,True
1689,1.1096,True
1690,1.2148,True
1691,0.6895,True
1692,1.1488,True
1693,1.0957,True
1694,0.9909,True
1695,0.9652,True
1696,0.7072,True
1697,0.321,False
1698,0.9929,True
1699,1.124,True
1700,0.7675,True
1701,0.8459,True
1702,1.0657,True
1703,1.0504,True
1704,1.1344,True
1705,1.0807,True
1706,0.6518,True
1707,1.101,True
1708,0.8042,True
1709,0.6081,True
1710,0.8854,True
1711,1.0686,True
1712,1.1973,True
1713,0.8662,True
1714,1.0255,True
1715,1.0091,True
1716,0.7648,True
1717,1.0471,True
1718,1.0775,True
1719,1.0643,True
1720,0.9445,True
1721,0.8165,True
1722,0.8186,True
1723,1.148,True
1724,0.8765,True
1725,1.0667,True
1726,0.4425,False
1727,1.1452,True
1728,1.1158,True
1729,1.0857,True
1730,1.0527,True
1731,1.1358,True
1732,0.6396,True
1733,1.3683,True
1734,1.0084,True
1735,0.9443,True
1736,1.0303,True
1737,1.0964,True
1738,1.1553,True
1739,1.1417,True
1740,1.068,True
1741,0.9745,True
1742,1.0033,True
1743,1.0523,True
1744,1.1143,True
1745,0.7995,True
1746,0.9007,True
1747,1.0496,True
1748,0.9841,True
1749,1.1595,True
1750,1.033,True
1751,1.1002,True
1752,0.7582,True
1753,1.0911,True
1754,0.909,True
1755,0.9265,True
1756,0.9446,True
1757,1.2533,True
1758,0.993,True
1759,1.1592,True
1760,1.1909,True
1761,1.02,True
1762,1.1337,True
1763,0.9952,True
1764,0.9605,True
1765,1.1386,True
1766,1.0171,True
1767,0.9539,True
1768,0.887,True
1769,1.0502,True
1770,0.822,True
1771,0.7795,True
1772,0.6875,True
1773,1.0213,True
1774,1.1338,True
1775,1.0289,True
1776,0.7841,True
1777,1.0654,True
1778,0.7909,True
1779,1.3116,True
1780,1.1163,True
1781,1.2917,True
1782,1.0137,True
1783,0.9706,True
1784,1.1692,True
1785,0.8053,True
1786,1.1048,True
1787,1.1731,True
1788,0.7205,True
1789,1.0491,True
1790,0.8876,True
1791,0.7682,True
1792,0.9119,True
1793,0.7337,True
1794,1.2014,True
1795,0.6166,True
1796,1.177,True
1797,0.6342,True
1798,1.0143,True
1799,1.0478,True
1800,1.0781,True
1801,1.0363,True
1802,0.7229,True
1803,0.9368,True
1804,1.0128,True
1805,1.0778,True
1806,0.9218,True
1807,1.0049,True
1808,1.1915,True
1809,1.0853,True
1810,0.6927,True
1811,1.0756,True
1812,0.6,True
1813,1.1315,True
1814,0.9088,True
1815,0.7722,True
1816,1.0508,True
1817,1.2201,True
1818,1.2194,True
1819,1.1723,True
1820,0.8305,True
1821,1.2065,True
1822,1.0446,True
1823,0.9729,True
1824,0.8317,True
1825,1.1963,True
1826,1.1556,True
1827,0.9753,True
1828,0.8813,True
1829,0.9164,True
1830,0.9083,True
1831,1.2087,True
1832,1.2744,True
1833,0.8799,True
1834,0.843,True
1835,0.9968,True
1836,1.1299,True
1837,0.5839,True
1838,1.2735,True
1839,0.901,True
1840,1.2835,True
1841,1.0249,True
1842,1.1201,True
1843,0.7653,True
1844,1.2373,True
1845,1.2774,True
1846,1.1201,True
1847,0.9225,True
1848,1.1288,True
1849,0.882,True
1850,1.0229,True
1851,0.9352,True
1852,0.9494,True
1853,0.9395,True
1854,1.1311,True
1855,0.6694,True
1856,0.4036,False
1857,1.2679,True
1858,1.0663,True
1859,1.0016,True
1860,1.0389,True
1861,1.218,True
1862,1.2108,True
1863,1.2063,True
1864,1.0831,True
1865,0.7102,True
1866,1.1423,True
1867,0.7415,True
1868,0.9574,True
1869,1.1077,True
1870,1.2692,True
1871,0.9049,True
1872,0.74,True
1873,1.2414,True
1874,1.0094,True
1875,0.8847,True
1876,0.5704,True
1877,0.9738,True
1878,0.8819,True
1879,0.9979,True
1880,0.9812,True
1881,0.8676,True
1882,0.9843,True
1883,0.7677,True
1884,1.0449,True
1885,0.8989,True
1886,0.9853,True
1887,0.7479,True
1888,0.8255,True
1889,1.1715,True
1890,1.0035,True
1891,0.9548,True
1892,0.6245,True
1893,1.206,True
1894,1.1195,True
1895,1.1151,True
1896,0.7324,True
1897,0.8095,True
1898,1.1167,True
1899,0.8597,True
1900,1.0298,True
1901,0.8361,True
1902,1.2215,True
1903,1.1344,True
1904,1.0285,True
1905,1.0651,True
1906,1.0031,True
1907,1.111,True
1908,1.0473,True
1909,0.8032,True
1910,0.7129,True
1911,1.2056,True
1912,0.7261,True
1913,1.0902,True
1914,0.9252,True
1915,1.1064,True
1916,0.9881,True
1917,1.083,True
1918,0.7284,True
1919,0.9673,True
1920,1.0364,True
1921,0.5239,True
1922,1.1901,True
1923,0.7053,True
1924,0.9924,True
1925,1.3319,True
1926,1.1819,True
1927,1.3459,True
1928,0.6823,True
1929,1.1138,True
1930,0.817,True
1931,1.2816,True
1932,1.2092,True
1933,0.6655,True
1934,0.8267,True
1935,1.093,True
1936,0.8212,True
1937,0.9938,True
1938,0.7548,True
1939,0.5903,True
1940,1.075,True
1941,0.7792,True
1942,1.113,True
1943,1.0235,True
1944,0.5868,True
1945,1.3068,True
1946,1.069,True
1947,0.8476,True
1948,0.9019,True
1949,0.911,True
1950,1.177,True
1951,0.9379,True
1952,0.766,True
1953,0.8983,True
1954,1.1217,True
1955,0.8212,True
1956,0.9984,True
1957,1.0704,True
1958,1.0433,True
1959,0.9286,True
1960,1.1518,True
1961,1.1948,True
1962,1.2843,True
1963,0.9102,True
1964,1.0565,True
1965,0.7563,True
1966,0.8547,True
1967,0.861,True
1968,0.6604,True
1969,1.0257,True
1970,1.0887,True
1971,1.3133,True
1972,0.4399,False
1973,1.0225,True
1974,0.9451,True
1975,1.1887,True
1976,0.7443,True
1977,1.1315,True
1978,0.8212,True
1979,0.6955,True
1980,0.9664,True
1981,1.1536,True
1982,0.9512,True
1983,1.259,True
1984,0.9549,True
1985,1.2757,True
1986,0.7838,True
1987,0.8263,True
1988,1.0683,True
1989,0.6114,True
1990,0.8372,True
1991,1.0297,True
1992,0.8796,True
1993,1.3465,True
1994,0.9319,True
1995,1.1793,True
1996,0.9042,True
1997,0.9079,True
1998,1.2001,True
1999,1.2112,True
2000,1.0775,True
2001,0.7252,True
2002,0.8601,True
2003,0.9497,True
2004,1.0725,True
2005,0.9076,True
2006,0.8802,True
2007,1.0424,True
2008,1.0113,True
2009,0.833,True
2010,1.1958,True
2011,0.9507,True
2012,1.2653,True
2013,0.805,True
2014,1.2208,True
2015,1.0145,True
2016,0.846,True
2017,0.9498,True
2018,0.735,True
2019,0.4635,False
2020,0.8544,True
2021,0.9812,True
2022,0.9208,True
2023,0.3838,False
2024,0.6656,True
2025,1.0302,True
2026,1.0271,True
2027,0.9624,True
2028,1.0747,True
2029,0.904,True
2030,1.0915,True
2031,1.3607,True
2032,1.1325,True
2033,0.8072,True
2034,1.1388,True
2035,0.6443,True
2036,1.1586,True
2037,0.9168,True
2038,0.9535,True
2039,1.1947,True
2040,0.7383,True
2041,1.1192,True
2042,1.1486,True
2043,0.6828,True
2044,1.2281,True
2045,1.1582,True
2046,1.0155,True
2047,1.022,True
2048,0.9692,True
2049,0.7806,True
2050,0.7954,True
2051,1.1189,True
2052,0.9164,True
2053,1.1196,True
2054,0.9901,True
2055,0.7368,True
2056,1.2515,True
2057,1.099,True
2058,0.8415,True
2059,0.7169,True
2060,0.8562,True
2061,1.2811,True
2062,1.1086,True
2063,1.192,True
2064,1.0283,True
2065,0.7829,True
2066,0.9077,True
2067,0.7324,True
2068,0.8411,True
2069,1.3193,True
2070,1.1049,True
2071,1.0542,True
2072,0.8731,True
2073,0.968,True
2074,1.1458,True
2075,1.0435,True
2076,1.1183,True
2077,1.2644,True
2078,0.8317,True
2079,1.1238,True
2080,1.017,True
2081,1.1429,True
2082,0.9405,True
2083,1.0186,True
2084,1.0812,True
2085,1.1058,True
2086,0.4699,False
2087,0.9266,True
2088,1.1596,True
2089,1.2787,True
2090,0.8069,True
2091,1.0775,True
2092,0.7836,True
2093,0.8667,True
2094,0.7622,True
2095,1.1969,True
2096,0.8422,True
2097,1.0841,True
2098,0.9121,True
2099,0.7694,True
2100,0.8556,True
2101,0.6095,True
2102,0.8541,True
2103,1.0399,True
2104,0.7534,True
2105,0.7888,True
2106,1.0831,True
2107,1.0101,True
2108,1.1148,True
2109,0.645,True
2110,1.1029,True
2111,0.6665,True
2112,1.099,True
2113,1.1416,True
2114,0.7248,True
2115,0.9921,True
2116,1.0853,True
2117,0.5667,True
2118,1.1458,True
2119,1.1963,True
2120,1.061,True
2121,0.6871,True
2122,0.7491,True
2123,0.809,True
2124,1.1228,True
2125,0.6058,True
2126,1.3135,True
2127,0.9572,True
2128,0.8983,True
2129,1.045,True
2130,0.9943,True
2131,1.0984,True
2132,0.9117,True
2133,0.6483,True
2134,0.8285,True
2135,0.6641,True
2136,1.1686,True
2137,0.8105,True
2138,0.9979,True
2139,0.9753,True
2140,1.0839,True
2141,0.7504,True
2142,1.0844,True
2143,1.2488,True
2144,1.2068,True
2145,0.9808,True
2146,0.8066,True
2147,1.2593,True
2148,1.0749,True
2149,1.0206,True
2150,0.7627,True
2151,0.7289,True
2152,0.8868,True
2153,0.8452,True
2154,0.8033,True
2155,0.943,True
2156,1.2171,True
2157,1.2421,True
2158,1.0366,True
2159,0.2499,False
2160,0.6839,True
2161,1.091,True
2162,0.8764,True
2163,0.9972,True
2164,0.8974,True
2165,1.2392,True
2166,0.9369,True
2167,0.9328,True
2168,0.8213,True
2169,1.1445,True
2170,0.9512,True
2171,0.8725,True
2172,0.7537,True
2173,0.8733,True
2174,0.9401,True
2175,0.8442,True
2176,1.1439,True
2177,1.0728,True
2178,0.7898,True
2179,1.1915,True
2180,1.1186,True
2181,1.2747,True
2182,0.6818,True
2183,0.992,True
2184,0.9312,True
2185,1.1472,True
2186,1.0592,True
2187,1.1381,True
2188,1.1753,True
2189,1.0662,True
2190,0.5758,True
2191,1.0708,True
2192,0.9944,True
2193,0.7879,True
2194,0.7932,True
2195,1.0701,True
2196,0.8061,True
2197,1.0962,True
2198,1.2516,True
2199,0.9583,True
2200,1.0772,True
2201,0.9166,True
2202,0.4067,False
2203,1.0903,True
2204,1.0185,True
2205,1.0059,True
2206,0.9157,True
2207,1.0535,True
2208,0.8771,True
2209,1.261,True
2210,0.5887,True
2211,1.037,True
2212,0.8803,True
2213,1.2197,True
2214,1.0421,True
2215,1.2509,True
2216,0.7232,True
2217,0.5878,True
2218,1.128,True
2219,0.8224,True
2220,0.9937,True
2221,1.0407,True
2222,1.0476,True
2223,1.1364,True
2224,1.1272,True
2225,1.0234,True
2226,0.8286,True
2227,1.0361,True
2228,1.0358,True
2229,1.0238,True
2230,1.0708,True
2231,0.898,True
2232,1.1583,True
2233,0.5206,True
2234,0.7443,True
2235,1.0488,True
2236,1.1075,True
2237,1.1273,True
2238,0.9235,True
2239,0.7009,True
2240,0.7046,True
2241,1.2047,True
2242,0.7185,True
2243,0.8028,True
2244,0.6635,True
2245,0.9485,True
2246,0.9748,True
2247,0.8657,True
2248,0.6243,True
2249,0.96,True
2250,0.8125,True
2251,1.0244,True
2252,1.236,True
2253,1.1165,True
2254,0.9529,True
2255,0.8829,True
2256,1.1862,True
2257,0.9849,True
2258,1.0658,True
2259,0.9879,True
2260,0.8616,True
2261,0.605,True
2262,0.584,True
2263,0.6369,True
2264,0.841,True
2265,0.8427,True
2266,0.719,True
2267,1.2271,True
2268,0.8831,True
2269,0.7092,True
2270,0.6236,True
2271,0.96,True
2272,0.9393,True
2273,0.7598,True
2274,0.8063,True
2275,1.0569,True
2276,0.8205,True
2277,1.0809,True
2278,1.0761,True
2279,0.7276,True
2280,1.0791,True
2281,1.2262,True
2282,1.0288,True
2283,0.7798,True
2284,1.0092,True
2285,1.0899,True
2286,1.0407,True
2287,1.1622,True
2288,0.7427,True
2289,1.2582,True
2290,1.06,True
2291,1.0126,True
2292,0.8193,True
2293,1.4296,True
2294,0.7708,True
2295,0.9113,True
2296,1.179,True
2297,0.8032,True
2298,0.8342,True
2299,1.1889,True
2300,0.8306,True
2301,1.052,True
2302,0.6543,True
2303,1.1514,True
2304,0.9403,True
2305,1.2018,True
2306,1.1416,True
2307,0.7449,True
2308,0.5794,True
2309,1.1396,True
2310,1.131,True
2311,1.0639,True
2312,1.0714,True
2313,1.0857,True
2314,1.0887,True
2315,0.8902,True
2316,1.1543,True
2317,0.7729,True
2318,1.1549,True
2319,0.9923,True
2320,0.9104,True
2321,1.1561,True
2322,0.9054,True
2323,1.1256,True
2324,0.7688,True
2325,1.2672,True
2326,1.2575,True
2327,0.8626,True
2328,0.7418,True
2329,1.161,True
2330,0.9252,True
2331,1.2181,True
2332,0.9433,True
2333,1.1302,True
2334,1.2314,True
2335,0.9662,True
2336,0.7743,True
2337,1.0181,True
2338,0.8343,True
2339,1.1591,True
2340,1.1878,True
2341,1.0866,True
2342,0.68,True
2343,1.0126,True
2344,0.8423,True
2345,0.9149,True
2346,0.5279,True
2347,0.7058,True
2348,0.7294,True
2349,1.0721,True
2350,0.7491,True
2351,0.5733,True
2352,1.0947,True
2353,0.9268,True
2354,1.0827,True
2355,1.0218,True
2356,1.0274,True
2357,0.8157,True
2358,1.271,True
2359,1.1343,True
2360,0.7613,True
2361,0.881,True
2362,0.9848,True
2363,0.6316,True
2364,0.9513,True
2365,1.006,True
2366,1.2287,True
2367,0.9157,True
2368,1.0633,True
2369,0.6833,True
2370,1.0106,True
2371,0.9238,True
2372,1.2028,True
2373,0.8656,True
2374,1.1294,True
2375,1.1178,True
2376,0.7519,True
2377,1.1091,True
2378,0.7431,True
2379,0.7242,True
2380,1.1815,True
2381,0.8563,True
2382,0.6026,True
2383,1.175,True
2384,1.3886,True
2385,1.0173,True
2386,0.9871,True
2387,1.2014,True
2388,0.8077,True
2389,0.8525,True
2390,0.8603,True
2391,0.9955,True
2392,0.6362,True
2393,1.0252,True
2394,0.9412,True
2395,1.073,True
2396,1.1813,True
2397,0.9411,True
2398,0.8801,True
2399,1.1468,True
2400,1.1813,True
2401,1.0881,True
2402,1.3316,True
2403,1.0744,True
2404,1.0712,True
2405,1.109,True
2406,0.9885,True
2407,1.0406,True
2408,1.1436,True
2409,1.2063,True
2410,0.7028,True
2411,1.1559,True
2412,0.8661,True
2413,1.1342,True
2414,0.773,True
2415,1.1644,True
2416,0.6661,True
2417,0.8596,True
2418,1.2002,True
2419,0.8842,True
2420,0.9855,True
2421,1.0099,True
2422,0.9974,True
2423,1.0659,True
2424,0.8074,True
2425,0.9448,True
2426,0.6768,True
2427,1.0205,True
2428,0.9441,True
2429,0.9504,True
2430,1.2812,True
2431,1.1799,True
2432,0.9989,True
2433,1.1075,True
2434,0.9097,True
2435,1.0594,True
2436,0.4695,False
2437,0.6012,True
2438,0.9923,True
2439,1.0951,True
2440,0.7392,True
2441,1.0342,True
2442,0.8055,True
2443,1.1253,True
2444,1.2786,True
2445,0.7577,True
2446,1.0583,True
2447,0.4732,False
2448,1.0995,True
2449,0.7617,True
2450,1.0434,True
2451,1.2928,True
2452,0.9942,True
2453,1.1831,True
2454,1.0823,True
2455,0.512,True
2456,0.8576,True
2457,0.7628,True
2458,0.8352,True
2459,1.2365,True
2460,0.9171,True
2461,1.071,True
2462,0.5434,True
2463,1.0083,True
2464,0.9934,True
2465,0.9738,True
2466,1.1572,True
2467,0.9185,True
2468,1.1865,True
2469,0.7355,True
2470,1.0299,True
2471,1.0927,True
2472,1.1278,True
2473,0.7549,True
2474,0.4379,False
2475,1.2122,True
2476,0.8027,True
2477,1.0551,True
2478,0.8483,True
2479,0.7298,True
2480,0.8821,True
2481,0.9748,True
2482,0.9417,True
2483,0.7639,True
2484,0.5245,True
2485,1.0104,True
2486,1.4101,True
2487,1.2063,True
2488,1.1695,True
2489,0.9985,True
2490,1.0608,True
2491,1.056,True
2492,0.8296,True
2493,1.0527,True
2494,1.1452,True
2495,1.1948,True
2496,0.8433,True
2497,0.6993,True
2498,1.019,True
2499,0.9465,True
2500,0.8652,True
2501,0.9182,True
2502,1.0971,True
2503,1.0177,True
2504,1.0559,True
2505,1.2384,True
2506,0.8235,True
2507,1.1284,True
2508,1.151,True
2509,0.9001,True
2510,0.8125,True
2511,0.7244,True
2512,1.1467,True
2513,0.7181,True
2514,0.9985,True
2515,1.1088,True
2516,1.2074,True
2517,1.15,True
2518,0.805,True
2519,0.6555,True
2520,0.9439,True
2521,1.1194,True
2522,0.8116,True
2523,0.6683,True
2524,1.0904,True
2525,0.866,True
2526,1.1534,True
2527,0.7378,True
2528,0.8703,True
2529,0.9732,True
2530,1.2216,True
2531,1.0798,True
2532,0.8155,True
2533,0.9717,True
2534,1.0024,True
2535,1.047,True
2536,0.7331,True
2537,0.9845,True
2538,0.5724,True
2539,0.7837,True
2540,1.0581,True
2541,0.9726,True
2542,1.2069,True
2543,0.6177,True
2544,0.9637,True
2545,1.0101,True
2546,0.9961,True
2547,0.7885,True
2548,1.1568,True
2549,0.5863,True
2550,1.1147,True
2551,0.9523,True
2552,0.9848,True
2553,1.0644,True
2554,1.0789,True
2555,1.039,True
2556,1.2095,True
2557,0.6554,True
2558,0.6109,True
2559,0.8221,True
2560,0.5752,True
2561,0.7691,True
2562,0.7073,True
2563,1.2373,True
2564,1.2348,True
2565,1.1297,True
2566,0.9857,True
2567,0.9235,True
2568,0.5893,True
2569,0.9407,True
2570,1.1178,True
2571,0.5423,True
2572,0.9873,True
2573,1.0569,True
2574,1.1059,True
2575,0.9047,True
2576,1.0565,True
2577,1.0889,True
2578,1.3324,True
2579,0.7678,True
2580,0.9457,True
2581,1.1838,True
2582,0.8077,True
2583,0.8289,True
2584,1.1047,True
2585,1.0469,True
2586,0.921,True
2587,1.0172,True
2588,0.9289,True
2589,1.3095,True
2590,1.1868,True
2591,0.8419,True
2592,1.0308,True
2593,0.7835,True
2594,1.0423,True
2595,0.8288,True
2596,1.0523,True
2597,1.1296,True
2598,1.0202,True
2599,0.9625,True
2600,1.2248,True
2601,1.3001,True
2602,1.1258,True
2603,0.6889,True
2604,0.6413,True
2605,0.787,True
2606,0.8195,True
2607,0.9707,True
2608,0.8435,True
2609,0.561,True
2610,0.867,True
2611,1.0143,True
2612,1.1333,True
2613,1.1476,True
2614,0.9669,True
2615,0.4678,False
2616,1.0161,True
2617,0.9889,True
2618,1.1746,True
2619,1.2106,True
2620,1.0095,True
2621,0.824,True
2622,1.13,True
2623,0.9186,True
2624,1.1885,True
2625,1.0592,True
2626,1.096,True
2627,1.0476,True
2628,0.9946,True
2629,1.1694,True
2630,0.7458,True
2631,0.9562,True
2632,0.9834,True
2633,1.1264,True
2634,1.1336,True
2635,0.7338,True
2636,1.1245,True
2637,0.8021,True
2638,0.9734,True
2639,0.8372,True
2640,0.8162,True
2641,1.0567,True
2642,0.9996,True
2643,0.7901,True
2644,0.9501,True
2645,0.6315,True
2646,1.0056,True
2647,0.5019,True
2648,1.0303,True
2649,1.0831,True
2650,1.3034,True
2651,0.869,True
2652,0.9985,True
2653,0.9253,True
2654,0.9205,True
2655,1.1929,True
2656,1.0257,True
2657,0.7782,True
2658,0.7813,True
2659,1.239,True
2660,0.9606,True
2661,0.9508,True
2662,0.9576,True
2663,0.7309,True
2664,0.9135,True
2665,0.8639,True
2666,0.9332,True
2667,0.9302,True
2668,0.733,True
2669,1.0942,True
2670,0.8466,True
2671,0.4201,False
2672,1.066,True
2673,0.8052,True
2674,0.7379,True
2675,1.1255,True
2676,1.2139,True
2677,0.7312,True
2678,1.0599,True
2679,1.2937,True
2680,1.0118,True
2681,0.9013,True
2682,0.9094,True
2683,0.9798,True
2684,0.6985,True
2685,0.7181,True
2686,1.1844,True
2687,0.8482,True
2688,0.8741,True
2689,0.8651,True
2690,1.0335,True
2691,0.7433,True
2692,1.2052,True
2693,0.7911,True
2694,1.0303,True
2695,0.7391,True
2696,1.0015,True
2697,1.0235,True
2698,0.9012,True
2699,0.9252,True
2700,0.6479,True
2701,1.1355,True
2702,0.9212,True
2703,1.0297,True
2704,0.9363,True
2705,1.1134,True
2706,1.0144,True
2707,1.0996,True
2708,0.6471,True
2709,1.0139,True
2710,1.1496,True
2711,0.9673,True
2712,0.8412,True
2713,1.0307,True
2714,0.7904,True
2715,0.959,True
2716,1.0798,True
2717,0.8304,True
2718,0.9466,True
2719,0.7024,True
2720,0.9206,True
2721,0.8149,True
2722,0.8344,True
2723,0.8716,True
2724,1.0093,True
2725,0.8584,True
2726,1.0712,True
2727,0.7424,True
2728,1.182,True
2729,0.9615,True
2730,0.936,True
2731,1.2381,True
2732,0.9434,True
2733,1.1354,True
2734,0.9958,True
2735,0.909,True
2736,1.3386,True
2737,1.1244,True
2738,1.1695,True
2739,0.9984,True
2740,0.7391,True
2741,0.9009,True
2742,0.7634,True
2743,0.8373,True
2744,1.1328,True
2745,0.9898,True
2746,0.995,True
2747,0.5376,True
2748,0.9262,True
2749,0.6545,True
2750,0.6524,True
2751,0.8561,True
2752,0.8321,True
2753,0.7671,True
2754,1.0692,True
2755,1.1377,True
2756,0.8392,True
2757,0.8453,True
2758,0.7518,True
2759,1.1666,True
2760,0.9719,True
2761,1.0255,True
2762,0.8959,True
2763,0.9144,True
2764,0.6285,True
2765,0.601,True
2766,0.6663,True
2767,0.9884,True
2768,0.7051,True
2769,0.8338,True
2770,1.0803,True
2771,0.7563,True
2772,0.9983,True
2773,0.9306,True
2774,1.0525,True
2775,1.0678,True
2776,0.942,True
2777,0.4615,False
2778,0.8822,True
2779,1.2113,True
2780,0.6248,True
2781,0.9903,True
2782,0.8671,True
2783,0.6208,True
2784,0.9502,True
2785,1.1719,True
2786,0.9563,True
2787,1.2138,True
2788,0.8881,True
2789,0.8717,True
2790,1.1354,True
2791,0.8619,True
2792,1.3014,True
2793,0.9327,True
2794,0.9264,True
2795,0.969,True
2796,0.8831,True
2797,0.8839,True
2798,1.1057,True
2799,1.0176,True
2800,0.8841,True
2801,1.2928,True
2802,0.9738,True
2803,0.6521,True
2804,0.7441,True
2805,0.8924,True
2806,0.8225,True
2807,0.9898,True
2808,0.8789,True
2809,0.9634,True
2810,0.8602,True
2811,0.9006,True
2812,0.8051,True
2813,1.0738,True
2814,1.1877,True
2815,0.8504,True
2816,0.9595,True
2817,0.7321,True
2818,0.9266,True
2819,0.9729,True
2820,1.1041,True
2821,0.87,True
2822,1.4171,True
2823,1.0011,True
2824,0.9366,True
2825,1.0549,True
2826,0.8486,True
2827,1.3458,True
2828,1.2093,True
2829,0.9635,True
2830,0.7733,True
2831,1.0072,True
2832,0.7862,True
2833,1.0521,True
2834,0.8377,True
2835,0.7985,True
2836,1.0859,True
2837,1.2471,True
2838,0.8918,True
2839,0.6218,True
2840,0.7015,True
2841,0.9078,True
2842,1.0929,True
2843,1.1514,True
2844,0.9723,True
2845,0.8974,True
2846,0.9969,True
2847,1.2427,True
2848,0.636,True
2849,0.9357,True
2850,0.4765,False
2851,1.107,True
2852,1.2553,True
2853,0.941,True
2854,0.617,True
2855,0.7289,True
2856,1.3163,True
2857,1.0093,True
2858,0.6387,True
2859,0.854,True
2860,0.4111,False
2861,1.2158,True
2862,0.9112,True
2863,0.8167,True
2864,1.2728,True
2865,0.9188,True
2866,0.7533,True
2867,0.8893,True
2868,0.7472,True
2869,1.2103,True
2870,1.118,True
2871,0.7186,True
2872,0.9171,True
2873,0.671,True
2874,0.8126,True
2875,1.0031,True
2876,0.8171,True
2877,1.0007,True
2878,0.7743,True
2879,0.6713,True
2880,1.2234,True
2881,1.2429,True
2882,1.3116,True
2883,1.081,True
2884,1.1944,True
2885,1.1293,True
2886,0.9446,True
2887,1.3084,True
2888,1.059,True
2889,1.1192,True
2890,0.528,True
2891,1.0479,True
2892,1.0085,True
2893,1.0954,True
2894,1.0128,True
2895,0.8258,True
2896,1.2676,True
2897,1.0682,True
2898,0.6562,True
2899,1.0542,True
2900,0.8774,True
2901,1.0582,True
2902,1.0032,True
2903,1.1429,True
2904,0.9341,True
2905,1.0262,True
2906,0.8682,True
2907,0.794,True
2908,1.0924,True
2909,1.017,True
2910,1.0214,True
2911,1.0663,True
2912,0.7654,True
2913,0.9851,True
2914,0.8057,True
2915,1.17,True
2916,0.9026,True
2917,1.0859,True
2918,1.0999,True
2919,0.892,True
2920,1.0521,True
2921,0.725,True
2922,1.0868,True
2923,1.1689,True
2924,1.0832,True
2925,1.023,True
2926,1.2097,True
2927,0.6603,True
2928,0.8119,True
2929,1.1202,True
2930,1.0266,True
2931,0.6939,True
2932,0.7898,True
2933,0.9595,True
2934,0.9196,True
2935,1.0582,True
2936,0.3987,False
2937,0.9825,True
2938,0.7499,True
2939,0.9391,True
2940,0.5737,True
2941,0.502,True
2942,0.8648,True
2943,0.6555,True
2944,0.457,False
2945,0.8978,True
2946,1.1238,True
2947,0.9726,True
2948,1.004,True
2949,0.9308,True
2950,0.9558,True
2951,0.7886,True
2952,0.5426,True
2953,1.0977,True
2954,0.8716,True
2955,1.1509,True
2956,0.6935,True
2957,1.1417,True
2958,0.9147,True
2959,0.9466,True
2960,1.0403,True
2961,1.0303,True
2962,0.9179,True
2963,0.7799,True
2964,1.1656,True
2965,0.7274,True
2966,1.0548,True
2967,0.9449,True
2968,1.0958,True
2969,0.8024,True
2970,1.4328,True
2971,0.9939,True
2972,0.955,True
2973,0.9059,True
2974,1.1216,True
2975,1.025,True
2976,1.1706,True
2977,1.1896,True
2978,0.7984,True
2979,1.1588,True
2980,0.9877,True
2981,0.9536,True
2982,0.8413,True
2983,1.1214,True
2984,1.0267,True
2985,1.046,True
2986,0.966,True
2987,0.856,True
2988,1.0066,True
2989,1.1125,True
2990,1.0589,True
2991,0.8933,True
2992,0.8883,True
2993,1.1288,True
2994,0.7631,True
2995,0.795,True
2996,1.1462,True
2997,0.9383,True
2998,1.2143,True
2999,1.2124,True
3000,0.6595,True
3001,1.1068,True
3002,0.8902,True
3003,1.018,True
3004,1.0149,True
3005,1.2943,True
3006,1.1485,True
3007,0.8178,True
3008,1.274,True
3009,1.2165,True
3010,1.1391,True
3011,0.6942,True
3012,1.0879,True
3013,0.7223,True
3014,1.0699,True
3015,0.8936,True
3016,0.7671,True
3017,0.7356,True
3018,1.0597,True
3019,0.7116,True
3020,1.045,True
3021,0.8703,True
3022,0.8568,True
3023,0.9737,True
3024,0.7023,True
3025,0.5727,True
3026,1.0565,True
3027,0.7207,True
3028,0.8613,True
3029,0.655,True
3030,0.8868,True
3031,1.1638,True
3032,1.1574,True
3033,0.9606,True
3034,0.7036,True
3035,0.837,True
3036,1.3344,True
3037,1.0534,True
3038,0.9408,True
3039,0.9739,True
3040,0.9228,True
3041,1.2517,True
3042,0.762,True
3043,0.5855,True
3044,0.7281,True
3045,1.2981,True
3046,0.68,True
3047,1.1087,True
3048,0.8632,True
3049,1.2104,True
3050,0.9136,True
3051,1.0932,True
3052,1.1332,True
3053,0.9382,True
3054,1.072,True
3055,0.9178,True
3056,0.842,True
3057,0.9334,True
3058,1.0728,True
3059,0.8176,True
3060,0.7694,True
3061,1.0,True
3062,0.9383,True
3063,1.2967,True
3064,0.9727,True
3065,1.1309,True
3066,1.4479,True
3067,1.0302,True
3068,1.0959,True
3069,0.9574,True
3070,0.676,True
3071,1.0245,True
3072,0.9806,True
3073,1.1479,True
3074,0.8674,True
3075,0.8226,True
3076,1.0575,True
3077,0.9247,True
3078,1.0891,True
3079,0.6008,True
3080,0.8495,True
3081,0.8465,True
3082,0.8731,True
3083,0.9939,True
3084,0.7429,True
3085,0.8023,True
3086,0.8773,True
3087,0.8011,True
3088,1.1316,True
3089,0.9313,True
3090,0.5561,True
3091,1.0945,True
3092,0.7395,True
3093,0.8575,True
3094,0.8648,True
3095,1.002,True
3096,1.2938,True
3097,1.201,True
3098,0.9192,True
3099,0.6875,True
3100,1.0151,True
3101,1.1228,True
3102,1.0861,True
3103,0.7138,True
3104,0.4252,False
3105,0.9022,True
3106,1.1026,True
3107,0.9526,True
3108,0.9001,True
3109,0.7654,True
3110,0.6766,True
3111,1.1844,True
3112,0.9741,True
3113,1.0567,True
3114,1.1215,True
3115,1.153,True
3116,1.2404,True
3117,0.861,True
3118,0.8092,True
3119,1.3909,True
3120,0.8773,True
3121,0.9847,True
3122,0.9904,True
3123,0.9616,True
3124,0.7574,True
3125,0.8632,True
3126,1.083,True
3127,1.1391,True
3128,1.0525,True
3129,0.6479,True
3130,1.0023,True
3131,1.1879,True
3132,0.834,True
3133,0.96,True
3134,0.8472,True
3135,0.8046,True
3136,0.9479,True
3137,1.2636,True
3138,0.8432,True
3139,1.1028,True
3140,0.8764,True
3141,0.9196,True
3142,1.1323,True
3143,0.9653,True
3144,0.8573,True
3145,0.8678,True
3146,1.0682,True
3147,1.0956,True
3148,0.9272,True
3149,1.0878,True
3150,1.0908,True
3151,0.9077,True
3152,1.0352,True
3153,1.0908,True
3154,0.9109,True
3155,0.8989,True
3156,0.8842,True
3157,1.0883,True
3158,0.8257,True
3159,0.8732,True
3160,1.0325,True
3161,1.0921,True
3162,0.9385,True
3163,0.9694,True
3164,0.9009,True
3165,0.8468,True
3166,0.9408,True
3167,1.0802,True
3168,0.9016,True
3169,0.8544,True
3170,1.0203,True
3171,0.9537,True
3172,1.0115,True
3173,0.756,True
3174,1.1583,True
3175,1.252,True
3176,1.0798,True
3177,0.9687,True
3178,1.2202,True
3179,1.0866,True
3180,0.7729,True
3181,0.7946,True
3182,1.0089,True
3183,0.8744,True
3184,0.8726,True
3185,0.9572,True
3186,0.6642,True
3187,1.0911,True
3188,1.0302,True
3189,0.8578,True
3190,0.7445,True
3191,0.9376,True
3192,0.792,True
3193,0.9572,True
3194,1.1734,True
3195,0.9355,True
3196,1.0779,True
3197,0.9789,True
3198,1.2123,True
3199,0.8829,True
3200,1.1252,True
3201,0.9205,True
3202,0.9613,True
3203,0.8407,True
3204,1.0088,True
3205,1.0115,True
3206,1.0468,True
3207,1.2021,True
3208,0.9569,True
3209,1.0002,True
3210,1.2254,True
3211,1.0647,True
3212,1.04,True
3213,1.0458,True
3214,0.9697,True
3215,0.8308,True
3216,1.001,True
3217,1.2261,True
3218,0.8186,True
3219,1.0798,True
3220,0.9481,True
3221,1.2223,True
3222,1.0258,True
3223,0.8211,True
3224,1.1779,True
3225,1.0335,True
3226,0.9498,True
3227,0.9893,True
3228,0.8265,True
3229,0.6663,True
3230,1.1195,True
3231,1.1237,True
3232,0.648,True
3233,0.9286,True
3234,0.7843,True
3235,1.0785,True
3236,0.8913,True
3237,0.9673,True
3238,1.0722,True
3239,1.0612,True
3240,0.8529,True
3241,1.1092,True
3242,1.1355,True
3243,0.8732,True
3244,1.1822,True
3245,0.8958,True
3246,1.0024,True
3247,1.1369,True
3248,0.6962,True
3249,1.042,True
3250,0.9219,True
3251,0.9826,True
3252,1.068,True
3253,1.0284,True
3254,0.6652,True
3255,1.267,True
3256,0.852,True
3257,0.809,True
3258,0.9449,True
3259,1.231,True
3260,0.9992,True
3261,1.026,True
3262,0.7829,True
3263,0.9411,True
3264,1.179,True
3265,0.999,True
3266,0.9263,True
3267,1.1279,True
3268,1.0066,True
3269,1.1694,True
3270,0.8267,True
3271,0.8946,True
3272,1.0943,True
3273,0.808,True
3274,1.1765,True
3275,0.435,False
3276,1.1185,True
3277,0.9034,True
3278,1.0344,True
3279,0.9424,True
3280,1.0268,True
3281,0.9933,True
3282,1.1995,True
3283,0.8065,True
3284,0.9423,True
3285,0.9991,True
3286,0.9427,True
3287,1.2674,True
3288,1.0787,True
3289,1.0219,True
3290,1.2876,True
3291,0.9655,True
3292,0.8352,True
3293,0.6526,True
3294,1.1667,True
3295,0.996,True
3296,1.3111,True
3297,1.0126,True
3298,0.8724,True
3299,1.0048,True
3300,1.2072,True
3301,1.0443,True
3302,0.96,True
3303,1.0338,True
3304,0.879,True
3305,0.9846,True
3306,0.9619,True
3307,0.8622,True
3308,1.2573,True
3309,1.03,True
3310,0.9764,True
3311,0.9949,True
3312,0.9435,True
3313,1.055,True
3314,1.1818,True
3315,1.0835,True
3316,0.9273,True
3317,0.9439,True
3318,0.6882,True
3319,1.0221,True
3320,0.9418,True
3321,0.8835,True
3322,0.763,True
3323,1.2444,True
3324,0.9833,True
3325,1.0711,True
3326,1.0611,True
3327,0.9409,True
3328,0.8934,True
3329,1.1009,True
3330,1.0476,True
3331,0.9275,True
3332,0.8313,True
3333,0.8377,True
3334,1.0418,True
3335,1.0694,True
3336,0.9194,True
3337,0.8457,True
3338,0.837,True
3339,0.9586,True
3340,0.8102,True
3341,0.8565,True
3342,1.1439,True
3343,1.1042,True
3344,1.119,True
3345,1.0095,True
3346,0.9361,True
3347,0.9025,True
3348,1.2319,True
3349,1.0945,True
3350,0.7058,True
3351,0.834,True
3352,0.9867,True
3353,0.8627,True
3354,1.2148,True
3355,0.853,True
3356,1.0563,True
3357,1.1659,True
3358,0.9257,True
3359,1.1133,True
3360,1.0105,True
3361,0.694,True
3362,0.9456,True
3363,1.0,True
3364,1.0086,True
3365,0.8,True
3366,0.8791,True
3367,1.035,True
3368,0.886,True
3369,0.9398,True
3370,1.0708,True
3371,0.928,True
3372,0.9211,True
3373,0.8029,True
3374,0.9241,True
3375,1.0843,True
3376,1.1546,True
3377,1.095,True
3378,0.8873,True
3379,1.0849,True
3380,1.0142,True
3381,1.1477,True
3382,0.9726,True
3383,1.0976,True
3384,1.0466,True
3385,1.0891,True
3386,0.8077,True
3387,1.0137,True
3388,0.9308,True
3389,1.1264,True
3390,1.001,True
3391,1.1579,True
3392,0.7485,True
3393,1.1208,True
3394,1.0038,True
3395,1.0971,True
3396,0.7814,True
3397,0.9028,True
3398,1.1833,True
3399,1.0213,True
3400,0.8423,True
3401,0.9578,True
3402,1.1099,True
3403,1.066,True
3404,0.8712,True
3405,0.9071,True
3406,1.1292,True
3407,0.8816,True
3408,0.9537,True
3409,1.2367,True
3410,1.087,True
3411,1.0659,True
3412,1.1308,True
3413,1.0595,True
3414,0.8277,True
3415,1.0242,True
3416,1.2032,True
3417,1.0,True
3418,0.8335,True
3419,1.0743,True
3420,0.9384,True
3421,1.1454,True
3422,0.9414,True
3423,0.9345,True
3424,0.7879,True
3425,1.0772,True
3426,0.9218,True
3427,0.9908,True
3428,1.0142,True
3429,1.0982,True
3430,1.1075,True
3431,0.9108,True
3432,0.8021,True
3433,0.9786,True
3434,1.0079,True
3435,0.6925,True
3436,1.0213,True
3437,1.0936,True
3438,0.795,True
3439,1.0393,True
3440,1.0396,True
3441,1.0962,True
3442,1.1273,True
3443,1.0575,True
3444,0.8494,True
3445,0.8715,True
3446,0.8616,True
3447,0.9709,True
3448,1.1847,True
3449,0.87,True
3450,1.4095,True
3451,0.8244,True
3452,0.8599,True
3453,1.0058,True
3454,1.1553,True
3455,0.9664,True
3456,0.9592,True
3457,0.9867,True
3458,1.2265,True
3459,0.9993,True
3460,1.1565,True
3461,1.1351,True
3462,1.215,True
3463,1.0685,True
3464,0.9369,True
3465,0.9784,True
3466,0.9553,True
3467,1.1731,True
3468,0.7477,True
3469,1.0065,True
3470,1.1212,True
3471,1.1357,True
3472,0.8376,True
3473,0.879,True
3474,0.9398,True
3475,1.1198,True
3476,0.6991,True
3477,1.1711,True
3478,1.1772,True
3479,0.897,True
3480,1.0114,True
3481,0.9599,True
3482,1.041,True
3483,1.0903,True
3484,0.9904,True
3485,0.7423,True
3486,0.8867,True
3487,0.9721,True
3488,0.938,True
3489,1.1386,True
3490,0.8283,True
3491,0.9461,True
3492,0.9536,True
3493,0.7547,True
3494,0.995,True
3495,1.2014,True
3496,1.085,True
3497,0.9324,True
3498,1.0377,True
3499,1.0687,True
3500,1.0016,True
3501,1.0373,True
3502,0.8326,True
3503,1.1849,True
3504,0.9639,True
3505,1.0751,True
3506,1.0451,True
3507,1.0441,True
3508,0.913,True
3509,0.7705,True
3510,0.9762,True
3511,0.8217,True
3512,1.054,True
3513,1.023,True
3514,1.187,True
3515,1.0765,True
3516,1.0742,True
3517,1.1078,True
3518,1.0719,True
3519,0.7098,True
3520,1.0243,True
3521,1.0552,True
3522,1.1316,True
3523,0.9308,True
3524,1.0803,True
3525,0.9809,True
3526,1.0148,True
3527,0.8454,True
3528,0.9946,True
3529,1.2575,True
3530,0.941,True
3531,0.8549,True
3532,1.0416,True
3533,1.1456,True
3534,0.963,True
3535,0.921,True
3536,0.9728,True
3537,1.1963,True
3538,1.2989,True
3539,1.1204,True
3540,1.1159,True
3541,0.9944,True
3542,1.0163,True
3543,1.021,True
3544,1.0539,True
3545,0.7941,True
3546,0.9717,True
3547,1.0884,True
3548,1.0155,True
3549,1.0403,True
3550,0.9065,True
3551,0.7139,True
3552,1.0193,True
3553,1.016,True
3554,1.1077,True
3555,0.9459,True
3556,0.975,True
3557,1.0109,True
3558,1.2193,True
3559,1.0504,True
3560,1.0546,True
3561,1.044,True
3562,0.9419,True
3563,1.0786,True
3564,1.0186,True
3565,1.0507,True
3566,0.9939,True
3567,0.8524,True
3568,0.9699,True
3569,0.9999,True
3570,0.8451,True
3571,0.8579,True
3572,0.9425,True
3573,1.0857,True
3574,1.1235,True
3575,0.7435,True
3576,0.749,True
3577,0.9905,True
3578,0.9331,True
3579,0.9384,True
3580,0.9702,True
3581,1.295,True
3582,1.0291,True
3583,1.2447,True
3584,0.7446,True
3585,0.8405,True
3586,0.9957,True
3587,1.0444,True
3588,1.1446,True
3589,1.0166,True
3590,1.2577,True
3591,0.523,True
3592,0.8999,True
3593,1.0607,True
3594,0.9138,True
3595,1.0191,True
3596,0.821,True
3597,0.9387,True
3598,1.2175,True
3599,1.085,True
3600,0.9874,True
3601,1.0774,True
3602,1.189,True
3603,0.8052,True
3604,1.0433,True
3605,0.943,True
3606,0.8933,True
3607,1.153,True
3608,1.2307,True
3609,0.8147,True
3610,0.9508,True
3611,1.0311,True
3612,0.9879,True
3613,0.8664,True
3614,0.8867,True
3615,1.0046,True
3616,1.0949,True
3617,0.931,True
3618,0.9166,True
3619,0.8802,True
3620,1.0714,True
3621,1.1818,True
3622,1.1921,True
3623,1.1659,True
3624,1.0132,True
3625,1.1272,True
3626,0.9653,True
3627,1.0254,True
3628,0.8865,True
3629,0.9723,True
3630,0.8298,True
3631,0.9289,True
3632,0.6422,True
3633,0.9597,True
3634,1.1311,True
3635,0.9728,True
3636,1.114,True
3637,1.1984,True
3638,0.7753,True
3639,1.001,True
3640,0.792,True
3641,0.9895,True
3642,1.2069,True
3643,1.0829,True
3644,1.1086,True
3645,1.0009,True
3646,0.9414,True
3647,0.8116,True
3648,1.0768,True
3649,1.1723,True
3650,0.8356,True
3651,0.8926,True
3652,0.8428,True
3653,1.1041,True
3654,1.0034,True
3655,0.9131,True
3656,0.7979,True
3657,1.0344,True
3658,1.1778,True
3659,1.3674,True
3660,0.8399,True
3661,1.1128,True
3662,0.9389,True
3663,1.0323,True
3664,1.0088,True
3665,1.021,True
3666,1.0491,True
3667,1.3044,True
3668,0.8401,True
3669,0.8683,True
3670,1.1089,True
3671,0.8761,True
3672,1.1783,True
3673,1.2021,True
3674,1.1597,True
3675,1.0659,True
3676,1.0414,True
3677,0.8789,True
3678,1.1046,True
3679,0.7994,True
3680,1.1017,True
3681,1.0268,True
3682,1.0308,True
3683,0.9361,True
3684,1.1473,True
3685,1.2206,True
3686,1.2184,True
3687,1.187,True
3688,1.0092,True
3689,0.902,True
3690,0.9839,True
3691,1.1675,True
3692,0.9848,True
3693,0.8191,True
3694,0.9258,True
3695,0.7817,True
3696,0.8989,True
3697,0.97,True
3698,1.0734,True
3699,1.0917,True
3700,1.042,True
3701,1.0407,True
3702,1.1099,True
3703,1.0783,True
3704,1.018,True
3705,0.7344,True
3706,1.0689,True
3707,1.0525,True
3708,1.1062,True
3709,1.1753,True
3710,0.7807,True
3711,0.7123,True
3712,1.1128,True
3713,0.9204,True
3714,1.0132,True
3715,1.0327,True
3716,0.9459,True
3717,0.9165,True
3718,1.1032,True
3719,1.1284,True
3720,1.0194,True
3721,1.208,True
3722,0.8366,True
3723,0.9785,True
3724,1.0464,True
3725,0.8805,True
3726,1.1025,True
3727,1.1863,True
3728,0.964,True
3729,0.9297,True
3730,1.0863,True
3731,1.1974,True
3732,1.2141,True
3733,0.5642,True
3734,1.0577,True
3735,0.9753,True
3736,1.0441,True
3737,1.0,True
3738,1.148,True
3739,0.8061,True
3740,0.8155,True
3741,1.0474,True
3742,1.0473,True
3743,0.9162,True
3744,0.9299,True
3745,1.065,True
3746,1.117,True
3747,1.2405,True
3748,0.7205,True
3749,1.1604,True
3750,1.0289,True
3751,1.0071,True
3752,1.173,True
3753,0.9625,True
3754,1.1695,True
3755,0.8517,True
3756,0.9936,True
3757,1.047,True
3758,1.1372,True
3759,1.1777,True
3760,0.8416,True
3761,0.9146,True
3762,1.0637,True
3763,0.986,True
3764,1.0416,True
3765,1.123,True
3766,1.0131,True
3767,0.7308,True
3768,1.115,True
3769,1.0587,True
3770,0.9532,True
3771,1.2341,True
3772,1.054,True
3773,0.8318,True
3774,1.0556,True
3775,0.7818,True
3776,0.7918,True
3777,0.693,True
3778,1.0149,True
3779,1.1531,True
3780,0.9659,True
3781,0.8381,True
3782,0.8852,True
3783,0.9816,True
3784,0.9999,True
3785,0.7425,True
3786,0.7554,True
3787,0.8397,True
3788,1.0875,True
3789,1.0017,True
3790,1.2314,True
3791,0.9956,True
3792,0.9705,True
3793,1.1818,True
3794,1.0538,True
3795,0.7264,True
3796,0.8128,True
3797,1.1764,True
3798,1.0535,True
3799,0.6951,True
3800,0.9558,True
3801,1.0948,True
3802,1.0078,True
3803,1.0648,True
3804,0.9321,True
3805,0.7997,True
3806,1.0205,True
3807,1.0942,True
3808,1.0206,True
3809,1.0712,True
3810,0.9551,True
3811,0.9784,True
3812,0.9958,True
3813,0.9401,True
3814,0.9103,True
3815,1.0994,True
3816,0.8522,True
3817,0.734,True
3818,1.1385,True
3819,1.0799,True
3820,1.0246,True
3821,0.8687,True
3822,1.0209,True
3823,0.9579,True
3824,0.7761,True
3825,0.9738,True
3826,1.0694,True
3827,1.332,True
3828,0.813,True
3829,1.0258,True
3830,0.9597,True
3831,1.1304,True
3832,1.0432,True
3833,0.8253,True
3834,0.9412,True
3835,0.7955,True
3836,0.944,True
3837,1.124,True
3838,1.152,True
3839,1.0888,True
3840,0.9444,True
3841,1.046,True
3842,0.9684,True
3843,0.9845,True
3844,1.0754,True
3845,1.0288,True
3846,0.9235,True
3847,0.9616,True
3848,1.0591,True
3849,1.0022,True
3850,1.087,True
3851,0.8575,True
3852,0.9463,True
3853,1.1307,True
3854,1.1253,True
3855,1.0229,True
3856,0.8762,True
3857,1.0303,True
3858,1.1858,True
3859,1.1947,True
3860,1.2174,True
3861,1.2103,True
3862,1.0634,True
3863,0.9732,True
3864,1.0794,True
3865,1.0304,True
3866,1.0509,True
3867,0.8844,True
3868,0.9729,True
3869,1.0627,True
3870,0.9843,True
3871,0.8182,True
3872,1.0367,True
3873,1.116,True
3874,1.1183,True
3875,1.061,True
3876,1.0868,True
3877,0.7048,True
3878,1.0103,True
3879,1.3232,True
3880,0.7523,True
3881,1.2118,True
3882,1.0548,True
3883,0.9262,True
3884,1.1933,True
3885,0.9271,True
3886,0.737,True
3887,0.9058,True
3888,0.7286,True
3889,0.9848,True
3890,1.208,True
3891,1.4658,True
3892,1.168,True
3893,0.8162,True
3894,0.8974,True
3895,1.1559,True
3896,1.1233,True
3897,0.9478,True
3898,1.2123,True
3899,1.1513,True
3900,1.0316,True
3901,0.9426,True
3902,0.7593,True
3903,1.0067,True
3904,0.9781,True
3905,0.7182,True
3906,1.0398,True
3907,1.0088,True
3908,0.9093,True
3909,0.996,True
3910,1.025,True
3911,1.1253,True
3912,0.9588,True
3913,0.8178,True
3914,1.0439,True
3915,0.953,True
3916,0.8624,True
3917,1.2277,True
3918,1.054,True
3919,1.1034,True
3920,1.2034,True
3921,0.9052,True
3922,1.0168,True
3923,0.935,True
3924,1.1112,True
3925,0.8996,True
3926,0.9435,True
3927,0.8666,True
3928,0.9647,True
3929,1.0177,True
3930,1.0001,True
3931,1.1002,True
3932,0.7433,True
3933,1.0766,True
3934,0.9855,True
3935,0.8115,True
3936,0.8032,True
3937,1.2433,True
3938,0.6943,True
3939,0.9707,True
3940,1.1144,True
3941,0.8604,True
3942,0.8178,True
3943,0.717,True
3944,1.0203,True
3945,0.8074,True
3946,0.7376,True
3947,0.8947,True
3948,0.7944,True
3949,0.6951,True
3950,1.1143,True
3951,1.0451,True
3952,0.9519,True
3953,1.095,True
3954,1.0636,True
3955,1.1175,True
3956,0.9697,True
3957,1.1633,True
3958,0.9516,True
3959,0.8872,True
3960,0.8473,True
3961,1.079,True
3962,0.9007,True
3963,1.1343,True
3964,1.162,True
3965,1.0457,True
3966,0.8037,True
3967,0.9164,True
3968,0.9379,True
3969,1.011,True
3970,1.0863,True
3971,0.9735,True
3972,1.0802,True
3973,1.1227,True
3974,0.876,True
3975,0.7639,True
3976,1.2581,True
3977,1.1371,True
3978,0.9212,True
3979,0.9574,True
3980,0.9386,True
3981,0.6558,True
3982,0.7813,True
3983,0.9943,True
3984,0.8475,True
3985,1.1385,True
3986,0.8583,True
3987,1.0488,True
3988,1.187,True
3989,1.3075,True
3990,1.0831,True
3991,1.1473,True
3992,1.2391,True
3993,1.0169,True
3994,0.9271,True
3995,1.1743,True
3996,1.2343,True
3997,0.9604,True
3998,0.7755,True
3999,1.1572,True
4000,1.0762,True
4001,0.8859,True
4002,1.1723,True
4003,1.0423,True
4004,0.936,True
4005,0.7162,True
4006,0.943,True
4007,1.2584,True
4008,0.8809,True
4009,1.2802,True
4010,0.8914,True
4011,0.7452,True
4012,1.0314,True
4013,0.8601,True
4014,1.0289,True
4015,0.9505,True
4016,1.0177,True
4017,0.933,True
4018,1.0295,True
4019,1.0323,True
4020,1.0114,True
4021,1.0192,True
4022,1.1238,True
4023,1.2297,True
4024,0.9137,True
4025,1.1008,True
4026,1.0639,True
4027,1.0096,True
4028,1.0351,True
4029,1.1823,True
4030,0.9693,True
4031,0.9627,True
4032,1.0721,True
4033,0.9297,True
4034,0.8523,True
4035,0.674,True
4036,1.0669,True
4037,0.859,True
4038,0.8006,True
4039,0.9295,True
4040,0.9617,True
4041,0.8372,True
4042,1.0608,True
4043,0.8418,True
4044,1.1177,True
4045,0.8773,True
4046,0.9151,True
4047,0.8334,True
4048,0.9423,True
4049,0.8564,True
4050,0.8573,True
4051,0.9622,True
4052,0.714,True
4053,0.9069,True
4054,1.142,True
4055,0.9865,True
4056,0.8291,True
4057,0.8268,True
4058,0.9885,True
4059,0.9895,True
4060,1.0175,True
4061,1.1018,True
4062,1.1576,True
4063,1.1078,True
4064,1.0912,True
4065,1.1038,True
4066,0.861,True
4067,1.0681,True
4068,1.2206,True
4069,1.216,True
4070,1.2255,True
4071,1.009,True
4072,1.0778,True
4073,1.0561,True
4074,0.9553,True
4075,0.9708,True
4076,0.8469,True
4077,1.0581,True
4078,0.7572,True
4079,1.115,True
4080,0.7213,True
4081,1.1674,True
4082,0.9776,True
4083,1.2099,True
4084,1.0996,True
4085,0.912,True
4086,0.5395,True
4087,1.0988,True
4088,1.0764,True
4089,0.8869,True
4090,1.0195,True
4091,1.227,True
4092,1.2498,True
4093,1.0003,True
4094,0.7261,True
4095,0.8386,True
4096,1.2508,True
4097,0.7421,True
4098,0.9084,True
4099,0.8305,True
4100,1.0088,True
4101,1.1476,True
4102,1.1275,True
4103,0.7435,True
4104,1.1659,True
4105,0.9808,True
4106,0.9164,True
4107,0.9779,True
4108,0.8728,True
4109,0.6708,True
4110,0.8936,True
4111,0.7539,True
4112,1.0287,True
4113,0.8413,True
4114,1.1407,True
4115,0.9667,True
4116,0.9524,True
4117,0.9052,True
4118,1.0764,True
4119,0.8528,True
4120,0.8439,True
4121,1.1961,True
4122,0.7294,True
4123,0.7287,True
4124,1.0524,True
4125,1.1181,True
4126,0.9542,True
4127,1.0397,True
4128,0.951,True
4129,0.756,True
4130,1.2168,True
4131,0.9898,True
4132,1.0726,True
4133,1.1708,True
4134,0.7763,True
4135,1.1407,True
4136,0.9858,True
4137,0.9502,True
4138,0.9919,True
4139,1.0709,True
4140,0.9124,True
4141,1.0791,True
4142,0.9405,True
4143,0.6987,True
4144,0.9646,True
4145,1.2947,True
4146,0.9521,True
4147,0.974,True
4148,0.7236,True
4149,1.1603,True
4150,1.2143,True
4151,0.9733,True
4152,0.9749,True
4153,0.8344,True
4154,0.9399,True
4155,1.0603,True
4156,1.0449,True
4157,0.8716,True
4158,0.9554,True
4159,0.8966,True
4160,0.8122,True
4161,1.0688,True
4162,1.0941,True
4163,0.9913,True
4164,1.0747,True
4165,0.9448,True
4166,0.8271,True
4167,0.932,True
4168,0.7136,True
4169,0.63,True
4170,1.0119,True
4171,1.1581,True
4172,0.9045,True
4173,1.0993,True
4174,0.8198,True
4175,0.9497,True
4176,0.9333,True
4177,0.7285,True
4178,1.0898,True
4179,0.9737,True
4180,0.8445,True
4181,1.0211,True
4182,0.8954,True
4183,1.3352,True
4184,0.9978,True
4185,0.7638,True
4186,1.1654,True
4187,0.8674,True
4188,1.0224,True
4189,0.8554,True
4190,1.1497,True
4191,0.8749,True
4192,1.0206,True
4193,0.8445,True
4194,0.9874,True
4195,0.4738,False
4196,0.8762,True
4197,1.3728,True
4198,1.0815,True
4199,0.8118,True
4200,1.0053,True
4201,1.0299,True
4202,1.1786,True
4203,1.1179,True
4204,0.974,True
4205,1.1486,True
4206,1.0175,True
4207,0.8961,True
4208,0.9801,True
4209,0.9375,True
4210,0.9869,True
4211,0.8811,True
4212,0.7993,True
4213,1.1904,True
4214,0.9318,True
4215,0.787,True
4216,0.9678,True
4217,0.812,True
4218,0.6569,True
4219,1.0833,True
4220,0.9626,True
4221,1.0167,True
4222,1.0074,True
4223,0.9443,True
4224,1.0405,True
4225,1.0407,True
4226,1.0416,True
4227,1.2819,True
4228,0.7737,True
4229,1.1786,True
4230,0.7001,True
4231,1.1307,True
4232,0.8996,True
4233,1.029,True
4234,1.0325,True
4235,0.9766,True
4236,1.2866,True
4237,1.0465,True
4238,0.9563,True
4239,1.133,True
4240,1.053,True
4241,1.1625,True
4242,0.7986,True
4243,0.9973,True
4244,0.9793,True
4245,0.8716,True
4246,0.8564,True
4247,0.9573,True
4248,0.8852,True
4249,0.9538,True
4250,1.066,True
4251,1.0106,True
4252,1.1169,True
4253,1.2379,True
4254,0.9266,True
4255,1.1533,True
4256,0.9926,True
4257,0.8539,True
4258,0.8239,True
4259,0.9662,True
4260,1.1521,True
4261,1.2742,True
4262,1.1269,True
4263,0.8302,True
4264,0.9037,True
4265,0.9176,True
4266,1.1188,True
4267,0.8713,True
4268,1.2396,True
4269,0.8505,True
4270,1.2854,True
4271,0.933,True
4272,1.0775,True
4273,0.8633,True
4274,1.0574,True
4275,1.0258,True
4276,1.056,True
4277,0.7357,True
4278,1.0038,True
4279,0.7995,True
4280,1.2449,True
4281,1.0521,True
4282,0.9405,True
4283,1.0741,True
4284,0.8693,True
4285,1.0118,True
4286,0.7738,True
4287,0.9925,True
4288,1.1058,True
4289,1.2915,True
4290,1.1183,True
4291,1.0117,True
4292,1.0689,True
4293,1.0866,True
4294,1.1588,True
4295,0.9612,True
4296,1.2311,True
4297,0.8471,True
4298,1.0779,True
4299,1.0582,True
4300,1.1815,True
4301,0.9933,True
4302,1.0259,True
4303,0.8012,True
4304,1.0274,True
4305,0.9513,True
4306,0.7312,True
4307,1.2136,True
4308,0.8546,True
4309,1.0718,True
4310,0.8786,True
4311,0.9593,True
4312,0.8647,True
4313,0.8152,True
4314,1.0962,True
4315,0.9917,True
4316,0.8392,True
4317,1.0608,True
4318,0.9862,True
4319,1.1642,True
4320,1.0142,True
4321,0.8601,True
4322,1.0354,True
4323,1.0531,True
4324,1.0154,True
4325,1.1889,True
4326,1.0647,True
4327,1.004,True
4328,0.9991,True
4329,0.9078,True
4330,1.0174,True
4331,1.0785,True
4332,1.0668,True
4333,0.8247,True
4334,1.2594,True
4335,0.9443,True
4336,1.1448,True
4337,0.9854,True
4338,0.686,True
4339,0.4878,False
4340,1.2464,True
4341,1.1462,True
4342,0.912,True
4343,1.2049,True
4344,0.4216,False
4345,1.169,True
4346,1.062,True
4347,0.8073,True
4348,0.9971,True
4349,1.0697,True
4350,1.2659,True
4351,1.0602,True
4352,1.2539,True
4353,1.0737,True
4354,1.112,True
4355,0.962,True
4356,0.8322,True
4357,0.937,True
4358,1.0923,True
4359,1.0598,True
4360,0.9331,True
4361,0.922,True
4362,0.8925,True
4363,0.8079,True
4364,0.9325,True
4365,1.1401,True
4366,0.9412,True
4367,0.8701,True
4368,0.9865,True
4369,1.0452,True
4370,1.036,True
4371,0.9444,True
4372,0.7817,True
4373,1.1167,True
4374,0.9498,True
4375,1.1134,True
4376,0.6671,True
4377,1.1659,True
4378,0.5876,True
4379,1.2012,True
4380,0.7949,True
4381,0.923,True
4382,0.7643,True
4383,0.7188,True
4384,1.1597,True
4385,0.9969,True
4386,1.1983,True
4387,1.1896,True
4388,0.9231,True
4389,0.9001,True
4390,0.9212,True
4391,0.944,True
4392,1.1916,True
4393,0.6614,True
4394,1.1052,True
4395,0.7659,True
4396,0.8262,True
4397,0.7809,True
4398,0.9435,True
4399,1.1582,True
4400,1.2396,True
4401,0.9842,True
4402,1.0952,True
4403,1.007,True
4404,0.7812,True
4405,0.5879,True
4406,1.0654,True
4407,0.9444,True
4408,1.0335,True
4409,0.8749,True
4410,0.7832,True
4411,1.0192,True
4412,0.9384,True
4413,1.1677,True
4414,1.0259,True
4415,0.897,True
4416,0.9729,True
4417,1.0736,True
4418,1.2823,True
4419,0.8895,True
4420,1.0886,True
4421,1.0979,True
4422,1.0357,True
4423,1.1505,True
4424,1.142,True
4425,0.88,True
4426,0.8463,True
4427,1.0695,True
4428,1.2531,True
4429,0.9099,True
4430,0.8067,True
4431,0.7761,True
4432,1.053,True
4433,1.214,True
4434,0.964,True
4435,0.781,True
4436,0.9771,True
4437,1.0764,True
4438,1.1141,True
4439,1.0551,True
4440,1.1667,True
4441,0.5775,True
4442,1.0866,True
4443,0.8667,True
4444,1.0372,True
4445,0.8621,True
4446,0.7965,True
4447,1.1171,True
4448,1.0678,True
4449,1.035,True
4450,0.7633,True
4451,0.6329,True
4452,1.0538,True
4453,1.0672,True
4454,1.1374,True
4455,1.0983,True
4456,0.935,True
4457,1.1322,True
4458,0.8739,True
4459,0.9991,True
4460,0.9782,True
4461,1.0113,True
4462,1.087,True
4463,0.9215,True
4464,1.1117,True
4465,0.7667,True
4466,0.8128,True
4467,1.075,True
4468,0.9909,True
4469,1.074,True
4470,1.2215,True
4471,0.8619,True
4472,0.9051,True
4473,0.8741,True
4474,1.1982,True
4475,0.6718,True
4476,1.0094,True
4477,0.9385,True
4478,1.0971,True
4479,1.1745,True
4480,0.9939,True
4481,1.1112,True
4482,1.2175,True
4483,0.9526,True
4484,0.9428,True
4485,0.875,True
4486,0.973,True
4487,0.9775,True
4488,0.8141,True
4489,0.8948,True
4490,0.901,True
4491,0.6098,True
4492,0.9553,True
4493,1.1938,True
4494,1.1407,True
4495,0.7811,True
4496,1.0493,True
4497,1.1062,True
4498,0.9266,True
4499,1.0217,True
4500,0.8561,True
4501,0.718,True
4502,0.8325,True
4503,0.7622,True
4504,0.99,True
4505,1.0296,True
4506,0.7802,True
4507,0.9585,True
4508,1.159,True
4509,0.9736,True
4510,1.1623,True
4511,1.0281,True
4512,0.8863,True
4513,1.0009,True
4514,0.711,True
4515,1.0518,True
4516,1.0955,True
4517,0.9227,True
4518,0.8186,True
4519,0.9369,True
4520,0.8272,True
4521,0.9126,True
4522,1.1458,True
4523,1.0157,True
4524,0.8332,True
4525,1.0086,True
4526,1.2059,True
4527,1.2707,True
4528,0.9193,True
4529,0.9682,True
4530,1.3453,True
4531,1.0977,True
4532,1.0462,True
4533,1.0893,True
4534,1.0101,True
4535,1.1983,True
4536,0.8826,True
4537,0.8763,True
4538,1.0316,True
4539,1.0097,True
4540,1.1153,True
4541,0.8797,True
4542,1.2368,True
4543,1.0158,True
4544,1.014,True
4545,1.0607,True
4546,1.1948,True
4547,1.0304,True
4548,1.1385,True
4549,0.8671,True
4550,0.8709,True
4551,1.0188,True
4552,0.8698,True
4553,0.8602,True
4554,1.0828,True
4555,0.9165,True
4556,0.7651,True
4557,1.045,True
4558,1.3441,True
4559,1.1198,True
4560,1.0244,True
4561,1.0178,True
4562,1.0744,True
4563,1.1673,True
4564,1.05,True
4565,0.8765,True
4566,1.1178,True
4567,1.0041,True
4568,1.0711,True
4569,1.21,True
4570,1.0777,True
4571,0.863,True
4572,0.8826,True
4573,1.1536,True
4574,0.9937,True
4575,1.2244,True
4576,1.0758,True
4577,0.8462,True
4578,1.0926,True
4579,1.0118,True
4580,0.6226,True
4581,1.189,True
4582,1.0336,True
4583,0.7934,True
4584,1.0459,True
4585,1.0301,True
4586,1.0392,True
4587,1.151,True
4588,1.1184,True
4589,1.164,True
4590,0.5743,True
4591,0.97,True
4592,0.9518,True
4593,1.2735,True
4594,0.7635,True
4595,1.0784,True
4596,0.8956,True
4597,0.8675,True
4598,0.8366,True
4599,0.9838,True
4600,0.927,True
4601,0.8672,True
4602,1.1878,True
4603,1.0998,True
4604,1.2074,True
4605,0.9575,True
4606,0.9724,True
4607,1.0707,True
4608,0.9886,True
4609,1.2917,True
4610,1.1155,True
4611,0.9595,True
4612,1.2014,True
4613,1.051,True
4614,1.0266,True
4615,0.8819,True
4616,0.8565,True
4617,1.1159,True
4618,0.7908,True
4619,1.1046,True
4620,0.7449,True
4621,1.1543,True
4622,0.8036,True
4623,1.0376,True
4624,1.1578,True
4625,0.8107,True
4626,0.9786,True
4627,0.9534,True
4628,1.1717,True
4629,1.1321,True
4630,0.9504,True
4631,1.106,True
4632,1.0229,True
4633,1.0806,True
4634,1.2919,True
4635,1.2485,True
4636,1.0107,True
4637,1.0931,True
4638,1.1083,True
4639,0.8638,True
4640,1.0958,True
4641,0.862,True
4642,0.9257,True
4643,1.0419,True
4644,0.8493,True
4645,1.0785,True
4646,0.9624,True
4647,0.6819,True
4648,1.1661,True
4649,0.9492,True
4650,1.1138,True
4651,0.7864,True
4652,1.0087,True
4653,0.9414,True
4654,1.2091,True
4655,1.1397,True
4656,1.0602,True
4657,1.0076,True
4658,0.9746,True
4659,1.0979,True
4660,1.1073,True
4661,0.9752,True
4662,0.9367,True
4663,0.9844,True
4664,1.2723,True
4665,0.8425,True
4666,1.0228,True
4667,1.1319,True
4668,0.915,True
4669,1.0034,True
4670,0.9269,True
4671,1.0239,True
4672,1.059,True
4673,1.3317,True
4674,0.8967,True
4675,1.1289,True
4676,0.9834,True
4677,0.8661,True
4678,1.114,True
4679,1.0982,True
4680,1.1615,True
4681,1.055,True
4682,0.7506,True
4683,0.9871,True
4684,1.0512,True
4685,1.2541,True
4686,0.9808,True
4687,0.8193,True
4688,1.1653,True
4689,1.1073,True
4690,0.8421,True
4691,1.0305,True
4692,1.0891,True
4693,1.0826,True
4694,0.8739,True
4695,0.9165,True
4696,0.8957,True
4697,0.8065,True
4698,1.1371,True
4699,1.118,True
4700,0.838,True
4701,0.8801,True
4702,0.9134,True
4703,0.9602,True
4704,1.1277,True
4705,0.7099,True
4706,0.9115,True
4707,1.062,True
4708,0.8555,True
4709,0.9911,True
4710,1.0436,True
4711,0.9774,True
4712,1.0803,True
4713,0.8383,True
4714,0.9107,True
4715,1.0453,True
4716,0.9908,True
4717,1.0584,True
4718,1.0463,True
4719,1.101,True
4720,1.05,True
4721,1.1202,True
4722,0.8077,True
4723,0.7231,True
4724,0.974,True
4725,0.847,True
4726,0.8527,True
4727,0.8663,True
4728,0.9713,True
4729,0.8638,True
4730,0.9253,True
4731,0.7503,True
4732,0.9975,True
4733,1.0572,True
4734,0.8135,True
4735,0.9443,True
4736,0.9201,True
4737,1.2074,True
4738,1.0121,True
4739,1.2283,True
4740,0.8065,True
4741,0.903,True
4742,1.1087,True
4743,0.8715,True
4744,0.6316,True
4745,0.8517,True
4746,0.9927,True
4747,0.9111,True
4748,0.7529,True
4749,0.8786,True
4750,0.8018,True
4751,1.0331,True
4752,1.0497,True
4753,0.8076,True
4754,1.0868,True
4755,0.935,True
4756,1.1061,True
4757,1.1473,True
4758,0.8671,True
4759,1.0187,True
4760,0.9095,True
4761,1.0595,True
4762,1.0741,True
4763,1.062,True
4764,0.9074,True
4765,0.8747,True
4766,1.1385,True
4767,0.9095,True
4768,1.0593,True
4769,0.8994,True
4770,1.152,True
4771,1.0622,True
4772,0.9764,True
4773,0.8547,True
4774,1.1185,True
4775,1.2003,True
4776,1.0526,True
4777,1.0537,True
4778,1.2633,True
4779,1.2186,True
4780,0.5081,True
4781,1.1044,True
4782,1.1802,True
4783,1.0387,True
4784,1.0744,True
4785,0.796,True
4786,1.0549,True
4787,0.973,True
4788,0.7678,True
4789,0.9767,True
4790,1.2824,True
4791,0.9644,True
4792,1.1772,True
4793,1.0914,True
4794,0.9879,True
4795,0.882,True
4796,0.8952,True
4797,0.9979,True
4798,1.1541,True
4799,1.083,True
4800,0.7896,True
4801,1.0031,True
4802,0.9837,True
4803,0.7382,True
4804,0.9681,True
4805,0.984,True
4806,1.0676,True
4807,0.9998,True
4808,0.7973,True
4809,0.9231,True
4810,0.7976,True
4811,0.9299,True
4812,1.04,True
4813,1.0301,True
4814,1.0747,True
4815,1.0237,True
4816,1.1681,True
4817,1.0371,True
4818,1.144,True
4819,1.1027,True
4820,0.9773,True
4821,0.6272,True
4822,0.8163,True
4823,1.1033,True
4824,1.0899,True
4825,1.1534,True
4826,0.887,True
4827,1.0679,True
4828,1.1032,True
4829,1.1537,True
4830,0.9519,True
4831,1.2726,True
4832,0.8977,True
4833,0.9436,True
4834,0.8043,True
4835,1.1363,True
4836,1.0863,True
4837,0.8582,True
4838,0.764,True
4839,0.9696,True
4840,0.5814,True
4841,0.9059,True
4842,0.8991,True
4843,1.0432,True
4844,1.139,True
4845,0.9906,True
4846,0.7905,True
4847,0.9581,True
4848,0.8003,True
4849,0.9701,True
4850,1.0993,True
4851,1.2133,True
4852,1.0446,True
4853,1.098,True
4854,0.6246,True
4855,0.8293,True
4856,1.0839,True
4857,1.0569,True
4858,1.0016,True
4859,1.0164,True
4860,0.8335,True
4861,0.984,True
4862,1.0519,True
4863,0.8264,True
4864,0.9391,True
4865,0.9808,True
4866,0.8317,True
4867,0.9471,True
4868,0.9277,True
4869,0.7022,True
4870,1.0093,True
4871,1.0808,True
4872,0.8268,True
4873,0.9714,True
4874,1.1338,True
4875,0.8128,True
4876,1.0098,True
4877,1.1275,True
4878,1.2236,True
4879,1.0525,True
4880,1.015,True
4881,1.0488,True
4882,0.8189,True
4883,1.0337,True
4884,1.0385,True
4885,1.1405,True
4886,1.2969,True
4887,1.0098,True
4888,0.5787,True
4889,1.289,True
4890,1.1822,True
4891,1.0355,True
4892,1.4827,True
4893,1.0941,True
4894,1.2265,True
4895,0.6556,True
4896,0.4039,False
4897,0.8833,True
4898,0.9673,True
4899,0.8413,True
4900,0.997,True
4901,0.8604,True
4902,0.8785,True
4903,0.7053,True
4904,1.0893,True
4905,1.0772,True
4906,0.936,True
4907,0.9249,True
4908,0.6993,True
4909,0.9068,True
4910,1.0284,True
4911,0.9956,True
4912,1.0213,True
4913,1.2934,True
4914,1.0157,True
4915,0.8195,True
4916,0.8256,True
4917,0.9653,True
4918,0.5147,True
4919,0.9007,True
4920,1.0525,True
4921,0.7226,True
4922,0.9473,True
4923,0.6715,True
4924,1.0893,True
4925,1.1452,True
4926,1.2507,True
4927,0.9914,True
4928,1.4015,True
4929,1.059,True
4930,0.9506,True
4931,1.3133,True
4932,0.7249,True
4933,1.1108,True
4934,1.0205,True
4935,1.1573,True
4936,0.9235,True
4937,1.1246,True
4938,0.9905,True
4939,0.6845,True
4940,1.1718,True
4941,0.6819,True
4942,1.1609,True
4943,0.749,True
4944,0.9259,True
4945,1.1099,True
4946,0.7068,True
4947,0.8779,True
4948,0.9353,True
4949,0.6697,True
4950,1.2082,True
4951,1.152,True
4952,0.7425,True
4953,0.7022,True
4954,0.3891,False
4955,1.018,True
4956,0.9147,True
4957,0.6368,True
4958,0.5688,True
4959,0.8621,True
4960,1.2899,True
4961,0.7696,True
4962,0.6706,True
4963,1.3052,True
4964,1.2627,True
4965,1.0657,True
4966,1.0085,True
4967,1.0941,True
4968,0.5908,True
4969,1.107,True
4970,1.0217,True
4971,1.1312,True
4972,1.1041,True
4973,1.2321,True
4974,1.4636,True
4975,1.0074,True
4976,0.848,True
4977,0.5269,True
4978,1.098,True
4979,0.6751,True
4980,1.2472,True
4981,0.9517,True
4982,0.9119,True
4983,0.8754,True
4984,1.0917,True
4985,1.0218,True
4986,0.8105,True
4987,1.0408,True
4988,0.9717,True
4989,1.0608,True
4990,1.0835,True
4991,1.33,True
4992,1.3565,True
4993,1.1084,True
4994,1.2306,True
4995,0.8588,True
4996,1.0746,True
4997,1.5163,True
4998,0.8154,True
4999,0.9109,True
5000,0.509,True
5001,0.8223,True
5002,1.1328,True
5003,0.9114,True
5004,0.6888,True
5005,0.5596,True
5006,1.1765,True
5007,1.2034,True
5008,1.2391,True
5009,0.852,True
5010,0.8838,True
5011,0.7968,True
5012,1.2339,True
5013,0.6556,True
5014,0.9873,True
5015,0.716,True
5016,0.7201,True
5017,1.0902,True
5018,1.0205,True
5019,1.0075,True
5020,1.0778,True
5021,1.3191,True
5022,0.829,True
5023,1.0273,True
5024,1.1587,True
5025,1.0952,True
5026,0.8817,True
5027,1.3353,True
5028,1.2196,True
5029,0.8583,True
5030,1.195,True
5031,0.9873,True
5032,1.023,True
5033,0.8035,True
5034,1.0038,True
5035,1.2298,True
5036,1.3789,True
5037,1.0589,True
5038,1.137,True
5039,0.9512,True
5040,1.1241,True
5041,0.8144,True
5042,0.8487,True
5043,1.1182,True
5044,1.2638,True
5045,1.144,True
5046,1.0303,True
5047,0.6377,True
5048,1.0883,True
5049,1.186,True
5050,0.6904,True
5051,1.2764,True
5052,0.832,True
5053,0.7438,True
5054,1.3423,True
5055,0.8525,True
5056,0.9063,True
5057,1.01,True
5058,0.785,True
5059,0.8921,True
5060,0.8887,True
5061,1.1765,True
5062,1.3036,True
5063,1.1465,True
5064,0.5433,True
5065,0.6334,True
5066,1.2065,True
5067,1.0234,True
5068,1.3652,True
5069,1.0617,True
5070,0.9356,True
5071,0.7582,True
5072,0.96,True
5073,0.9177,True
5074,1.0553,True
5075,1.3945,True
5076,1.3631,True
5077,0.6522,True
5078,0.8993,True
5079,1.1455,True
5080,0.7087,True
5081,0.6625,True
5082,0.8894,True
5083,0.9435,True
5084,1.0112,True
5085,0.7668,True
5086,1.0605,True
5087,1.0671,True
5088,1.449,True
5089,0.766,True
5090,1.3415,True
5091,0.8458,True
5092,1.2715,True
5093,1.1434,True
5094,1.0655,True
5095,1.015,True
5096,0.9765,True
5097,0.3618,False
5098,1.26,True
5099,0.6195,True
5100,0.9816,True
5101,1.0476,True
5102,0.796,True
5103,1.1231,True
5104,1.2906,True
5105,0.7467,True
5106,0.7022,True
5107,1.009,True
5108,0.8908,True
5109,1.1205,True
5110,0.9632,True
5111,1.1671,True
5112,1.0799,True
5113,0.9386,True
5114,0.9488,True
5115,1.0736,True
5116,1.0979,True
5117,0.8607,True
5118,1.0117,True
5119,1.1509,True
5120,1.0971,True
5121,1.1341,True
5122,0.9492,True
5123,0.9008,True
5124,1.2162,True
5125,1.0782,True
5126,0.9807,True
5127,1.0777,True
5128,0.8811,True
5129,1.0276,True
5130,0.7211,True
5131,1.1796,True
5132,0.9642,True
5133,0.9499,True
5134,1.3118,True
5135,0.6197,True
5136,1.3145,True
5137,1.19,True
5138,0.7901,True
5139,0.8276,True
5140,1.0776,True
5141,0.9021,True
5142,0.7982,True
5143,1.183,True
5144,1.0682,True
5145,1.0956,True
5146,1.1687,True
5147,1.2192,True
5148,0.8417,True
5149,1.2637,True
5150,0.739,True
5151,0.9844,True
5152,0.8135,True
5153,0.8758,True
5154,1.1209,True
5155,1.1556,True
5156,0.7864,True
5157,1.152,True
5158,0.718,True
5159,1.0181,True
5160,0.8238,True
5161,0.8952,True
5162,1.108,True
5163,0.9352,True
5164,1.1167,True
5165,1.223,True
5166,0.7656,True
5167,0.8713,True
5168,0.9145,True
5169,1.1233,True
5170,1.1004,True
5171,1.3502,True
5172,0.7371,True
5173,0.8745,True
5174,0.9347,True
5175,1.0687,True
5176,0.9934,True
5177,0.6102,True
5178,0.5208,True
5179,0.7997,True
5180,1.1656,True
5181,0.6891,True
5182,0.9954,True
5183,1.2511,True
5184,0.9949,True
5185,0.6468,True
5186,0.9664,True
5187,0.9205,True
5188,1.1656,True
5189,1.1397,True
5190,1.1,True
5191,1.0628,True
5192,0.9427,True
5193,1.0212,True
5194,0.9154,True
5195,1.0079,True
5196,1.1424,True
5197,0.3721,False
5198,1.1897,True
5199,0.7644,True
5200,1.0852,True
5201,1.2569,True
5202,0.8455,True
5203,1.1493,True
5204,0.8298,True
5205,1.1632,True
5206,1.0015,True
5207,1.1468,True
5208,1.2014,True
5209,1.2873,True
5210,0.9961,True
5211,0.6719,True
5212,1.1566,True
5213,0.6805,True
5214,0.9081,True
5215,0.9656,True
5216,0.4454,False
5217,0.9861,True
5218,1.0779,True
5219,1.0044,True
5220,1.0933,True
5221,1.3331,True
5222,0.8725,True
5223,1.1559,True
5224,1.3841,True
5225,1.2325,True
5226,1.4169,True
5227,0.7146,True
5228,0.9724,True
5229,0.8108,True
5230,1.0934,True
5231,0.8723,True
5232,1.0616,True
5233,0.9839,True
5234,0.4667,False
5235,0.8657,True
5236,1.2372,True
5237,1.4403,True
5238,0.7305,True
5239,1.2262,True
5240,0.8532,True
5241,1.3849,True
5242,0.9035,True
5243,0.7587,True
5244,1.1596,True
5245,0.9256,True
5246,0.7778,True
5247,1.0297,True
5248,0.6909,True
5249,1.3631,True
5250,0.7223,True
5251,1.0197,True
5252,0.9803,True
5253,0.851,True
5254,1.3798,True
5255,1.211,True
5256,1.1501,True
5257,0.3903,False
5258,1.1624,True
5259,1.348,True
5260,1.2891,True
5261,1.0316,True
5262,1.0766,True
5263,1.1182,True
5264,0.867,True
5265,0.8448,True
5266,0.8373,True
5267,1.0763,True
5268,1.4026,True
5269,1.0373,True
5270,1.1752,True
5271,0.954,True
5272,0.565,True
5273,1.0999,True
5274,0.8825,True
5275,1.0679,True
5276,0.4545,False
5277,1.3029,True
5278,0.909,True
5279,1.0017,True
5280,1.2401,True
5281,0.9903,True
5282,1.0745,True
5283,0.5626,True
5284,1.1942,True
5285,0.8992,True
5286,0.8775,True
5287,0.841,True
5288,1.2862,True
5289,0.7389,True
5290,0.829,True
5291,0.8769,True
5292,0.6809,True
5293,1.1568,True
5294,0.6947,True
5295,1.0503,True
5296,1.0759,True
5297,0.6932,True
5298,1.0029,True
5299,0.8857,True
5300,0.8212,True
5301,0.7095,True
5302,1.0789,True
5303,0.9136,True
5304,0.7428,True
5305,0.7985,True
5306,0.808,True
5307,1.1622,True
5308,0.8567,True
5309,0.9873,True
5310,1.1139,True
5311,1.0727,True
5312,1.1083,True
5313,0.6937,True
5314,1.2623,True
5315,0.7705,True
5316,1.3464,True
5317,0.903,True
5318,1.3891,True
5319,0.7886,True
5320,0.6104,True
5321,0.9436,True
5322,1.0874,True
5323,0.8026,True
5324,1.0151,True
5325,1.0045,True
5326,0.7334,True
5327,1.1787,True
5328,0.7272,True
5329,1.2644,True
5330,1.1313,True
5331,1.0538,True
5332,0.6994,True
5333,0.6823,True
5334,1.2432,True
5335,1.1045,True
5336,0.8882,True
5337,1.0529,True
5338,0.7899,True
5339,0.6406,True
5340,0.835,True
5341,1.4852,True
5342,1.2348,True
5343,1.0368,True
5344,0.9752,True
5345,1.1171,True
5346,1.2076,True
5347,1.2278,True
5348,0.9122,True
5349,0.8342,True
5350,1.3596,True
5351,0.6487,True
5352,1.238,True
5353,0.9089,True
5354,1.066,True
5355,1.4129,True
5356,0.4094,False
5357,0.8237,True
5358,0.9599,True
5359,0.8605,True
5360,0.7105,True
5361,1.3106,True
5362,1.0658,True
5363,1.1639,True
5364,1.2115,True
5365,1.0237,True
5366,0.9084,True
5367,1.1083,True
5368,1.4117,True
5369,0.5714,True
5370,0.8579,True
5371,1.3973,True
5372,1.2002,True
5373,0.9734,True
5374,0.766,True
5375,1.0337,True
5376,0.7391,True
5377,1.0573,True
5378,1.0798,True
5379,0.7321,True
5380,1.118,True
5381,0.5194,True
5382,1.0257,True
5383,0.9257,True
5384,1.1695,True
5385,0.5988,True
5386,0.5921,True
5387,1.0161,True
5388,1.3216,True
5389,0.9703,True
5390,0.8632,True
5391,1.0159,True
5392,0.85,True
5393,0.6113,True
5394,1.1699,True
5395,0.7363,True
5396,1.2069,True
5397,1.197,True
5398,0.5683,True
5399,0.9401,True
5400,0.7599,True
5401,1.2198,True
5402,1.1027,True
5403,0.9639,True
5404,0.9177,True
5405,1.2152,True
5406,1.2233,True
5407,0.8546,True
5408,1.329,True
5409,0.6872,True
5410,0.931,True
5411,1.1666,True
5412,0.8491,True
5413,0.9404,True
5414,1.0332,True
5415,1.0523,True
5416,1.0301,True
5417,1.1129,True
5418,1.1826,True
5419,1.1702,True
5420,1.0096,True
5421,1.0889,True
5422,0.7619,True
5423,1.0636,True
5424,1.0791,True
5425,1.1995,True
5426,0.8664,True
5427,0.8011,True
5428,0.5816,True
5429,0.6021,True
5430,0.6893,True
5431,1.1887,True
5432,0.8031,True
5433,1.0957,True
5434,1.0448,True
5435,0.6333,True
5436,1.0914,True
5437,1.1215,True
5438,0.9243,True
5439,1.0115,True
5440,0.9339,True
5441,1.0585,True
5442,1.1408,True
5443,1.067,True
5444,1.0446,True
5445,1.2416,True
5446,0.8618,True
5447,1.061,True
5448,0.8215,True
5449,1.0511,True
5450,1.2213,True
5451,1.1944,True
5452,0.7951,True
5453,1.2872,True
5454,1.0738,True
5455,1.3134,True
5456,0.8805,True
5457,0.9617,True
5458,0.9906,True
5459,0.9216,True
5460,1.0783,True
5461,0.473,False
5462,0.9447,True
5463,1.177,True
5464,1.055,True
5465,0.9495,True
5466,1.2134,True
5467,1.1737,True
5468,0.4116,False
5469,0.7457,True
5470,0.673,True
5471,1.0969,True
5472,1.2761,True
5473,0.6373,True
5474,1.0601,True
5475,1.1053,True
5476,1.0743,True
5477,1.0235,True
5478,1.2532,True
5479,0.6006,True
5480,1.0243,True
5481,1.1798,True
5482,0.9805,True
5483,0.8598,True
5484,0.7839,True
5485,1.1771,True
5486,0.9116,True
5487,1.1563,True
5488,0.6673,True
5489,1.0759,True
5490,1.145,True
5491,1.2048,True
5492,1.3459,True
5493,0.7066,True
5494,0.6377,True
5495,1.3578,True
5496,1.0413,True
5497,0.7411,True
5498,1.1992,True
5499,0.9492,True
5500,0.5646,True
5501,0.9069,True
5502,0.4938,False
5503,1.0656,True
5504,1.0701,True
5505,1.0634,True
5506,1.3479,True
5507,0.8629,True
5508,1.0164,True
5509,1.1927,True
5510,0.9378,True
5511,0.9564,True
5512,1.1811,True
5513,1.326,True
5514,0.8571,True
5515,1.1324,True
5516,1.1936,True
5517,0.84,True
5518,0.7401,True
5519,1.1844,True
5520,1.138,True
5521,1.0425,True
5522,0.9485,True
5523,1.0822,True
5524,0.8379,True
5525,1.1767,True
5526,1.1142,True
5527,0.9808,True
5528,1.1071,True
5529,0.9601,True
5530,1.1118,True
5531,1.2279,True
5532,1.0952,True
5533,0.6505,True
5534,1.0865,True
5535,0.7349,True
5536,0.9339,True
5537,1.0132,True
5538,0.9824,True
5539,1.081,True
5540,0.9641,True
5541,0.9462,True
5542,1.0088,True
5543,1.0846,True
5544,1.2232,True
5545,1.0986,True
5546,0.8264,True
5547,0.9666,True
5548,1.3224,True
5549,0.809,True
5550,1.0156,True
5551,1.2725,True
5552,0.992,True
5553,0.654,True
5554,0.9987,True
5555,1.0121,True
5556,0.8981,True
5557,0.982,True
5558,1.3563,True
5559,1.0775,True
5560,0.8135,True
5561,1.2402,True
5562,0.6366,True
5563,0.9001,True
5564,1.1448,True
5565,0.6714,True
5566,1.4111,True
5567,0.5377,True
5568,0.6536,True
5569,1.081,True
5570,0.999,True
5571,1.2616,True
5572,0.3934,False
5573,1.1953,True
5574,1.1394,True
5575,0.6647,True
5576,1.2688,True
5577,0.7642,True
5578,0.8442,True
5579,1.1976,True
5580,1.2532,True
5581,1.3099,True
5582,0.8257,True
5583,1.0148,True
5584,1.248,True
5585,1.051,True
5586,0.7223,True
5587,1.2372,True
5588,0.8275,True
5589,0.5555,True
5590,1.0535,True
5591,0.7853,True
5592,0.8836,True
5593,0.9495,True
5594,1.1415,True
5595,1.1308,True
5596,0.9017,True
5597,0.6567,True
5598,0.908,True
5599,0.8811,True
5600,0.829,True
5601,1.0726,True
5602,0.987,True
5603,1.0263,True
5604,0.8444,True
5605,1.1629,True
5606,1.0711,True
5607,0.7408,True
5608,0.6776,True
5609,0.8585,True
5610,1.1619,True
5611,0.959,True
5612,1.0843,True
5613,0.8248,True
5614,0.6131,True
5615,1.1829,True
5616,1.1208,True
5617,1.1114,True
5618,1.0629,True
5619,0.9709,True
5620,1.0899,True
5621,0.8561,True
5622,0.9716,True
5623,0.9306,True
5624,0.9107,True
5625,0.7584,True
5626,0.7439,True
5627,1.2485,True
5628,0.7323,True
5629,1.1901,True
5630,1.0193,True
5631,1.1688,True
5632,0.9125,True
5633,0.9644,True
5634,1.1454,True
5635,1.0678,True
5636,1.1237,True
5637,1.1711,True
5638,0.8229,True
5639,1.1469,True
5640,1.2616,True
5641,1.0403,True
5642,1.0837,True
5643,0.9078,True
5644,0.7694,True
5645,1.1838,True
5646,1.1063,True
5647,1.1155,True
5648,1.0086,True
5649,1.0305,True
5650,0.8853,True
5651,0.8922,True
5652,1.2272,True
5653,1.2988,True
5654,0.7905,True
5655,0.964,True
5656,0.9486,True
5657,0.5476,True
5658,0.667,True
5659,1.0849,True
5660,1.2988,True
5661,1.0022,True
5662,0.8717,True
5663,0.4838,False
5664,0.3663,False
5665,0.7651,True
5666,1.0067,True
5667,0.7815,True
5668,0.7272,True
5669,0.9495,True
5670,1.0101,True
5671,0.7531,True
5672,1.0723,True
5673,1.3538,True
5674,1.2961,True
5675,0.6663,True
5676,0.4202,False
5677,1.1168,True
5678,0.5211,True
5679,0.8102,True
5680,0.5847,True
5681,0.6864,True
5682,0.9077,True
5683,1.1117,True
5684,1.2704,True
5685,0.7687,True
5686,1.0998,True
5687,0.9248,True
5688,1.1284,True
5689,0.8381,True
5690,1.1893,True
5691,0.928,True
5692,1.4,True
5693,1.2178,True
5694,0.803,True
5695,1.122,True
5696,0.9533,True
5697,1.0395,True
5698,1.185,True
5699,1.317,True
5700,1.1991,True
5701,1.2457,True
5702,1.271,True
5703,0.9025,True
5704,0.615,True
5705,1.3639,True
5706,0.883,True
5707,1.0658,True
5708,1.0395,True
5709,0.8566,True
5710,1.15,True
5711,0.5702,True
5712,1.1109,True
5713,1.0932,True
5714,0.5922,True
5715,0.8387,True
5716,1.1902,True
5717,0.8677,True
5718,0.9843,True
5719,1.054,True
5720,1.082,True
5721,0.661,True
5722,1.0069,True
5723,1.162,True
5724,1.0867,True
5725,1.0909,True
5726,0.9557,True
5727,0.9595,True
5728,1.0916,True
5729,0.855,True
5730,0.5446,True
5731,0.8743,True
5732,0.9793,True
5733,0.8138,True
5734,0.7877,True
5735,0.9207,True
5736,0.458,False
5737,1.2579,True
5738,0.3886,False
5739,1.0293,True
5740,0.5467,True
5741,1.1936,True
5742,1.0217,True
5743,1.1711,True
5744,1.0417,True
5745,1.2544,True
5746,0.9982,True
5747,1.2097,True
5748,1.1483,True
5749,0.8514,True
5750,0.873,True
5751,1.0819,True
5752,0.382,False
5753,0.9893,True
5754,1.2013,True
5755,0.5333,True
5756,1.0849,True
5757,1.1461,True
5758,1.0597,True
5759,0.8492,True
5760,0.9448,True
5761,0.6541,True
5762,1.1905,True
5763,1.2606,True
5764,0.9181,True
5765,1.0336,True
5766,0.9375,True
5767,1.1826,True
5768,1.1647,True
5769,0.6979,True
5770,1.0594,True
5771,1.0433,True
5772,1.0547,True
5773,0.6426,True
5774,1.0455,True
5775,1.1905,True
5776,0.9356,True
5777,0.624,True
5778,0.883,True
5779,0.5891,True
5780,1.3229,True
5781,0.7076,True
5782,0.4442,False
5783,0.9004,True
5784,1.0518,True
5785,1.1818,True
5786,0.7909,True
5787,1.0762,True
5788,1.0045,True
5789,0.9148,True
5790,0.8044,True
5791,0.8813,True
5792,0.531,True
5793,1.278,True
5794,1.0779,True
5795,0.8875,True
5796,1.2248,True
5797,0.633,True
5798,1.0309,True
5799,1.0574,True
5800,0.5792,True
5801,0.9857,True
5802,0.8951,True
5803,0.8667,True
5804,0.9367,True
5805,0.675,True
5806,0.9237,True
5807,1.1918,True
5808,0.708,True
5809,0.6403,True
5810,0.969,True
5811,0.8397,True
5812,1.054,True
5813,0.7653,True
5814,1.3114,True
5815,1.1168,True
5816,0.9951,True
5817,0.7043,True
5818,0.9909,True
5819,0.8978,True
5820,1.0385,True
5821,1.1639,True
5822,1.1023,True
5823,1.2669,True
5824,1.1514,True
5825,1.2922,True
5826,0.8587,True
5827,0.9879,True
5828,1.2309,True
5829,1.0019,True
5830,1.089,True
5831,1.1842,True
5832,0.8617,True
5833,0.6901,True
5834,1.1249,True
5835,1.2079,True
5836,1.0431,True
5837,0.9263,True
5838,0.6085,True
5839,1.0791,True
5840,1.1663,True
5841,1.0652,True
5842,0.8153,True
5843,1.1216,True
5844,0.7971,True
5845,0.9711,True
5846,1.0877,True
5847,0.7814,True
5848,0.992,True
5849,0.8623,True
5850,0.8906,True
5851,0.7185,True
5852,0.604,True
5853,1.2417,True
5854,0.6425,True
5855,0.5982,True
5856,1.0217,True
5857,0.917,True
5858,1.1645,True
5859,0.6836,True
5860,0.9276,True
5861,1.0351,True
5862,1.0289,True
5863,1.0256,True
5864,0.8027,True
5865,1.1552,True
5866,1.0246,True
5867,0.7333,True
5868,0.3731,False
5869,1.0317,True
5870,1.2534,True
5871,0.6371,True
5872,1.0818,True
5873,0.9964,True
5874,0.7953,True
5875,0.6096,True
5876,0.6028,True
5877,1.1205,True
5878,0.7961,True
5879,0.9827,True
5880,0.9896,True
5881,0.9241,True
5882,1.2105,True
5883,0.9083,True
5884,1.2652,True
5885,0.5685,True
5886,0.6457,True
5887,1.1061,True
5888,1.1278,True
5889,0.7691,True
5890,0.6884,True
5891,0.835,True
5892,0.5978,True
5893,0.7164,True
5894,1.1451,True
5895,1.0449,True
5896,1.123,True
5897,1.0779,True
5898,0.9378,True
5899,0.7253,True
5900,1.2037,True
5901,1.0235,True
5902,0.8576,True
5903,0.5196,True
5904,1.3394,True
5905,1.1296,True
5906,0.7607,True
5907,1.3708,True
5908,1.0953,True
5909,1.1169,True
5910,0.6254,True
5911,1.1324,True
5912,1.2683,True
5913,1.2774,True
5914,0.697,True
5915,0.9476,True
5916,1.0388,True
5917,1.3594,True
5918,0.6403,True
5919,1.0418,True
5920,1.0177,True
5921,0.5597,True
5922,0.9658,True
5923,0.7316,True
5924,0.6484,True
5925,0.7837,True
5926,0.5927,True
5927,0.8937,True
5928,1.0993,True
5929,1.0353,True
5930,0.7692,True
5931,1.2129,True
5932,1.0094,True
5933,1.0347,True
5934,0.6902,True
5935,0.9505,True
5936,1.0625,True
5937,0.8853,True
5938,0.6324,True
5939,0.8761,True
5940,0.7504,True
5941,1.2277,True
5942,1.2785,True
5943,1.359,True
5944,1.0198,True
5945,0.8694,True
5946,0.9045,True
5947,1.4366,True
5948,1.2758,True
5949,0.8972,True
5950,0.6512,True
5951,0.6814,True
5952,0.958,True
5953,1.2361,True
5954,0.6693,True
5955,0.9088,True
5956,1.1726,True
5957,1.1957,True
5958,1.2874,True
5959,1.1121,True
5960,1.4228,True
5961,0.5403,True
5962,1.0941,True
5963,0.9945,True
5964,0.9639,True
5965,1.1124,True
5966,1.2831,True
5967,0.6825,True
5968,1.1711,True
5969,0.6831,True
5970,0.9122,True
5971,1.2627,True
5972,0.8915,True
5973,0.8162,True
5974,1.1278,True
5975,0.7357,True
5976,1.0759,True
5977,1.0548,True
5978,0.7388,True
5979,1.0389,True
5980,1.2155,True
5981,1.3033,True
5982,1.0558,True
5983,0.9941,True
5984,0.8451,True
5985,0.8772,True
5986,0.9061,True
5987,1.1209,True
5988,1.0668,True
5989,0.9523,True
5990,0.8513,True
5991,0.8216,True
5992,1.4627,True
5993,1.2333,True
5994,1.1074,True
5995,0.3974,False
5996,0.9244,True
5997,0.5783,True
5998,1.3269,True
5999,1.2951,True
6000,0.8631,True
6001,0.7858,True
6002,1.158,True
6003,0.8538,True
6004,0.693,True
6005,0.6469,True
6006,1.0095,True
6007,1.0305,True
6008,1.1815,True
6009,1.2334,True
6010,1.0002,True
6011,1.1788,True
6012,1.2211,True
6013,0.7704,True
6014,0.6037,True
6015,0.9584,True
6016,1.1358,True
6017,0.9125,True
6018,1.2086,True
6019,0.7605,True
6020,0.5413,True
6021,0.5991,True
6022,1.0917,True
6023,0.8728,True
6024,0.9637,True
6025,0.6355,True
6026,0.9521,True
6027,0.6696,True
6028,1.0725,True
6029,1.3851,True
6030,0.7458,True
6031,0.7968,True
6032,0.5489,True
6033,0.6365,True
6034,1.1524,True
6035,1.2369,True
6036,1.0612,True
6037,1.0969,True
6038,0.9948,True
6039,0.7621,True
6040,1.1844,True
6041,0.992,True
6042,0.9998,True
6043,1.2379,True
6044,1.2219,True
6045,0.6464,True
6046,0.6469,True
6047,1.1438,True
6048,1.1599,True
6049,1.0983,True
6050,0.6738,True
6051,1.1566,True
6052,0.4945,False
6053,0.8301,True
6054,1.0541,True
6055,0.8605,True
6056,1.0468,True
6057,0.9159,True
6058,0.9036,True
6059,1.3115,True
6060,0.7268,True
6061,0.9128,True
6062,0.7186,True
6063,1.089,True
6064,0.7968,True
6065,0.8053,True
6066,1.0665,True
6067,0.9549,True
6068,0.933,True
6069,0.9061,True
6070,0.919,True
6071,0.6816,True
6072,1.0007,True
6073,1.1741,True
6074,1.1019,True
6075,0.9025,True
6076,0.9247,True
6077,0.6105,True
6078,0.92,True
6079,1.2579,True
6080,0.7931,True
6081,1.0268,True
6082,1.0474,True
6083,0.8021,True
6084,0.9274,True
6085,1.1283,True
6086,0.9563,True
6087,1.1402,True
6088,0.9456,True
6089,0.9774,True
6090,1.0558,True
6091,0.9034,True
6092,1.1366,True
6093,1.0616,True
6094,1.1599,True
6095,1.334,True
6096,0.9624,True
6097,0.8535,True
6098,0.6669,True
6099,1.1254,True
6100,1.1874,True
6101,0.9685,True
6102,1.1508,True
6103,1.1132,True
6104,1.1723,True
6105,1.1289,True
6106,1.1563,True
6107,0.8881,True
6108,1.2136,True
6109,1.0208,True
6110,1.0833,True
6111,1.194,True
6112,0.6132,True
6113,1.0774,True
6114,1.2232,True
6115,1.0849,True
6116,1.0179,True
6117,0.9698,True
6118,0.5261,True
6119,1.2344,True
6120,0.3086,False
6121,1.0537,True
6122,0.6027,True
6123,0.5723,True
6124,0.7534,True
6125,1.0383,True
6126,0.9176,True
6127,1.3085,True
6128,1.041,True
6129,0.8676,True
6130,0.8816,True
6131,1.2171,True
6132,1.184,True
6133,0.9986,True
6134,1.0214,True
6135,1.0197,True
6136,1.0055,True
6137,0.7883,True
6138,1.2169,True
6139,0.5451,True
6140,0.7826,True
6141,0.7703,True
6142,1.1193,True
6143,1.0704,True
6144,0.9503,True
6145,0.992,True
6146,0.8396,True
6147,0.8235,True
6148,1.0815,True
6149,0.938,True
6150,1.0748,True
6151,0.8349,True
6152,0.7986,True
6153,0.6552,True
6154,1.2296,True
6155,1.0134,True
6156,1.2364,True
6157,1.0449,True
6158,0.9549,True
6159,0.9564,True
6160,0.929,True
6161,1.1045,True
6162,0.8843,True
6163,0.9288,True
6164,1.0938,True
6165,1.2115,True
6166,1.0609,True
6167,1.1877,True
6168,0.9204,True
6169,1.2177,True
6170,0.9056,True
6171,1.2179,True
6172,1.1998,True
6173,1.1569,True
6174,0.9465,True
6175,0.9566,True
6176,0.869,True
6177,1.2846,True
6178,0.3122,False
6179,0.9437,True
6180,0.9639,True
6181,1.0916,True
6182,0.679,True
6183,0.7305,True
6184,0.902,True
6185,1.1786,True
6186,0.8228,True
6187,0.5553,True
6188,0.6824,True
6189,0.8039,True
6190,0.9186,True
6191,0.7794,True
6192,1.2,True
6193,0.6877,True
6194,1.0224,True
6195,0.9604,True
6196,1.2234,True
6197,1.3577,True
6198,1.2307,True
6199,1.2147,True
6200,0.8334,True
6201,0.8912,True
6202,1.0423,True
6203,0.8574,True
6204,0.7493,True
6205,0.4982,False
6206,1.2772,True
6207,1.0006,True
6208,1.0413,True
6209,1.0394,True
6210,1.267,True
6211,0.9474,True
6212,0.9775,True
6213,1.3324,True
6214,0.8393,True
6215,1.1408,True
6216,0.8567,True
6217,0.9359,True
6218,0.6077,True
6219,1.1088,True
6220,0.9596,True
6221,1.2906,True
6222,0.8605,True
6223,1.3254,True
6224,1.021,True
6225,0.9796,True
6226,0.9589,True
6227,1.0746,True
6228,0.6779,True
6229,1.3504,True
6230,1.0505,True
6231,0.983,True
6232,0.9573,True
6233,1.1963,True
6234,0.8757,True
6235,1.0944,True
6236,0.9654,True
6237,1.1897,True
6238,0.5707,True
6239,1.0179,True
6240,0.9565,True
6241,0.8993,True
6242,0.9538,True
6243,1.0299,True
6244,0.9664,True
6245,0.9559,True
6246,0.9609,True
6247,1.1389,True
6248,0.7573,True
6249,0.9538,True
6250,0.9208,True
6251,1.1718,True
6252,0.9406,True
6253,0.4774,False
6254,0.9767,True
6255,0.8602,True
6256,0.9581,True
6257,1.0699,True
6258,1.0482,True
6259,0.9211,True
6260,1.0575,True
6261,1.3412,True
6262,0.7939,True
6263,0.8853,True
6264,0.9358,True
6265,1.0253,True
6266,0.9888,True
6267,0.9859,True
6268,1.2581,True
6269,0.7376,True
6270,1.1988,True
6271,0.9412,True
6272,1.1176,True
6273,1.1386,True
6274,0.9228,True
6275,1.183,True
6276,0.7558,True
6277,1.2447,True
6278,0.9675,True
6279,1.0465,True
6280,1.0943,True
6281,0.8462,True
6282,1.1608,True
6283,1.205,True
6284,1.0606,True
6285,1.2474,True
6286,0.9117,True
6287,0.9681,True
6288,1.3277,True
6289,1.0809,True
6290,0.6931,True
6291,0.9661,True
6292,0.9135,True
6293,0.7921,True
6294,0.9229,True
6295,0.9925,True
6296,1.0409,True
6297,0.7814,True
6298,0.9216,True
6299,0.9459,True
6300,1.1282,True
6301,1.0203,True
6302,1.0632,True
6303,0.8431,True
6304,1.1074,True
6305,1.2571,True
6306,1.1065,True
6307,0.8258,True
6308,0.8112,True
6309,0.8844,True
6310,1.0827,True
6311,0.6387,True
6312,0.9517,True
6313,1.1906,True
6314,0.9155,True
6315,1.2543,True
6316,1.0346,True
6317,1.039,True
6318,0.9343,True
6319,0.908,True
6320,1.0448,True
6321,1.0256,True
6322,0.9749,True
6323,1.0403,True
6324,1.0936,True
6325,0.8321,True
6326,1.02,True
6327,1.1511,True
6328,0.7282,True
6329,0.9724,True
6330,0.9501,True
6331,0.5619,True
6332,0.8013,True
6333,1.0615,True
6334,1.2675,True
6335,1.0006,True
6336,0.9823,True
6337,0.7479,True
6338,0.973,True
6339,0.9936,True
6340,1.0982,True
6341,0.8842,True
6342,0.8619,True
6343,1.1669,True
6344,0.8832,True
6345,0.8655,True
6346,0.8496,True
6347,0.6733,True
6348,1.1279,True
6349,0.5481,True
6350,0.9446,True
6351,0.935,True
6352,1.186,True
6353,1.1458,True
6354,1.3608,True
6355,1.225,True
6356,0.8985,True
6357,1.1272,True
6358,1.0834,True
6359,1.052,True
6360,1.2958,True
6361,0.9352,True
6362,0.7138,True
6363,0.7126,True
6364,1.2593,True
6365,1.1269,True
6366,0.8947,True
6367,0.8203,True
6368,0.9225,True
6369,1.1694,True
6370,1.1158,True
6371,1.2168,True
6372,1.1417,True
6373,1.0338,True
6374,1.1847,True
6375,1.0007,True
6376,1.0012,True
6377,1.2013,True
6378,1.0756,True
6379,1.4545,True
6380,1.0905,True
6381,1.2526,True
6382,0.6272,True
6383,1.1803,True
6384,1.0138,True
6385,0.786,True
6386,0.8787,True
6387,0.8407,True
6388,0.8667,True
6389,0.8561,True
6390,0.6586,True
6391,0.7925,True
6392,0.8831,True
6393,1.1196,True
6394,0.9514,True
6395,1.0419,True
6396,0.9163,True
6397,1.0831,True
6398,0.9918,True
6399,0.8568,True
6400,0.9416,True
6401,0.741,True
6402,1.3452,True
6403,0.9102,True
6404,1.3059,True
6405,0.8218,True
6406,0.9561,True
6407,1.1275,True
6408,0.9761,True
6409,0.953,True
6410,0.707,True
6411,1.0663,True
6412,1.0353,True
6413,0.8698,True
6414,0.9736,True
6415,1.213,True
6416,1.1017,True
6417,0.9911,True
6418,1.0932,True
6419,1.2153,True
6420,1.1269,True
6421,0.611,True
6422,1.1536,True
6423,1.1875,True
6424,1.1075,True
6425,0.982,True
6426,0.8983,True
6427,0.7737,True
6428,0.949,True
6429,0.8677,True
6430,1.0537,True
6431,0.655,True
6432,1.0373,True
6433,1.2228,True
6434,1.0029,True
6435,0.9259,True
6436,1.2731,True
6437,1.0723,True
6438,1.0673,True
6439,0.9498,True
6440,1.2276,True
6441,0.9348,True
6442,1.1327,True
6443,0.8754,True
6444,0.9472,True
6445,0.7573,True
6446,0.6975,True
6447,1.0873,True
6448,1.2266,True
6449,0.8417,True
6450,0.7569,True
6451,1.1893,True
6452,1.0768,True
6453,1.1322,True
6454,0.7975,True
6455,0.8442,True
6456,1.234,True
6457,0.9579,True
6458,0.5961,True
6459,0.8636,True
6460,1.0146,True
6461,1.2379,True
6462,0.9534,True
6463,0.7603,True
6464,0.7912,True
6465,0.9354,True
6466,0.5633,True
6467,0.9982,True
6468,1.0873,True
6469,1.0283,True
6470,0.9058,True
6471,0.9871,True
6472,0.9544,True
6473,1.2658,True
6474,1.0526,True
6475,0.8965,True
6476,1.1519,True
6477,1.2182,True
6478,1.0835,True
6479,0.8388,True
6480,0.7205,True
6481,0.8929,True
6482,1.0411,True
6483,0.9159,True
6484,1.1456,True
6485,1.0766,True
6486,1.1736,True
6487,0.9876,True
6488,0.8929,True
6489,0.9027,True
6490,0.7676,True
6491,1.0156,True
6492,0.5526,True
6493,0.9996,True
6494,0.8355,True
6495,0.9299,True
6496,0.8225,True
6497,0.9643,True
6498,0.495,False
6499,1.1864,True
6500,1.1043,True
6501,1.1548,True
6502,1.0076,True
6503,1.0409,True
6504,1.0975,True
6505,0.9329,True
6506,0.801,True
6507,1.0718,True
6508,0.7717,True
6509,1.0536,True
6510,1.1127,True
6511,0.974,True
6512,0.753,True
6513,1.1024,True
6514,1.0553,True
6515,0.9595,True
6516,1.0774,True
6517,1.0361,True
6518,1.0147,True
6519,1.1056,True
6520,0.8834,True
6521,0.8673,True
6522,0.8048,True
6523,0.7282,True
6524,0.7627,True
6525,0.776,True
6526,0.6962,True
6527,1.1193,True
6528,0.9986,True
6529,0.8536,True
6530,0.6062,True
6531,0.5475,True
6532,1.0824,True
6533,0.9117,True
6534,1.055,True
6535,1.1302,True
6536,0.8312,True
6537,1.011,True
6538,0.5765,True
6539,0.8709,True
6540,0.9184,True
6541,1.1353,True
6542,1.0672,True
6543,0.7698,True
6544,1.2797,True
6545,1.1696,True
6546,1.3693,True
6547,1.1664,True
6548,1.0074,True
6549,1.093,True
6550,1.2368,True
6551,1.1758,True
6552,0.9178,True
6553,1.2046,True
6554,1.1043,True
6555,1.0022,True
6556,1.0515,True
6557,1.1284,True
6558,0.9371,True
6559,1.1016,True
6560,1.1453,True
6561,0.6669,True
6562,0.9156,True
6563,0.7522,True
6564,1.0515,True
6565,0.9409,True
6566,1.0001,True
6567,0.9892,True
6568,0.8962,True
6569,1.0942,True
6570,1.2361,True
6571,0.9986,True
6572,0.7302,True
6573,1.2222,True
6574,0.9712,True
6575,1.1623,True
6576,1.2538,True
6577,1.039,True
6578,0.7982,True
6579,1.0596,True
6580,0.9122,True
6581,1.1058,True
6582,1.1111,True
6583,1.1438,True
6584,1.034,True
6585,1.0631,True
6586,1.045,True
6587,1.3307,True
6588,1.1437,True
6589,0.762,True
6590,1.0168,True
6591,1.1248,True
6592,0.7687,True
6593,0.991,True
6594,1.2102,True
6595,1.1743,True
6596,1.2371,True
6597,1.2916,True
6598,0.8867,True
6599,0.7077,True
6600,0.7369,True
6601,0.8218,True
6602,1.2371,True
6603,0.9057,True
6604,1.0759,True
6605,0.9959,True
6606,0.993,True
6607,0.8191,True
6608,0.9292,True
6609,1.0401,True
6610,1.0166,True
6611,1.1457,True
6612,0.9007,True
6613,0.763,True
6614,1.0186,True
6615,1.0274,True
6616,0.9204,True
6617,0.9422,True
6618,0.9676,True
6619,0.8557,True
6620,0.8263,True
6621,1.1493,True
6622,1.1769,True
6623,0.8908,True
6624,0.825,True
6625,0.8849,True
6626,0.8933,True
6627,1.086,True
6628,0.992,True
6629,1.006,True
6630,0.9937,True
6631,1.1178,True
6632,1.2425,True
6633,0.8845,True
6634,0.7457,True
6635,1.2231,True
6636,0.8433,True
6637,0.7629,True
6638,0.8323,True
6639,0.7893,True
6640,1.161,True
6641,0.7083,True
6642,0.8729,True
6643,1.0212,True
6644,0.7853,True
6645,0.6887,True
6646,1.2154,True
6647,1.0577,True
6648,1.0201,True
6649,0.9954,True
6650,0.9727,True
6651,0.7994,True
6652,0.7987,True
6653,1.242,True
6654,0.8236,True
6655,0.9613,True
6656,0.8102,True
6657,1.2507,True
6658,0.9086,True
6659,1.4429,True
6660,1.0302,True
6661,0.7161,True
6662,0.9095,True
6663,1.1571,True
6664,1.1488,True
6665,0.8672,True
6666,0.8249,True
6667,1.0862,True
6668,0.9024,True
6669,1.1828,True
6670,1.0511,True
6671,0.8019,True
6672,1.1612,True
6673,1.2509,True
6674,0.8659,True
6675,1.0539,True
6676,0.819,True
6677,0.6056,True
6678,0.7514,True
6679,1.1613,True
6680,0.9238,True
6681,0.7529,True
6682,0.8735,True
6683,0.8813,True
6684,0.943,True
6685,1.2314,True
6686,0.9148,True
6687,0.7582,True
6688,0.9166,True
6689,1.0135,True
6690,1.0998,True
6691,0.9197,True
6692,1.0468,True
6693,1.2099,True
6694,1.0742,True
6695,1.0867,True
6696,0.9855,True
6697,0.9746,True
6698,1.0962,True
6699,0.6371,True
6700,1.0195,True
6701,0.7419,True
6702,0.9126,True
6703,0.736,True
6704,1.3684,True
6705,0.8393,True
6706,1.19,True
6707,0.9737,True
6708,1.2539,True
6709,1.0293,True
6710,0.7977,True
6711,0.8306,True
6712,0.8743,True
6713,1.015,True
6714,0.71,True
6715,0.3849,False
6716,0.9969,True
6717,0.989,True
6718,0.7692,True
6719,1.044,True
6720,1.2604,True
6721,0.7605,True
6722,1.1601,True
6723,0.7119,True
6724,0.8182,True
6725,0.7289,True
6726,0.6674,True
6727,0.9435,True
6728,1.014,True
6729,0.8514,True
6730,0.9564,True
6731,1.2055,True
6732,1.2231,True
6733,1.2344,True
6734,0.9607,True
6735,1.0946,True
6736,0.9826,True
6737,1.1042,True
6738,1.2737,True
6739,0.724,True
6740,1.365,True
6741,1.0379,True
6742,0.8122,True
6743,0.8257,True
6744,0.771,True
6745,1.0741,True
6746,0.9453,True
6747,1.2227,True
6748,0.76,True
6749,0.9609,True
6750,0.859,True
6751,0.9752,True
6752,1.1084,True
6753,1.109,True
6754,1.2853,True
6755,0.9947,True
6756,1.015,True
6757,0.812,True
6758,1.181,True
6759,0.7694,True
6760,1.1395,True
6761,1.0575,True
6762,1.1202,True
6763,0.9998,True
6764,1.2964,True
6765,1.0312,True
6766,1.1054,True
6767,0.9861,True
6768,0.9743,True
6769,1.2307,True
6770,0.9901,True
6771,1.0079,True
6772,0.7597,True
6773,1.1646,True
6774,1.1176,True
6775,1.2402,True
6776,1.1258,True
6777,0.9754,True
6778,0.759,True
6779,1.1461,True
6780,1.1122,True
6781,1.0956,True
6782,1.0722,True
6783,1.0395,True
6784,1.1602,True
6785,1.1512,True
6786,1.284,True
6787,1.1876,True
6788,1.1297,True
6789,0.8297,True
6790,0.8716,True
6791,0.9021,True
6792,0.9289,True
6793,0.8963,True
6794,0.5721,True
6795,0.9709,True
6796,0.5949,True
6797,1.1008,True
6798,1.1987,True
6799,1.1025,True
6800,1.2735,True
6801,0.8185,True
6802,0.9968,True
6803,0.9672,True
6804,0.9947,True
6805,0.8305,True
6806,1.1619,True
6807,1.0055,True
6808,1.1829,True
6809,0.7751,True
6810,0.6134,True
6811,0.9359,True
6812,0.9966,True
6813,0.9273,True
6814,0.894,True
6815,1.0087,True
6816,0.8986,True
6817,1.0683,True
6818,1.0302,True
6819,1.0569,True
6820,0.9795,True
6821,0.6859,True
6822,1.0489,True
6823,0.9828,True
6824,1.1613,True
6825,0.9676,True
6826,0.8655,True
6827,1.1994,True
6828,1.1662,True
6829,1.1786,True
6830,1.0812,True
6831,1.0978,True
6832,0.9584,True
6833,0.8153,True
6834,0.8903,True
6835,0.8136,True
6836,1.2028,True
6837,1.15,True
6838,1.1656,True
6839,1.2417,True
6840,1.0563,True
6841,1.0594,True
6842,0.9512,True
6843,0.8424,True
6844,1.0339,True
6845,1.0284,True
6846,1.0498,True
6847,0.9599,True
6848,1.0428,True
6849,0.972,True
6850,0.9447,True
6851,0.9858,True
6852,1.1741,True
6853,1.0765,True
6854,1.2696,True
6855,0.8482,True
6856,1.0196,True
6857,1.1259,True
6858,1.0857,True
6859,0.9119,True
6860,1.0916,True
6861,0.8501,True
6862,1.1109,True
6863,0.6686,True
6864,0.9701,True
6865,0.764,True
6866,1.0821,True
6867,0.9603,True
6868,0.8894,True
6869,1.0379,True
6870,0.9839,True
6871,1.2085,True
6872,1.2076,True
6873,1.0588,True
6874,1.3076,True
6875,0.7605,True
6876,0.9249,True
6877,1.2214,True
6878,1.0082,True
6879,1.1858,True
6880,0.6676,True
6881,0.9229,True
6882,0.863,True
6883,0.9889,True
6884,0.9669,True
6885,0.882,True
6886,1.0361,True
6887,1.0441,True
6888,0.9561,True
6889,0.6816,True
6890,0.8835,True
6891,0.9272,True
6892,1.1506,True
6893,0.9284,True
6894,1.0138,True
6895,1.0321,True
6896,0.7648,True
6897,1.028,True
6898,1.3549,True
6899,0.8856,True
6900,0.8802,True
6901,1.1529,True
6902,0.7721,True
6903,1.1143,True
6904,0.8671,True
6905,0.9862,True
6906,0.7605,True
6907,0.881,True
6908,1.1307,True
6909,0.8194,True
6910,0.8264,True
6911,0.7104,True
6912,0.9295,True
6913,0.9574,True
6914,0.9384,True
6915,0.9157,True
6916,0.8389,True
6917,0.9225,True
6918,0.9006,True
6919,1.1098,True
6920,1.0143,True
6921,1.2476,True
6922,1.1205,True
6923,0.9603,True
6924,1.0064,True
6925,1.1093,True
6926,0.8715,True
6927,0.9691,True
6928,0.8865,True
6929,1.1665,True
6930,1.1707,True
6931,0.924,True
6932,1.1606,True
6933,0.8059,True
6934,0.8155,True
6935,1.2306,True
6936,0.9557,True
6937,0.8351,True
6938,1.1199,True
6939,1.023,True
6940,0.9426,True
6941,0.7402,True
6942,0.9662,True
6943,1.2213,True
6944,1.0329,True
6945,0.7268,True
6946,1.0934,True
6947,0.9809,True
6948,1.1368,True
6949,0.1934,False
6950,1.134,True
6951,1.1297,True
6952,1.1958,True
6953,1.0418,True
6954,1.0066,True
6955,0.8765,True
6956,1.0392,True
6957,1.2303,True
6958,0.7376,True
6959,0.8554,True
6960,1.0625,True
6961,0.9445,True
6962,0.8108,True
6963,0.8645,True
6964,0.8107,True
6965,1.275,True
6966,1.2223,True
6967,0.9422,True
6968,1.1994,True
6969,1.2416,True
6970,1.1255,True
6971,0.9513,True
6972,1.2892,True
6973,1.3296,True
6974,0.8498,True
6975,0.843,True
6976,0.8491,True
6977,0.8043,True
6978,0.8823,True
6979,0.9391,True
6980,1.0238,True
6981,0.8326,True
6982,0.7455,True
6983,1.2043,True
6984,1.3057,True
6985,0.7869,True
6986,0.9223,True
6987,1.0628,True
6988,0.9602,True
6989,1.1225,True
6990,1.2377,True
6991,0.9971,True
6992,1.0437,True
6993,0.9752,True
6994,0.9071,True
6995,1.0903,True
6996,0.8347,True
6997,1.2218,True
6998,0.9581,True
6999,1.1151,True
7000,1.2751,True
7001,1.0605,True
7002,0.9986,True
7003,0.5197,True
7004,0.9326,True
7005,1.0025,True
7006,1.0137,True
7007,0.9641,True
7008,0.8754,True
7009,1.2202,True
7010,1.0687,True
7011,1.2357,True
7012,0.6426,True
7013,1.4273,True
7014,1.0328,True
7015,0.8074,True
7016,0.9604,True
7017,0.8797,True
7018,1.0971,True
7019,0.5072,True
7020,0.8937,True
7021,0.89,True
7022,1.1527,True
7023,1.2067,True
7024,0.9454,True
7025,1.0148,True
7026,1.2151,True
7027,1.1672,True
7028,0.9583,True
7029,0.8267,True
7030,1.019,True
7031,1.034,True
7032,1.0238,True
7033,1.1653,True
7034,0.9053,True
7035,1.1127,True
7036,0.8907,True
7037,1.2514,True
7038,0.9875,True
7039,0.7072,True
7040,1.1969,True
7041,1.2084,True
7042,1.1764,True
7043,1.1238,True
7044,1.1984,True
7045,1.0149,True
7046,1.0437,True
7047,0.9246,True
7048,0.9739,True
7049,1.1394,True
7050,0.6433,True
7051,0.8615,True
7052,0.9729,True
7053,1.3198,True
7054,0.948,True
7055,0.9341,True
7056,0.8058,True
7057,0.8529,True
7058,1.2467,True
7059,1.1965,True
7060,1.0782,True
7061,1.0904,True
7062,1.2537,True
7063,0.9732,True
7064,1.134,True
7065,1.2694,True
7066,0.7795,True
7067,0.7842,True
7068,0.9327,True
7069,1.1992,True
7070,1.1673,True
7071,0.8987,True
7072,1.153,True
7073,1.0207,True
7074,0.7556,True
7075,0.6287,True
7076,0.986,True
7077,1.3292,True
7078,1.1563,True
7079,1.0293,True
7080,0.9738,True
7081,1.0592,True
7082,1.144,True
7083,1.1856,True
7084,1.0384,True
7085,0.9108,True
7086,0.9665,True
7087,1.0837,True
7088,1.185,True
7089,1.0451,True
7090,1.0342,True
7091,0.8528,True
7092,1.2071,True
7093,0.9802,True
7094,1.2273,True
7095,1.2355,True
7096,0.9053,True
7097,0.9059,True
7098,1.0627,True
7099,0.9341,True
7100,1.2125,True
7101,1.1915,True
7102,1.2399,True
7103,1.0143,True
7104,0.8976,True
7105,0.9869,True
7106,0.6958,True
7107,1.0531,True
7108,0.6546,True
7109,1.2469,True
7110,0.5425,True
7111,0.8936,True
7112,0.9728,True
7113,0.8311,True
7114,0.8206,True
7115,0.9853,True
7116,0.9531,True
7117,1.2887,True
7118,1.1904,True
7119,0.8179,True
7120,0.5977,True
7121,1.2582,True
7122,1.1211,True
7123,0.8181,True
7124,0.8489,True
7125,1.1068,True
7126,0.6691,True
7127,1.19,True
7128,0.5734,True
7129,1.0122,True
7130,1.0195,True
7131,1.0005,True
7132,0.8369,True
7133,1.2393,True
7134,1.0245,True
7135,0.6536,True
7136,1.0771,True
7137,1.0431,True
7138,1.0392,True
7139,1.077,True
7140,1.1688,True
7141,1.071,True
7142,1.1127,True
7143,0.9486,True
7144,0.7197,True
7145,0.92,True
7146,1.3164,True
7147,0.9931,True
7148,0.9194,True
7149,0.9229,True
7150,1.1409,True
7151,1.1381,True
7152,0.4554,False
7153,1.0873,True
7154,0.8828,True
7155,1.2504,True
7156,1.1153,True
7157,1.123,True
7158,1.1306,True
7159,1.1311,True
7160,0.8542,True
7161,1.0755,True
7162,1.0262,True
7163,1.0882,True
7164,0.9448,True
7165,1.0209,True
7166,1.2274,True
7167,0.4863,False
7168,0.7716,True
7169,0.971,True
7170,0.9703,True
7171,0.7881,True
7172,0.994,True
7173,0.8946,True
7174,0.9758,True
7175,0.8946,True
7176,0.771,True
7177,1.001,True
7178,0.8685,True
7179,0.5072,True
7180,0.9036,True
7181,0.9729,True
7182,0.9419,True
7183,0.6425,True
7184,1.0501,True
7185,1.1882,True
7186,1.2965,True
7187,0.8957,True
7188,0.7512,True
7189,0.7457,True
7190,1.0834,True
7191,1.084,True
7192,1.0002,True
7193,1.075,True
7194,0.926,True
7195,1.2414,True
7196,1.123,True
7197,1.0145,True
7198,0.9492,True
7199,1.0009,True
7200,1.0945,True
7201,1.0619,True
7202,1.0158,True
7203,1.1722,True
7204,0.8143,True
7205,0.8938,True
7206,0.8379,True
7207,1.0792,True
7208,1.0177,True
7209,0.8874,True
7210,0.7372,True
7211,0.8887,True
7212,0.9925,True
7213,0.9866,True
7214,0.9882,True
7215,1.2026,True
7216,1.1765,True
7217,1.283,True
7218,1.0981,True
7219,0.7904,True
7220,0.9107,True
7221,0.9084,True
7222,1.0223,True
7223,1.1968,True
7224,1.1131,True
7225,0.8672,True
7226,0.9234,True
7227,0.9634,True
7228,1.2161,True
7229,1.107,True
7230,0.8391,True
7231,0.9503,True
7232,1.2285,True
7233,0.9808,True
7234,0.7296,True
7235,0.907,True
7236,0.6398,True
7237,1.04,True
7238,1.2288,True
7239,1.0328,True
7240,0.8618,True
7241,1.5005,True
7242,0.7694,True
7243,0.7514,True
7244,1.0554,True
7245,0.9732,True
7246,0.9741,True
7247,1.0782,True
7248,0.7538,True
7249,0.9457,True
7250,1.1534,True
7251,0.9477,True
7252,0.9665,True
7253,1.0912,True
7254,1.2492,True
7255,0.7876,True
7256,0.6451,True
7257,1.0253,True
7258,1.0664,True
7259,1.2287,True
7260,1.2086,True
7261,1.024,True
7262,0.9468,True
7263,0.9409,True
7264,1.1249,True
7265,1.1164,True
7266,1.2221,True
7267,0.7003,True
7268,1.1391,True
7269,0.934,True
7270,1.1127,True
7271,0.9817,True
7272,0.8423,True
7273,1.0925,True
7274,0.8959,True
7275,0.9695,True
7276,1.027,True
7277,1.1437,True
7278,0.9997,True
7279,1.0992,True
7280,1.058,True
7281,0.9998,True
7282,0.9076,True
7283,1.0993,True
7284,1.0476,True
7285,0.7709,True
7286,1.1938,True
7287,0.8203,True
7288,0.9865,True
7289,0.9951,True
7290,0.8948,True
7291,1.0491,True
7292,0.935,True
7293,0.846,True
7294,0.9529,True
7295,1.1326,True
7296,0.9596,True
7297,0.8718,True
7298,1.0974,True
7299,1.0895,True
7300,0.7459,True
7301,0.6969,True
7302,1.1235,True
7303,1.0287,True
7304,0.9615,True
7305,1.1791,True
7306,1.0648,True
7307,0.704,True
7308,0.9631,True
7309,1.0631,True
7310,1.2689,True
7311,0.8459,True
7312,0.8405,True
7313,1.0874,True
7314,0.9243,True
7315,0.7926,True
7316,1.0932,True
7317,0.941,True
7318,1.1497,True
7319,1.2156,True
7320,0.9583,True
7321,1.0057,True
7322,0.7319,True
7323,0.6842,True
7324,0.9485,True
7325,0.8176,True
7326,0.8903,True
7327,0.9241,True
7328,0.7982,True
7329,1.0078,True
7330,0.8021,True
7331,1.1517,True
7332,1.2279,True
7333,1.367,True
7334,0.5666,True
7335,0.994,True
7336,1.0203,True
7337,1.1301,True
7338,1.2766,True
7339,0.8656,True
7340,1.2123,True
7341,0.7746,True
7342,0.9623,True
7343,0.8197,True
7344,1.1222,True
7345,1.2379,True
7346,0.6318,True
7347,0.5252,True
7348,1.0013,True
7349,1.2863,True
7350,1.1085,True
7351,1.072,True
7352,1.2767,True
7353,1.0488,True
7354,1.12,True
7355,0.8106,True
7356,0.9315,True
7357,1.0233,True
7358,0.9159,True
7359,1.1894,True
7360,0.977,True
7361,1.0034,True
7362,1.0691,True
7363,1.2251,True
7364,0.9206,True
7365,1.1986,True
7366,0.9984,True
7367,1.0451,True
7368,1.2579,True
7369,1.2178,True
7370,1.1582,True
7371,1.149,True
7372,0.9146,True
7373,1.0205,True
7374,1.0345,True
7375,0.672,True
7376,1.2988,True
7377,1.1372,True
7378,0.7153,True
7379,0.8014,True
7380,0.9628,True
7381,1.0986,True
7382,0.9855,True
7383,1.0221,True
7384,1.1322,True
7385,1.0884,True
7386,0.8296,True
7387,1.116,True
7388,0.9443,True
7389,0.6619,True
7390,0.9337,True
7391,0.9696,True
7392,0.8881,True
7393,1.0447,True
7394,0.9597,True
7395,0.8691,True
7396,0.5234,True
7397,1.1204,True
7398,0.8935,True
7399,0.887,True
7400,0.9698,True
7401,1.0208,True
7402,0.8953,True
7403,0.9279,True
7404,1.0379,True
7405,1.2074,True
7406,0.9789,True
7407,1.1703,True
7408,1.1944,True
7409,1.0523,True
7410,0.3853,False
7411,0.8263,True
7412,1.1305,True
7413,1.0783,True
7414,1.0298,True
7415,1.1481,True
7416,1.1392,True
7417,1.1494,True
7418,0.8977,True
7419,0.9578,True
7420,0.8969,True
7421,0.9469,True
7422,1.1185,True
7423,1.009,True
7424,0.9791,True
7425,1.0411,True
7426,0.9698,True
7427,0.8835,True
7428,1.0648,True
7429,1.0815,True
7430,1.2045,True
7431,1.3469,True
7432,1.0429,True
7433,0.6568,True
7434,1.2248,True
7435,1.0745,True
7436,1.1684,True
7437,0.6206,True
7438,1.0443,True
7439,1.2737,True
7440,0.8897,True
7441,1.0176,True
7442,0.9061,True
7443,1.1879,True
7444,0.5587,True
7445,1.1556,True
7446,1.3844,True
7447,0.8658,True
7448,1.1723,True
7449,0.9799,True
7450,0.8865,True
7451,0.6822,True
7452,1.121,True
7453,0.9539,True
7454,0.9788,True
7455,1.0821,True
7456,1.1233,True
7457,1.311,True
7458,0.9636,True
7459,0.5471,True
7460,0.9478,True
7461,0.9017,True
7462,1.0506,True
7463,1.265,True
7464,0.9126,True
7465,1.0557,True
7466,0.9113,True
7467,0.9426,True
7468,0.8353,True
7469,0.9791,True
7470,1.309,True
7471,1.1631,True
7472,1.2355,True
7473,0.8593,True
7474,0.8906,True
7475,0.9345,True
7476,1.0038,True
7477,1.1972,True
7478,0.8186,True
7479,0.9771,True
7480,0.8676,True
7481,0.8289,True
7482,1.2659,True
7483,0.7401,True
7484,0.6966,True
7485,0.9619,True
7486,0.6292,True
7487,0.9571,True
7488,1.0606,True
7489,0.865,True
7490,0.9836,True
7491,1.1303,True
7492,1.2691,True
7493,1.0157,True
7494,1.0235,True
7495,1.1361,True
7496,0.6952,True
7497,1.0234,True
7498,0.8447,True
7499,0.7841,True
7500,1.3032,True
7501,1.0021,True
7502,0.9619,True
7503,1.2939,True
7504,1.0725,True
7505,1.1633,True
7506,0.8965,True
7507,1.0495,True
7508,1.2019,True
7509,1.2485,True
7510,0.8363,True
7511,0.9093,True
7512,1.0417,True
7513,0.8982,True
7514,0.9695,True
7515,1.0173,True
7516,1.1006,True
7517,1.4237,True
7518,0.683,True
7519,1.0994,True
7520,1.2629,True
7521,1.0395,True
7522,0.899,True
7523,0.6764,True
7524,1.0213,True
7525,0.9785,True
7526,1.1065,True
7527,0.7101,True
7528,1.1293,True
7529,1.2008,True
7530,1.0031,True
7531,0.7604,True
7532,0.9568,True
7533,1.065,True
7534,0.8826,True
7535,0.7313,True
7536,1.2473,True
7537,1.2287,True
7538,1.1259,True
7539,1.0013,True
7540,0.7331,True
7541,0.8394,True
7542,0.6684,True
7543,1.0503,True
7544,1.0165,True
7545,0.8547,True
7546,0.6988,True
7547,1.1203,True
7548,1.0914,True
7549,1.1271,True
7550,1.0629,True
7551,1.0961,True
7552,1.1965,True
7553,1.1625,True
7554,0.771,True
7555,1.0482,True
7556,0.9859,True
7557,1.011,True
7558,0.8818,True
7559,0.866,True
7560,0.9916,True
7561,1.0108,True
7562,1.2904,True
7563,1.0408,True
7564,0.7964,True
7565,0.8824,True
7566,0.7858,True
7567,1.052,True
7568,0.9611,True
7569,1.1792,True
7570,1.0,True
7571,1.0938,True
7572,1.1283,True
7573,1.1355,True
7574,1.0951,True
7575,1.0501,True
7576,0.8334,True
7577,0.9444,True
7578,1.0968,True
7579,0.6831,True
7580,1.1292,True
7581,0.9339,True
7582,1.0362,True
7583,0.859,True
7584,1.2294,True
7585,1.0987,True
7586,0.9578,True
7587,0.9376,True
7588,1.0274,True
7589,0.8448,True
7590,0.7372,True
7591,1.0712,True
7592,0.8243,True
7593,0.9108,True
7594,0.871,True
7595,0.8124,True
7596,1.0075,True
7597,1.0815,True
7598,0.7013,True
7599,1.0638,True
7600,0.9493,True
7601,1.0368,True
7602,0.7777,True
7603,1.1694,True
7604,1.0023,True
7605,0.8739,True
7606,0.7739,True
7607,1.1938,True
7608,0.81,True
7609,1.1427,True
7610,1.0067,True
7611,0.8294,True
7612,0.7804,True
7613,0.8006,True
7614,1.0226,True
7615,0.9807,True
7616,0.8784,True
7617,1.2226,True
7618,1.1817,True
7619,1.2461,True
7620,0.9129,True
7621,0.4027,False
7622,0.9685,True
7623,1.0097,True
7624,1.0152,True
7625,1.0709,True
7626,1.2295,True
7627,0.7502,True
7628,1.1704,True
7629,1.0465,True
7630,1.0118,True
7631,0.9913,True
7632,0.9837,True
7633,1.0373,True
7634,0.901,True
7635,0.9014,True
7636,0.9125,True
7637,1.2001,True
7638,0.6124,True
7639,1.2464,True
7640,1.0744,True
7641,1.1799,True
7642,1.0801,True
7643,0.9422,True
7644,0.8896,True
7645,0.9456,True
7646,1.0848,True
7647,1.1374,True
7648,1.1583,True
7649,1.1512,True
7650,0.6658,True
7651,0.8209,True
7652,0.9251,True
7653,1.2152,True
7654,1.1225,True
7655,1.0695,True
7656,1.1133,True
7657,1.0991,True
7658,1.1664,True
7659,1.368,True
7660,0.777,True
7661,0.9628,True
7662,1.1299,True
7663,0.8726,True
7664,1.2059,True
7665,1.0439,True
7666,0.8842,True
7667,1.0385,True
7668,0.9182,True
7669,0.6373,True
7670,1.1178,True
7671,0.62,True
7672,1.1833,True
7673,1.1708,True
7674,1.0788,True
7675,1.0802,True
7676,1.2915,True
7677,0.9268,True
7678,1.1897,True
7679,0.7158,True
7680,0.893,True
7681,0.7384,True
7682,1.188,True
7683,1.0385,True
7684,0.9892,True
7685,0.809,True
7686,0.9515,True
7687,0.8302,True
7688,1.0231,True
7689,0.9984,True
7690,1.1788,True
7691,0.9972,True
7692,1.141,True
7693,1.1535,True
7694,1.2893,True
7695,1.1749,True
7696,1.0894,True
7697,0.8898,True
7698,1.0556,True
7699,1.0107,True
7700,0.7018,True
7701,0.8707,True
7702,1.052,True
7703,0.8474,True
7704,1.1298,True
7705,1.297,True
7706,1.0894,True
7707,0.7612,True
7708,1.0736,True
7709,0.9202,True
7710,0.7999,True
7711,0.6473,True
7712,1.0379,True
7713,0.5601,True
7714,1.0507,True
7715,1.0228,True
7716,0.9877,True
7717,0.8545,True
7718,0.751,True
7719,1.2222,True
7720,1.0226,True
7721,1.3779,True
7722,1.2279,True
7723,0.7186,True
7724,1.1661,True
7725,1.0771,True
7726,0.6743,True
7727,0.8934,True
7728,1.1153,True
7729,1.0,True
7730,0.7299,True
7731,0.8971,True
7732,1.1324,True
7733,0.9984,True
7734,1.1111,True
7735,0.8987,True
7736,1.1453,True
7737,1.1171,True
7738,0.9485,True
7739,0.7287,True
7740,0.9476,True
7741,1.0855,True
7742,0.981,True
7743,0.9697,True
7744,1.3325,True
7745,0.7268,True
7746,1.2315,True
7747,0.9052,True
7748,1.1462,True
7749,1.0774,True
7750,1.1167,True
7751,1.1129,True
7752,1.0156,True
7753,0.8212,True
7754,1.0045,True
7755,0.8518,True
7756,1.2614,True
7757,1.0799,True
7758,1.1353,True
7759,1.0684,True
7760,0.8227,True
7761,0.8672,True
7762,1.0238,True
7763,0.9323,True
7764,0.9436,True
7765,1.2522,True
7766,1.082,True
7767,0.8528,True
7768,0.698,True
7769,1.0803,True
7770,0.9891,True
7771,1.0192,True
7772,1.1869,True
7773,0.9455,True
7774,0.9467,True
7775,0.7509,True
7776,1.1638,True
7777,1.096,True
7778,1.0888,True
7779,0.9365,True
7780,0.8988,True
7781,0.8979,True
7782,1.0214,True
7783,0.9242,True
7784,1.1083,True
7785,0.757,True
7786,0.8437,True
7787,0.65,True
7788,0.711,True
7789,1.13,True
7790,1.1438,True
7791,1.3919,True
7792,1.0838,True
7793,0.9093,True
7794,1.1982,True
7795,1.1121,True
7796,0.8043,True
7797,0.8778,True
7798,0.9422,True
7799,0.9901,True
7800,1.1896,True
7801,1.0995,True
7802,0.9642,True
7803,1.3051,True
7804,1.0431,True
7805,1.0786,True
7806,0.958,True
7807,1.1702,True
7808,0.9905,True
7809,0.6425,True
7810,0.8831,True
7811,0.6576,True
7812,1.0048,True
7813,1.1447,True
7814,0.8255,True
7815,0.6978,True
7816,1.2727,True
7817,0.7325,True
7818,1.167,True
7819,1.0216,True
7820,1.2061,True
7821,0.7076,True
7822,1.0537,True
7823,0.9791,True
7824,0.4943,False
7825,1.1667,True
7826,1.2007,True
7827,0.7359,True
7828,1.0929,True
7829,1.0885,True
7830,1.0485,True
7831,0.9993,True
7832,0.3388,False
7833,1.1369,True
7834,1.2064,True
7835,0.8973,True
7836,0.4768,False
7837,1.0368,True
7838,0.7073,True
7839,1.244,True
7840,1.0258,True
7841,1.1331,True
7842,0.981,True
7843,0.8292,True
7844,1.1885,True
7845,1.0888,True
7846,0.9251,True
7847,0.8697,True
7848,1.1047,True
7849,1.022,True
7850,1.0507,True
7851,0.8746,True
7852,1.0755,True
7853,0.7086,True
7854,1.2306,True
7855,0.8671,True
7856,0.812,True
7857,1.2291,True
7858,0.9961,True
7859,1.2935,True
7860,1.1844,True
7861,0.9745,True
7862,1.0546,True
7863,1.1085,True
7864,0.8231,True
7865,1.1284,True
7866,0.9088,True
7867,0.9,True
7868,1.2259,True
7869,1.0444,True
7870,1.0781,True
7871,1.1024,True
7872,1.0649,True
7873,0.8832,True
7874,0.7502,True
7875,0.8454,True
7876,1.1445,True
7877,1.2144,True
7878,1.0665,True
7879,0.7221,True
7880,1.2265,True
7881,1.4481,True
7882,0.8802,True
7883,1.0356,True
7884,0.766,True
7885,0.8958,True
7886,1.1728,True
7887,0.7129,True
7888,0.9851,True
7889,0.9544,True
7890,1.065,True
7891,0.8796,True
7892,1.0144,True
7893,0.8711,True
7894,0.8413,True
7895,0.8576,True
7896,0.8629,True
7897,0.9976,True
7898,1.0876,True
7899,0.9789,True
7900,0.867,True
7901,1.0666,True
7902,1.3517,True
7903,1.0,True
7904,1.0884,True
7905,1.2941,True
7906,1.1725,True
7907,0.5094,True
7908,1.1196,True
7909,0.6886,True
7910,0.6311,True
7911,1.1762,True
7912,1.093,True
7913,0.7703,True
7914,0.8692,True
7915,0.985,True
7916,1.0318,True
7917,1.1275,True
7918,1.2133,True
7919,0.9819,True
7920,1.0843,True
7921,1.0279,True
7922,1.1034,True
7923,0.7307,True
7924,0.7674,True
7925,1.0144,True
7926,0.791,True
7927,0.9296,True
7928,1.0755,True
7929,0.9335,True
7930,1.0562,True
7931,0.7744,True
7932,1.0778,True
7933,0.5933,True
7934,0.8762,True
7935,0.6678,True
7936,0.9562,True
7937,1.1057,True
7938,1.1295,True
7939,1.0842,True
7940,1.0523,True
7941,1.1599,True
7942,0.9129,True
7943,1.0615,True
7944,1.1396,True
7945,0.8903,True
7946,0.9354,True
7947,1.2575,True
7948,0.6682,True
7949,1.2235,True
7950,0.9728,True
7951,1.1067,True
7952,1.0584,True
7953,1.0405,True
7954,0.7583,True
7955,0.8021,True
7956,1.0253,True
7957,0.9076,True
7958,1.1527,True
7959,0.8803,True
7960,1.267,True
7961,0.8363,True
7962,1.0448,True
7963,1.1577,True
7964,1.0697,True
7965,1.1138,True
7966,1.2283,True
7967,1.0048,True
7968,0.8799,True
7969,0.8454,True
7970,0.7847,True
7971,0.8606,True
7972,0.9464,True
7973,1.1134,True
7974,1.1625,True
7975,0.6939,True
7976,0.965,True
7977,0.8995,True
7978,0.7694,True
7979,0.9299,True
7980,0.9354,True
7981,1.1591,True
7982,0.88,True
7983,1.0303,True
7984,1.0672,True
7985,1.159,True
7986,0.9869,True
7987,1.0012,True
7988,1.0244,True
7989,1.2537,True
7990,0.9259,True
7991,0.8725,True
7992,0.791,True
7993,1.0882,True
7994,0.8627,True
7995,0.524,True
7996,1.0909,True
7997,0.7684,True
7998,1.1959,True
7999,1.0323,True
8000,0.7947,True
8001,0.8083,True
8002,0.9405,True
8003,0.8074,True
8004,1.1473,True
8005,1.01,True
8006,0.9241,True
8007,0.9719,True
8008,0.9916,True
8009,0.6761,True
8010,0.9445,True
8011,1.3058,True
8012,1.0429,True
8013,1.3812,True
8014,0.8955,True
8015,0.8265,True
8016,1.1604,True
8017,1.0727,True
8018,1.083,True
8019,0.9496,True
8020,1.1106,True
8021,0.9106,True
8022,1.0015,True
8023,1.0552,True
8024,1.1471,True
8025,0.9456,True
8026,1.2447,True
8027,1.0712,True
8028,1.104,True
8029,0.8693,True
8030,0.7506,True
8031,1.1775,True
8032,1.1314,True
8033,0.4746,False
8034,0.8746,True
8035,1.2723,True
8036,0.9665,True
8037,1.2768,True
8038,1.0852,True
8039,0.9657,True
8040,1.0259,True
8041,0.7202,True
8042,0.9629,True
8043,1.0756,True
8044,0.9087,True
8045,1.1244,True
8046,1.2085,True
8047,0.9948,True
8048,1.1053,True
8049,1.1902,True
8050,0.5277,True
8051,0.9463,True
8052,0.9973,True
8053,0.9291,True
8054,1.0722,True
8055,1.2399,True
8056,0.9177,True
8057,1.069,True
8058,1.1351,True
8059,0.7559,True
8060,1.0337,True
8061,0.688,True
8062,0.9517,True
8063,0.9854,True
8064,0.975,True
8065,0.9861,True
8066,1.0955,True
8067,1.2439,True
8068,1.0289,True
8069,1.0649,True
8070,0.9109,True
8071,0.9016,True
8072,1.1728,True
8073,0.9708,True
8074,0.6829,True
8075,0.9055,True
8076,1.1579,True
8077,0.9974,True
8078,0.7174,True
8079,0.9707,True
8080,1.0495,True
8081,0.9928,True
8082,1.1217,True
8083,0.8882,True
8084,0.9637,True
8085,0.9016,True
8086,1.0939,True
8087,0.8069,True
8088,0.805,True
8089,0.9969,True
8090,1.1218,True
8091,0.9882,True
8092,0.9323,True
8093,0.8961,True
8094,1.0314,True
8095,1.1496,True
8096,0.9273,True
8097,0.9974,True
8098,1.0788,True
8099,1.0902,True
8100,0.8635,True
8101,0.9355,True
8102,1.1329,True
8103,0.9868,True
8104,1.2171,True
8105,1.1179,True
8106,1.0377,True
8107,0.8905,True
8108,0.685,True
8109,0.734,True
8110,0.7745,True
8111,1.2768,True
8112,0.906,True
8113,1.1267,True
8114,1.1307,True
8115,0.8899,True
8116,1.0282,True
8117,1.219,True
8118,1.1056,True
8119,1.1757,True
8120,1.1416,True
8121,1.144,True
8122,1.0384,True
8123,0.9495,True
8124,0.903,True
8125,1.0391,True
8126,1.1942,True
8127,1.2765,True
8128,1.2749,True
8129,1.0121,True
8130,1.0589,True
8131,1.04,True
8132,1.0825,True
8133,0.9217,True
8134,0.9314,True
8135,0.9068,True
8136,1.0404,True
8137,0.6824,True
8138,1.2541,True
8139,0.9422,True
8140,0.9361,True
8141,0.8324,True
8142,1.0504,True
8143,0.914,True
8144,1.193,True
8145,1.1073,True
8146,1.1045,True
8147,0.8888,True
8148,1.1104,True
8149,0.8403,True
8150,0.8737,True
8151,0.9559,True
8152,1.2087,True
8153,0.7486,True
8154,1.199,True
8155,0.9745,True
8156,1.2329,True
8157,1.173,True
8158,1.0965,True
8159,0.7953,True
8160,0.9741,True
8161,0.8709,True
8162,1.2005,True
8163,0.9364,True
8164,1.1647,True
8165,0.8636,True
8166,0.821,True
8167,0.7961,True
8168,0.5451,True
8169,1.0803,True
8170,0.7154,True
8171,0.8974,True
8172,1.099,True
8173,0.8407,True
8174,1.0449,True
8175,0.9507,True
8176,0.7697,True
8177,0.9445,True
8178,1.0237,True
8179,0.8217,True
8180,1.0724,True
8181,1.1064,True
8182,1.0023,True
8183,1.0024,True
8184,1.0754,True
8185,0.867,True
8186,0.9728,True
8187,0.9767,True
8188,0.8585,True
8189,0.88,True
8190,0.8544,True
8191,0.8888,True
8192,1.0124,True
8193,1.143,True
8194,0.8369,True
8195,0.8646,True
8196,1.1315,True
8197,1.0948,True
8198,0.9431,True
8199,1.1366,True
8200,1.2158,True
8201,0.9883,True
8202,0.8384,True
8203,1.1616,True
8204,1.1259,True
8205,0.9761,True
8206,0.6443,True
8207,1.036,True
8208,0.9954,True
8209,0.7233,True
8210,1.2405,True
8211,1.0823,True
8212,0.9321,True
8213,0.8856,True
8214,0.8053,True
8215,0.7415,True
8216,1.0775,True
8217,0.9285,True
8218,0.852,True
8219,0.4595,False
8220,1.063,True
8221,0.992,True
8222,0.9554,True
8223,0.9806,True
8224,0.7709,True
8225,0.801,True
8226,1.1916,True
8227,0.6501,True
8228,1.0896,True
8229,0.787,True
8230,1.1106,True
8231,0.8818,True
8232,0.9876,True
8233,0.6642,True
8234,1.053,True
8235,1.3105,True
8236,0.8047,True
8237,0.7439,True
8238,1.0637,True
8239,0.6008,True
8240,1.1486,True
8241,0.946,True
8242,1.3349,True
8243,1.1694,True
8244,0.9854,True
8245,1.1563,True
8246,1.2795,True
8247,0.9461,True
8248,0.8317,True
8249,1.0992,True
8250,1.001,True
8251,0.7392,True
8252,1.1557,True
8253,0.9502,True
8254,1.0561,True
8255,1.0129,True
8256,0.9051,True
8257,1.1155,True
8258,0.954,True
8259,0.7632,True
8260,1.0373,True
8261,0.873,True
8262,0.8847,True
8263,1.1671,True
8264,0.7112,True
8265,0.9419,True
8266,1.139,True
8267,0.8743,True
8268,0.8659,True
8269,0.6942,True
8270,1.0029,True
8271,1.3717,True
8272,0.9982,True
8273,0.9873,True
8274,1.0302,True
8275,0.9633,True
8276,0.8552,True
8277,1.201,True
8278,0.8707,True
8279,1.0109,True
8280,0.8474,True
8281,1.2232,True
8282,1.1922,True
8283,0.6812,True
8284,0.8539,True
8285,1.1613,True
8286,1.0723,True
8287,0.8335,True
8288,1.0306,True
8289,0.7596,True
8290,1.0039,True
8291,0.805,True
8292,0.938,True
8293,0.8737,True
8294,0.9323,True
8295,1.1096,True
8296,1.2681,True
8297,0.9149,True
8298,0.6923,True
8299,0.9191,True
8300,1.2946,True
8301,0.8192,True
8302,0.9976,True
8303,1.1295,True
8304,1.1693,True
8305,0.6045,True
8306,1.1722,True
8307,1.0127,True
8308,0.8147,True
8309,0.9455,True
8310,1.2282,True
8311,0.8374,True
8312,1.1258,True
8313,1.1042,True
8314,1.2613,True
8315,0.9388,True
8316,1.0063,True
8317,1.0316,True
8318,1.1216,True
8319,1.3306,True
8320,0.629,True
8321,0.8198,True
8322,1.0568,True
8323,1.0549,True
8324,1.2088,True
8325,1.031,True
8326,0.8131,True
8327,0.9377,True
8328,1.0611,True
8329,0.7337,True
8330,1.1942,True
8331,1.3759,True
8332,1.0092,True
8333,0.8883,True
8334,0.7501,True
8335,0.9528,True
8336,1.0641,True
8337,0.8378,True
8338,0.8424,True
8339,0.9404,True
8340,0.7627,True
8341,1.1222,True
8342,0.928,True
8343,0.958,True
8344,0.8653,True
8345,1.0634,True
8346,0.6445,True
8347,0.9447,True
8348,0.8877,True
8349,0.8259,True
8350,1.021,True
8351,1.2912,True
8352,1.281,True
8353,0.9729,True
8354,1.2189,True
8355,1.0812,True
8356,0.8711,True
8357,1.0896,True
8358,1.2167,True
8359,1.1229,True
8360,0.9894,True
8361,0.9453,True
8362,1.0723,True
8363,0.9241,True
8364,0.9732,True
8365,1.1927,True
8366,0.9211,True
8367,1.1894,True
8368,0.9006,True
8369,0.8594,True
8370,0.9914,True
8371,0.8842,True
8372,0.9065,True
8373,1.2668,True
8374,1.07,True
8375,0.7531,True
8376,0.9259,True
8377,1.021,True
8378,1.0675,True
8379,0.7966,True
8380,1.2169,True
8381,0.9981,True
8382,0.8499,True
8383,0.886,True
8384,1.0347,True
8385,1.0063,True
8386,1.1859,True
8387,1.0893,True
8388,1.1534,True
8389,1.1333,True
8390,0.6655,True
8391,1.1107,True
8392,1.1332,True
8393,1.0037,True
8394,1.192,True
8395,0.9402,True
8396,1.0761,True
8397,1.0254,True
8398,1.0789,True
8399,1.2171,True
8400,0.9831,True
8401,0.9356,True
8402,1.0883,True
8403,1.1466,True
8404,0.7348,True
8405,1.0324,True
8406,1.1708,True
8407,1.0284,True
8408,1.02,True
8409,0.8675,True
8410,0.9531,True
8411,1.0804,True
8412,1.0004,True
8413,1.0685,True
8414,0.8568,True
8415,1.2029,True
8416,1.0035,True
8417,0.6489,True
8418,0.7522,True
8419,1.1112,True
8420,0.9646,True
8421,0.8779,True
8422,1.1783,True
8423,1.0926,True
8424,1.1212,True
8425,1.1524,True
8426,0.8026,True
8427,1.0829,True
8428,1.1876,True
8429,1.0373,True
8430,1.0463,True
8431,0.492,False
8432,1.2122,True
8433,0.8054,True
8434,0.9834,True
8435,1.1495,True
8436,0.9429,True
8437,1.0858,True
8438,1.1576,True
8439,0.9509,True
8440,0.997,True
8441,1.1239,True
8442,1.1394,True
8443,1.1655,True
8444,0.9143,True
8445,0.7677,True
8446,0.8614,True
8447,1.0814,True
8448,1.1236,True
8449,1.0148,True
8450,0.9722,True
8451,1.1115,True
8452,0.9494,True
8453,1.1662,True
8454,1.1089,True
8455,0.6577,True
8456,1.057,True
8457,1.0372,True
8458,0.973,True
8459,1.1587,True
8460,1.0725,True
8461,0.9932,True
8462,0.6264,True
8463,0.6958,True
8464,0.8559,True
8465,0.9813,True
8466,1.0197,True
8467,1.0387,True
8468,1.0702,True
8469,0.7806,True
8470,1.2147,True
8471,0.8086,True
8472,0.9998,True
8473,1.1566,True
8474,0.9091,True
8475,0.9582,True
8476,1.147,True
8477,1.0521,True
8478,1.0325,True
8479,1.1535,True
8480,1.0828,True
8481,0.8474,True
8482,1.103,True
8483,0.8972,True
8484,0.8544,True
8485,0.8327,True
8486,1.0135,True
8487,0.7564,True
8488,0.8013,True
8489,1.2514,True
8490,1.1001,True
8491,0.9731,True
8492,1.2294,True
8493,1.2244,True
8494,0.9474,True
8495,0.8573,True
8496,0.6285,True
8497,0.9759,True
8498,0.8231,True
8499,0.7571,True
8500,0.7928,True
8501,0.9961,True
8502,0.9824,True
8503,0.9876,True
8504,0.7544,True
8505,1.037,True
8506,1.2895,True
8507,0.8851,True
8508,0.9711,True
8509,1.0553,True
8510,0.936,True
8511,0.7639,True
8512,1.1642,True
8513,1.0685,True
8514,1.1257,True
8515,1.1436,True
8516,1.2787,True
8517,1.0451,True
8518,1.1179,True
8519,0.8964,True
8520,1.0609,True
8521,0.7628,True
8522,0.7702,True
8523,0.8409,True
8524,0.7773,True
8525,1.1155,True
8526,0.9171,True
8527,0.9951,True
8528,0.7853,True
8529,0.9378,True
8530,0.9238,True
8531,1.0592,True
8532,0.957,True
8533,1.0985,True
8534,1.2357,True
8535,0.8126,True
8536,0.839,True
8537,1.0498,True
8538,1.1365,True
8539,1.1156,True
8540,0.8628,True
8541,1.0046,True
8542,0.6556,True
8543,0.7772,True
8544,0.7142,True
8545,0.8375,True
8546,0.9604,True
8547,0.9175,True
8548,0.5219,True
8549,0.8208,True
8550,0.9679,True
8551,1.068,True
8552,1.076,True
8553,1.0569,True
8554,1.0634,True
8555,1.17,True
8556,1.0103,True
8557,1.0999,True
8558,1.2046,True
8559,1.0565,True
8560,0.9056,True
8561,1.2186,True
8562,0.804,True
8563,0.7386,True
8564,1.0436,True
8565,0.9797,True
8566,0.908,True
8567,0.7138,True
8568,0.9104,True
8569,0.947,True
8570,0.8485,True
8571,1.0108,True
8572,0.9574,True
8573,0.8642,True
8574,0.827,True
8575,1.1155,True
8576,1.1781,True
8577,0.9934,True
8578,1.0117,True
8579,1.2619,True
8580,0.7981,True
8581,1.0673,True
8582,0.8763,True
8583,0.9974,True
8584,0.8356,True
8585,1.1045,True
8586,1.2224,True
8587,1.0649,True
8588,1.0055,True
8589,1.0108,True
8590,0.8331,True
8591,0.9996,True
8592,0.9506,True
8593,0.9477,True
8594,1.1506,True
8595,1.2534,True
8596,1.0368,True
8597,1.171,True
8598,0.958,True
8599,0.8589,True
8600,1.0393,True
8601,0.6832,True
8602,1.0779,True
8603,0.7887,True
8604,1.0075,True
8605,0.8327,True
8606,1.0194,True
8607,0.8794,True
8608,1.1253,True
8609,0.7137,True
8610,1.0853,True
8611,1.0302,True
8612,0.9756,True
8613,0.9203,True
8614,0.8033,True
8615,0.9495,True
8616,0.6838,True
8617,1.3638,True
8618,1.3041,True
8619,1.0887,True
8620,1.0291,True
8621,1.0233,True
8622,1.0395,True
8623,0.8693,True
8624,1.1371,True
8625,0.8188,True
8626,1.0064,True
8627,0.7081,True
8628,1.3299,True
8629,0.7689,True
8630,1.0873,True
8631,0.9352,True
8632,1.2297,True
8633,1.0432,True
8634,1.2874,True
8635,1.0972,True
8636,0.4015,False
8637,1.2262,True
8638,0.7611,True
8639,0.9773,True
8640,0.8974,True
8641,1.0949,True
8642,0.8812,True
8643,0.9354,True
8644,1.1159,True
8645,0.9676,True
8646,1.1523,True
8647,0.4292,False
8648,0.9579,True
8649,0.9287,True
8650,0.4763,False
8651,1.1056,True
8652,0.661,True
8653,1.1196,True
8654,0.8262,True
8655,1.1029,True
8656,1.1526,True
8657,1.1861,True
8658,1.0616,True
8659,1.1699,True
8660,0.7117,True
8661,1.196,True
8662,1.1386,True
8663,0.9697,True
8664,1.2635,True
8665,0.901,True
8666,0.9604,True
8667,1.1262,True
8668,1.1776,True
8669,1.1295,True
8670,1.1879,True
8671,1.2464,True
8672,0.9846,True
8673,0.7791,True
8674,0.9755,True
8675,1.0507,True
8676,1.175,True
8677,1.1763,True
8678,0.8729,True
8679,1.0242,True
8680,0.8747,True
8681,0.9328,True
8682,0.9675,True
8683,0.9209,True
8684,0.9228,True
8685,1.1593,True
8686,1.0099,True
8687,1.118,True
8688,1.1887,True
8689,0.9296,True
8690,1.0705,True
8691,1.0832,True
8692,1.0798,True
8693,1.0397,True
8694,1.122,True
8695,0.485,False
8696,1.0196,True
8697,1.0779,True
8698,0.939,True
8699,1.0356,True
8700,1.0945,True
8701,0.9612,True
8702,0.8788,True
8703,1.0142,True
8704,0.9131,True
8705,1.1512,True
8706,0.8685,True
8707,0.7837,True
8708,1.2333,True
8709,0.9134,True
8710,1.0036,True
8711,1.3937,True
8712,1.1469,True
8713,0.7012,True
8714,1.1129,True
8715,0.8005,True
8716,1.1744,True
8717,0.9939,True
8718,0.98,True
8719,1.1841,True
8720,1.0821,True
8721,1.1971,True
8722,0.7493,True
8723,1.0906,True
8724,1.0102,True
8725,1.0547,True
8726,1.0589,True
8727,0.5998,True
8728,0.8833,True
8729,0.8582,True
8730,0.6031,True
8731,1.1041,True
8732,1.1735,True
8733,1.0532,True
8734,0.9422,True
8735,0.691,True
8736,1.1028,True
8737,1.0602,True
8738,1.0341,True
8739,0.799,True
8740,1.1602,True
8741,0.8552,True
8742,0.9558,True
8743,1.04,True
8744,0.8558,True
8745,1.0341,True
8746,1.0035,True
8747,1.0141,True
8748,0.9243,True
8749,1.1497,True
8750,1.2523,True
8751,0.9473,True
8752,0.9435,True
8753,1.1615,True
8754,0.9537,True
8755,0.8514,True
8756,0.9542,True
8757,1.2692,True
8758,1.0692,True
8759,0.6999,True
8760,1.0061,True
8761,0.8591,True
8762,1.0768,True
8763,0.9412,True
8764,0.9767,True
8765,1.0024,True
8766,1.2506,True
8767,1.0982,True
8768,1.0913,True
8769,1.0743,True
8770,0.825,True
8771,0.7357,True
8772,1.0296,True
8773,1.016,True
8774,0.7915,True
8775,1.0937,True
8776,0.9232,True
8777,0.8235,True
8778,0.8241,True
8779,1.1954,True
8780,0.9041,True
8781,1.2189,True
8782,1.0358,True
8783,0.8762,True
8784,0.9318,True
8785,0.883,True
8786,0.9362,True
8787,0.7117,True
8788,1.0061,True
8789,0.9874,True
8790,1.2341,True
8791,1.1023,True
8792,0.8394,True
8793,1.0773,True
8794,1.0541,True
8795,0.8733,True
8796,0.9848,True
8797,0.9789,True
8798,0.9483,True
8799,1.309,True
8800,0.6987,True
8801,1.3704,True
8802,0.9845,True
8803,1.1135,True
8804,0.7502,True
8805,0.8779,True
8806,0.8979,True
8807,1.1293,True
8808,0.7902,True
8809,1.1788,True
8810,1.2161,True
8811,0.6192,True
8812,0.9553,True
8813,1.1683,True
8814,1.1291,True
8815,1.1278,True
8816,1.0331,True
8817,0.8105,True
8818,1.1694,True
8819,0.853,True
8820,1.0892,True
8821,0.7104,True
8822,0.7526,True
8823,1.3521,True
8824,0.8282,True
8825,0.5931,True
8826,1.0783,True
8827,1.1162,True
8828,1.1686,True
8829,0.9476,True
8830,0.6149,True
8831,1.1555,True
8832,1.0154,True
8833,0.9251,True
8834,1.1831,True
8835,1.1471,True
8836,1.2056,True
8837,0.7335,True
8838,1.0659,True
8839,1.2116,True
8840,1.2263,True
8841,0.9643,True
8842,0.9667,True
8843,0.7549,True
8844,1.029,True
8845,0.9176,True
8846,1.1554,True
8847,1.0881,True
8848,1.0017,True
8849,1.0843,True
8850,1.0782,True
8851,1.0857,True
8852,1.2288,True
8853,0.8608,True
8854,0.961,True
8855,1.0401,True
8856,1.0374,True
8857,1.2056,True
8858,0.9564,True
8859,0.9573,True
8860,0.7569,True
8861,1.0868,True
8862,1.3729,True
8863,1.0145,True
8864,0.6847,True
8865,1.0306,True
8866,0.8068,True
8867,0.949,True
8868,0.7253,True
8869,0.9781,True
8870,0.889,True
8871,0.6967,True
8872,0.7231,True
8873,1.0712,True
8874,1.1074,True
8875,0.8703,True
8876,0.5057,True
8877,0.951,True
8878,0.9767,True
8879,0.5426,True
8880,0.6569,True
8881,1.1989,True
8882,1.0858,True
8883,0.556,True
8884,1.0145,True
8885,1.3144,True
8886,1.0105,True
8887,1.0939,True
8888,1.0779,True
8889,0.892,True
8890,1.0894,True
8891,1.015,True
8892,1.228,True
8893,1.2155,True
8894,1.0344,True
8895,1.137,True
8896,1.1041,True
8897,1.1275,True
8898,0.711,True
8899,0.7579,True
8900,1.2892,True
8901,0.6932,True
8902,1.1603,True
8903,0.8804,True
8904,1.1757,True
8905,1.1732,True
8906,1.0881,True
8907,1.1886,True
8908,0.9944,True
8909,0.9302,True
8910,1.0562,True
8911,0.7469,True
8912,0.7848,True
8913,0.8075,True
8914,0.9195,True
8915,1.0404,True
8916,0.6689,True
8917,0.9039,True
8918,0.9454,True
8919,0.9347,True
8920,1.0854,True
8921,0.8837,True
8922,0.9228,True
8923,1.091,True
8924,0.8859,True
8925,1.2494,True
8926,0.9122,True
8927,0.9158,True
8928,1.1829,True
8929,1.128,True
8930,0.9291,True
8931,1.0107,True
8932,1.1587,True
8933,0.6737,True
8934,1.1186,True
8935,0.9501,True
8936,1.2467,True
8937,1.0746,True
8938,0.9269,True
8939,1.1513,True
8940,1.0067,True
8941,1.1223,True
8942,1.1594,True
8943,1.1105,True
8944,1.0337,True
8945,0.6904,True
8946,0.7479,True
8947,1.1248,True
8948,0.7364,True
8949,0.9768,True
8950,0.8175,True
8951,1.2164,True
8952,0.8276,True
8953,0.9675,True
8954,0.7918,True
8955,1.0984,True
8956,0.8286,True
8957,0.9731,True
8958,1.1409,True
8959,1.0532,True
8960,1.0321,True
8961,1.0394,True
8962,1.0411,True
8963,1.1508,True
8964,1.0146,True
8965,0.9425,True
8966,1.1857,True
8967,1.1488,True
8968,1.003,True
8969,1.108,True
8970,0.8397,True
8971,0.7909,True
8972,0.7486,True
8973,0.888,True
8974,0.8559,True
8975,0.8039,True
8976,1.173,True
8977,1.0475,True
8978,1.1777,True
8979,1.1585,True
8980,1.2475,True
8981,1.0347,True
8982,0.8924,True
8983,1.2416,True
8984,0.9995,True
8985,0.7602,True
8986,0.7685,True
8987,0.8989,True
8988,0.8331,True
8989,0.8574,True
8990,1.0161,True
8991,1.0175,True
8992,1.1029,True
8993,1.1342,True
8994,0.9196,True
8995,0.6869,True
8996,1.1188,True
8997,0.9079,True
8998,0.9994,True
8999,1.3362,True
9000,0.9414,True
9001,1.1258,True
9002,0.5621,True
9003,1.1447,True
9004,1.0701,True
9005,1.0661,True
9006,0.9503,True
9007,0.9404,True
9008,0.9497,True
9009,1.2147,True
9010,0.9415,True
9011,0.7819,True
9012,1.162,True
9013,1.1043,True
9014,0.9339,True
9015,1.0844,True
9016,0.8165,True
9017,0.8654,True
9018,0.614,True
9019,0.8949,True
9020,1.2531,True
9021,1.0103,True
9022,1.0264,True
9023,1.2222,True
9024,0.9242,True
9025,0.8502,True
9026,0.8094,True
9027,1.0378,True
9028,1.0502,True
9029,0.647,True
9030,1.0225,True
9031,1.1795,True
9032,1.2358,True
9033,1.1946,True
9034,0.9484,True
9035,1.0588,True
9036,0.7123,True
9037,0.8705,True
9038,0.8875,True
9039,0.7483,True
9040,0.9072,True
9041,0.9646,True
9042,1.2849,True
9043,0.5914,True
9044,0.7723,True
9045,1.2569,True
9046,0.9066,True
9047,0.8455,True
9048,0.6215,True
9049,1.0044,True
9050,1.0014,True
9051,1.1464,True
9052,1.1351,True
9053,1.0481,True
9054,0.7071,True
9055,0.8611,True
9056,1.3519,True
9057,1.1369,True
9058,1.0584,True
9059,0.9115,True
9060,0.8856,True
9061,0.9409,True
9062,0.9905,True
9063,1.0252,True
9064,0.9054,True
9065,0.6946,True
9066,0.7758,True
9067,0.7955,True
9068,0.9837,True
9069,0.8914,True
9070,1.1807,True
9071,1.0891,True
9072,1.2465,True
9073,1.2669,True
9074,1.0839,True
9075,0.7125,True
9076,1.0384,True
9077,1.0633,True
9078,0.8521,True
9079,1.0221,True
9080,1.0738,True
9081,0.9308,True
9082,0.9804,True
9083,1.2181,True
9084,0.847,True
9085,0.9715,True
9086,1.0669,True
9087,0.9941,True
9088,1.0256,True
9089,0.8752,True
9090,0.9962,True
9091,1.2766,True
9092,0.9101,True
9093,0.9959,True
9094,1.3017,True
9095,0.8134,True
9096,1.2548,True
9097,1.1342,True
9098,0.9803,True
9099,0.8554,True
9100,0.968,True
9101,0.9861,True
9102,0.7004,True
9103,1.0448,True
9104,0.8076,True
9105,0.7463,True
9106,1.2754,True
9107,1.0904,True
9108,0.7578,True
9109,0.8778,True
9110,0.6301,True
9111,0.7874,True
9112,0.5183,True
9113,0.6613,True
9114,0.8211,True
9115,1.0026,True
9116,0.723,True
9117,0.7974,True
9118,0.9647,True
9119,1.1146,True
9120,1.1767,True
9121,1.1794,True
9122,0.772,True
9123,0.7823,True
9124,0.9924,True
9125,1.21,True
9126,1.0611,True
9127,0.8075,True
9128,1.059,True
9129,1.0901,True
9130,1.1266,True
9131,1.0574,True
9132,1.2542,True
9133,1.0479,True
9134,1.1006,True
9135,0.9905,True
9136,1.1936,True
9137,0.819,True
9138,1.1153,True
9139,0.6829,True
9140,1.0496,True
9141,0.9176,True
9142,1.1427,True
9143,0.8293,True
9144,1.0218,True
9145,0.6743,True
9146,1.0899,True
9147,1.1471,True
9148,1.1872,True
9149,1.0764,True
9150,1.1805,True
9151,1.1753,True
9152,0.9477,True
9153,1.1377,True
9154,0.6512,True
9155,1.1165,True
9156,1.0321,True
9157,1.0466,True
9158,1.1102,True
9159,1.0621,True
9160,0.9903,True
9161,1.0878,True
9162,1.024,True
9163,1.0376,True
9164,0.8803,True
9165,1.1799,True
9166,1.1661,True
9167,1.0444,True
9168,0.9175,True
9169,0.9933,True
9170,0.8645,True
9171,0.8584,True
9172,0.5867,True
9173,1.0684,True
9174,0.8277,True
9175,0.5455,True
9176,1.3491,True
9177,0.9668,True
9178,1.2525,True
9179,1.0769,True
9180,1.0288,True
9181,1.0951,True
9182,0.9064,True
9183,1.1938,True
9184,1.145,True
9185,0.853,True
9186,1.1182,True
9187,0.8896,True
9188,1.0415,True
9189,0.8728,True
9190,1.1701,True
9191,1.4331,True
9192,1.0969,True
9193,0.7909,True
9194,0.8753,True
9195,0.5315,True
9196,1.115,True
9197,0.5119,True
9198,1.1892,True
9199,0.9133,True
9200,1.0986,True
9201,0.9442,True
9202,0.9044,True
9203,1.1082,True
9204,0.9404,True
9205,0.8051,True
9206,1.0829,True
9207,0.8905,True
9208,1.2115,True
9209,1.1142,True
9210,1.0708,True
9211,1.1801,True
9212,1.069,True
9213,0.968,True
9214,0.8074,True
9215,1.0117,True
9216,1.0634,True
9217,1.0237,True
9218,0.922,True
9219,0.6497,True
9220,0.9013,True
9221,1.1836,True
9222,0.7933,True
9223,1.0794,True
9224,0.9008,True
9225,0.8552,True
9226,1.0436,True
9227,0.9775,True
9228,1.1713,True
9229,1.0193,True
9230,1.019,True
9231,1.1001,True
9232,1.199,True
9233,1.1781,True
9234,1.0674,True
9235,1.1666,True
9236,1.0301,True
9237,0.927,True
9238,1.0278,True
9239,0.9247,True
9240,0.837,True
9241,0.8562,True
9242,1.0382,True
9243,1.0002,True
9244,0.9619,True
9245,0.9729,True
9246,1.0011,True
9247,1.1391,True
9248,1.3231,True
9249,0.7488,True
9250,1.0242,True
9251,1.1215,True
9252,1.1173,True
9253,1.217,True
9254,1.1862,True
9255,1.204,True
9256,0.8938,True
9257,0.7049,True
9258,0.5744,True
9259,0.5968,True
9260,0.9972,True
9261,0.9658,True
9262,0.6604,True
9263,0.7854,True
9264,0.9572,True
9265,1.1389,True
9266,0.9042,True
9267,1.181,True
9268,1.0271,True
9269,1.2543,True
9270,1.0025,True
9271,0.9376,True
9272,0.7964,True
9273,0.6477,True
9274,1.0331,True
9275,0.7306,True
9276,0.9249,True
9277,1.1258,True
9278,0.8967,True
9279,1.0827,True
9280,0.9277,True
9281,0.8349,True
9282,0.9921,True
9283,0.8175,True
9284,1.0278,True
9285,0.8815,True
9286,0.9024,True
9287,0.9848,True
9288,0.9065,True
9289,0.7676,True
9290,1.0779,True
9291,0.992,True
9292,1.0835,True
9293,0.9709,True
9294,1.0527,True
9295,1.1289,True
9296,1.0646,True
9297,1.0841,True
9298,0.8803,True
9299,1.0562,True
9300,1.3333,True
9301,1.0311,True
9302,1.0954,True
9303,0.8711,True
9304,0.8683,True
9305,0.8042,True
9306,1.0208,True
9307,1.0824,True
9308,0.9708,True
9309,0.9645,True
9310,1.1182,True
9311,1.0227,True
9312,1.1629,True
9313,0.6314,True
9314,1.0841,True
9315,1.0959,True
9316,1.1026,True
9317,0.9417,True
9318,0.5786,True
9319,1.0916,True
9320,1.008,True
9321,1.1716,True
9322,1.0096,True
9323,1.2931,True
9324,0.9493,True
9325,0.9696,True
9326,0.9338,True
9327,0.976,True
9328,0.9921,True
9329,0.72,True
9330,1.2122,True
9331,0.9932,True
9332,1.1776,True
9333,1.0492,True
9334,0.9166,True
9335,1.0603,True
9336,0.8738,True
9337,1.1197,True
9338,0.8356,True
9339,1.1752,True
9340,1.1594,True
9341,0.9748,True
9342,1.049,True
9343,0.7373,True
9344,1.0404,True
9345,1.365,True
9346,1.0862,True
9347,1.0594,True
9348,1.0904,True
9349,0.8698,True
9350,0.9123,True
9351,0.6531,True
9352,1.1333,True
9353,0.5881,True
9354,0.8492,True
9355,0.8321,True
9356,0.7818,True
9357,1.0916,True
9358,1.1674,True
9359,1.2876,True
9360,1.1313,True
9361,1.1627,True
9362,0.8415,True
9363,1.2025,True
9364,0.9811,True
9365,0.9927,True
9366,1.2018,True
9367,0.9048,True
9368,0.6938,True
9369,0.9224,True
9370,0.5794,True
9371,1.1398,True
9372,0.97,True
9373,0.763,True
9374,0.8306,True
9375,0.7786,True
9376,1.1677,True
9377,0.9263,True
9378,1.108,True
9379,1.0003,True
9380,1.2201,True
9381,0.6488,True
9382,1.0995,True
9383,1.1104,True
9384,1.1099,True
9385,0.6422,True
9386,1.1285,True
9387,0.8091,True
9388,0.9676,True
9389,0.8208,True
9390,1.0557,True
9391,0.954,True
9392,0.9579,True
9393,1.1224,True
9394,0.8508,True
9395,1.0729,True
9396,0.8124,True
9397,1.1467,True
9398,0.9905,True
9399,0.941,True
9400,1.245,True
9401,0.8655,True
9402,0.7571,True
9403,0.7691,True
9404,0.9402,True
9405,0.9218,True
9406,1.0106,True
9407,1.1268,True
9408,0.448,False
9409,0.9572,True
9410,0.5457,True
9411,1.1246,True
9412,0.8423,True
9413,0.9852,True
9414,1.2253,True
9415,0.7313,True
9416,0.9468,True
9417,0.9209,True
9418,1.0919,True
9419,1.0017,True
9420,0.8125,True
9421,0.951,True
9422,0.6593,True
9423,1.4255,True
9424,0.9929,True
9425,0.9721,True
9426,0.9107,True
9427,0.4143,False
9428,0.8823,True
9429,0.7347,True
9430,1.0325,True
9431,0.7301,True
9432,0.7166,True
9433,0.8118,True
9434,1.0493,True
9435,0.9257,True
9436,1.1473,True
9437,1.042,True
9438,1.1467,True
9439,0.9309,True
9440,0.942,True
9441,0.9859,True
9442,0.9117,True
9443,1.1073,True
9444,1.1854,True
9445,0.9152,True
9446,0.9823,True
9447,0.8958,True
9448,0.9104,True
9449,1.2246,True
9450,0.9566,True
9451,1.0478,True
9452,0.8791,True
9453,1.0544,True
9454,0.8197,True
9455,1.0965,True
9456,1.0509,True
9457,0.8313,True
9458,1.0435,True
9459,0.8359,True
9460,1.141,True
9461,0.9384,True
9462,1.0658,True
9463,1.1113,True
9464,1.0194,True
9465,0.6291,True
9466,0.8192,True
9467,0.8866,True
9468,1.1108,True
9469,1.2017,True
9470,1.0395,True
9471,0.6944,True
9472,0.8807,True
9473,1.0214,True
9474,1.1769,True
9475,1.2235,True
9476,1.099,True
9477,0.7756,True
9478,1.2017,True
9479,0.975,True
9480,0.9612,True
9481,1.0926,True
9482,0.8726,True
9483,1.07,True
9484,1.0837,True
9485,0.9756,True
9486,1.0058,True
9487,1.0244,True
9488,1.1482,True
9489,1.2666,True
9490,0.855,True
9491,0.8913,True
9492,0.9889,True
9493,0.5752,True
9494,1.0372,True
9495,1.0752,True
9496,0.7397,True
9497,1.0941,True
9498,0.7993,True
9499,1.1156,True
9500,0.822,True
9501,1.0813,True
9502,1.0192,True
9503,1.0524,True
9504,0.9557,True
9505,0.9823,True
9506,1.1535,True
9507,1.0701,True
9508,0.4929,False
9509,1.0045,True
9510,0.8701,True
9511,0.9174,True
9512,0.5218,True
9513,0.6739,True
9514,1.1974,True
9515,1.1134,True
9516,1.0735,True
9517,0.8776,True
9518,0.7921,True
9519,1.1263,True
9520,1.1888,True
9521,1.1629,True
9522,1.0193,True
9523,0.9303,True
9524,1.1956,True
9525,1.0405,True
9526,1.216,True
9527,0.9323,True
9528,1.0433,True
9529,0.8528,True
9530,0.825,True
9531,0.8961,True
9532,1.1619,True
9533,1.1042,True
9534,1.1779,True
9535,0.8004,True
9536,1.0928,True
9537,0.987,True
9538,1.0874,True
9539,0.9599,True
9540,0.6614,True
9541,1.1149,True
9542,1.1395,True
9543,1.0078,True
9544,1.124,True
9545,1.085,True
9546,1.2224,True
9547,0.7574,True
9548,0.7678,True
9549,1.2267,True
9550,0.9737,True
9551,1.1678,True
9552,0.7725,True
9553,0.9546,True
9554,0.9857,True
9555,0.9994,True
9556,0.9873,True
9557,0.8244,True
9558,1.0673,True
9559,1.024,True
9560,0.8507,True
9561,0.9895,True
9562,1.1379,True
9563,1.2286,True
9564,1.278,True
9565,0.8954,True
9566,0.7936,True
9567,0.5423,True
9568,0.7022,True
9569,0.9731,True
9570,1.0477,True
9571,0.9076,True
9572,1.1522,True
9573,0.6785,True
9574,0.8239,True
9575,1.0625,True
9576,0.9174,True
9577,0.7423,True
9578,1.1271,True
9579,1.2349,True
9580,0.8819,True
9581,1.2188,True
9582,1.0253,True
9583,1.1697,True
9584,0.9257,True
9585,0.9333,True
9586,1.07,True
9587,1.1119,True
9588,0.872,True
9589,1.1438,True
9590,0.8981,True
9591,1.081,True
9592,0.8846,True
9593,0.9998,True
9594,0.9384,True
9595,0.8097,True
9596,1.2094,True
9597,0.7062,True
9598,1.0541,True
9599,0.8342,True
9600,0.9726,True
9601,1.0222,True
9602,1.0815,True
9603,1.1347,True
9604,1.049,True
9605,1.0191,True
9606,1.0388,True
9607,1.1456,True
9608,0.965,True
9609,1.0807,True
9610,1.1604,True
9611,1.0166,True
9612,1.0355,True
9613,1.0596,True
9614,0.8935,True
9615,1.0072,True
9616,1.0418,True
9617,1.1492,True
9618,0.7206,True
9619,1.0149,True
9620,0.8342,True
9621,1.0029,True
9622,0.9031,True
9623,1.0728,True
9624,1.1119,True
9625,0.9782,True
9626,1.187,True
9627,1.1034,True
9628,1.033,True
9629,1.1298,True
9630,1.0712,True
9631,0.9234,True
9632,0.9912,True
9633,0.8441,True
9634,1.1821,True
9635,1.1575,True
9636,0.9546,True
9637,0.9496,True
9638,0.9743,True
9639,0.6531,True
9640,0.7781,True
9641,1.2066,True
9642,1.0947,True
9643,0.9453,True
9644,0.8334,True
9645,0.9322,True
9646,1.0245,True
9647,1.1144,True
9648,0.7768,True
9649,0.9218,True
9650,1.2513,True
9651,1.0889,True
9652,0.7829,True
9653,0.9625,True
9654,0.986,True
9655,0.9743,True
9656,0.8776,True
9657,0.9424,True
9658,1.0614,True
9659,1.2361,True
9660,0.9196,True
9661,0.7056,True
9662,0.9046,True
9663,1.0323,True
9664,0.9046,True
9665,0.8276,True
9666,1.0845,True
9667,0.6845,True
9668,0.7436,True
9669,1.1335,True
9670,1.0928,True
9671,1.0222,True
9672,0.8691,True
9673,0.9858,True
9674,1.109,True
9675,0.9604,True
9676,0.893,True
9677,0.943,True
9678,1.0254,True
9679,1.2756,True
9680,0.8573,True
9681,0.9876,True
9682,1.3682,True
9683,0.8034,True
9684,1.0797,True
9685,0.8186,True
9686,1.1627,True
9687,0.9375,True
9688,1.1998,True
9689,1.1488,True
9690,1.1048,True
9691,0.732,True
9692,1.0021,True
9693,0.8866,True
9694,0.6843,True
9695,1.022,True
9696,0.8074,True
9697,1.0451,True
9698,0.9841,True
9699,1.0721,True
9700,1.0418,True
9701,1.0357,True
9702,1.0388,True
9703,0.6879,True
9704,1.0279,True
9705,1.1478,True
9706,0.6875,True
9707,0.5624,True
9708,1.0712,True
9709,0.9854,True
9710,1.0089,True
9711,1.1343,True
9712,1.1885,True
9713,1.1435,True
9714,1.1369,True
9715,1.12,True
9716,0.9828,True
9717,0.9681,True
9718,0.6554,True
9719,1.0881,True
9720,0.9236,True
9721,0.6797,True
9722,1.1138,True
9723,0.6861,True
9724,0.9514,True
9725,0.9556,True
9726,1.0123,True
9727,0.8664,True
9728,0.9796,True
9729,1.1153,True
9730,0.9666,True
9731,1.0928,True
9732,1.0573,True
9733,1.0375,True
9734,1.0428,True
9735,1.1936,True
9736,0.7692,True
9737,0.9984,True
9738,0.9343,True
9739,1.1985,True
9740,0.5459,True
9741,1.199,True
9742,0.867,True
9743,1.0425,True
9744,1.0789,True
9745,0.9863,True
9746,0.9949,True
9747,1.0593,True
9748,0.8859,True
9749,1.2146,True
9750,1.3005,True
9751,0.8403,True
9752,1.0276,True
9753,0.8524,True
9754,1.0784,True
9755,0.9731,True
9756,1.1461,True
9757,0.8635,True
9758,1.082,True
9759,0.9368,True
9760,1.3043,True
9761,1.109,True
9762,1.1699,True
9763,1.1617,True
9764,1.0567,True
9765,0.978,True
9766,1.0483,True
9767,1.0266,True
9768,0.9115,True
9769,0.8073,True
9770,0.9021,True
9771,0.8694,True
9772,0.8851,True
9773,1.1156,True
9774,1.1301,True
9775,1.1202,True
9776,0.9802,True
9777,0.9734,True
9778,0.5601,True
9779,1.0872,True
9780,0.9882,True
9781,1.4267,True
9782,1.124,True
9783,1.1892,True
9784,0.9434,True
9785,1.2583,True
9786,0.9406,True
9787,0.639,True
9788,0.6242,True
9789,0.9747,True
9790,0.9546,True
9791,1.14,True
9792,1.0446,True
9793,0.9517,True
9794,1.1989,True
9795,1.0637,True
9796,1.103,True
9797,0.795,True
9798,0.9826,True
9799,0.6658,True
9800,0.7901,True
9801,1.1274,True
9802,1.3744,True
9803,1.0887,True
9804,1.0318,True
9805,1.138,True
9806,1.1823,True
9807,0.7837,True
9808,0.808,True
9809,0.9685,True
9810,0.9282,True
9811,0.7542,True
9812,0.5689,True
9813,0.747,True
9814,1.075,True
9815,1.0946,True
9816,0.9531,True
9817,1.2518,True
9818,1.1942,True
9819,1.2659,True
9820,1.2086,True
9821,0.5548,True
9822,1.0716,True
9823,0.6803,True
9824,0.9039,True
9825,1.0274,True
9826,0.9036,True
9827,1.1301,True
9828,0.6406,True
9829,1.0123,True
9830,1.2679,True
9831,1.3386,True
9832,0.9938,True
9833,1.0888,True
9834,1.3282,True
9835,1.031,True
9836,1.3053,True
9837,0.9127,True
9838,0.9704,True
9839,0.685,True
9840,0.9039,True
9841,1.1884,True
9842,1.2683,True
9843,0.85,True
9844,1.5143,True
9845,1.1156,True
9846,0.4762,False
9847,1.0351,True
9848,1.2407,True
9849,1.3929,True
9850,1.0057,True
9851,1.0863,True
9852,1.4669,True
9853,0.7372,True
9854,1.3023,True
9855,1.4127,True
9856,1.0874,True
9857,0.8442,True
9858,0.967,True
9859,1.3156,True
9860,0.7675,True
9861,1.1349,True
9862,1.0789,True
9863,0.6866,True
9864,1.2672,True
9865,1.2418,True
9866,0.9038,True
9867,0.7833,True
9868,0.8475,True
9869,1.1925,True
9870,1.2046,True
9871,1.0236,True
9872,0.9181,True
9873,0.567,True
9874,1.1862,True
9875,1.0737,True
9876,0.7776,True
9877,1.3067,True
9878,0.9201,True
9879,1.2357,True
9880,1.1718,True
9881,0.6978,True
9882,0.6872,True
9883,1.2377,True
9884,1.1864,True
9885,0.4798,False
9886,0.7228,True
9887,0.925,True
9888,1.2154,True
9889,0.8191,True
9890,0.8426,True
9891,0.8408,True
9892,1.2062,True
9893,0.7555,True
9894,0.6805,True
9895,0.736,True
9896,0.7242,True
9897,1.1953,True
9898,1.202,True
9899,0.8702,True
9900,0.9603,True
9901,1.1737,True
9902,1.046,True
9903,1.1835,True
9904,0.7715,True
9905,1.0212,True
9906,1.1537,True
9907,0.7906,True
9908,0.9052,True
9909,1.0573,True
9910,0.6289,True
9911,1.0463,True
9912,0.7133,True
9913,1.1538,True
9914,0.8986,True
9915,1.0826,True
9916,1.1253,True
9917,1.0232,True
9918,0.4737,False
9919,0.7468,True
9920,1.1065,True
9921,0.9448,True
9922,1.1935,True
9923,0.9882,True
9924,0.9847,True
9925,1.0905,True
9926,0.9325,True
9927,1.1573,True
9928,1.0052,True
9929,0.8864,True
9930,1.0212,True
9931,0.8802,True
9932,0.9676,True
9933,0.8407,True
9934,1.1359,True
9935,1.0303,True
9936,1.3652,True
9937,1.2094,True
9938,0.8361,True
9939,1.0433,True
9940,0.8999,True
9941,0.8372,True
9942,0.9052,True
9943,0.9453,True
9944,1.3793,True
9945,1.2924,True
9946,0.9112,True
9947,0.5073,True
9948,1.0683,True
9949,0.8292,True
9950,0.9335,True
9951,0.8298,True
9952,1.4057,True
9953,0.8601,True
9954,1.0905,True
9955,1.3085,True
9956,1.0162,True
9957,1.1817,True
9958,1.2868,True
9959,0.875,True
9960,0.7725,True
9961,0.8308,True
9962,0.6668,True
9963,1.2982,True
9964,0.7514,True
9965,0.7965,True
9966,1.0973,True
9967,1.2033,True
9968,1.1295,True
9969,1.0696,True
9970,1.2207,True
9971,1.0139,True
9972,1.303,True
9973,0.7867,True
9974,0.7932,True
9975,1.0909,True
9976,0.7274,True
9977,1.097,True
9978,1.1574,True
9979,1.0087,True
9980,0.839,True
9981,0.672,True
9982,0.8717,True
9983,1.0071,True
9984,1.1554,True
9985,0.9389,True
9986,1.0751,True
9987,1.2665,True
9988,1.1193,True
9989,1.0045,True
9990,0.7754,True
9991,1.256,True
9992,1.1781,True
9993,1.4374,True
9994,0.7372,True
9995,0.8514,True
9996,1.2177,True
9997,1.2069,True
9998,0.7413,True
9999,1.2623,True
10000,1.0689,True
10001,0.8817,True
10002,1.1951,True
10003,0.8742,True
10004,1.1084,True
10005,1.04,True
10006,1.1353,True
10007,0.95,True
10008,1.2627,True
10009,0.3624,False
10010,1.2647,True
10011,0.6249,True
10012,1.356,True
10013,1.0054,True
10014,1.1482,True
10015,0.9489,True
10016,0.7883,True
10017,0.8742,True
10018,0.9453,True
10019,0.83,True
10020,1.1497,True
10021,0.9016,True
10022,0.7449,True
10023,0.7876,True
10024,0.9881,True
10025,1.1037,True
10026,0.87,True
10027,0.786,True
10028,1.4146,True
10029,1.1627,True
10030,0.8822,True
10031,1.0548,True
10032,1.1834,True
10033,1.4716,True
10034,0.6466,True
10035,0.8398,True
10036,1.3009,True
10037,1.3249,True
10038,0.9852,True
10039,0.9918,True
10040,1.1427,True
10041,1.0297,True
10042,0.904,True
10043,1.158,True
10044,0.6726,True
10045,0.3657,False
10046,1.2029,True
10047,0.7449,True
10048,0.981,True
10049,1.2746,True
10050,1.1698,True
10051,0.893,True
10052,0.9845,True
10053,0.857,True
10054,1.119,True
10055,1.0256,True
10056,0.7777,True
10057,1.0188,True
10058,1.2554,True
10059,1.499,True
10060,0.8034,True
10061,1.2,True
10062,0.509,True
10063,1.0467,True
10064,1.0669,True
10065,1.3667,True
10066,1.032,True
10067,0.949,True
10068,0.8463,True
10069,1.1468,True
10070,1.0266,True
10071,1.1802,True
10072,0.9061,True
10073,0.9085,True
10074,0.9768,True
10075,1.0381,True
10076,0.9422,True
10077,0.9121,True
10078,0.628,True
10079,1.1784,True
10080,0.7704,True
10081,0.9507,True
10082,0.9877,True
10083,0.9703,True
10084,1.1969,True
10085,0.9676,True
10086,0.6507,True
10087,0.4696,False
10088,0.9353,True
10089,1.2281,True
10090,0.8926,True
10091,1.07,True
10092,0.9428,True
10093,0.7471,True
10094,1.447,True
10095,1.3422,True
10096,1.2284,True
10097,0.9262,True
10098,1.0992,True
10099,0.6344,True
10100,0.7645,True
10101,1.0298,True
10102,1.2093,True
10103,0.7005,True
10104,1.2457,True
10105,0.5629,True
10106,0.8496,True
10107,0.643,True
10108,1.0118,True
10109,0.7767,True
10110,0.9731,True
10111,1.0829,True
10112,1.1191,True
10113,1.1476,True
10114,0.71,True
10115,0.8631,True
10116,1.189,True
10117,0.7852,True
10118,0.8633,True
10119,0.9192,True
10120,1.1462,True
10121,0.7476,True
10122,0.6492,True
10123,0.9797,True
10124,1.1608,True
10125,1.2566,True
10126,0.9503,True
10127,0.8763,True
10128,1.0913,True
10129,0.3778,False
10130,0.8732,True
10131,1.2871,True
10132,0.8614,True
10133,0.8961,True
10134,0.8039,True
10135,0.6835,True
10136,1.2533,True
10137,0.7208,True
10138,1.119,True
10139,0.4822,False
10140,1.055,True
10141,1.0185,True
10142,0.6687,True
10143,0.9399,True
10144,1.1266,True
10145,0.7552,True
10146,0.8727,True
10147,1.2251,True
10148,1.0164,True
10149,1.2413,True
10150,0.9199,True
10151,1.4354,True
10152,0.8431,True
10153,1.0269,True
10154,0.9806,True
10155,0.9605,True
10156,0.8889,True
10157,0.7336,True
10158,1.0421,True
10159,0.7764,True
10160,1.3645,True
10161,1.1674,True
10162,0.9382,True
10163,1.0991,True
10164,0.48,False
10165,1.0248,True
10166,0.8584,True
10167,1.2129,True
10168,0.6246,True
10169,1.0862,True
10170,1.2199,True
10171,0.9284,True
10172,1.0998,True
10173,1.0744,True
10174,0.8018,True
10175,0.8242,True
10176,0.6807,True
10177,1.1437,True
10178,0.8804,True
10179,0.8617,True
10180,1.0792,True
10181,1.2271,True
10182,0.6014,True
10183,1.1645,True
10184,1.2219,True
10185,0.9322,True
10186,0.9918,True
10187,1.4245,True
10188,1.0161,True
10189,1.4283,True
10190,0.9888,True
10191,0.9832,True
10192,0.9587,True
10193,1.1063,True
10194,1.3136,True
10195,1.026,True
10196,1.1055,True
10197,1.2609,True
10198,0.941,True
10199,0.5833,True
10200,0.6045,True
10201,0.8786,True
10202,0.7573,True
10203,0.6416,True
10204,1.1345,True
10205,0.6922,True
10206,0.8575,True
10207,1.0851,True
10208,1.1302,True
10209,0.9428,True
10210,0.8085,True
10211,0.884,True
10212,1.0187,True
10213,0.4423,False
10214,1.1346,True
10215,0.9303,True
10216,1.1813,True
10217,0.8434,True
10218,1.0448,True
10219,1.3094,True
10220,0.9466,True
10221,1.1581,True
10222,1.1324,True
10223,0.5549,True
10224,1.3295,True
10225,0.8423,True
10226,0.8832,True
10227,0.8247,True
10228,1.1233,True
10229,1.1484,True
10230,0.8288,True
10231,1.0979,True
10232,1.2006,True
10233,0.6052,True
10234,1.2189,True
10235,0.8738,True
10236,1.0834,True
10237,0.9708,True
10238,1.0427,True
10239,0.8843,True
10240,1.1575,True
10241,1.1509,True
10242,0.7574,True
10243,0.7777,True
10244,1.1922,True
10245,1.0441,True
10246,1.3535,True
10247,0.9928,True
10248,0.6867,True
10249,0.8925,True
10250,1.169,True
10251,1.0989,True
10252,1.1987,True
10253,1.2694,True
10254,1.1537,True
10255,0.9234,True
10256,1.0057,True
10257,1.1044,True
10258,0.9356,True
10259,0.6733,True
10260,1.1086,True
10261,0.9758,True
10262,0.8519,True
10263,0.5759,True
10264,0.7691,True
10265,1.0589,True
10266,1.1568,True
10267,0.8447,True
10268,1.2271,True
10269,1.173,True
10270,1.2835,True
10271,0.9953,True
10272,0.7734,True
10273,0.7878,True
10274,1.0555,True
10275,1.3609,True
10276,1.259,True
10277,0.7023,True
10278,0.77,True
10279,1.0333,True
10280,1.2235,True
10281,0.982,True
10282,0.9355,True
10283,0.9534,True
10284,1.2636,True
10285,1.0311,True
10286,1.1485,True
10287,1.1169,True
10288,1.2585,True
10289,0.7593,True
10290,0.8693,True
10291,1.052,True
10292,0.786,True
10293,1.0915,True
10294,1.0209,True
10295,1.0838,True
10296,0.8955,True
10297,0.8729,True
10298,0.8387,True
10299,1.0806,True
10300,0.9488,True
10301,0.9387,True
10302,1.1985,True
10303,1.0149,True
10304,1.214,True
10305,1.2779,True
10306,1.1056,True
10307,0.8951,True
10308,0.9851,True
10309,1.0927,True
10310,1.0059,True
10311,1.1468,True
10312,1.0589,True
10313,1.0089,True
10314,0.9117,True
10315,0.8817,True
10316,1.2056,True
10317,1.0483,True
10318,1.194,True
10319,1.1702,True
10320,0.8058,True
10321,1.1344,True
10322,0.6624,True
10323,1.2946,True
10324,1.2772,True
10325,0.9037,True
10326,1.1606,True
10327,0.8942,True
10328,1.2103,True
10329,1.045,True
10330,1.2695,True
10331,1.4864,True
10332,0.8105,True
10333,1.0247,True
10334,0.8268,True
10335,1.3311,True
10336,1.2516,True
10337,0.6741,True
10338,0.7386,True
10339,0.812,True
10340,0.9371,True
10341,0.7478,True
10342,1.3868,True
10343,0.679,True
10344,1.204,True
10345,1.064,True
10346,1.2332,True
10347,1.1958,True
10348,1.0383,True
10349,1.1049,True
10350,0.8608,True
10351,1.226,True
10352,1.2747,True
10353,0.9148,True
10354,1.1184,True
10355,1.2652,True
10356,1.1566,True
10357,0.5483,True
10358,1.193,True
10359,0.8304,True
10360,0.9649,True
10361,1.2094,True
10362,0.7353,True
10363,0.9306,True
10364,0.7801,True
10365,0.8629,True
10366,0.5918,True
10367,0.7871,True
10368,1.174,True
10369,0.7621,True
10370,0.8384,True
10371,1.0168,True
10372,0.7698,True
10373,0.8971,True
10374,1.0058,True
10375,1.0847,True
10376,1.1232,True
10377,1.0915,True
10378,1.2521,True
10379,1.1574,True
10380,0.5886,True
10381,1.0758,True
10382,1.3393,True
10383,0.9325,True
10384,0.9841,True
10385,0.4083,False
10386,1.1802,True
10387,1.1979,True
10388,1.0964,True
10389,0.743,True
10390,1.0109,True
10391,1.2206,True
10392,0.6057,True
10393,1.1825,True
10394,0.8344,True
10395,0.7456,True
10396,0.7069,True
10397,1.0422,True
10398,1.0189,True
10399,0.5802,True
10400,0.9988,True
10401,1.1426,True
10402,1.4451,True
10403,0.9854,True
10404,0.5692,True
10405,1.0052,True
10406,1.267,True
10407,1.149,True
10408,0.6883,True
10409,0.8548,True
10410,0.6981,True
10411,0.7744,True
10412,0.9802,True
10413,1.1435,True
10414,1.0018,True
10415,1.0845,True
10416,1.08,True
10417,0.8825,True
10418,1.161,True
10419,1.1161,True
10420,0.8469,True
10421,0.6499,True
10422,0.5248,True
10423,0.771,True
10424,1.0149,True
10425,0.9892,True
10426,0.7075,True
10427,1.1543,True
10428,1.1232,True
10429,0.7559,True
10430,0.6936,True
10431,0.8836,True
10432,1.0584,True
10433,0.8973,True
10434,0.6301,True
10435,0.9693,True
10436,1.1992,True
10437,1.4411,True
10438,0.4576,False
10439,0.8289,True
10440,0.7857,True
10441,1.1996,True
10442,0.8015,True
10443,1.1025,True
10444,1.0731,True
10445,1.0459,True
10446,0.9659,True
10447,1.1438,True
10448,0.9499,True
10449,1.19,True
10450,1.0233,True
10451,1.0231,True
10452,0.6048,True
10453,1.2851,True
10454,1.3286,True
10455,0.3991,False
10456,1.0436,True
10457,1.0459,True
10458,0.6242,True
10459,1.1677,True
10460,1.144,True
10461,1.2526,True
10462,0.9072,True
10463,0.6539,True
10464,0.7105,True
10465,1.2127,True
10466,0.9463,True
10467,1.1164,True
10468,0.5521,True
10469,1.2625,True
10470,1.3527,True
10471,0.4365,False
10472,0.8783,True
10473,0.6728,True
10474,1.2009,True
10475,0.9059,True
10476,1.1996,True
10477,0.7774,True
10478,0.6941,True
10479,1.1687,True
10480,0.4425,False
10481,0.9446,True
10482,1.2991,True
10483,1.093,True
10484,1.1037,True
10485,0.6904,True
10486,0.9914,True
10487,0.9832,True
10488,1.0595,True
10489,0.8437,True
10490,1.0172,True
10491,1.2824,True
10492,0.6516,True
10493,0.8732,True
10494,1.1697,True
10495,1.0211,True
10496,0.8568,True
10497,1.0573,True
10498,1.1233,True
10499,0.4748,False
10500,0.5044,True
10501,0.4623,False
10502,1.1157,True
10503,0.6292,True
10504,1.1255,True
10505,1.2221,True
10506,1.0457,True
10507,0.9862,True
10508,1.3188,True
10509,1.2443,True
10510,1.0679,True
10511,1.3474,True
10512,1.206,True
10513,0.7612,True
10514,1.136,True
10515,0.6454,True
10516,0.8732,True
10517,0.7039,True
10518,0.9634,True
10519,0.9925,True
10520,1.0079,True
10521,1.1963,True
10522,1.0473,True
10523,1.0532,True
10524,1.0034,True
10525,1.0797,True
10526,1.2137,True
10527,1.3068,True
10528,0.5811,True
10529,1.1214,True
10530,1.2765,True
10531,0.5583,True
10532,0.7143,True
10533,1.1095,True
10534,1.0636,True
10535,0.703,True
10536,0.7116,True
10537,0.92,True
10538,0.9246,True
10539,0.8728,True
10540,0.6067,True
10541,1.2553,True
10542,1.4935,True
10543,1.0936,True
10544,1.3216,True
10545,0.5209,True
10546,1.3387,True
10547,0.8654,True
10548,0.841,True
10549,1.3507,True
10550,1.0184,True
10551,0.9802,True
10552,0.873,True
10553,0.8274,True
10554,0.7973,True
10555,0.8898,True
10556,0.8439,True
10557,0.9848,True
10558,0.9962,True
10559,1.1541,True
10560,1.2225,True
10561,0.8126,True
10562,1.2649,True
10563,1.2474,True
10564,1.271,True
10565,1.1062,True
10566,1.2528,True
10567,1.0873,True
10568,0.4431,False
10569,1.4009,True
10570,1.2209,True
10571,0.693,True
10572,1.0124,True
10573,1.3626,True
10574,1.1507,True
10575,0.9941,True
10576,0.9185,True
10577,1.2957,True
10578,1.0416,True
10579,0.7796,True
10580,1.1847,True
10581,1.1412,True
10582,0.9267,True
10583,0.8364,True
10584,0.9121,True
10585,0.9026,True
10586,1.191,True
10587,1.0,True
10588,0.7576,True
10589,0.6322,True
10590,1.131,True
10591,0.6124,True
10592,1.3112,True
10593,0.8298,True
10594,1.2622,True
10595,0.8094,True
10596,0.7041,True
10597,0.8345,True
10598,0.9853,True
10599,0.7644,True
10600,0.8459,True
10601,0.7287,True
10602,1.1757,True
10603,0.7534,True
10604,0.8746,True
10605,1.1122,True
10606,1.0425,True
10607,0.836,True
10608,1.0474,True
10609,1.1651,True
10610,1.2341,True
10611,0.829,True
10612,0.8071,True
10613,0.5634,True
10614,1.0671,True
10615,1.2651,True
10616,0.9464,True
10617,0.9016,True
10618,1.2598,True
10619,1.1269,True
10620,1.0093,True
10621,1.1105,True
10622,1.5834,True
10623,1.1546,True
10624,0.8055,True
10625,0.9873,True
10626,0.4847,False
10627,0.6815,True
10628,1.1059,True
10629,1.2203,True
10630,0.9347,True
10631,0.8448,True
10632,1.1629,True
10633,1.0207,True
10634,0.9861,True
10635,1.2378,True
10636,1.1289,True
10637,1.1476,True
10638,1.2211,True
10639,0.6787,True
10640,0.8256,True
10641,0.6447,True
10642,1.4459,True
10643,0.6795,True
10644,0.6617,True
10645,0.9284,True
10646,0.7409,True
10647,0.559,True
10648,0.9267,True
10649,1.3932,True
10650,1.312,True
10651,0.7867,True
10652,0.7339,True
10653,1.0018,True
10654,0.624,True
10655,1.1868,True
10656,0.5825,True
10657,1.3425,True
10658,0.8076,True
10659,1.0929,True
10660,0.5089,True
10661,1.3489,True
10662,1.0472,True
10663,0.8611,True
10664,1.108,True
10665,0.7308,True
10666,1.1425,True
10667,1.0696,True
10668,0.7385,True
10669,0.9027,True
10670,0.8538,True
10671,1.1805,True
10672,1.0711,True
10673,0.7954,True
10674,0.6024,True
10675,0.8217,True
10676,1.3348,True
10677,1.0534,True
10678,1.2571,True
10679,0.9218,True
10680,0.7797,True
10681,0.9677,True
10682,1.2765,True
10683,0.817,True
10684,0.8857,True
10685,0.7373,True
10686,1.1517,True
10687,1.0069,True
10688,0.9816,True
10689,1.2514,True
10690,1.2634,True
10691,1.0722,True
10692,0.9971,True
10693,1.0925,True
10694,0.6439,True
10695,1.2696,True
10696,0.6595,True
10697,0.9334,True
10698,0.9346,True
10699,0.9882,True
10700,0.9046,True
10701,1.3249,True
10702,1.2334,True
10703,1.2676,True
10704,0.6162,True
10705,0.814,True
10706,1.2585,True
10707,1.4107,True
10708,0.9419,True
10709,0.6978,True
10710,1.0641,True
10711,0.904,True
10712,1.52,True
10713,1.0641,True
10714,1.2499,True
10715,1.5173,True
10716,0.9021,True
10717,1.1553,True
10718,1.1419,True
10719,1.0121,True
10720,1.1138,True
10721,0.6569,True
10722,0.8032,True
10723,1.0623,True
10724,1.025,True
10725,0.9881,True
10726,1.0298,True
10727,1.3899,True
10728,0.7741,True
10729,0.9684,True
10730,1.3028,True
10731,0.578,True
10732,0.9106,True
10733,0.9768,True
10734,0.4033,False
10735,1.3192,True
10736,0.9589,True
10737,1.3574,True
10738,0.9474,True
10739,1.0393,True
10740,1.034,True
10741,0.5015,True
10742,0.9286,True
10743,1.0118,True
10744,0.8307,True
10745,1.1165,True
10746,0.9986,True
10747,1.1049,True
10748,0.9236,True
10749,1.0661,True
10750,1.1728,True
10751,0.9148,True
10752,0.9742,True
10753,0.5882,True
10754,0.4596,False
10755,1.158,True
10756,1.298,True
10757,0.8815,True
10758,1.0861,True
10759,1.0261,True
10760,0.6996,True
10761,0.8939,True
10762,0.8125,True
10763,0.8277,True
10764,0.9288,True
10765,0.9721,True
10766,1.1506,True
10767,0.8621,True
10768,1.0038,True
10769,1.0813,True
10770,1.2154,True
10771,0.9693,True
10772,0.9377,True
10773,1.1262,True
10774,0.9503,True
10775,0.7377,True
10776,0.8812,True
10777,0.6753,True
10778,0.9848,True
10779,1.4134,True
10780,1.2663,True
10781,1.1062,True
10782,0.9892,True
10783,0.7302,True
10784,0.8782,True
10785,0.9146,True
10786,1.3641,True
10787,1.2612,True
10788,1.3122,True
10789,1.4483,True
10790,0.85,True
10791,0.9783,True
10792,0.7916,True
10793,1.2946,True
10794,1.1545,True
10795,1.2404,True
10796,1.1619,True
10797,0.9523,True
10798,1.087,True
10799,0.6109,True
10800,0.9703,True
10801,1.0117,True
10802,1.2098,True
10803,0.4576,False
10804,0.9548,True
10805,1.1033,True
10806,0.6511,True
10807,0.8226,True
10808,1.3668,True
10809,1.2762,True
10810,1.0101,True
10811,0.6213,True
10812,1.2116,True
10813,1.1979,True
10814,0.7805,True
10815,0.8324,True
10816,0.8902,True
10817,0.6901,True
10818,0.9506,True
10819,1.1948,True
10820,1.1745,True
10821,0.9689,True
10822,1.2768,True
10823,1.2618,True
10824,0.8632,True
10825,0.4327,False
10826,1.067,True
10827,1.2131,True
10828,0.8757,True
10829,0.9571,True
10830,0.8268,True
10831,1.1584,True
10832,1.315,True
10833,0.8552,True
10834,0.5191,True
10835,0.7232,True
10836,1.1091,True
10837,0.8134,True
10838,1.1242,True
10839,1.3198,True
10840,1.1071,True
10841,0.9994,True
10842,1.2705,True
10843,1.3796,True
10844,1.2921,True
10845,0.9822,True
10846,1.1426,True
10847,1.3748,True
10848,1.0886,True
10849,0.7705,True
10850,1.0049,True
10851,1.1116,True
10852,0.6292,True
10853,0.6101,True
10854,0.8006,True
10855,1.0889,True
10856,0.9454,True
10857,1.3692,True
10858,1.2354,True
10859,0.8635,True
10860,1.2484,True
10861,0.8814,True
10862,1.205,True
10863,1.2084,True
10864,1.2181,True
10865,0.8773,True
10866,0.994,True
10867,1.1592,True
10868,1.1236,True
10869,1.1384,True
10870,0.8471,True
10871,0.9871,True
10872,1.025,True
10873,0.7197,True
10874,0.6322,True
10875,0.7497,True
10876,0.9949,True
10877,0.8613,True
10878,0.9471,True
10879,1.1019,True
10880,1.0649,True
10881,1.0764,True
10882,1.1079,True
10883,0.9525,True
10884,0.9217,True
10885,1.3642,True
10886,0.8709,True
10887,1.1079,True
10888,0.6932,True
10889,0.9201,True
10890,0.9965,True
10891,0.9092,True
10892,0.8532,True
10893,1.1664,True
10894,1.2801,True
10895,0.903,True
10896,1.0671,True
10897,1.2752,True
10898,0.2369,False
10899,1.1788,True
10900,1.0865,True
10901,0.9552,True
10902,0.9524,True
10903,1.3383,True
10904,1.1125,True
10905,0.9502,True
10906,1.2952,True
10907,1.237,True
10908,1.0354,True
10909,0.6153,True
10910,0.7277,True
10911,0.9623,True
10912,0.4451,False
10913,0.7027,True
10914,0.9793,True
10915,0.7428,True
10916,1.0537,True
10917,0.875,True
10918,0.7593,True
10919,1.1914,True
10920,0.8046,True
10921,1.217,True
10922,0.7908,True
10923,1.135,True
10924,1.3265,True
10925,0.9067,True
10926,1.3148,True
10927,1.1837,True
10928,0.8292,True
10929,1.0027,True
10930,1.1308,True
10931,1.153,True
10932,1.3728,True
10933,1.0072,True
10934,1.0291,True
10935,1.1106,True
10936,0.8725,True
10937,1.0584,True
10938,0.7587,True
10939,1.0432,True
10940,1.1931,True
10941,1.3264,True
10942,0.6189,True
10943,0.9779,True
10944,0.9923,True
10945,0.8375,True
10946,1.4548,True
10947,1.2657,True
10948,1.2834,True
10949,0.6226,True
10950,0.8161,True
10951,0.7909,True
10952,1.5313,True
10953,1.3912,True
10954,0.8311,True
10955,1.3612,True
10956,0.6734,True
10957,0.7049,True
10958,0.7277,True
10959,0.6356,True
10960,1.1816,True
10961,0.9424,True
10962,1.0899,True
10963,1.3143,True
10964,1.0026,True
10965,1.3556,True
10966,0.5435,True
10967,0.6884,True
10968,1.076,True
10969,1.2637,True
10970,0.7828,True
10971,1.1785,True
10972,0.4302,False
10973,0.822,True
10974,1.1523,True
10975,1.1478,True
10976,1.292,True
10977,0.884,True
10978,1.0422,True
10979,1.2381,True
10980,1.1314,True
10981,1.0948,True
10982,1.0053,True
10983,1.1142,True
10984,0.7346,True
10985,1.2729,True
10986,1.1734,True
10987,1.2994,True
10988,1.0808,True
10989,1.0799,True
10990,1.0429,True
10991,0.6549,True
10992,0.7273,True
10993,1.0597,True
10994,1.0287,True
10995,1.1629,True
10996,1.376,True
10997,0.7468,True
10998,1.4648,True
10999,1.2641,True
11000,0.8101,True
11001,0.4125,False
11002,1.3122,True
11003,0.8859,True
11004,0.7535,True
11005,1.021,True
11006,0.6387,True
11007,0.9248,True
11008,1.0205,True
11009,1.1341,True
11010,1.0213,True
11011,0.7492,True
11012,0.6122,True
11013,0.9581,True
11014,1.0467,True
11015,0.9619,True
11016,0.558,True
11017,0.9294,True
11018,0.9524,True
11019,1.3468,True
11020,1.074,True
11021,0.9414,True
11022,1.1063,True
11023,0.9926,True
11024,1.0453,True
11025,0.9221,True
11026,1.0213,True
11027,1.1261,True
11028,1.0682,True
11029,0.8029,True
11030,1.2447,True
11031,1.1867,True
11032,0.8636,True
11033,1.0921,True
11034,0.7566,True
11035,0.9232,True
11036,1.2817,True
11037,0.9615,True
11038,0.6813,True
11039,0.7983,True
11040,0.8286,True
11041,1.2082,True
11042,0.793,True
11043,0.5733,True
11044,1.1185,True
11045,1.3781,True
11046,1.06,True
11047,0.9433,True
11048,0.7725,True
11049,1.1174,True
11050,0.8533,True
11051,1.3941,True
11052,1.2677,True
11053,1.275,True
11054,0.9986,True
11055,1.0671,True
11056,1.074,True
11057,1.2076,True
11058,1.0171,True
11059,1.0425,True
11060,0.5892,True
11061,0.6182,True
11062,0.9725,True
11063,0.56,True
11064,0.6885,True
11065,1.4351,True
11066,1.0224,True
11067,0.97,True
11068,1.3622,True
11069,1.2601,True
11070,0.7776,True
11071,0.6185,True
11072,1.0238,True
11073,1.4714,True
11074,0.8415,True
11075,0.7932,True
11076,1.2716,True
11077,1.0281,True
11078,1.1155,True
11079,0.6832,True
11080,1.0982,True
11081,1.0404,True
11082,0.6815,True
11083,1.0618,True
11084,0.6657,True
11085,0.9708,True
11086,1.3857,True
11087,1.3649,True
11088,1.2989,True
11089,1.0744,True
11090,0.5916,True
11091,1.1297,True
11092,1.0737,True
11093,0.9557,True
11094,0.9886,True
11095,1.1412,True
11096,0.545,True
11097,0.9983,True
11098,0.5521,True
11099,1.2218,True
11100,0.8851,True
11101,1.1209,True
11102,0.7922,True
11103,1.1647,True
11104,0.5742,True
11105,1.5535,True
11106,0.9386,True
11107,0.6273,True
11108,1.1838,True
11109,0.9777,True
11110,0.9083,True
11111,0.4409,False
11112,0.8085,True
11113,1.2968,True
11114,1.1678,True
11115,0.8272,True
11116,1.0366,True
11117,1.3993,True
11118,1.0507,True
11119,0.5833,True
11120,1.1653,True
11121,0.8409,True
11122,1.4012,True
11123,1.0777,True
11124,0.7295,True
11125,0.9776,True
11126,0.9643,True
11127,1.0598,True
11128,0.9559,True
11129,0.7846,True
11130,0.9143,True
11131,0.8197,True
11132,0.817,True
11133,0.9049,True
11134,0.9217,True
11135,1.375,True
11136,1.5317,True
11137,1.244,True
11138,0.8412,True
11139,0.6708,True
11140,0.5149,True
11141,0.888,True
11142,0.8692,True
11143,1.251,True
11144,1.1582,True
11145,1.1856,True
11146,0.8321,True
11147,0.5463,True
11148,0.5432,True
11149,0.598,True
11150,1.2675,True
11151,0.9845,True
11152,1.2281,True
11153,1.0202,True
11154,0.8818,True
11155,1.0678,True
11156,1.057,True
11157,0.7175,True
11158,1.2418,True
11159,0.8416,True
11160,1.232,True
11161,1.0324,True
11162,0.739,True
11163,0.9456,True
11164,0.832,True
11165,1.1556,True
11166,1.2214,True
11167,1.0426,True
11168,0.957,True
11169,0.8189,True
11170,0.9049,True
11171,1.3657,True
11172,1.2516,True
11173,1.1362,True
11174,1.1841,True
11175,0.7704,True
11176,0.9221,True
11177,1.1908,True
11178,1.0721,True
11179,1.2473,True
11180,0.7405,True
11181,0.9136,True
11182,0.9051,True
11183,0.8321,True
11184,1.1244,True
11185,1.1444,True
11186,1.3368,True
11187,0.8765,True
11188,1.0176,True
11189,1.347,True
11190,0.4106,False
11191,1.2793,True
11192,0.8494,True
11193,1.0428,True
11194,1.1269,True
11195,1.1507,True
11196,0.9114,True
11197,0.9876,True
11198,1.1041,True
11199,1.0933,True
11200,1.3299,True
11201,0.9531,True
11202,0.9615,True
11203,1.0871,True
11204,1.1565,True
11205,1.223,True
11206,1.0547,True
11207,1.0617,True
11208,1.0722,True
11209,1.2349,True
11210,1.1125,True
11211,0.8393,True
11212,0.9961,True
11213,0.9972,True
11214,1.1329,True
11215,0.7582,True
11216,1.0789,True
11217,1.1333,True
11218,1.0337,True
11219,1.2709,True
11220,1.2704,True
11221,0.8445,True
11222,0.9081,True
11223,1.1556,True
11224,1.1218,True
11225,1.2438,True
11226,0.713,True
11227,1.2577,True
11228,0.8386,True
11229,0.8121,True
11230,0.871,True
11231,1.0237,True
11232,0.972,True
11233,1.0353,True
11234,1.3886,True
11235,1.0149,True
11236,0.9354,True
11237,1.1613,True
11238,1.1318,True
11239,0.7092,True
11240,1.2124,True
11241,0.5663,True
11242,1.2989,True
11243,0.8517,True
11244,1.1545,True
11245,1.0756,True
11246,0.7658,True
11247,1.0592,True
11248,0.9863,True
11249,1.3394,True
11250,0.8532,True
11251,0.8501,True
11252,0.9788,True
11253,0.7257,True
11254,1.0679,True
11255,0.6366,True
11256,1.1103,True
11257,0.9945,True
11258,1.2908,True
11259,0.9769,True
11260,0.9087,True
11261,0.9445,True
11262,0.8727,True
11263,1.1055,True
11264,1.0491,True
11265,1.0115,True
11266,1.1004,True
11267,0.9804,True
11268,0.5777,True
11269,0.7633,True
11270,0.8457,True
11271,0.8553,True
11272,1.1864,True
11273,1.0053,True
11274,1.2645,True
11275,0.8581,True
11276,1.4484,True
11277,1.0888,True
11278,0.8966,True
11279,1.1622,True
11280,1.0913,True
11281,1.1805,True
11282,0.8917,True
11283,0.8377,True
11284,1.2369,True
11285,0.86,True
11286,1.1359,True
11287,0.9252,True
11288,0.7056,True
11289,0.8958,True
11290,0.8057,True
11291,1.3394,True
11292,1.1896,True
11293,0.3835,False
11294,1.0288,True
11295,1.1339,True
11296,0.877,True
11297,1.0612,True
11298,0.9802,True
11299,1.0004,True
11300,1.1362,True
11301,0.9703,True
11302,1.2122,True
11303,0.672,True
11304,1.2284,True
11305,0.9778,True
11306,1.1208,True
11307,1.1503,True
11308,0.8943,True
11309,1.1232,True
11310,0.6628,True
11311,0.8857,True
11312,0.5419,True
11313,1.3782,True
11314,0.7464,True
11315,1.1537,True
11316,0.6548,True
11317,1.2404,True
11318,1.0674,True
11319,0.6396,True
11320,1.1554,True
11321,1.0199,True
11322,1.2626,True
11323,0.8444,True
11324,1.2882,True
11325,0.8897,True
11326,1.0254,True
11327,0.7871,True
11328,0.948,True
11329,1.2747,True
11330,1.3019,True
11331,1.2496,True
11332,0.8401,True
11333,1.3659,True
11334,1.1054,True
11335,0.9035,True
11336,0.9204,True
11337,0.8805,True
11338,1.0594,True
11339,1.204,True
11340,1.0046,True
11341,0.898,True
11342,1.2107,True
11343,0.8971,True
11344,0.9285,True
11345,1.1452,True
11346,0.824,True
11347,0.8614,True
11348,0.9296,True
11349,1.0961,True
11350,0.9021,True
11351,1.1981,True
11352,0.5898,True
11353,0.514,True
11354,0.4975,False
11355,0.6803,True
11356,1.1975,True
11357,0.9279,True
11358,1.1728,True
11359,1.2978,True
11360,0.5153,True
11361,0.7498,True
11362,1.3845,True
11363,1.0037,True
11364,0.9003,True
11365,0.8637,True
11366,0.9116,True
11367,1.081,True
11368,1.1215,True
11369,1.0145,True
11370,1.2011,True
11371,0.7318,True
11372,1.0489,True
11373,1.2218,True
11374,1.2108,True
11375,0.8853,True
11376,0.9332,True
11377,1.0207,True
11378,0.7211,True
11379,0.8885,True
11380,0.8159,True
11381,0.9483,True
11382,1.036,True
11383,0.6839,True
11384,1.403,True
11385,1.1361,True
11386,1.0192,True
11387,1.0503,True
11388,0.7519,True
11389,0.6659,True
11390,1.1062,True
11391,0.7962,True
11392,0.9443,True
11393,0.9254,True
11394,1.1249,True
11395,0.8096,True
11396,0.2596,False
11397,1.2166,True
11398,1.0916,True
11399,0.7852,True
11400,1.1417,True
11401,1.2371,True
11402,0.8741,True
11403,1.1627,True
11404,1.2451,True
11405,1.2021,True
11406,0.7816,True
11407,0.4861,False
11408,1.3514,True
11409,0.5902,True
11410,1.0895,True
11411,0.4749,False
11412,0.9192,True
11413,1.0113,True
11414,0.82,True
11415,1.1816,True
11416,0.9374,True
11417,1.2783,True
11418,0.9569,True
11419,1.1451,True
11420,1.1101,True
11421,1.2162,True
11422,0.5107,True
11423,0.7115,True
11424,1.0954,True
11425,1.0436,True
11426,1.1674,True
11427,1.0017,True
11428,1.0974,True
11429,1.4151,True
11430,0.7291,True
11431,0.5333,True
11432,0.8407,True
11433,0.9762,True
11434,0.8958,True
11435,0.8149,True
11436,1.0976,True
11437,0.8542,True
11438,0.8273,True
11439,0.8134,True
11440,0.9263,True
11441,1.1936,True
11442,1.218,True
11443,1.1125,True
11444,0.4684,False
11445,1.0166,True
11446,0.7021,True
11447,1.2341,True
11448,1.1167,True
11449,1.1567,True
11450,0.9491,True
11451,0.8852,True
11452,1.1615,True
11453,0.6257,True
11454,0.73,True
11455,0.8024,True
11456,1.0828,True
11457,0.9215,True
11458,0.658,True
11459,0.3481,False
11460,0.8617,True
11461,1.2345,True
11462,1.1512,True
11463,0.8818,True
11464,1.0413,True
11465,0.9277,True
11466,0.983,True
11467,1.1257,True
11468,0.936,True
11469,1.0007,True
11470,1.3034,True
11471,1.3861,True
11472,0.6086,True
11473,0.9048,True
11474,0.5452,True
11475,1.2287,True
11476,1.371,True
11477,0.9294,True
11478,1.1963,True
11479,0.9527,True
11480,0.7304,True
11481,0.9012,True
11482,0.8533,True
11483,1.1737,True
11484,0.976,True
11485,1.3891,True
11486,0.7906,True
11487,1.0451,True
11488,1.033,True
11489,1.0866,True
11490,0.5774,True
11491,1.0491,True
11492,0.821,True
11493,0.3475,False
11494,0.8918,True
11495,0.9943,True
11496,0.7547,True
11497,0.96,True
11498,0.9827,True
11499,0.7628,True
11500,0.8086,True
11501,0.971,True
11502,0.988,True
11503,0.6998,True
11504,0.854,True
11505,0.5943,True
11506,0.664,True
11507,1.2826,True
11508,0.9161,True
11509,1.1517,True
11510,0.8873,True
11511,1.2454,True
11512,0.4614,False
11513,1.0431,True
11514,1.1338,True
11515,1.2335,True
11516,0.6477,True
11517,1.0517,True
11518,1.1106,True
11519,1.2264,True
11520,1.0757,True
11521,1.1975,True
11522,1.0331,True
11523,1.0032,True
11524,0.9257,True
11525,0.7261,True
11526,0.8194,True
11527,1.242,True
11528,0.5956,True
11529,1.1649,True
11530,1.0483,True
11531,0.7301,True
11532,0.8814,True
11533,0.852,True
11534,1.0316,True
11535,1.248,True
11536,0.7499,True
11537,0.8223,True
11538,0.8197,True
11539,1.2332,True
11540,0.9971,True
11541,1.0424,True
11542,0.8585,True
11543,0.8985,True
11544,1.0148,True
11545,0.9337,True
11546,0.8526,True
11547,1.2637,True
11548,0.5229,True
11549,1.2039,True
11550,1.0488,True
11551,0.6664,True
11552,1.1995,True
11553,0.6709,True
11554,0.8388,True
11555,0.8801,True
11556,0.7694,True
11557,1.1856,True
11558,0.9761,True
11559,1.301,True
11560,1.1386,True
11561,1.0581,True
11562,0.6117,True
11563,0.8823,True
11564,0.7805,True
11565,1.2893,True
11566,0.9778,True
11567,0.9634,True
11568,1.1704,True
11569,1.0911,True
11570,1.1114,True
11571,0.8541,True
11572,0.9478,True
11573,0.9869,True
11574,1.074,True
11575,0.8767,True
11576,0.9641,True
11577,0.8612,True
11578,1.0287,True
11579,0.909,True
11580,0.8597,True
11581,0.8455,True
11582,0.4683,False
11583,0.9692,True
11584,0.9388,True
11585,0.9906,True
11586,0.799,True
11587,1.1497,True
11588,0.9431,True
11589,0.8307,True
11590,1.1611,True
11591,1.2434,True
11592,1.0063,True
11593,1.4404,True
11594,0.9665,True
11595,0.7891,True
11596,1.502,True
11597,1.0395,True
11598,0.9235,True
11599,1.1676,True
11600,1.0513,True
11601,0.7452,True
11602,1.0266,True
11603,0.798,True
11604,1.3547,True
11605,0.8805,True
11606,1.0105,True
11607,0.7455,True
11608,0.9496,True
11609,0.8631,True
11610,0.8415,True
11611,0.8215,True
11612,1.0588,True
11613,1.025,True
11614,0.7991,True
11615,1.2306,True
11616,0.7859,True
11617,1.2616,True
11618,0.7784,True
11619,0.5709,True
11620,1.2461,True
11621,0.8662,True
11622,0.7739,True
11623,0.4343,False
11624,0.8455,True
11625,0.9386,True
11626,1.0679,True
11627,0.7787,True
11628,1.2097,True
11629,1.0578,True
11630,1.0018,True
11631,0.7605,True
11632,1.1347,True
11633,1.3995,True
11634,0.9129,True
11635,1.0598,True
11636,0.9678,True
11637,0.7095,True
11638,0.6841,True
11639,0.8264,True
11640,1.0543,True
11641,1.1289,True
11642,0.8956,True
11643,0.7315,True
11644,0.8474,True
11645,0.839,True
11646,0.9519,True
11647,0.4976,False
11648,0.633,True
11649,0.9624,True
11650,1.0336,True
11651,0.6585,True
11652,0.8464,True
11653,0.9738,True
11654,1.0761,True
11655,1.0194,True
11656,0.8496,True
11657,0.8538,True
11658,0.8577,True
11659,1.1069,True
11660,1.478,True
11661,1.1051,True
11662,0.7732,True
11663,1.2032,True
11664,0.775,True
11665,0.96,True
11666,0.6019,True
11667,0.7887,True
11668,1.1815,True
11669,0.8784,True
11670,1.0628,True
11671,0.8406,True
11672,0.7615,True
11673,0.9485,True
11674,0.7062,True
11675,0.8703,True
11676,1.1726,True
11677,0.6641,True
11678,1.2313,True
11679,1.2278,True
11680,1.356,True
11681,0.6111,True
11682,0.8209,True
11683,0.9719,True
11684,1.0192,True
11685,0.9852,True
11686,0.6773,True
11687,0.9428,True
11688,0.9944,True
11689,1.2789,True
11690,0.9514,True
11691,1.1555,True
11692,0.761,True
11693,0.6491,True
11694,1.2346,True
11695,1.3705,True
11696,1.2364,True
11697,1.1476,True
11698,1.2296,True
11699,0.9222,True
11700,0.6108,True
11701,1.0675,True
11702,0.568,True
11703,0.675,True
11704,1.2154,True
11705,0.9949,True
11706,1.5534,True
11707,0.7514,True
11708,1.0281,True
11709,1.3832,True
11710,0.8725,True
11711,1.2537,True
11712,1.0026,True
11713,0.999,True
11714,1.3801,True
11715,0.7237,True
11716,1.1247,True
11717,0.8462,True
11718,1.2004,True
11719,0.7941,True
11720,0.9285,True
11721,1.1352,True
11722,1.0635,True
11723,1.352,True
11724,1.0776,True
11725,1.2026,True
11726,1.1399,True
11727,0.7425,True
11728,0.8385,True
11729,0.7274,True
11730,0.7796,True
11731,0.9197,True
11732,0.8104,True
11733,1.4949,True
11734,0.8481,True
11735,1.0975,True
11736,1.0502,True
11737,1.1536,True
11738,0.9773,True
11739,1.3315,True
11740,1.3949,True
11741,0.8291,True
11742,1.2448,True
11743,1.0786,True
11744,1.0163,True
11745,1.2021,True
11746,0.8678,True
11747,1.1161,True
11748,1.1028,True
11749,0.7082,True
11750,0.638,True
11751,1.0479,True
11752,0.702,True
11753,1.074,True
11754,0.9672,True
11755,1.0146,True
11756,0.9795,True
11757,0.8431,True
11758,1.0395,True
11759,0.9132,True
11760,1.102,True
11761,0.4228,False
11762,1.117,True
11763,0.8275,True
11764,0.9834,True
11765,0.7566,True
11766,1.0216,True
11767,1.259,True
11768,1.0761,True
11769,0.8359,True
11770,0.9736,True
11771,0.7279,True
11772,0.9354,True
11773,1.4224,True
11774,1.1221,True
11775,0.7027,True
11776,1.0918,True
11777,1.1296,True
11778,0.9574,True
11779,0.8193,True
11780,0.8413,True
11781,1.3329,True
11782,1.097,True
11783,0.6444,True
11784,0.85,True
11785,0.4915,False
11786,0.7954,True
11787,0.5223,True
11788,0.9282,True
11789,0.9203,True
11790,0.935,True
11791,0.9845,True
11792,0.6917,True
11793,1.317,True
11794,0.6027,True
11795,1.3834,True
11796,1.1262,True
11797,1.12,True
11798,1.2657,True
11799,1.2051,True
11800,1.1051,True
11801,0.8621,True
11802,1.0735,True
11803,1.0778,True
11804,0.9255,True
11805,0.9903,True
11806,1.273,True
11807,1.1909,True
11808,0.5925,True
11809,1.0252,True
11810,0.9978,True
11811,1.0056,True
11812,0.8216,True
11813,0.6836,True
11814,0.7252,True
11815,0.6141,True
11816,0.7755,True
11817,0.935,True
11818,0.5855,True
11819,1.0193,True
11820,0.8699,True
11821,1.2159,True
11822,1.1564,True
11823,0.9641,True
11824,0.7133,True
11825,1.3001,True
11826,1.0803,True
11827,0.9235,True
11828,1.2211,True
11829,1.0869,True
11830,1.2203,True
11831,0.9443,True
11832,1.066,True
11833,1.0358,True
11834,1.1331,True
11835,1.1855,True
11836,1.415,True
11837,1.2075,True
11838,1.1989,True
11839,1.0352,True
11840,0.6909,True
11841,0.8245,True
11842,1.3997,True
11843,1.2917,True
11844,1.0035,True
11845,1.223,True
11846,0.9856,True
11847,1.0467,True
11848,1.3804,True
11849,0.9903,True
11850,1.0268,True
11851,1.5094,True
11852,0.9419,True
11853,1.0706,True
11854,0.7991,True
11855,1.103,True
11856,1.0617,True
11857,1.0455,True
11858,1.0805,True
11859,1.006,True
11860,0.79,True
11861,1.0895,True
11862,0.7731,True
11863,1.2681,True
11864,0.943,True
11865,1.0592,True
11866,1.2519,True
11867,1.1038,True
11868,1.0626,True
11869,1.1919,True
11870,0.5494,True
11871,0.9084,True
11872,1.0651,True
11873,1.1272,True
11874,0.8626,True
11875,0.7957,True
11876,0.7705,True
11877,0.7465,True
11878,1.304,True
11879,0.9035,True
11880,0.9267,True
11881,0.4433,False
11882,0.807,True
11883,0.5956,True
11884,0.9488,True
11885,0.8648,True
11886,1.2246,True
11887,0.7666,True
11888,0.7736,True
11889,1.0214,True
11890,1.1409,True
11891,1.0421,True
11892,0.589,True
11893,0.6329,True
11894,1.3908,True
11895,1.276,True
11896,1.1772,True
11897,1.0763,True
11898,1.1403,True
11899,1.1368,True
11900,0.7936,True
11901,1.1227,True
11902,1.1062,True
11903,1.278,True
11904,0.98,True
11905,1.2475,True
11906,1.324,True
11907,0.9235,True
11908,0.5104,True
11909,1.0484,True
11910,1.3649,True
11911,1.1345,True
11912,0.9206,True
11913,1.0054,True
11914,1.1652,True
11915,1.1399,True
11916,0.8474,True
11917,1.0523,True
11918,0.9144,True
11919,1.4384,True
11920,1.1262,True
11921,1.1474,True
11922,1.3132,True
11923,1.0261,True
11924,0.7149,True
11925,1.2009,True
11926,1.2539,True
11927,0.8921,True
11928,0.8723,True
11929,1.0549,True
11930,0.9218,True
11931,1.3195,True
11932,0.817,True
11933,0.6717,True
11934,0.656,True
11935,0.7832,True
11936,0.5195,True
11937,0.9953,True
11938,0.9595,True
11939,1.2277,True
11940,0.6068,True
11941,1.2954,True
11942,1.1438,True
11943,1.0167,True
11944,0.6053,True
11945,1.1976,True
11946,0.4644,False
11947,0.9339,True
11948,1.2253,True
11949,0.8886,True
11950,0.9328,True
11951,1.276,True
11952,1.068,True
11953,0.803,True
11954,1.2032,True
11955,0.9922,True
11956,0.8306,True
11957,0.7526,True
11958,1.0168,True
11959,0.9266,True
11960,1.1898,True
11961,1.1484,True
11962,1.1328,True
11963,0.7814,True
11964,0.7916,True
11965,1.0928,True
11966,0.9943,True
11967,1.072,True
11968,0.9239,True
11969,0.5176,True
11970,0.9745,True
11971,0.9456,True
11972,1.0985,True
11973,1.1961,True
11974,0.6257,True
11975,1.1471,True
11976,0.8559,True
11977,0.9613,True
11978,1.2752,True
11979,1.1241,True
11980,1.037,True
11981,1.1055,True
11982,0.6566,True
11983,1.3572,True
11984,1.1297,True
11985,1.0,True
11986,0.3766,False
11987,0.8667,True
11988,1.037,True
11989,1.0559,True
11990,0.6547,True
11991,0.6439,True
11992,1.1051,True
11993,1.2978,True
11994,1.1946,True
11995,0.8699,True
11996,1.0045,True
11997,0.9326,True
11998,0.6555,True
11999,1.1214,True
12000,0.8607,True
12001,0.7868,True
12002,1.157,True
12003,1.1066,True
12004,1.1844,True
12005,1.1193,True
12006,1.0382,True
12007,0.799,True
12008,1.112,True
12009,1.141,True
12010,0.6878,True
12011,1.105,True
12012,0.89,True
12013,0.8641,True
12014,1.3163,True
12015,1.1986,True
12016,0.8925,True
12017,0.992,True
12018,1.2894,True
12019,1.0335,True
12020,0.7646,True
12021,0.7454,True
12022,0.7846,True
12023,1.1849,True
12024,0.9258,True
12025,1.2611,True
12026,1.1864,True
12027,0.8065,True
12028,0.9713,True
12029,0.928,True
12030,0.8344,True
12031,1.0598,True
12032,0.7561,True
12033,0.8657,True
12034,0.5209,True
12035,1.1632,True
12036,0.5041,True
12037,0.9309,True
12038,1.0952,True
12039,1.0468,True
12040,0.9652,True
12041,1.1907,True
12042,0.7586,True
12043,0.7052,True
12044,1.2442,True
12045,1.085,True
12046,1.0328,True
12047,0.8624,True
12048,1.3129,True
12049,1.2055,True
12050,1.2278,True
12051,1.1274,True
12052,0.7312,True
12053,1.0552,True
12054,1.1015,True
12055,1.1102,True
12056,1.0976,True
12057,0.6608,True
12058,1.1172,True
12059,0.9484,True
12060,0.8751,True
12061,0.753,True
12062,1.1229,True
12063,1.3354,True
12064,0.9653,True
12065,0.9592,True
12066,1.2534,True
12067,0.9992,True
12068,1.3609,True
12069,0.8933,True
12070,1.0289,True
12071,1.0566,True
12072,0.9939,True
12073,1.1315,True
12074,0.3482,False
12075,0.7335,True
12076,1.1019,True
12077,0.6329,True
12078,1.2783,True
12079,0.9898,True
12080,1.0343,True
12081,1.2278,True
12082,1.1087,True
12083,1.1229,True
12084,0.6435,True
12085,0.9464,True
12086,1.2163,True
12087,1.1037,True
12088,0.9806,True
12089,0.645,True
12090,1.0083,True
12091,0.9202,True
12092,1.0834,True
12093,1.0151,True
12094,0.9611,True
12095,1.2266,True
12096,1.008,True
12097,0.8837,True
12098,0.692,True
12099,0.7332,True
12100,0.7442,True
12101,1.3228,True
12102,0.8878,True
12103,1.1382,True
12104,1.1568,True
12105,1.2088,True
12106,1.0838,True
12107,1.2163,True
12108,1.1329,True
12109,0.9445,True
12110,0.8167,True
12111,1.0879,True
12112,0.756,True
12113,1.1499,True
12114,0.7215,True
12115,0.9637,True
12116,1.0117,True
12117,1.0305,True
12118,0.7588,True
12119,0.9882,True
12120,0.7703,True
12121,1.1166,True
12122,0.8333,True
12123,1.2085,True
12124,1.2573,True
12125,1.1233,True
12126,0.8394,True
12127,1.1274,True
12128,1.082,True
12129,1.2108,True
12130,1.006,True
12131,1.1109,True
12132,1.1739,True
12133,0.7392,True
12134,0.9389,True
12135,0.5365,True
12136,0.8975,True
12137,1.1434,True
12138,1.2572,True
12139,1.1692,True
12140,1.1456,True
12141,0.8974,True
12142,0.9983,True
12143,0.6522,True
12144,1.0778,True
12145,0.7942,True
12146,1.0872,True
12147,0.8556,True
12148,1.2615,True
12149,0.8015,True
12150,0.8697,True
12151,1.0057,True
12152,0.5726,True
12153,0.934,True
12154,1.2269,True
12155,1.3227,True
12156,1.4159,True
12157,0.9576,True
12158,1.1213,True
12159,0.9485,True
12160,0.9196,True
12161,0.8678,True
12162,0.767,True
12163,1.0541,True
12164,1.1905,True
12165,0.8596,True
12166,0.9743,True
12167,0.8013,True
12168,1.3041,True
12169,0.7701,True
12170,0.8629,True
12171,0.5604,True
12172,1.1033,True
12173,0.7678,True
12174,1.0172,True
12175,0.9011,True
12176,1.0527,True
12177,0.803,True
12178,0.9008,True
12179,0.834,True
12180,0.8639,True
12181,1.0045,True
12182,0.7753,True
12183,0.9016,True
12184,1.1275,True
12185,0.966,True
12186,1.1384,True
12187,1.0484,True
12188,0.7,True
12189,1.2302,True
12190,0.8715,True
12191,1.248,True
12192,1.2064,True
12193,0.7272,True
12194,0.902,True
12195,0.7817,True
12196,1.1127,True
12197,1.1307,True
12198,0.8885,True
12199,0.9964,True
12200,1.2129,True
12201,1.2076,True
12202,1.1091,True
12203,1.1909,True
12204,0.8376,True
12205,0.6117,True
12206,1.1783,True
12207,0.9707,True
12208,0.9732,True
12209,1.0965,True
12210,0.855,True
12211,1.2238,True
12212,0.8734,True
12213,0.9525,True
12214,1.1466,True
12215,1.0398,True
12216,1.0749,True
12217,0.8019,True
12218,0.8035,True
12219,0.9001,True
12220,1.145,True
12221,1.2338,True
12222,1.1481,True
12223,0.8324,True
12224,1.1427,True
12225,1.0672,True
12226,1.2327,True
12227,0.9547,True
12228,0.6392,True
12229,1.105,True
12230,1.2289,True
12231,0.8397,True
12232,0.7103,True
12233,1.2056,True
12234,0.6229,True
12235,1.1199,True
12236,0.8803,True
12237,0.9324,True
12238,0.9651,True
12239,0.6498,True
12240,0.8511,True
12241,1.0748,True
12242,0.9537,True
12243,1.1297,True
12244,0.8693,True
12245,1.2591,True
12246,1.0177,True
12247,0.7685,True
12248,0.9401,True
12249,1.3097,True
12250,0.9461,True
12251,0.5454,True
12252,0.8092,True
12253,1.1158,True
12254,1.0193,True
12255,0.7132,True
12256,1.0838,True
12257,1.1732,True
12258,0.5037,True
12259,0.8074,True
12260,1.1884,True
12261,1.2083,True
12262,1.1456,True
12263,0.8039,True
12264,0.7601,True
12265,0.8681,True
12266,0.7164,True
12267,1.2359,True
12268,0.9446,True
12269,1.1235,True
12270,0.968,True
12271,1.3348,True
12272,1.0411,True
12273,0.9098,True
12274,0.6974,True
12275,1.3868,True
12276,1.0652,True
12277,0.9444,True
12278,0.6704,True
12279,1.4121,True
12280,0.8286,True
12281,1.3407,True
12282,1.1911,True
12283,1.127,True
12284,0.9845,True
12285,0.7861,True
12286,0.8017,True
12287,0.8105,True
12288,1.0291,True
12289,0.9853,True
12290,1.0337,True
12291,1.2928,True
12292,0.9982,True
12293,0.8797,True
12294,0.6847,True
12295,1.2342,True
12296,0.8109,True
12297,0.9759,True
12298,0.9096,True
12299,1.1997,True
12300,0.8833,True
12301,0.8441,True
12302,1.0256,True
12303,1.0761,True
12304,0.6233,True
12305,0.8841,True
12306,0.9203,True
12307,0.681,True
12308,1.1772,True
12309,0.8361,True
12310,1.0426,True
12311,1.0611,True
12312,0.7466,True
12313,0.9011,True
12314,0.8938,True
12315,0.8753,True
12316,1.021,True
12317,1.0001,True
12318,0.9227,True
12319,1.047,True
12320,0.9993,True
12321,1.0181,True
12322,1.0507,True
12323,0.7596,True
12324,1.173,True
12325,1.1928,True
12326,0.8488,True
12327,0.9754,True
12328,0.9026,True
12329,0.5539,True
12330,1.304,True
12331,1.1087,True
12332,1.279,True
12333,1.114,True
12334,0.9859,True
12335,0.6198,True
12336,1.2859,True
12337,0.8012,True
12338,1.139,True
12339,1.3691,True
12340,1.1685,True
12341,1.2741,True
12342,1.1446,True
12343,1.0205,True
12344,1.0906,True
12345,1.0666,True
12346,0.9423,True
12347,1.1853,True
12348,1.0936,True
12349,0.8176,True
12350,1.3605,True
12351,1.2462,True
12352,1.1319,True
12353,1.0217,True
12354,0.9944,True
12355,1.0271,True
12356,1.3777,True
12357,0.8528,True
12358,1.0644,True
12359,0.4003,False
12360,0.6172,True
12361,1.0907,True
12362,1.2779,True
12363,1.2887,True
12364,0.9907,True
12365,0.7645,True
12366,0.9801,True
12367,0.9332,True
12368,0.8974,True
12369,0.8222,True
12370,0.8797,True
12371,1.0296,True
12372,1.1858,True
12373,1.0679,True
12374,1.1446,True
12375,0.8718,True
12376,0.6664,True
12377,1.1782,True
12378,1.0061,True
12379,0.5096,True
12380,0.5961,True
12381,1.3345,True
12382,1.0068,True
12383,0.9996,True
12384,0.9172,True
12385,0.8278,True
12386,0.7117,True
12387,1.0993,True
12388,0.4554,False
12389,1.1836,True
12390,1.1448,True
12391,0.649,True
12392,1.0556,True
12393,1.259,True
12394,0.935,True
12395,0.8898,True
12396,1.2168,True
12397,1.2486,True
12398,0.9989,True
12399,1.1479,True
12400,1.1982,True
12401,0.9097,True
12402,1.1555,True
12403,0.7464,True
12404,0.7655,True
12405,0.8582,True
12406,1.0672,True
12407,1.1635,True
12408,1.0717,True
12409,0.9978,True
12410,1.1173,True
12411,0.8066,True
12412,0.8476,True
12413,1.2375,True
12414,0.7526,True
12415,1.1512,True
12416,0.6902,True
12417,0.8045,True
12418,0.7513,True
12419,1.134,True
12420,0.8021,True
12421,0.7442,True
12422,1.2771,True
12423,0.6807,True
12424,0.9128,True
12425,1.1356,True
12426,0.8859,True
12427,0.8515,True
12428,1.0463,True
12429,1.352,True
12430,1.1163,True
12431,0.8578,True
12432,1.1655,True
12433,1.1498,True
12434,0.6542,True
12435,0.7735,True
12436,0.9844,True
12437,1.0437,True
12438,1.0115,True
12439,0.603,True
12440,1.2467,True
12441,0.6255,True
12442,0.9247,True
12443,0.4506,False
12444,0.851,True
12445,1.2261,True
12446,1.3395,True
12447,1.179,True
12448,0.7951,True
12449,1.1797,True
12450,1.0834,True
12451,1.1251,True
12452,0.9773,True
12453,0.8482,True
12454,0.7721,True
12455,0.8254,True
12456,0.9072,True
12457,0.9734,True
12458,1.02,True
12459,0.8268,True
12460,0.8526,True
12461,1.1526,True
12462,1.3348,True
12463,1.0046,True
12464,1.2051,True
12465,0.9068,True
12466,0.5751,True
12467,1.287,True
12468,1.1236,True
12469,0.8331,True
12470,1.0615,True
12471,1.045,True
12472,1.1917,True
12473,0.8693,True
12474,1.0989,True
12475,1.1286,True
12476,0.3321,False
12477,0.9818,True
12478,0.9116,True
12479,0.5068,True
12480,0.8319,True
12481,1.0553,True
12482,0.7581,True
12483,1.2745,True
12484,0.8113,True
12485,1.1021,True
12486,0.4099,False
12487,1.1944,True
12488,1.1587,True
12489,1.055,True
12490,1.0727,True
12491,0.9893,True
12492,1.1924,True
12493,1.0833,True
12494,1.1744,True
12495,1.1051,True
12496,0.6966,True
12497,1.0535,True
12498,0.5607,True
12499,0.8782,True
12500,0.97,True
12501,0.7052,True
12502,1.1334,True
12503,0.9907,True
12504,1.1019,True
12505,1.1612,True
12506,0.6859,True
12507,0.8089,True
12508,1.0827,True
12509,0.9157,True
12510,1.2734,True
12511,1.2606,True
12512,1.0846,True
12513,0.8679,True
12514,1.3379,True
12515,0.9641,True
12516,1.1415,True
12517,0.9791,True
12518,0.8314,True
12519,0.7825,True
12520,1.0614,True
12521,0.9342,True
12522,1.0773,True
12523,1.2083,True
12524,0.9141,True
12525,0.7253,True
12526,0.8362,True
12527,1.0725,True
12528,1.0718,True
12529,0.9916,True
12530,1.1149,True
12531,0.9895,True
12532,0.9573,True
12533,1.2554,True
12534,1.2541,True
12535,0.8565,True
12536,1.3763,True
12537,1.2415,True
12538,0.8716,True
12539,0.9491,True
12540,0.7617,True
12541,0.8887,True
12542,0.7045,True
12543,1.1342,True
12544,1.1357,True
12545,1.3555,True
12546,1.2239,True
12547,1.1046,True
12548,0.9116,True
12549,0.9381,True
12550,1.2623,True
12551,0.9532,True
12552,1.0166,True
12553,1.0957,True
12554,1.2118,True
12555,1.2298,True
12556,1.0596,True
12557,0.9836,True
12558,1.1546,True
12559,1.0442,True
12560,0.9359,True
12561,0.9747,True
12562,1.0542,True
12563,0.9857,True
12564,1.0696,True
12565,1.0796,True
12566,0.8929,True
12567,0.9864,True
12568,0.4732,False
12569,0.8813,True
12570,0.9747,True
12571,1.0226,True
12572,0.8828,True
12573,1.2278,True
12574,1.0525,True
12575,1.1503,True
12576,0.8602,True
12577,0.7082,True
12578,1.1884,True
12579,1.2352,True
12580,0.6183,True
12581,1.0835,True
12582,1.0064,True
12583,0.8684,True
12584,1.0534,True
12585,1.1202,True
12586,1.0171,True
12587,0.9485,True
12588,0.857,True
12589,0.77,True
12590,1.2312,True
12591,0.8756,True
12592,0.7372,True
12593,0.9645,True
12594,0.7236,True
12595,1.1048,True
12596,0.7249,True
12597,1.0554,True
12598,0.89,True
12599,1.0,True
12600,0.8846,True
12601,1.0661,True
12602,1.1432,True
12603,0.8398,True
12604,0.7182,True
12605,1.1532,True
12606,1.13,True
12607,0.6972,True
12608,1.0122,True
12609,0.6665,True
12610,0.8667,True
12611,0.9588,True
12612,0.9636,True
12613,1.1198,True
12614,0.7798,True
12615,1.2207,True
12616,1.0231,True
12617,0.9984,True
12618,0.7148,True
12619,0.9794,True
12620,0.9562,True
12621,0.7977,True
12622,0.9189,True
12623,0.7857,True
12624,1.0667,True
12625,0.6556,True
12626,1.2057,True
12627,1.1664,True
12628,0.8882,True
12629,0.9283,True
12630,1.1218,True
12631,0.4177,False
12632,0.9974,True
12633,1.224,True
12634,0.8548,True
12635,1.2014,True
12636,0.9258,True
12637,0.7158,True
12638,0.5619,True
12639,0.9391,True
12640,1.0683,True
12641,1.1782,True
12642,0.7416,True
12643,1.0528,True
12644,0.5878,True
12645,1.0725,True
12646,0.9417,True
12647,0.9867,True
12648,0.8503,True
12649,0.9797,True
12650,1.3266,True
12651,1.2298,True
12652,1.0138,True
12653,1.0711,True
12654,0.6907,True
12655,1.3245,True
12656,1.3869,True
12657,0.8543,True
12658,1.1365,True
12659,0.81,True
12660,0.7807,True
12661,0.806,True
12662,0.8319,True
12663,1.1968,True
12664,0.9541,True
12665,1.2493,True
12666,1.0771,True
12667,0.9437,True
12668,1.1763,True
12669,1.0396,True
12670,0.8748,True
12671,0.9455,True
12672,0.8454,True
12673,0.7447,True
12674,0.6606,True
12675,1.2758,True
12676,0.7383,True
12677,0.9798,True
12678,0.8787,True
12679,1.1384,True
12680,1.1974,True
12681,1.0824,True
12682,0.5639,True
12683,1.1046,True
12684,0.9546,True
12685,0.8021,True
12686,0.5268,True
12687,1.083,True
12688,0.7004,True
12689,1.0649,True
12690,1.0816,True
12691,0.831,True
12692,0.8016,True
12693,0.9356,True
12694,1.2601,True
12695,1.0619,True
12696,0.6488,True
12697,1.1153,True
12698,0.9627,True
12699,1.1017,True
12700,0.9508,True
12701,1.055,True
12702,0.7442,True
12703,0.4117,False
12704,0.9796,True
12705,1.0703,True
12706,1.3142,True
12707,0.7905,True
12708,1.166,True
12709,1.1765,True
12710,1.2144,True
12711,1.2231,True
12712,1.2823,True
12713,1.0785,True
12714,0.7064,True
12715,1.3681,True
12716,0.877,True
12717,1.0885,True
12718,1.079,True
12719,1.1949,True
12720,1.228,True
12721,0.8632,True
12722,1.0007,True
12723,1.0384,True
12724,0.7886,True
12725,1.2069,True
12726,1.0212,True
12727,0.9693,True
12728,1.3283,True
12729,1.1128,True
12730,1.1063,True
12731,1.043,True
12732,0.6558,True
12733,0.9635,True
12734,1.2695,True
12735,1.022,True
12736,0.8297,True
12737,1.2989,True
12738,0.7511,True
12739,0.9837,True
12740,0.6868,True
12741,0.8024,True
12742,1.3258,True
12743,0.8165,True
12744,1.2799,True
12745,1.0597,True
12746,1.2554,True
12747,1.0017,True
12748,1.119,True
12749,0.8246,True
12750,1.1964,True
12751,0.5061,True
12752,0.4487,False
12753,1.0104,True
12754,1.2778,True
12755,0.7224,True
12756,0.9443,True
12757,1.1635,True
12758,0.7398,True
12759,1.226,True
12760,1.2221,True
12761,0.9346,True
12762,1.1758,True
12763,0.8969,True
12764,0.5188,True
12765,0.8278,True
12766,0.996,True
12767,0.8045,True
12768,0.9849,True
12769,1.2734,True
12770,0.704,True
12771,1.0122,True
12772,1.2093,True
12773,1.0557,True
12774,0.9803,True
12775,1.1341,True
12776,1.2944,True
12777,1.1949,True
12778,0.6763,True
12779,1.085,True
12780,1.1753,True
12781,0.8382,True
12782,0.6245,True
12783,1.153,True
12784,0.6162,True
12785,0.5802,True
12786,1.1116,True
12787,0.9793,True
12788,1.1706,True
12789,0.6717,True
12790,0.6,True
12791,1.0827,True
12792,1.2476,True
12793,0.8886,True
12794,1.1705,True
12795,1.2875,True
12796,1.2268,True
12797,0.8593,True
12798,1.1636,True
12799,1.145,True
12800,1.2386,True
12801,1.2372,True
12802,1.0891,True
12803,0.8891,True
12804,0.9483,True
12805,0.4917,False
12806,1.0371,True
12807,1.0821,True
12808,0.9166,True
12809,1.1049,True
12810,0.8844,True
12811,0.9675,True
12812,0.3998,False
12813,0.9715,True
12814,0.7812,True
12815,1.162,True
12816,0.7139,True
12817,0.7902,True
12818,0.9972,True
12819,1.0293,True
12820,1.1586,True
12821,0.8545,True
12822,1.1292,True
12823,1.1932,True
12824,0.9878,True
12825,0.4912,False
12826,1.0964,True
12827,1.1937,True
12828,1.0013,True
12829,0.8338,True
12830,1.2218,True
12831,1.324,True
12832,0.4508,False
12833,1.2663,True
12834,1.0937,True
12835,0.8554,True
12836,0.5863,True
12837,1.0109,True
12838,1.1604,True
12839,0.5661,True
12840,1.2087,True
12841,1.0985,True
12842,1.1071,True
12843,0.6658,True
12844,1.2161,True
12845,1.1847,True
12846,1.1558,True
12847,0.6612,True
12848,1.1245,True
12849,0.871,True
12850,0.8613,True
12851,0.9148,True
12852,0.8598,True
12853,1.0352,True
12854,1.285,True
12855,1.0548,True
12856,1.0872,True
12857,1.0167,True
12858,0.8855,True
12859,0.472,False
12860,1.1464,True
12861,1.0708,True
12862,0.8484,True
12863,0.8554,True
12864,0.8588,True
12865,0.9523,True
12866,0.7789,True
12867,1.1077,True
12868,0.9624,True
12869,1.0964,True
12870,0.9217,True
12871,0.9396,True
12872,1.1999,True
12873,1.0808,True
12874,1.1601,True
12875,1.3006,True
12876,0.7722,True
12877,0.6333,True
12878,1.2377,True
12879,1.1877,True
12880,0.9873,True
12881,1.0399,True
12882,0.8152,True
12883,1.0886,True
12884,1.2482,True
12885,1.401,True
12886,1.2675,True
12887,0.6857,True
12888,0.9205,True
12889,1.0122,True
12890,0.8153,True
12891,1.2427,True
12892,0.3672,False
12893,1.0967,True
12894,0.6737,True
12895,0.9856,True
12896,0.7973,True
12897,0.7048,True
12898,1.0056,True
12899,0.8307,True
12900,1.0566,True
12901,0.9879,True
12902,0.4486,False
12903,0.87,True
12904,1.0889,True
12905,0.5833,True
12906,1.1415,True
12907,1.2077,True
12908,1.0271,True
12909,0.7831,True
12910,0.9407,True
12911,0.9127,True
12912,1.1187,True
12913,0.7856,True
12914,1.0873,True
12915,0.7232,True
12916,1.0351,True
12917,1.2238,True
12918,1.1219,True
12919,1.1033,True
12920,1.0486,True
12921,0.8639,True
12922,1.263,True
12923,1.1312,True
12924,0.9109,True
12925,1.1552,True
12926,1.3561,True
12927,0.9808,True
12928,0.8071,True
12929,0.9677,True
12930,0.8627,True
12931,1.0253,True
12932,1.0549,True
12933,1.1952,True
12934,0.6374,True
12935,0.734,True
12936,0.9456,True
12937,0.765,True
12938,1.207,True
12939,1.2012,True
12940,0.7825,True
12941,0.831,True
12942,0.861,True
12943,1.0217,True
12944,0.5757,True
12945,0.9136,True
12946,1.1644,True
12947,0.6734,True
12948,1.093,True
12949,0.7035,True
12950,1.0757,True
12951,1.0537,True
12952,0.801,True
12953,1.1153,True
12954,1.1233,True
12955,0.7404,True
12956,0.9738,True
12957,1.1399,True
12958,1.1001,True
12959,1.1235,True
12960,1.1189,True
12961,0.7697,True
12962,1.2269,True
12963,1.3173,True
12964,1.1488,True
12965,0.8637,True
12966,0.859,True
12967,0.9478,True
12968,0.9404,True
12969,1.0687,True
12970,0.7292,True
12971,0.4332,False
12972,1.026,True
12973,0.9898,True
12974,0.8355,True
12975,1.0448,True
12976,1.0724,True
12977,1.119,True
12978,1.0487,True
12979,0.9098,True
12980,1.1182,True
12981,1.0564,True
12982,0.8807,True
12983,0.9777,True
12984,1.1651,True
12985,1.354,True
12986,0.9559,True
12987,0.8426,True
12988,1.1316,True
12989,1.0525,True
12990,0.8866,True
12991,1.0432,True
12992,0.9836,True
12993,1.0205,True
12994,0.7592,True
12995,1.0397,True
12996,1.0407,True
12997,0.859,True
12998,0.9385,True
12999,1.0987,True
13000,0.9519,True
13001,1.1678,True
13002,0.5303,True
13003,1.0634,True
13004,0.7819,True
13005,0.8372,True
13006,0.7299,True
13007,1.1857,True
13008,0.7511,True
13009,0.9049,True
13010,1.1237,True
13011,0.8861,True
13012,1.2667,True
13013,1.1382,True
13014,0.9993,True
13015,0.9265,True
13016,0.9433,True
13017,1.0284,True
13018,0.9174,True
13019,0.8483,True
13020,0.7713,True
13021,1.3419,True
13022,0.8332,True
13023,0.3245,False
13024,0.9911,True
13025,0.9795,True
13026,1.1198,True
13027,0.8242,True
13028,1.2025,True
13029,0.9897,True
13030,1.1331,True
13031,0.9586,True
13032,1.1634,True
13033,0.7525,True
13034,1.4166,True
13035,0.9241,True
13036,1.1133,True
13037,1.095,True
13038,0.669,True
13039,0.6774,True
13040,0.9099,True
13041,0.8236,True
13042,0.9438,True
13043,0.5347,True
13044,0.9581,True
13045,1.2379,True
13046,0.9741,True
13047,1.0558,True
13048,1.2914,True
13049,1.3511,True
13050,1.1482,True
13051,0.8682,True
13052,1.1439,True
13053,1.196,True
13054,0.6868,True
13055,1.294,True
13056,0.8785,True
13057,0.92,True
13058,0.8009,True
13059,0.62,True
13060,1.2257,True
13061,1.0537,True
13062,0.954,True
13063,0.4976,False
13064,1.0842,True
13065,0.9862,True
13066,0.9429,True
13067,0.9667,True
13068,1.3118,True
13069,1.2757,True
13070,1.1949,True
13071,0.8977,True
13072,0.965,True
13073,1.0952,True
13074,1.2237,True
13075,1.268,True
13076,0.8915,True
13077,0.9671,True
13078,1.2627,True
13079,0.9108,True
13080,1.0654,True
13081,1.1842,True
13082,1.1885,True
13083,0.893,True
13084,1.0004,True
13085,1.1441,True
13086,0.8378,True
13087,0.9331,True
13088,0.7616,True
13089,1.0581,True
13090,1.086,True
13091,1.1181,True
13092,0.9284,True
13093,1.1402,True
13094,0.9954,True
13095,1.227,True
13096,1.1706,True
13097,1.1592,True
13098,0.8696,True
13099,0.7872,True
13100,1.0639,True
13101,0.7091,True
13102,1.0827,True
13103,0.8778,True
13104,1.203,True
13105,1.1431,True
13106,0.9255,True
13107,1.1941,True
13108,0.835,True
13109,1.1795,True
13110,0.7947,True
13111,0.1981,False
13112,1.0803,True
13113,0.7814,True
13114,0.6824,True
13115,1.0198,True
13116,0.6661,True
13117,0.4925,False
13118,0.9373,True
13119,0.7466,True
13120,0.8958,True
13121,1.0439,True
13122,0.9207,True
13123,0.8793,True
13124,0.8856,True
13125,0.8934,True
13126,1.328,True
13127,0.6834,True
13128,1.0705,True
13129,1.2312,True
13130,0.7195,True
13131,0.9568,True
13132,0.6395,True
13133,0.9507,True
13134,1.3179,True
13135,1.3007,True
13136,0.8839,True
13137,0.8024,True
13138,0.9354,True
13139,1.0385,True
13140,1.0399,True
13141,1.3714,True
13142,0.7632,True
13143,0.9008,True
13144,1.0784,True
13145,0.9957,True
13146,0.805,True
13147,0.6242,True
13148,0.4873,False
13149,0.9388,True
13150,0.7759,True
13151,0.6901,True
13152,1.3698,True
13153,0.8348,True
13154,0.9694,True
13155,1.1786,True
13156,1.0949,True
13157,0.6151,True
13158,1.2218,True
13159,1.2017,True
13160,0.9709,True
13161,1.1894,True
13162,0.731,True
13163,1.0222,True
13164,0.9764,True
13165,1.0357,True
13166,1.3143,True
13167,1.0518,True
13168,0.9454,True
13169,0.7674,True
13170,1.0503,True
13171,0.7882,True
13172,0.7462,True
13173,1.1882,True
13174,0.8245,True
13175,0.8725,True
13176,0.6012,True
13177,0.5854,True
13178,1.0983,True
13179,0.652,True
13180,0.8451,True
13181,0.9858,True
13182,1.3026,True
13183,1.2752,True
13184,1.0373,True
13185,1.0886,True
13186,0.9127,True
13187,0.9704,True
13188,0.7629,True
13189,0.9986,True
13190,1.0693,True
13191,1.0651,True
13192,1.2609,True
13193,1.0789,True
13194,1.2871,True
13195,0.7856,True
13196,0.6931,True
13197,1.1516,True
13198,1.1866,True
13199,1.2074,True
13200,1.2762,True
13201,0.8182,True
13202,1.0676,True
13203,0.911,True
13204,1.2318,True
13205,0.892,True
13206,0.7475,True
13207,1.4255,True
13208,1.1234,True
13209,1.2861,True
13210,0.9617,True
13211,0.3866,False
13212,0.7928,True
13213,1.1394,True
13214,1.0737,True
13215,0.9604,True
13216,1.2976,True
13217,0.8064,True
13218,1.261,True
13219,1.2291,True
13220,0.7611,True
13221,0.8213,True
13222,0.544,True
13223,0.5411,True
13224,1.1276,True
13225,1.1547,True
13226,1.0551,True
13227,1.1841,True
13228,1.2986,True
13229,1.1606,True
13230,0.8402,True
13231,0.8839,True
13232,1.1673,True
13233,0.8857,True
13234,0.8735,True
13235,1.1087,True
13236,1.0847,True
13237,1.1089,True
13238,0.9364,True
13239,1.0935,True
13240,0.8046,True
13241,0.6196,True
13242,1.1045,True
13243,0.6241,True
13244,0.8501,True
13245,0.9148,True
13246,1.0257,True
13247,1.0285,True
13248,1.1819,True
13249,1.2533,True
13250,1.0999,True
13251,0.7748,True
13252,1.2775,True
13253,0.82,True
13254,1.0936,True
13255,1.1755,True
13256,1.0508,True
13257,1.0091,True
13258,0.8602,True
13259,0.9741,True
13260,1.0081,True
13261,1.1577,True
13262,0.7165,True
13263,0.7784,True
13264,0.9904,True
13265,1.2629,True
13266,1.1382,True
13267,1.3322,True
13268,0.4999,False
13269,0.792,True
13270,0.8664,True
13271,1.0511,True
13272,1.144,True
13273,1.1199,True
13274,1.0799,True
13275,1.2352,True
13276,1.2086,True
13277,1.0047,True
13278,1.212,True
13279,1.0637,True
13280,1.0952,True
13281,0.9056,True
13282,1.11,True
13283,0.9156,True
13284,1.0207,True
13285,1.2856,True
13286,0.9302,True
13287,1.0105,True
13288,1.1171,True
13289,1.0003,True
13290,1.1919,True
13291,1.1647,True
13292,0.9542,True
13293,0.9598,True
13294,1.1859,True
13295,1.1637,True
13296,0.534,True
13297,0.8653,True
13298,0.9614,True
13299,0.6775,True
13300,0.948,True
13301,1.0416,True
13302,1.1591,True
13303,1.0962,True
13304,1.0921,True
13305,1.1497,True
13306,1.3528,True
13307,0.7399,True
13308,1.0822,True
13309,0.7639,True
13310,0.8333,True
13311,1.1529,True
13312,0.9838,True
13313,0.9898,True
13314,1.013,True
13315,1.0738,True
13316,1.0711,True
13317,0.9685,True
13318,0.8022,True
13319,1.3132,True
13320,0.9367,True
13321,1.1923,True
13322,1.2658,True
13323,0.9305,True
13324,1.0749,True
13325,0.749,True
13326,1.1676,True
13327,1.3184,True
13328,0.8477,True
13329,1.0671,True
13330,0.9524,True
13331,1.022,True
13332,0.8989,True
13333,0.8773,True
13334,1.3211,True
13335,0.6778,True
13336,0.6905,True
13337,0.7688,True
13338,1.2339,True
13339,1.1562,True
13340,1.0452,True
13341,1.0183,True
13342,0.7157,True
13343,1.2123,True
13344,1.2211,True
13345,0.5695,True
13346,1.2866,True
13347,0.7806,True
13348,0.9563,True
13349,1.0997,True
13350,1.1486,True
13351,1.1534,True
13352,1.0599,True
13353,0.819,True
13354,0.8354,True
13355,0.8092,True
13356,0.3994,False
13357,0.8842,True
13358,1.2177,True
13359,0.6625,True
13360,0.7554,True
13361,1.0989,True
13362,0.9016,True
13363,0.6654,True
13364,0.9713,True
13365,1.0465,True
13366,1.1109,True
13367,0.5484,True
13368,0.9189,True
13369,0.8732,True
13370,0.6756,True
13371,1.0758,True
13372,1.0629,True
13373,1.0691,True
13374,1.1468,True
13375,0.7825,True
13376,1.1294,True
13377,1.0825,True
13378,0.8292,True
13379,1.0317,True
13380,1.1059,True
13381,1.049,True
13382,0.8052,True
13383,1.1962,True
13384,1.08,True
13385,0.8047,True
13386,1.0382,True
13387,0.8215,True
13388,1.1096,True
13389,0.9881,True
13390,1.1944,True
13391,1.1271,True
13392,0.7341,True
13393,1.2006,True
13394,0.5368,True
13395,1.0128,True
13396,1.0199,True
13397,0.732,True
13398,0.7053,True
13399,1.1968,True
13400,1.0206,True
13401,0.9135,True
13402,0.8245,True
13403,1.0055,True
13404,0.8291,True
13405,1.0375,True
13406,0.8765,True
13407,1.0529,True
13408,0.8281,True
13409,0.912,True
13410,1.0237,True
13411,1.0985,True
13412,0.8375,True
13413,1.1152,True
13414,1.0431,True
13415,1.0328,True
13416,1.0558,True
13417,1.0385,True
13418,1.0014,True
13419,0.9493,True
13420,0.9745,True
13421,0.8997,True
13422,1.3279,True
13423,1.296,True
13424,1.0901,True
13425,0.9672,True
13426,1.1193,True
13427,1.2669,True
13428,1.006,True
13429,1.0748,True
13430,1.1227,True
13431,0.9516,True
13432,0.7822,True
13433,0.637,True
13434,0.8115,True
13435,1.1291,True
13436,0.8526,True
13437,0.7848,True
13438,1.1412,True
13439,1.1832,True
13440,1.0422,True
13441,0.7055,True
13442,1.0776,True
13443,1.2109,True
13444,1.298,True
13445,1.3165,True
13446,0.6528,True
13447,0.9263,True
13448,0.9639,True
13449,0.6931,True
13450,0.6718,True
13451,1.1093,True
13452,0.9952,True
13453,1.1055,True
13454,1.1374,True
13455,0.939,True
13456,0.9201,True
13457,0.9603,True
13458,0.5808,True
13459,1.0262,True
13460,0.9427,True
13461,0.9154,True
13462,1.0782,True
13463,1.1306,True
13464,1.1418,True
13465,0.7452,True
13466,0.6495,True
13467,0.5914,True
13468,0.7309,True
13469,1.1997,True
13470,1.1555,True
13471,0.8815,True
13472,1.1261,True
13473,0.9665,True
13474,0.5061,True
13475,0.764,True
13476,0.6987,True
13477,1.1543,True
13478,0.8961,True
13479,0.8494,True
13480,0.9745,True
13481,0.9733,True
13482,1.158,True
13483,1.2079,True
13484,0.7821,True
13485,0.6359,True
13486,1.1163,True
13487,1.1873,True
13488,0.954,True
13489,1.0551,True
13490,0.7665,True
13491,1.2292,True
13492,0.819,True
13493,1.0298,True
13494,1.0723,True
13495,0.9321,True
13496,0.8599,True
13497,1.0905,True
13498,0.7169,True
13499,0.764,True
13500,0.923,True
13501,0.8373,True
13502,0.7724,True
13503,0.872,True
13504,1.3689,True
13505,1.0217,True
13506,1.0153,True
13507,1.1019,True
13508,0.9186,True
13509,0.6232,True
13510,0.9318,True
13511,0.6454,True
13512,0.9704,True
13513,0.7739,True
13514,0.9696,True
13515,1.1072,True
13516,1.2599,True
13517,0.9215,True
13518,0.9575,True
13519,1.198,True
13520,1.1855,True
13521,1.0837,True
13522,1.2281,True
13523,0.945,True
13524,1.1732,True
13525,1.2342,True
13526,1.2945,True
13527,1.0668,True
13528,1.0836,True
13529,1.0233,True
13530,0.9656,True
13531,0.9526,True
13532,1.0931,True
13533,0.9016,True
13534,0.8392,True
13535,1.2701,True
13536,0.804,True
13537,0.8584,True
13538,0.811,True
13539,0.6482,True
13540,0.9859,True
13541,1.1716,True
13542,0.6722,True
13543,0.7603,True
13544,0.9762,True
13545,0.7843,True
13546,1.2206,True
13547,1.348,True
13548,0.7997,True
13549,0.829,True
13550,1.0762,True
13551,0.8589,True
13552,1.1966,True
13553,0.9089,True
13554,1.1266,True
13555,0.7647,True
13556,1.0767,True
13557,0.9577,True
13558,0.9653,True
13559,1.0582,True
13560,1.0975,True
13561,1.1889,True
13562,0.9749,True
13563,1.1459,True
13564,1.0951,True
13565,1.4264,True
13566,0.9417,True
13567,0.9857,True
13568,0.8983,True
13569,1.2309,True
13570,0.7861,True
13571,1.217,True
13572,0.6676,True
13573,1.069,True
13574,1.0445,True
13575,1.1944,True
13576,1.0983,True
13577,0.8505,True
13578,1.0754,True
13579,1.0663,True
13580,0.8562,True
13581,0.9411,True
13582,1.1066,True
13583,1.1668,True
13584,1.0815,True
13585,0.871,True
13586,1.0418,True
13587,1.2606,True
13588,1.0421,True
13589,1.175,True
13590,0.9891,True
13591,0.6461,True
13592,1.0208,True
13593,0.9653,True
13594,0.9768,True
13595,1.0049,True
13596,0.9242,True
13597,0.9205,True
13598,0.8765,True
13599,0.896,True
13600,0.8966,True
13601,1.2177,True
13602,0.9309,True
13603,0.7913,True
13604,0.8058,True
13605,1.023,True
13606,1.0775,True
13607,0.7146,True
13608,0.8143,True
13609,0.9213,True
13610,1.2155,True
13611,1.0086,True
13612,1.1641,True
13613,1.1957,True
13614,1.4309,True
13615,0.9171,True
13616,0.7537,True
13617,1.0312,True
13618,0.7551,True
13619,0.8757,True
13620,1.0056,True
13621,0.8256,True
13622,1.0373,True
13623,0.3231,False
13624,0.9065,True
13625,0.7266,True
13626,1.2176,True
13627,1.0961,True
13628,1.2906,True
13629,0.9499,True
13630,1.2577,True
13631,1.2167,True
13632,1.2298,True
13633,0.9146,True
13634,0.9101,True
13635,0.9624,True
13636,1.0638,True
13637,1.1421,True
13638,0.5831,True
13639,0.8743,True
13640,0.8514,True
13641,1.0745,True
13642,0.901,True
13643,0.9674,True
13644,1.2054,True
13645,1.199,True
13646,0.9954,True
13647,0.9795,True
13648,0.787,True
13649,0.8899,True
13650,1.2004,True
13651,0.9617,True
13652,1.2025,True
13653,0.9461,True
13654,0.9929,True
13655,1.2173,True
13656,0.9015,True
13657,1.089,True
13658,0.9861,True
13659,1.1411,True
13660,1.0591,True
13661,0.883,True
13662,0.9907,True
13663,1.1197,True
13664,1.1239,True
13665,0.9441,True
13666,0.9797,True
13667,1.1825,True
13668,0.8636,True
13669,0.8641,True
13670,1.1624,True
13671,1.0579,True
13672,0.9932,True
13673,0.8691,True
13674,0.9905,True
13675,0.7787,True
13676,0.9408,True
13677,1.0887,True
13678,0.837,True
13679,0.8391,True
13680,1.2309,True
13681,1.0322,True
13682,1.0178,True
13683,0.8779,True
13684,1.2845,True
13685,1.2386,True
13686,1.0812,True
13687,0.6733,True
13688,1.241,True
13689,0.8791,True
13690,0.9596,True
13691,1.1851,True
13692,0.6986,True
13693,1.1931,True
13694,0.8174,True
13695,1.2892,True
13696,1.1457,True
13697,0.8908,True
13698,1.0142,True
13699,0.9301,True
13700,0.7858,True
13701,0.7912,True
13702,0.7119,True
13703,1.097,True
13704,0.8349,True
13705,1.0238,True
13706,0.97,True
13707,0.5145,True
13708,1.0702,True
13709,0.7602,True
13710,0.9408,True
13711,0.8205,True
13712,1.3099,True
13713,0.9375,True
13714,1.1597,True
13715,1.0512,True
13716,0.6742,True
13717,1.3043,True
13718,0.8677,True
13719,1.0049,True
13720,1.2142,True
13721,1.2092,True
13722,0.8627,True
13723,0.9682,True
13724,1.1769,True
13725,1.1108,True
13726,0.6813,True
13727,1.0446,True
13728,0.8123,True
13729,0.9108,True
13730,1.1054,True
13731,0.8226,True
13732,0.8682,True
13733,1.017,True
13734,1.0258,True
13735,0.8489,True
13736,0.7528,True
13737,0.8249,True
13738,1.3503,True
13739,0.9537,True
13740,1.0588,True
13741,1.0234,True
13742,0.7792,True
13743,1.2946,True
13744,0.9685,True
13745,0.9404,True
13746,0.9973,True
13747,1.1389,True
13748,0.9277,True
13749,0.5079,True
13750,1.1347,True
13751,1.2057,True
13752,0.7981,True
13753,0.7453,True
13754,1.1064,True
13755,0.698,True
13756,0.8637,True
13757,1.1448,True
13758,0.9885,True
13759,0.4974,False
13760,1.1942,True
13761,0.8561,True
13762,1.2759,True
13763,1.1664,True
13764,1.2226,True
13765,0.8311,True
13766,1.1775,True
13767,1.1651,True
13768,0.6855,True
13769,0.9738,True
13770,1.1109,True
13771,0.5893,True
13772,1.1361,True
13773,1.3207,True
13774,1.137,True
13775,0.8692,True
13776,1.0286,True
13777,1.0323,True
13778,0.9642,True
13779,1.0392,True
13780,0.9871,True
13781,0.9457,True
13782,0.9762,True
13783,0.9094,True
13784,1.2196,True
13785,0.8337,True
13786,0.7225,True
13787,0.9259,True
13788,1.172,True
13789,1.2203,True
13790,0.6743,True
13791,0.9188,True
13792,0.8509,True
13793,0.9264,True
13794,1.1306,True
13795,1.01,True
13796,1.1603,True
13797,1.0297,True
13798,0.848,True
13799,0.503,True
13800,0.9848,True
13801,0.7921,True
13802,1.0792,True
13803,1.0406,True
13804,1.0397,True
13805,0.9084,True
13806,0.9192,True
13807,0.956,True
13808,0.8771,True
13809,1.2261,True
13810,1.0349,True
13811,1.2434,True
13812,1.4081,True
13813,0.8517,True
13814,0.7279,True
13815,0.8212,True
13816,0.7338,True
13817,1.249,True
13818,0.8545,True
13819,1.0377,True
13820,1.0312,True
13821,1.0016,True
13822,1.3056,True
13823,0.9279,True
13824,1.0935,True
13825,1.1174,True
13826,1.0477,True
13827,1.1219,True
13828,0.8116,True
13829,0.9705,True
13830,0.9062,True
13831,1.2387,True
13832,0.7984,True
13833,0.7863,True
13834,0.9094,True
13835,1.0199,True
13836,0.5241,True
13837,1.1439,True
13838,0.9997,True
13839,1.0655,True
13840,1.0978,True
13841,1.0431,True
13842,1.0788,True
13843,0.8049,True
13844,0.9332,True
13845,1.0993,True
13846,1.185,True
13847,0.7377,True
13848,1.0649,True
13849,1.1706,True
13850,1.0065,True
13851,1.1944,True
13852,1.3118,True
13853,1.3939,True
13854,0.8522,True
13855,1.0534,True
13856,1.1238,True
13857,1.147,True
13858,1.1267,True
13859,1.0637,True
13860,1.0058,True
13861,0.9281,True
13862,1.0847,True
13863,0.8617,True
13864,0.7726,True
13865,1.3488,True
13866,0.7785,True
13867,1.1666,True
13868,1.0449,True
13869,1.0881,True
13870,0.9718,True
13871,1.0611,True
13872,0.984,True
13873,1.1104,True
13874,1.2001,True
13875,0.4633,False
13876,0.8578,True
13877,0.9223,True
13878,1.0511,True
13879,0.9643,True
13880,1.0473,True
13881,0.8149,True
13882,1.0233,True
13883,1.0121,True
13884,1.2828,True
13885,1.0048,True
13886,0.7923,True
13887,1.1898,True
13888,1.0274,True
13889,1.3211,True
13890,1.0166,True
13891,0.3711,False
13892,0.9676,True
13893,1.221,True
13894,1.1527,True
13895,0.7147,True
13896,1.2308,True
13897,1.0216,True
13898,0.4774,False
13899,1.1048,True
13900,0.8277,True
13901,1.0371,True
13902,1.0442,True
13903,0.9182,True
13904,0.7649,True
13905,0.6233,True
13906,0.9894,True
13907,0.695,True
13908,1.1494,True
13909,0.9781,True
13910,0.9818,True
13911,1.18,True
13912,0.8995,True
13913,0.9602,True
13914,0.9951,True
13915,0.8436,True
13916,1.1796,True
13917,1.1892,True
13918,0.9547,True
13919,0.9316,True
13920,0.8763,True
13921,1.3764,True
13922,1.0024,True
13923,1.0951,True
13924,0.8749,True
13925,1.0659,True
13926,0.9055,True
13927,0.8627,True
13928,1.0998,True
13929,1.2693,True
13930,0.9527,True
13931,1.1669,True
13932,0.904,True
13933,1.1271,True
13934,1.0641,True
13935,0.8576,True
13936,1.1843,True
13937,0.9762,True
13938,1.1174,True
13939,0.6445,True
13940,1.4451,True
13941,0.939,True
13942,0.8381,True
13943,0.8403,True
13944,1.0328,True
13945,0.8046,True
13946,0.8449,True
13947,1.2862,True
13948,0.8839,True
13949,1.0492,True
13950,1.049,True
13951,0.9203,True
13952,1.1784,True
13953,0.808,True
13954,0.7356,True
13955,1.2572,True
13956,0.9941,True
13957,0.9272,True
13958,0.9909,True
13959,0.8078,True
13960,1.0536,True
13961,1.2622,True
13962,1.0536,True
13963,1.0364,True
13964,0.9844,True
13965,1.3851,True
13966,0.8696,True
13967,1.2007,True
13968,1.0433,True
13969,0.7314,True
13970,1.2803,True
13971,1.1129,True
13972,1.0445,True
13973,0.7789,True
13974,1.0568,True
13975,0.7561,True
13976,1.0988,True
13977,0.6034,True
13978,0.9064,True
13979,1.2166,True
13980,0.9544,True
13981,1.243,True
13982,1.1306,True
13983,1.0749,True
13984,0.9724,True
13985,0.8975,True
13986,0.8856,True
13987,1.0888,True
13988,1.1093,True
13989,1.3216,True
13990,1.0691,True
13991,1.1986,True
13992,0.96,True
13993,1.2023,True
13994,0.6219,True
13995,1.0094,True
13996,1.0336,True
13997,1.0149,True
13998,0.8487,True
13999,1.0116,True
14000,0.7979,True
14001,0.878,True
14002,1.0584,True
14003,1.2488,True
14004,0.8411,True
14005,0.9945,True
14006,0.8771,True
14007,1.0847,True
14008,1.2192,True
14009,1.0645,True
14010,1.1495,True
14011,0.9146,True
14012,1.0719,True
14013,1.0102,True
14014,1.2519,True
14015,0.9942,True
14016,0.9863,True
14017,0.9224,True
14018,1.3826,True
14019,1.0614,True
14020,0.9894,True
14021,0.8018,True
14022,0.9528,True
14023,0.9767,True
14024,1.0218,True
14025,1.2295,True
14026,0.6511,True
14027,0.999,True
14028,0.5946,True
14029,0.9021,True
14030,0.6284,True
14031,0.9528,True
14032,1.111,True
14033,0.8544,True
14034,1.1068,True
14035,0.6935,True
14036,0.8433,True
14037,0.8919,True
14038,1.0183,True
14039,0.9585,True
14040,0.8203,True
14041,0.9173,True
14042,1.1111,True
14043,0.8308,True
14044,0.8667,True
14045,1.0438,True
14046,1.0646,True
14047,1.1911,True
14048,0.8292,True
14049,0.9955,True
14050,1.0468,True
14051,1.2694,True
14052,0.9981,True
14053,0.9612,True
14054,1.1855,True
14055,0.8527,True
14056,0.6613,True
14057,0.9167,True
14058,0.6685,True
14059,1.2656,True
14060,0.9761,True
14061,0.941,True
14062,1.117,True
14063,1.1041,True
14064,0.9945,True
14065,0.5917,True
14066,0.9155,True
14067,0.9694,True
14068,1.4225,True
14069,0.8545,True
14070,1.0232,True
14071,0.7741,True
14072,1.0678,True
14073,1.018,True
14074,1.2518,True
14075,1.0464,True
14076,1.0422,True
14077,1.0622,True
14078,0.9557,True
14079,1.1814,True
14080,0.955,True
14081,0.9089,True
14082,0.954,True
14083,0.8049,True
14084,1.1212,True
14085,1.0817,True
14086,1.0171,True
14087,0.5012,True
14088,0.9466,True
14089,1.0392,True
14090,1.0451,True
14091,1.1162,True
14092,0.9555,True
14093,0.8465,True
14094,0.87,True
14095,0.824,True
14096,1.0003,True
14097,0.9082,True
14098,0.7716,True
14099,0.5365,True
14100,1.1383,True
14101,1.0459,True
14102,0.9852,True
14103,1.0913,True
14104,1.0002,True
14105,1.0976,True
14106,1.2096,True
14107,0.7696,True
14108,0.9541,True
14109,0.8327,True
14110,1.0618,True
14111,0.9768,True
14112,1.0604,True
14113,1.1401,True
14114,1.0155,True
14115,1.0986,True
14116,0.8618,True
14117,0.8601,True
14118,1.1166,True
14119,1.412,True
14120,1.0213,True
14121,1.013,True
14122,1.0482,True
14123,1.0836,True
14124,1.0017,True
14125,1.0038,True
14126,0.5661,True
14127,1.2483,True
14128,1.0627,True
14129,1.2452,True
14130,0.8838,True
14131,0.9323,True
14132,0.9817,True
14133,1.0163,True
14134,0.6301,True
14135,1.0858,True
14136,1.1378,True
14137,0.971,True
14138,1.041,True
14139,0.9417,True
14140,1.2502,True
14141,0.7211,True
14142,1.0726,True
14143,1.0468,True
14144,0.9736,True
14145,0.8241,True
14146,0.8323,True
14147,1.1904,True
14148,1.064,True
14149,0.9668,True
14150,0.9811,True
14151,1.0486,True
14152,0.7492,True
14153,1.0335,True
14154,1.157,True
14155,1.0255,True
14156,0.8429,True
14157,1.3549,True
14158,1.2488,True
14159,0.567,True
14160,0.9971,True
14161,1.1713,True
14162,1.0445,True
14163,0.9393,True
14164,0.849,True
14165,0.9736,True
14166,1.0243,True
14167,0.9119,True
14168,1.2669,True
14169,1.1132,True
14170,0.9546,True
14171,0.9599,True
14172,1.0973,True
14173,1.2481,True
14174,1.0485,True
14175,0.8132,True
14176,1.1597,True
14177,0.9054,True
14178,1.0792,True
14179,0.7092,True
14180,0.7936,True
14181,1.053,True
14182,0.9566,True
14183,1.3332,True
14184,1.2117,True
14185,0.9305,True
14186,1.0664,True
14187,1.0727,True
14188,1.0711,True
14189,0.7956,True
14190,1.2673,True
14191,0.6687,True
14192,0.8099,True
14193,0.9606,True
14194,1.1175,True
14195,1.2997,True
14196,0.8721,True
14197,1.1613,True
14198,1.1752,True
14199,0.7957,True
14200,1.3502,True
14201,1.1038,True
14202,0.5277,True
14203,1.1659,True
14204,0.8543,True
14205,0.9347,True
14206,1.0553,True
14207,0.7012,True
14208,0.9721,True
14209,0.9481,True
14210,1.149,True
14211,0.6648,True
14212,0.9395,True
14213,0.6744,True
14214,0.8638,True
14215,1.3146,True
14216,1.227,True
14217,1.2706,True
14218,1.0952,True
14219,1.3469,True
14220,1.0311,True
14221,0.7684,True
14222,1.0285,True
14223,1.0815,True
14224,0.8826,True
14225,1.2117,True
14226,0.9501,True
14227,0.9983,True
14228,0.9058,True
14229,1.0319,True
14230,1.108,True
14231,1.1995,True
14232,0.6782,True
14233,0.2751,False
14234,1.0692,True
14235,0.9896,True
14236,1.1432,True
14237,0.4752,False
14238,1.2598,True
14239,0.8639,True
14240,0.9998,True
14241,1.1483,True
14242,1.1416,True
14243,0.9656,True
14244,0.6754,True
14245,1.226,True
14246,1.2154,True
14247,1.1495,True
14248,1.0744,True
14249,1.338,True
14250,1.0579,True
14251,1.1108,True
14252,1.2008,True
14253,1.0271,True
14254,1.1006,True
14255,0.9432,True
14256,1.1792,True
14257,1.0769,True
14258,1.3083,True
14259,1.1249,True
14260,0.6875,True
14261,1.0625,True
14262,1.1144,True
14263,1.0689,True
14264,0.8714,True
14265,1.0414,True
14266,0.8274,True
14267,0.9017,True
14268,1.0211,True
14269,0.9431,True
14270,0.9573,True
14271,1.2969,True
14272,1.2086,True
14273,0.988,True
14274,0.646,True
14275,1.0653,True
14276,0.9084,True
14277,1.0957,True
14278,1.0228,True
14279,0.8418,True
14280,1.0706,True
14281,1.1215,True
14282,0.8384,True
14283,0.8853,True
14284,0.8585,True
14285,0.9988,True
14286,1.0714,True
14287,1.0745,True
14288,1.0241,True
14289,0.5415,True
14290,1.118,True
14291,0.8432,True
14292,1.2559,True
14293,0.8479,True
14294,0.7597,True
14295,0.9759,True
14296,1.2777,True
14297,1.3732,True
14298,1.0474,True
14299,0.6464,True
14300,0.7714,True
14301,0.8483,True
14302,0.7896,True
14303,1.0078,True
14304,0.8285,True
14305,1.1276,True
14306,1.2754,True
14307,0.7953,True
14308,1.0098,True
14309,0.8941,True
14310,1.1487,True
14311,0.7326,True
14312,1.0511,True
14313,0.9908,True
14314,1.0198,True
14315,1.1486,True
14316,1.1158,True
14317,1.0117,True
14318,1.1533,True
14319,1.1253,True
14320,1.104,True
14321,1.3523,True
14322,0.9335,True
14323,1.04,True
14324,0.906,True
14325,0.9748,True
14326,1.0512,True
14327,0.9886,True
14328,1.2264,True
14329,0.8925,True
14330,0.9757,True
14331,0.9204,True
14332,0.7609,True
14333,1.4542,True
14334,0.7955,True
14335,1.1077,True
14336,1.0473,True
14337,1.3072,True
14338,0.8935,True
14339,0.94,True
14340,1.0806,True
14341,0.7799,True
14342,1.0612,True
14343,0.9226,True
14344,0.9604,True
14345,1.0138,True
14346,0.9368,True
14347,1.108,True
14348,1.1404,True
14349,1.0328,True
14350,1.072,True
14351,1.0168,True
14352,0.9662,True
14353,1.1443,True
14354,0.7416,True
14355,0.8796,True
14356,1.2096,True
14357,1.1555,True
14358,1.0952,True
14359,1.0377,True
14360,0.9718,True
14361,0.8386,True
14362,1.0914,True
14363,1.2503,True
14364,1.1933,True
14365,1.1828,True
14366,0.7693,True
14367,0.9284,True
14368,0.9858,True
14369,1.1462,True
14370,0.9387,True
14371,0.7609,True
14372,1.0024,True
14373,1.4075,True
14374,1.0216,True
14375,1.2086,True
14376,0.9053,True
14377,0.8913,True
14378,0.6736,True
14379,0.987,True
14380,0.9464,True
14381,0.99,True
14382,0.9541,True
14383,0.8856,True
14384,1.0213,True
14385,0.7858,True
14386,1.0119,True
14387,1.1067,True
14388,0.8787,True
14389,0.9672,True
14390,0.9851,True
14391,0.8796,True
14392,0.9303,True
14393,0.9043,True
14394,0.9376,True
14395,1.1336,True
14396,0.9657,True
14397,1.1603,True
14398,1.229,True
14399,1.2079,True
14400,0.6553,True
14401,0.9577,True
14402,1.0621,True
14403,1.0376,True
14404,1.1313,True
14405,0.8976,True
14406,1.0153,True
14407,1.0751,True
14408,0.8106,True
14409,0.9784,True
14410,0.6296,True
14411,0.8322,True
14412,1.0859,True
14413,1.0356,True
14414,0.9483,True
14415,0.8562,True
14416,1.2435,True
14417,1.0042,True
14418,0.7624,True
14419,1.0194,True
14420,1.088,True
14421,1.2122,True
14422,0.7125,True
14423,1.2447,True
14424,0.9613,True
14425,1.0527,True
14426,1.0418,True
14427,1.109,True
14428,1.002,True
14429,0.9783,True
14430,1.0896,True
14431,0.9509,True
14432,1.0803,True
14433,0.8321,True
14434,1.1525,True
14435,1.0797,True
14436,1.0098,True
14437,0.7582,True
14438,1.3257,True
14439,1.084,True
14440,0.9641,True
14441,0.9936,True
14442,0.8736,True
14443,0.9728,True
14444,1.1042,True
14445,0.7977,True
14446,1.0324,True
14447,1.1298,True
14448,0.7581,True
14449,1.0707,True
14450,1.2427,True
14451,1.0665,True
14452,1.0446,True
14453,1.0162,True
14454,1.2798,True
14455,1.262,True
14456,0.9285,True
14457,0.9519,True
14458,0.8353,True
14459,1.1278,True
14460,1.0842,True
14461,1.0323,True
14462,0.8362,True
14463,0.5343,True
14464,0.9638,True
14465,0.9886,True
14466,0.9254,True
14467,0.9931,True
14468,0.5603,True
14469,0.8225,True
14470,0.7884,True
14471,1.2118,True
14472,1.2431,True
14473,0.9835,True
14474,0.8514,True
14475,1.0142,True
14476,0.9408,True
14477,0.6595,True
14478,1.0154,True
14479,1.1326,True
14480,0.9796,True
14481,1.1259,True
14482,0.9281,True
14483,0.7355,True
14484,1.3713,True
14485,1.2593,True
14486,0.8496,True
14487,0.8637,True
14488,1.1259,True
14489,0.9727,True
14490,0.7938,True
14491,0.6822,True
14492,1.1284,True
14493,1.1412,True
14494,0.9904,True
14495,0.8863,True
14496,0.9295,True
14497,1.0811,True
14498,1.081,True
14499,1.1801,True
14500,1.1938,True
14501,1.2291,True
14502,0.9333,True
14503,1.2694,True
14504,1.1007,True
14505,1.2351,True
14506,0.934,True
14507,1.1054,True
14508,1.316,True
14509,0.9866,True
14510,0.6901,True
14511,1.1919,True
14512,0.7914,True
14513,0.934,True
14514,0.9352,True
14515,1.0593,True
14516,0.93,True
14517,1.0381,True
14518,0.8124,True
14519,1.2275,True
14520,1.0406,True
14521,1.0095,True
14522,1.1103,True
14523,1.2037,True
14524,1.0579,True
14525,0.9747,True
14526,1.2213,True
14527,1.1808,True
14528,0.7408,True
14529,0.448,False
14530,0.8888,True
14531,1.0895,True
14532,0.7603,True
14533,0.9408,True
14534,0.7256,True
14535,1.0869,True
14536,1.1335,True
14537,0.7519,True
14538,0.5962,True
14539,1.1109,True
14540,1.3421,True
14541,1.3635,True
14542,0.7936,True
14543,1.0991,True
14544,0.8562,True
14545,0.806,True
14546,0.5369,True
14547,0.9107,True
14548,0.8609,True
14549,1.4621,True
14550,0.9947,True
14551,1.0551,True
14552,0.9945,True
14553,0.8975,True
14554,1.0879,True
14555,1.2863,True
14556,1.2352,True
14557,0.8723,True
14558,0.9941,True
14559,0.9928,True
14560,0.9766,True
14561,0.8311,True
14562,1.178,True
14563,0.8742,True
14564,1.1397,True
14565,0.8463,True
14566,1.2472,True
14567,0.7019,True
14568,1.0497,True
14569,1.0974,True
14570,1.2883,True
14571,0.852,True
14572,0.6433,True
14573,0.6278,True
14574,0.8234,True
14575,0.9545,True
14576,0.9271,True
14577,1.0842,True
14578,1.0817,True
14579,0.6363,True
14580,1.0681,True
14581,0.974,True
14582,1.0877,True
14583,0.941,True
14584,1.1512,True
14585,1.0274,True
14586,1.0852,True
14587,0.5471,True
14588,1.257,True
14589,0.9715,True
14590,1.0514,True
14591,0.9318,True
14592,1.1797,True
14593,0.9884,True
14594,0.9335,True
14595,0.9833,True
14596,0.8431,True
14597,0.6601,True
14598,0.8921,True
14599,0.8704,True
14600,1.1638,True
14601,1.0484,True
14602,0.8078,True
14603,0.8873,True
14604,1.0628,True
14605,1.2726,True
14606,0.8196,True
14607,1.1401,True
14608,1.236,True
14609,1.2243,True
14610,0.5819,True
14611,1.1863,True
14612,1.1468,True
14613,1.2712,True
14614,1.2203,True
14615,1.159,True
14616,1.0865,True
14617,1.001,True
14618,0.9508,True
14619,1.0628,True
14620,1.0518,True
14621,1.2484,True
14622,0.9805,True
14623,1.1545,True
14624,1.046,True
14625,0.9066,True
14626,0.9853,True
14627,1.1001,True
14628,1.0478,True
14629,1.017,True
14630,1.0923,True
14631,1.1887,True
14632,0.9441,True
14633,1.028,True
14634,1.0175,True
14635,0.9581,True
14636,1.1108,True
14637,1.1366,True
14638,0.7296,True
14639,1.1755,True
14640,0.975,True
14641,0.8011,True
14642,1.0565,True
14643,0.9905,True
14644,0.8468,True
14645,0.9683,True
14646,1.3976,True
14647,1.3964,True
14648,1.4111,True
14649,1.0377,True
14650,0.7839,True
14651,1.0622,True
14652,1.0885,True
14653,1.2687,True
14654,1.14,True
14655,1.0513,True
14656,0.9712,True
14657,1.1049,True
14658,0.982,True
14659,0.9787,True
14660,0.5298,True
14661,1.0057,True
14662,0.8713,True
14663,1.0976,True
14664,0.6616,True
14665,0.6882,True
14666,0.9872,True
14667,0.9598,True
14668,0.9373,True
14669,0.6677,True
14670,1.0192,True
14671,1.052,True
14672,0.7785,True
14673,1.0413,True
14674,0.7363,True
14675,1.0745,True
14676,0.6243,True
14677,1.0641,True
14678,0.8514,True
14679,0.7986,True
14680,1.2541,True
14681,1.2815,True
14682,0.7735,True
14683,0.9537,True
14684,0.9955,True
14685,1.094,True
14686,1.0338,True
14687,0.8589,True
14688,0.9908,True
14689,0.9959,True
14690,0.8732,True
14691,1.1269,True
14692,0.8801,True
14693,1.1501,True
14694,1.0839,True
14695,1.0188,True
14696,0.8987,True
14697,0.3932,False
14698,0.7082,True
14699,1.0006,True
14700,0.9896,True
14701,0.8173,True
14702,0.8817,True
14703,0.8701,True
14704,1.1,True
14705,1.0127,True
14706,1.0787,True
14707,1.0367,True
14708,0.7277,True
14709,0.956,True
14710,1.1045,True
14711,1.1297,True
14712,1.1478,True
14713,0.9642,True
14714,1.034,True
14715,0.8662,True
14716,0.8624,True
14717,1.0266,True
14718,1.0413,True
14719,0.9023,True
14720,1.1331,True
14721,1.1877,True
14722,1.0199,True
14723,0.9905,True
14724,0.8772,True
14725,0.9529,True
14726,0.8865,True
14727,0.9591,True
14728,0.9565,True
14729,0.9879,True
14730,1.0753,True
14731,1.112,True
14732,0.9119,True
14733,1.124,True
14734,1.2766,True
14735,1.0472,True
14736,0.9931,True
14737,1.1978,True
14738,0.879,True
14739,1.1981,True
14740,0.9437,True
14741,1.0298,True
14742,1.1462,True
14743,1.1498,True
14744,1.1767,True
14745,1.0517,True
14746,0.9621,True
14747,1.1098,True
14748,1.0924,True
14749,0.9189,True
14750,0.7779,True
14751,1.2769,True
14752,1.1855,True
14753,0.9876,True
14754,0.9607,True
14755,0.8925,True
14756,1.2214,True
14757,1.0616,True
14758,0.7513,True
14759,0.9638,True
14760,1.1073,True
14761,1.0849,True
14762,1.0086,True
14763,1.0827,True
14764,1.1861,True
14765,0.5286,True
14766,0.8451,True
14767,1.1406,True
14768,1.388,True
14769,1.2938,True
14770,0.9064,True
14771,1.2554,True
14772,0.8981,True
14773,0.8838,True
14774,1.0688,True
14775,0.7234,True
14776,0.9884,True
14777,1.1605,True
14778,0.7598,True
14779,0.9081,True
14780,0.9163,True
14781,0.841,True
14782,1.2035,True
14783,0.9229,True
14784,0.8745,True
14785,1.1748,True
14786,0.8703,True
14787,1.0545,True
14788,1.0891,True
14789,0.9497,True
14790,1.1143,True
14791,0.9582,True
14792,1.1054,True
14793,0.9638,True
14794,1.2257,True
14795,0.8138,True
14796,0.8653,True
14797,0.9849,True
14798,1.1263,True
14799,0.8378,True
14800,0.9079,True
14801,0.9199,True
14802,0.7526,True
14803,0.8546,True
14804,1.0458,True
14805,0.8753,True
14806,1.0568,True
14807,0.9572,True
14808,0.8209,True
14809,0.8695,True
14810,1.1538,True
14811,1.0972,True
14812,0.6376,True
14813,1.1855,True
14814,1.0072,True
14815,1.0305,True
14816,0.9659,True
14817,0.9654,True
14818,1.1117,True
14819,1.0715,True
14820,0.7491,True
14821,0.8331,True
14822,0.953,True
14823,1.1017,True
14824,1.0042,True
14825,0.8767,True
14826,1.2324,True
14827,0.8155,True
14828,1.2376,True
14829,1.1361,True
14830,0.7788,True
14831,0.8321,True
14832,0.9751,True
14833,0.9337,True
14834,1.2732,True
14835,1.1924,True
14836,1.0689,True
14837,1.2654,True
14838,0.976,True
14839,1.0122,True
14840,0.9675,True
14841,0.886,True
14842,0.6285,True
14843,1.1181,True
14844,0.59,True
14845,1.0268,True
14846,1.105,True
14847,0.9829,True
14848,0.988,True
14849,0.9636,True
14850,1.059,True
14851,0.8024,True
14852,1.2853,True
14853,1.286,True
14854,0.942,True
14855,1.1066,True
14856,1.1576,True
14857,1.1962,True
14858,1.0318,True
14859,0.9558,True
14860,1.0444,True
14861,1.3252,True
14862,0.9719,True
14863,0.8161,True
14864,0.8876,True
14865,1.4193,True
14866,1.0213,True
14867,1.1244,True
14868,1.1132,True
14869,0.891,True
14870,0.8811,True
14871,0.8581,True
14872,0.8693,True
14873,1.0566,True
14874,1.0697,True
14875,0.7534,True
14876,1.0557,True
14877,1.2255,True
14878,0.706,True
14879,0.7449,True
14880,0.7461,True
14881,1.0302,True
14882,1.3642,True
14883,1.1434,True
14884,0.6818,True
14885,0.9765,True
14886,0.8231,True
14887,0.9229,True
14888,1.0242,True
14889,1.1344,True
14890,0.8091,True
14891,1.1395,True
14892,0.6524,True
14893,1.0312,True
14894,0.7007,True
14895,0.7519,True
14896,0.9746,True
14897,0.9969,True
14898,0.9634,True
14899,0.9149,True
14900,0.9686,True
14901,0.8091,True
14902,1.1578,True
14903,1.261,True
14904,1.2463,True
14905,0.9808,True
14906,1.1527,True
14907,1.0535,True
14908,0.8329,True
14909,0.9821,True
14910,1.2457,True
14911,0.9043,True
14912,0.7776,True
14913,0.6493,True
14914,0.9084,True
14915,0.9327,True
14916,0.9645,True
14917,1.0467,True
14918,0.8511,True
14919,0.5966,True
14920,0.911,True
14921,1.1533,True
14922,0.9668,True
14923,1.0096,True
14924,1.1937,True
14925,0.8938,True
14926,1.1265,True
14927,0.9253,True
14928,1.1174,True
14929,1.1364,True
14930,0.9823,True
14931,0.7107,True
14932,1.0276,True
14933,1.3716,True
14934,1.0903,True
14935,1.1067,True
14936,1.029,True
14937,0.827,True
14938,0.8045,True
14939,0.8337,True
14940,0.7192,True
14941,1.3115,True
14942,1.3908,True
14943,0.8874,True
14944,1.0452,True
14945,1.1774,True
14946,1.0007,True
14947,1.2381,True
14948,1.1824,True
14949,0.9047,True
14950,1.2959,True
14951,0.9688,True
14952,1.0006,True
14953,1.0172,True
14954,0.869,True
14955,1.3176,True
14956,0.7677,True
14957,1.3147,True
14958,0.9962,True
14959,1.0849,True
14960,1.0938,True
14961,0.5023,True
14962,0.9159,True
14963,1.3347,True
14964,0.7244,True
14965,0.899,True
14966,1.1976,True
14967,0.8873,True
14968,0.9743,True
14969,1.1262,True
14970,0.9854,True
14971,0.9447,True
14972,1.0202,True
14973,0.805,True
14974,0.9915,True
14975,1.1679,True
14976,0.9456,True
14977,1.0714,True
14978,0.8651,True
14979,0.967,True
14980,0.8557,True
14981,1.0331,True
14982,0.9776,True
14983,1.2657,True
14984,0.781,True
14985,1.2417,True
14986,1.1242,True
14987,0.854,True
14988,0.7247,True
14989,0.7649,True
14990,0.8501,True
14991,1.0978,True
14992,0.9838,True
14993,1.0595,True
14994,0.7066,True
14995,0.9424,True
14996,0.8692,True
14997,1.3644,True
14998,0.9487,True
14999,1.2542,True
15000,1.2279,True
15001,1.1369,True
15002,1.3508,True
15003,1.0684,True
15004,1.2525,True
15005,1.1155,True
15006,1.0472,True
15007,0.8371,True
15008,1.1594,True
15009,0.9699,True
15010,1.2568,True
15011,0.6912,True
15012,0.7594,True
15013,0.9454,True
15014,1.0796,True
15015,1.166,True
15016,0.9591,True
15017,1.1218,True
15018,0.6835,True
15019,0.9834,True
15020,1.0964,True
15021,0.8111,True
15022,0.5579,True
15023,1.0388,True
15024,0.8358,True
15025,1.1289,True
15026,1.1096,True
15027,0.6301,True
15028,0.8815,True
15029,0.9578,True
15030,1.1412,True
15031,0.7135,True
15032,1.0795,True
15033,0.696,True
15034,1.0507,True
15035,1.22,True
15036,0.7784,True
15037,1.3114,True
15038,0.9614,True
15039,0.9879,True
15040,1.0276,True
15041,1.3789,True
15042,0.8522,True
15043,0.8002,True
15044,1.1315,True
15045,1.091,True
15046,0.8756,True
15047,0.8428,True
15048,1.2731,True
15049,0.8284,True
15050,0.8164,True
15051,0.932,True
15052,0.868,True
15053,1.2324,True
15054,0.8504,True
15055,1.1065,True
15056,1.3647,True
15057,1.1127,True
15058,1.0292,True
15059,1.0509,True
15060,0.7342,True
15061,0.701,True
15062,1.1957,True
15063,1.1851,True
15064,0.9977,True
15065,0.7515,True
15066,0.8173,True
15067,0.892,True
15068,0.8537,True
15069,0.9298,True
15070,1.014,True
15071,1.2065,True
15072,1.0929,True
15073,1.0983,True
15074,1.052,True
15075,1.3886,True
15076,1.2312,True
15077,1.0736,True
15078,0.8117,True
15079,1.1701,True
15080,0.6896,True
15081,1.2449,True
15082,1.3391,True
15083,0.9337,True
15084,0.766,True
15085,0.8903,True
15086,0.9266,True
15087,1.3158,True
15088,0.9803,True
15089,1.1178,True
15090,0.8622,True
15091,0.744,True
15092,1.025,True
15093,1.1594,True
15094,0.9004,True
15095,0.6918,True
15096,1.1992,True
15097,0.9406,True
15098,1.3432,True
15099,0.893,True
15100,1.283,True
15101,1.1189,True
15102,0.9758,True
15103,1.0264,True
15104,1.2935,True
15105,0.9886,True
15106,0.8508,True
15107,0.7847,True
15108,0.5936,True
15109,1.1653,True
15110,1.1317,True
15111,1.1624,True
15112,0.9611,True
15113,1.0428,True
15114,1.2782,True
15115,1.2022,True
15116,0.9801,True
15117,0.9418,True
15118,1.2552,True
15119,0.9676,True
15120,0.9822,True
15121,1.1848,True
15122,1.0088,True
15123,1.4296,True
15124,1.2497,True
15125,0.7865,True
15126,1.082,True
15127,1.0027,True
15128,0.6823,True
15129,0.7362,True
15130,1.0684,True
15131,1.0197,True
15132,0.8526,True
15133,0.7931,True
15134,0.8493,True
15135,0.7307,True
15136,1.2428,True
15137,1.0583,True
15138,0.872,True
15139,1.187,True
15140,1.0144,True
15141,1.1505,True
15142,1.1609,True
15143,0.859,True
15144,0.6651,True
15145,1.036,True
15146,0.955,True
15147,0.7283,True
15148,1.2905,True
15149,1.249,True
15150,0.9084,True
15151,0.8905,True
15152,0.8672,True
15153,1.1325,True
15154,0.7161,True
15155,0.601,True
15156,0.9801,True
15157,0.7747,True
15158,1.105,True
15159,1.1876,True
15160,1.1125,True
15161,1.1739,True
15162,0.9298,True
15163,1.1171,True
15164,1.2619,True
15165,1.2406,True
15166,0.8523,True
15167,1.125,True
15168,0.9369,True
15169,1.0915,True
15170,0.663,True
15171,1.2642,True
15172,0.9378,True
15173,0.8958,True
15174,0.6343,True
15175,0.9919,True
15176,1.127,True
15177,0.8113,True
15178,1.3238,True
15179,0.9458,True
15180,0.9182,True
15181,1.0524,True
15182,0.9745,True
15183,0.8179,True
15184,0.8721,True
15185,1.1762,True
15186,1.0506,True
15187,0.9164,True
15188,1.1948,True
15189,0.7432,True
15190,1.3313,True
15191,1.2298,True
15192,1.2579,True
15193,1.1386,True
15194,1.0194,True
15195,0.9086,True
15196,0.8945,True
15197,1.1828,True
15198,0.8662,True
15199,0.9956,True
15200,1.333,True
15201,0.8271,True
15202,0.8931,True
15203,0.8849,True
15204,0.7461,True
15205,1.076,True
15206,0.9671,True
15207,0.7632,True
15208,0.9234,True
15209,1.1398,True
15210,0.9943,True
15211,0.9823,True
15212,0.981,True
15213,0.9341,True
15214,1.1589,True
15215,0.7156,True
15216,1.0232,True
15217,1.1006,True
15218,0.9375,True
15219,0.788,True
15220,1.1831,True
15221,1.1364,True
15222,0.7617,True
15223,0.7153,True
15224,0.6146,True
15225,1.2468,True
15226,1.2522,True
15227,0.8241,True
15228,0.8792,True
15229,1.5649,True
15230,1.2279,True
15231,0.7398,True
15232,1.0768,True
15233,1.0758,True
15234,1.2495,True
15235,1.1477,True
15236,0.6836,True
15237,0.7002,True
15238,0.8585,True
15239,0.8776,True
15240,1.2295,True
15241,0.8659,True
15242,1.1324,True
15243,1.3383,True
15244,1.2922,True
15245,0.7838,True
15246,0.6981,True
15247,0.9635,True
15248,1.211,True
15249,1.4409,True
15250,0.9398,True
15251,1.0959,True
15252,1.0998,True
15253,1.0312,True
15254,1.1143,True
15255,0.9887,True
15256,0.5778,True
15257,1.2405,True
15258,1.1291,True
15259,0.9464,True
15260,0.8384,True
15261,1.1275,True
15262,0.9105,True
15263,0.8636,True
15264,0.6577,True
15265,0.9459,True
15266,1.1658,True
15267,0.7594,True
15268,0.9163,True
15269,0.9431,True
15270,0.8851,True
15271,1.1335,True
15272,0.744,True
15273,1.045,True
15274,0.864,True
15275,0.9016,True
15276,0.863,True
15277,0.9476,True
15278,0.9655,True
15279,0.8052,True
15280,0.9219,True
15281,1.1254,True
15282,1.0187,True
15283,0.9492,True
15284,0.8696,True
15285,0.8821,True
15286,0.8773,True
15287,1.0855,True
15288,1.2996,True
15289,1.1755,True
15290,0.9798,True
15291,1.0931,True
15292,0.745,True
15293,0.9423,True
15294,1.2229,True
15295,0.8161,True
15296,1.3789,True
15297,0.9968,True
15298,1.2284,True
15299,1.0303,True
15300,0.9193,True
15301,1.0013,True
15302,0.7202,True
15303,0.9745,True
15304,1.168,True
15305,0.9035,True
15306,0.8934,True
15307,1.0377,True
15308,0.7211,True
15309,0.8761,True
15310,0.688,True
15311,0.9969,True
15312,1.1945,True
15313,1.1726,True
15314,0.8262,True
15315,1.0537,True
15316,0.8152,True
15317,0.8957,True
15318,1.2077,True
15319,0.9632,True
15320,1.092,True
15321,0.9808,True
15322,1.0862,True
15323,0.6834,True
15324,0.6854,True
15325,0.9928,True
15326,1.2789,True
15327,1.0753,True
15328,1.0428,True
15329,1.1953,True
15330,1.1148,True
15331,0.6703,True
15332,1.0667,True
15333,1.0767,True
15334,0.9906,True
15335,1.1982,True
15336,1.2137,True
15337,1.2591,True
15338,1.0886,True
15339,0.9594,True
15340,0.9973,True
15341,0.9984,True
15342,0.9124,True
15343,1.1058,True
15344,1.1892,True
15345,0.9255,True
15346,1.1059,True
15347,1.2071,True
15348,1.0854,True
15349,0.8516,True
15350,1.6772,True
15351,0.7939,True
15352,0.9279,True
15353,1.1099,True
15354,1.0147,True
15355,0.824,True
15356,0.702,True
15357,1.1267,True
15358,1.0376,True
15359,1.123,True
15360,1.0269,True
15361,1.292,True
15362,1.1355,True
15363,1.1517,True
15364,0.8843,True
15365,0.8801,True
15366,0.6309,True
15367,0.9757,True
15368,1.0194,True
15369,0.7978,True
15370,1.2275,True
15371,1.0011,True
15372,1.1343,True
15373,1.0638,True
15374,0.9844,True
15375,1.0377,True
15376,1.2163,True
15377,0.78,True
15378,0.8021,True
15379,0.8052,True
15380,0.9592,True
15381,0.7287,True
15382,1.0636,True
15383,1.0226,True
15384,0.933,True
15385,0.9853,True
15386,1.0087,True
15387,0.8909,True
15388,1.3373,True
15389,0.7031,True
15390,1.0863,True
15391,0.8736,True
15392,1.1063,True
15393,0.8516,True
15394,1.3487,True
15395,1.0155,True
15396,1.138,True
15397,1.1502,True
15398,0.8895,True
15399,1.0158,True
15400,0.9996,True
15401,0.4383,False
15402,1.0027,True
15403,0.6672,True
15404,1.01,True
15405,1.2489,True
15406,1.285,True
15407,0.5777,True
15408,1.0623,True
15409,1.1439,True
15410,1.1365,True
15411,1.0272,True
15412,1.1434,True
15413,0.8997,True
15414,0.3989,False
15415,1.3318,True
15416,1.1312,True
15417,1.1846,True
15418,1.0253,True
15419,1.1952,True
15420,0.6072,True
15421,0.9715,True
15422,1.3332,True
15423,0.9584,True
15424,0.6222,True
15425,0.7479,True
15426,1.0802,True
15427,0.9894,True
15428,1.0216,True
15429,1.2793,True
15430,1.0248,True
15431,0.8271,True
15432,1.0641,True
15433,0.8393,True
15434,1.0978,True
15435,0.9409,True
15436,0.9532,True
15437,0.8898,True
15438,0.9215,True
15439,0.7272,True
15440,0.8965,True
15441,1.2569,True
15442,1.1779,True
15443,1.2716,True
15444,1.0218,True
15445,1.0158,True
15446,0.9085,True
15447,0.8176,True
15448,0.941,True
15449,1.185,True
15450,1.4494,True
15451,1.0831,True
15452,0.639,True
15453,1.0551,True
15454,1.1821,True
15455,0.7966,True
15456,1.0153,True
15457,1.3175,True
15458,0.9269,True
15459,0.9281,True
15460,1.2221,True
15461,1.0564,True
15462,0.7873,True
15463,0.8801,True
15464,0.6252,True
15465,1.0587,True
15466,1.0987,True
15467,1.2482,True
15468,0.7743,True
15469,0.8287,True
15470,1.1713,True
15471,0.9336,True
15472,0.8211,True
15473,1.2492,True
15474,1.0565,True
15475,1.1094,True
15476,1.4756,True
15477,1.1185,True
15478,0.8063,True
15479,1.1394,True
15480,0.825,True
15481,0.8009,True
15482,0.9458,True
15483,0.7595,True
15484,1.1439,True
15485,0.8287,True
15486,1.0393,True
15487,0.9876,True
15488,1.1444,True
15489,0.715,True
15490,1.0201,True
15491,1.2207,True
15492,1.0946,True
15493,0.6235,True
15494,1.0508,True
15495,1.0939,True
15496,1.3411,True
15497,1.1666,True
15498,0.8697,True
15499,1.0186,True
15500,1.0237,True
15501,1.0506,True
15502,1.062,True
15503,0.9741,True
15504,0.7034,True
15505,1.1133,True
15506,1.1897,True
15507,1.127,True
15508,0.9467,True
15509,1.0484,True
15510,1.1435,True
15511,1.3302,True
15512,0.7344,True
15513,1.1766,True
15514,1.1784,True
15515,0.9341,True
15516,1.0827,True
15517,0.8766,True
15518,1.1107,True
15519,1.0246,True
15520,1.0031,True
15521,1.1223,True
15522,0.9252,True
15523,1.0238,True
15524,1.2429,True
15525,1.095,True
15526,0.5742,True
15527,1.2355,True
15528,0.9967,True
15529,0.8803,True
15530,0.7785,True
15531,0.8866,True
15532,0.8047,True
15533,1.0829,True
15534,0.9057,True
15535,1.0167,True
15536,0.9468,True
15537,0.8931,True
15538,1.1048,True
15539,1.1236,True
15540,0.737,True
15541,1.0412,True
15542,1.1371,True
15543,1.2548,True
15544,1.1507,True
15545,0.783,True
15546,0.8861,True
15547,0.8141,True
15548,0.5973,True
15549,0.988,True
15550,0.9399,True
15551,1.0318,True
15552,1.0371,True
15553,0.9562,True
15554,0.9259,True
15555,1.084,True
15556,0.9763,True
15557,0.9149,True
15558,1.2667,True
15559,0.6006,True
15560,0.9144,True
15561,0.7547,True
15562,1.2655,True
15563,1.0126,True
15564,1.1441,True
15565,0.9338,True
15566,0.8216,True
15567,0.8198,True
15568,0.4989,False
15569,1.0516,True
15570,0.8576,True
15571,1.0685,True
15572,0.7348,True
15573,1.1003,True
15574,0.9064,True
15575,1.0028,True
15576,1.0084,True
15577,0.7809,True
15578,0.8535,True
15579,0.9068,True
15580,1.1819,True
15581,0.8172,True
15582,0.7109,True
15583,1.0428,True
15584,1.1873,True
15585,0.7256,True
15586,0.8175,True
15587,1.2986,True
15588,0.875,True
15589,0.8695,True
15590,1.1044,True
15591,0.8504,True
15592,0.781,True
15593,0.8762,True
15594,1.1296,True
15595,1.2856,True
15596,0.8549,True
15597,0.7864,True
15598,0.9809,True
15599,1.0928,True
15600,1.1271,True
15601,0.9738,True
15602,1.1745,True
15603,1.1723,True
15604,1.1349,True
15605,0.8076,True
15606,0.9726,True
15607,1.1266,True
15608,0.9748,True
15609,1.1982,True
15610,1.0196,True
15611,0.7562,True
15612,1.0485,True
15613,0.8963,True
15614,0.7454,True
15615,0.5826,True
15616,1.2013,True
15617,1.0453,True
15618,1.1308,True
15619,1.1865,True
15620,1.2241,True
15621,1.2552,True
15622,0.9158,True
15623,1.0597,True
15624,0.9251,True
15625,1.015,True
15626,0.7835,True
15627,1.0363,True
15628,1.1298,True
15629,1.1316,True
15630,0.9678,True
15631,1.0362,True
15632,1.0339,True
15633,0.8991,True
15634,0.7206,True
15635,1.0172,True
15636,1.0924,True
15637,0.8316,True
15638,1.2761,True
15639,0.4311,False
15640,1.074,True
15641,0.9884,True
15642,0.9654,True
15643,1.0499,True
15644,1.2956,True
15645,0.8496,True
15646,1.1007,True
15647,0.9226,True
15648,0.8848,True
15649,1.2758,True
15650,0.9964,True
15651,1.0803,True
15652,0.8715,True
15653,0.9211,True
15654,0.9237,True
15655,0.7526,True
15656,0.7379,True
15657,0.99,True
15658,0.8564,True
15659,0.9713,True
15660,0.5803,True
15661,0.9702,True
15662,1.0583,True
15663,1.1321,True
15664,0.6567,True
15665,0.5311,True
15666,0.8651,True
15667,1.1335,True
15668,1.2192,True
15669,0.7233,True
15670,0.7287,True
15671,1.0981,True
15672,0.7819,True
15673,1.0357,True
15674,1.0542,True
15675,0.9928,True
15676,1.1947,True
15677,0.4071,False
15678,1.0858,True
15679,0.5239,True
15680,0.8865,True
15681,0.504,True
15682,0.7767,True
15683,1.2345,True
15684,0.8441,True
15685,1.0488,True
15686,1.0179,True
15687,1.1358,True
15688,1.2179,True
15689,1.1201,True
15690,1.2815,True
15691,1.0101,True
15692,1.1894,True
15693,1.2366,True
15694,1.1687,True
15695,1.1237,True
15696,1.0058,True
15697,0.8668,True
15698,0.971,True
15699,1.284,True
15700,0.9669,True
15701,0.8808,True
15702,0.9103,True
15703,1.1752,True
15704,1.0614,True
15705,1.0781,True
15706,1.2566,True
15707,0.9091,True
15708,0.9295,True
15709,0.8246,True
15710,0.9258,True
15711,1.2102,True
15712,0.9544,True
15713,1.0127,True
15714,1.0494,True
15715,1.0009,True
15716,1.1212,True
15717,1.1275,True
15718,0.9532,True
15719,0.9286,True
15720,0.967,True
15721,1.0092,True
15722,0.84,True
15723,0.9261,True
15724,0.9445,True
15725,0.8276,True
15726,0.7492,True
15727,0.876,True
15728,0.9325,True
15729,0.6531,True
15730,1.3082,True
15731,0.7817,True
15732,0.6873,True
15733,0.98,True
15734,1.1788,True
15735,1.2246,True
15736,0.6077,True
15737,1.0697,True
15738,1.1243,True
15739,0.9707,True
15740,1.0791,True
15741,1.0026,True
15742,1.2285,True
15743,0.8204,True
15744,0.758,True
15745,1.0216,True
15746,0.8847,True
15747,0.9575,True
15748,1.025,True
15749,1.1671,True
15750,0.9765,True
15751,1.2054,True
15752,0.5734,True
15753,1.2116,True
15754,1.4633,True
15755,1.0032,True
15756,0.8548,True
15757,1.0078,True
15758,1.1721,True
15759,0.9584,True
15760,1.0208,True
15761,1.1896,True
15762,0.9036,True
15763,1.0731,True
15764,0.7662,True
15765,0.9949,True
15766,0.7773,True
15767,0.9579,True
15768,1.1161,True
15769,0.6186,True
15770,0.7035,True
15771,0.6889,True
15772,0.9364,True
15773,0.3871,False
15774,0.9182,True
15775,0.9345,True
15776,1.1147,True
15777,1.1954,True
15778,0.857,True
15779,0.8984,True
15780,0.9517,True
15781,0.869,True
15782,1.363,True
15783,0.763,True
15784,0.9642,True
15785,0.719,True
15786,1.1607,True
15787,1.2668,True
15788,1.332,True
15789,0.8231,True
15790,1.1854,True
15791,1.1473,True
15792,1.0492,True
15793,0.98,True
15794,0.7963,True
15795,1.1475,True
15796,0.889,True
15797,0.9135,True
15798,1.0827,True
15799,1.0144,True
15800,0.7295,True
15801,0.9616,True
15802,0.883,True
15803,0.5094,True
15804,1.2874,True
15805,1.2461,True
15806,1.0728,True
15807,1.0915,True
15808,1.0854,True
15809,0.6805,True
15810,0.9738,True
15811,0.8751,True
15812,1.0869,True
15813,1.034,True
15814,1.1735,True
15815,1.2484,True
15816,1.2119,True
15817,0.9282,True
15818,1.2434,True
15819,1.1297,True
15820,1.4892,True
15821,1.0095,True
15822,0.7551,True
15823,0.867,True
15824,0.942,True
15825,0.9045,True
15826,1.0614,True
15827,1.0209,True
15828,0.985,True
15829,0.9182,True
15830,0.7709,True
15831,0.783,True
15832,1.0201,True
15833,0.925,True
15834,0.9697,True
15835,1.2858,True
15836,1.1115,True
15837,0.7329,True
15838,0.9351,True
15839,0.7787,True
15840,0.8518,True
15841,1.0199,True
15842,0.8096,True
15843,1.0164,True
15844,0.8788,True
15845,1.2135,True
15846,1.0851,True
15847,0.875,True
15848,0.8653,True
15849,1.0125,True
15850,1.1276,True
15851,1.1401,True
15852,0.9284,True
15853,0.9113,True
15854,0.8642,True
15855,0.9718,True
15856,1.0567,True
15857,0.7994,True
15858,1.0775,True
15859,1.1073,True
15860,0.723,True
15861,1.207,True
15862,1.0237,True
15863,0.8224,True
15864,1.2253,True
15865,1.2488,True
15866,1.159,True
15867,0.7255,True
15868,1.0978,True
15869,0.8653,True
15870,0.8433,True
15871,0.8209,True
15872,1.0909,True
15873,1.0104,True
15874,0.8754,True
15875,1.1212,True
15876,1.2682,True
15877,0.7351,True
15878,1.1941,True
15879,1.0611,True
15880,1.1179,True
15881,1.0514,True
15882,0.9639,True
15883,0.9791,True
15884,0.8359,True
15885,0.6362,True
15886,1.1072,True
15887,0.8609,True
15888,1.0867,True
15889,1.4175,True
15890,1.069,True
15891,1.0789,True
15892,1.1803,True
15893,0.6013,True
15894,1.1501,True
15895,1.3689,True
15896,0.7388,True
15897,1.4364,True
15898,0.7265,True
15899,1.1479,True
15900,1.0454,True
15901,1.0107,True
15902,0.7739,True
15903,1.188,True
15904,1.2773,True
15905,1.367,True
15906,0.8455,True
15907,1.0679,True
15908,0.7986,True
15909,0.9797,True
15910,0.8198,True
15911,1.2106,True
15912,0.6742,True
15913,0.8962,True
15914,0.974,True
15915,1.0807,True
15916,0.7867,True
15917,0.9168,True
15918,0.9395,True
15919,0.9513,True
15920,1.2052,True
15921,1.3007,True
15922,1.0655,True
15923,1.0172,True
15924,1.0548,True
15925,0.9851,True
15926,0.778,True
15927,1.1293,True
15928,1.2888,True
15929,1.2441,True
15930,1.0986,True
15931,0.8627,True
15932,0.9725,True
15933,0.9702,True
15934,1.3181,True
15935,0.9443,True
15936,1.1598,True
15937,1.0858,True
15938,0.7767,True
15939,1.0308,True
15940,0.8703,True
15941,1.0164,True
15942,1.4043,True
15943,0.8335,True
15944,1.0,True
15945,0.9526,True
15946,1.0389,True
15947,1.1974,True
15948,1.0063,True
15949,1.2785,True
15950,0.7896,True
15951,1.2425,True
15952,0.9517,True
15953,1.0506,True
15954,0.956,True
15955,1.0284,True
15956,1.4109,True
15957,1.0253,True
15958,0.9062,True
15959,1.1668,True
15960,1.0629,True
15961,1.1572,True
15962,0.7432,True
15963,1.0668,True
15964,0.8594,True
15965,0.6705,True
15966,0.6208,True
15967,0.653,True
15968,0.854,True
15969,1.2309,True
15970,0.8469,True
15971,0.814,True
15972,0.937,True
15973,1.032,True
15974,1.072,True
15975,0.9928,True
15976,1.0178,True
15977,1.4376,True
15978,0.81,True
15979,0.8463,True
15980,1.1434,True
15981,0.8149,True
15982,0.9735,True
15983,0.8849,True
15984,0.708,True
15985,0.8948,True
15986,0.9159,True
15987,1.0003,True
15988,1.0108,True
15989,1.3219,True
15990,1.0582,True
15991,0.9601,True
15992,1.2406,True
15993,1.0618,True
15994,0.9085,True
15995,1.3799,True
15996,1.0248,True
15997,1.0499,True
15998,0.6871,True
15999,1.0219,True
16000,1.2341,True
16001,1.0554,True
16002,1.0741,True
16003,1.105,True
16004,0.695,True
16005,1.0753,True
16006,0.6862,True
16007,1.0818,True
16008,1.1459,True
16009,0.6866,True
16010,0.8159,True
16011,0.942,True
16012,1.0464,True
16013,1.0323,True
16014,0.7342,True
16015,0.887,True
16016,0.915,True
16017,0.9463,True
16018,0.8727,True
16019,0.8895,True
16020,0.9143,True
16021,0.7385,True
16022,0.7916,True
16023,1.2395,True
16024,1.0557,True
16025,1.0461,True
16026,0.3295,False
16027,0.9935,True
16028,0.656,True
16029,0.9873,True
16030,1.1681,True
16031,0.9446,True
16032,1.0035,True
16033,1.2745,True
16034,1.2716,True
16035,0.6091,True
16036,1.1574,True
16037,0.966,True
16038,0.9789,True
16039,1.1013,True
16040,0.798,True
16041,1.0464,True
16042,0.8736,True
16043,0.7173,True
16044,1.4998,True
16045,0.939,True
16046,0.7487,True
16047,0.9677,True
16048,1.0651,True
16049,0.999,True
16050,0.5157,True
16051,1.0344,True
16052,1.0698,True
16053,1.0181,True
16054,1.1332,True
16055,0.6531,True
16056,1.1729,True
16057,1.1082,True
16058,1.2683,True
16059,0.6683,True
16060,1.1859,True
16061,0.9643,True
16062,1.1775,True
16063,0.7381,True
16064,0.8657,True
16065,0.7616,True
16066,1.2476,True
16067,0.9463,True
16068,0.9226,True
16069,1.2131,True
16070,0.6976,True
16071,1.1335,True
16072,0.8137,True
16073,1.1178,True
16074,1.2426,True
16075,0.9405,True
16076,1.1915,True
16077,1.0056,True
16078,0.8154,True
16079,1.0099,True
16080,0.8177,True
16081,1.1688,True
16082,0.8516,True
16083,1.0004,True
16084,0.8025,True
16085,1.2689,True
16086,1.0903,True
16087,1.2923,True
16088,0.9839,True
16089,0.8697,True
16090,0.8106,True
16091,1.0361,True
16092,1.0735,True
16093,0.7392,True
16094,0.8695,True
16095,0.8025,True
16096,0.8812,True
16097,0.8705,True
16098,1.06,True
16099,0.9088,True
16100,1.1208,True
16101,0.9329,True
16102,1.4673,True
16103,0.9427,True
16104,1.4901,True
16105,0.8629,True
16106,1.2556,True
16107,1.3326,True
16108,0.9873,True
16109,1.1838,True
16110,0.849,True
16111,1.329,True
16112,1.2132,True
16113,1.1786,True
16114,0.5363,True
16115,1.0455,True
16116,1.0603,True
16117,0.9239,True
16118,0.9273,True
16119,1.2628,True
16120,0.9769,True
16121,0.8401,True
16122,0.9827,True
16123,0.7829,True
16124,1.1898,True
16125,0.8901,True
16126,0.3978,False
16127,1.3137,True
16128,0.9977,True
16129,0.9932,True
16130,0.8188,True
16131,0.6321,True
16132,1.0917,True
16133,1.1142,True
16134,0.3587,False
16135,0.817,True
16136,1.1386,True
16137,0.439,False
16138,1.1358,True
16139,0.9091,True
16140,0.963,True
16141,0.7447,True
16142,1.0984,True
16143,1.245,True
16144,1.1432,True
16145,0.5805,True
16146,1.285,True
16147,1.024,True
16148,1.0976,True
16149,0.9129,True
16150,1.0355,True
16151,0.9117,True
16152,1.0133,True
16153,0.9495,True
16154,0.9911,True
16155,0.9301,True
16156,1.1914,True
16157,1.2153,True
16158,1.1232,True
16159,1.2119,True
16160,1.162,True
16161,0.8833,True
16162,0.9078,True
16163,0.6422,True
16164,1.2756,True
16165,1.0588,True
16166,0.8232,True
16167,1.121,True
16168,0.6061,True
16169,1.0502,True
16170,1.0651,True
16171,1.023,True
16172,0.6707,True
16173,0.8027,True
16174,1.0166,True
16175,1.3728,True
16176,1.0326,True
16177,0.9775,True
16178,0.9803,True
16179,0.9484,True
16180,0.6985,True
16181,0.7273,True
16182,0.869,True
16183,0.9261,True
16184,1.1103,True
16185,1.0042,True
16186,0.8826,True
16187,0.9739,True
16188,1.1591,True
16189,0.9278,True
16190,1.0,True
16191,1.3432,True
16192,1.1058,True
16193,1.1359,True
16194,1.1275,True
16195,0.9094,True
16196,0.8937,True
16197,1.0925,True
16198,1.1255,True
16199,0.9381,True
16200,0.8897,True
16201,0.9106,True
16202,1.0347,True
16203,1.011,True
16204,0.9009,True
16205,1.2352,True
16206,1.1486,True
16207,1.3284,True
16208,0.8115,True
16209,0.6411,True
16210,0.6654,True
16211,0.9383,True
16212,1.1652,True
16213,0.9979,True
16214,1.2118,True
16215,0.7981,True
16216,0.974,True
16217,0.9314,True
16218,1.0097,True
16219,0.9987,True
16220,0.7278,True
16221,0.8039,True
16222,0.9261,True
16223,1.22,True
16224,1.2575,True
16225,1.3272,True
16226,0.7513,True
16227,1.4403,True
16228,0.8038,True
16229,1.0233,True
16230,1.2585,True
16231,1.0818,True
16232,0.7113,True
16233,1.009,True
16234,0.7345,True
16235,0.9606,True
16236,1.2977,True
16237,1.2692,True
16238,1.2099,True
16239,0.6897,True
16240,1.1193,True
16241,1.3734,True
16242,1.1907,True
16243,1.176,True
16244,0.7164,True
16245,1.283,True
16246,1.2876,True
16247,1.0829,True
16248,1.2663,True
16249,1.3638,True
16250,0.9715,True
16251,1.215,True
16252,1.0039,True
16253,1.2496,True
16254,0.8653,True
16255,1.2629,True
16256,1.1746,True
16257,0.6768,True
16258,1.0595,True
16259,1.124,True
16260,0.947,True
16261,1.2125,True
16262,0.9873,True
16263,0.8487,True
16264,0.9721,True
16265,0.8887,True
16266,0.5982,True
16267,0.7132,True
16268,1.0717,True
16269,0.9593,True
16270,0.616,True
16271,0.8174,True
16272,0.9693,True
16273,0.6403,True
16274,0.8009,True
16275,0.7985,True
16276,0.8081,True
16277,0.9854,True
16278,1.046,True
16279,0.782,True
16280,0.9994,True
16281,1.234,True
16282,0.9123,True
16283,0.7647,True
16284,0.8507,True
16285,1.3201,True
16286,0.9552,True
16287,1.1579,True
16288,1.0471,True
16289,1.1401,True
16290,1.0079,True
16291,1.1582,True
16292,0.8979,True
16293,1.0366,True
16294,0.9608,True
16295,1.0394,True
16296,0.9014,True
16297,0.8951,True
16298,0.9645,True
16299,0.9887,True
16300,0.9084,True
16301,1.2312,True
16302,1.1962,True
16303,1.0058,True
16304,1.1846,True
16305,1.0288,True
16306,1.2614,True
16307,1.054,True
16308,0.8274,True
16309,0.3574,False
16310,1.1535,True
16311,1.3061,True
16312,1.2803,True
16313,1.0083,True
16314,0.9981,True
16315,0.8379,True
16316,0.9258,True
16317,1.0844,True
16318,1.0398,True
16319,1.1418,True
16320,1.1891,True
16321,1.1171,True
16322,1.1656,True
16323,1.1348,True
16324,0.8878,True
16325,0.6216,True
16326,1.2927,True
16327,1.1582,True
16328,1.201,True
16329,0.9264,True
16330,0.9691,True
16331,1.1449,True
16332,1.0258,True
16333,1.162,True
16334,0.7498,True
16335,1.3127,True
16336,0.684,True
16337,1.3272,True
16338,0.8189,True
16339,1.1831,True
16340,0.8714,True
16341,1.2479,True
16342,1.0471,True
16343,1.1528,True
16344,0.5212,True
16345,1.0958,True
16346,1.0551,True
16347,0.8872,True
16348,1.0901,True
16349,1.0812,True
16350,0.8005,True
16351,1.2859,True
16352,0.9918,True
16353,1.1808,True
16354,1.0274,True
16355,0.9561,True
16356,0.9371,True
16357,0.7159,True
16358,0.8433,True
16359,1.3082,True
16360,0.998,True
16361,1.1177,True
16362,0.9979,True
16363,0.6115,True
16364,0.9677,True
16365,0.8505,True
16366,0.9173,True
16367,1.3584,True
16368,1.0625,True
16369,1.0275,True
16370,1.0821,True
16371,0.5979,True
16372,0.9783,True
16373,0.9151,True
16374,0.9745,True
16375,1.3897,True
16376,1.059,True
16377,0.9016,True
16378,1.2616,True
16379,1.0144,True
16380,1.1908,True
16381,0.9143,True
16382,0.5899,True
16383,1.2209,True
16384,0.8564,True
16385,1.1123,True
16386,1.1711,True
16387,1.0567,True
16388,0.8609,True
16389,0.9201,True
16390,1.2637,True
16391,1.1976,True
16392,0.8074,True
16393,0.8302,True
16394,1.1062,True
16395,0.7477,True
16396,1.0836,True
16397,1.3363,True
16398,0.8698,True
16399,1.0206,True
16400,1.0885,True
16401,0.8415,True
16402,1.1362,True
16403,0.9479,True
16404,0.7646,True
16405,0.9304,True
16406,1.0732,True
16407,1.2569,True
16408,1.2832,True
16409,0.865,True
16410,0.6072,True
16411,0.9298,True
16412,0.5776,True
16413,1.0263,True
16414,1.2559,True
16415,1.3731,True
16416,0.9513,True
16417,1.5178,True
16418,1.1489,True
16419,1.2296,True
16420,1.3098,True
16421,1.1754,True
16422,1.0493,True
16423,1.1054,True
16424,1.1797,True
16425,0.7672,True
16426,1.4309,True
16427,0.5169,True
16428,1.1411,True
16429,1.253,True
16430,0.934,True
16431,0.6209,True
16432,0.683,True
16433,1.1635,True
16434,0.864,True
16435,1.1085,True
16436,0.8723,True
16437,0.8353,True
16438,1.0665,True
16439,1.0789,True
16440,1.0285,True
16441,0.9558,True
16442,1.0363,True
16443,0.8189,True
16444,0.6163,True
16445,0.9081,True
16446,0.7946,True
16447,0.936,True
16448,1.2523,True
16449,1.2135,True
16450,1.11,True
16451,0.9751,True
16452,1.0095,True
16453,1.0391,True
16454,0.7174,True
16455,0.9113,True
16456,0.6792,True
16457,1.3106,True
16458,0.6365,True
16459,0.9071,True
16460,0.832,True
16461,1.058,True
16462,0.6416,True
16463,0.607,True
16464,0.7386,True
16465,0.7913,True
16466,0.7468,True
16467,1.0579,True
16468,0.876,True
16469,1.2804,True
16470,1.0169,True
16471,0.9879,True
16472,0.923,True
16473,0.9923,True
16474,0.9325,True
16475,1.0826,True
16476,0.9684,True
16477,1.1976,True
16478,1.0542,True
16479,0.8879,True
16480,1.3053,True
16481,0.975,True
16482,0.901,True
16483,0.7459,True
16484,1.1531,True
16485,0.9091,True
16486,1.0075,True
16487,0.958,True
16488,1.0191,True
16489,0.5889,True
16490,1.1311,True
16491,1.1487,True
16492,1.3266,True
16493,1.0138,True
16494,0.9902,True
16495,0.8314,True
16496,0.7901,True
16497,1.0447,True
16498,0.6459,True
16499,0.8669,True
16500,1.1629,True
16501,1.0663,True
16502,1.1073,True
16503,0.7254,True
16504,1.0074,True
16505,0.7758,True
16506,0.7201,True
16507,1.4056,True
16508,1.2872,True
16509,0.6633,True
16510,0.9296,True
16511,0.6743,True
16512,0.7333,True
16513,0.7208,True
16514,0.8848,True
16515,1.009,True
16516,1.0594,True
16517,1.1261,True
16518,0.9827,True
16519,1.0923,True
16520,1.0306,True
16521,1.3709,True
16522,0.9651,True
16523,1.0645,True
16524,1.0578,True
16525,1.0259,True
16526,0.6514,True
16527,0.8789,True
16528,0.9956,True
16529,0.923,True
16530,1.0121,True
16531,0.6649,True
16532,1.1253,True
16533,1.0925,True
16534,1.12,True
16535,0.9008,True
16536,0.8544,True
16537,1.2787,True
16538,1.1983,True
16539,0.8893,True
16540,0.9887,True
16541,1.2895,True
16542,0.8028,True
16543,1.0276,True
16544,1.2346,True
16545,1.0138,True
16546,0.9845,True
16547,0.9172,True
16548,1.098,True
16549,1.3555,True
16550,0.9273,True
16551,1.0605,True
16552,0.8592,True
16553,0.8633,True
16554,0.9187,True
16555,0.9847,True
16556,0.9639,True
16557,1.2359,True
16558,0.9217,True
16559,0.99,True
16560,0.8833,True
16561,0.7086,True
16562,1.0278,True
16563,1.0455,True
16564,1.0677,True
16565,0.9952,True
16566,0.906,True
16567,0.9602,True
16568,0.8837,True
16569,1.0465,True
16570,1.0299,True
16571,1.0013,True
16572,1.1823,True
16573,0.8848,True
16574,0.7668,True
16575,1.037,True
16576,0.7158,True
16577,0.803,True
16578,0.9321,True
16579,1.1465,True
16580,0.9241,True
16581,1.1097,True
16582,0.8729,True
16583,0.8995,True
16584,0.9475,True
16585,0.9505,True
16586,0.754,True
16587,0.9557,True
16588,0.8308,True
16589,0.9382,True
16590,0.8382,True
16591,1.2425,True
16592,0.767,True
16593,1.0635,True
16594,1.0224,True
16595,1.2351,True
16596,1.1687,True
16597,0.7452,True
16598,1.0926,True
16599,0.7391,True
16600,0.9763,True
16601,1.0593,True
16602,1.1284,True
16603,1.1798,True
16604,1.1989,True
16605,0.7628,True
16606,1.2454,True
16607,0.7338,True
16608,0.909,True
16609,1.2615,True
16610,0.6932,True
16611,1.4531,True
16612,0.8069,True
16613,0.942,True
16614,1.3882,True
16615,1.2776,True
16616,0.6872,True
16617,1.1109,True
16618,1.0362,True
16619,0.7947,True
16620,0.9428,True
16621,0.7535,True
16622,0.6251,True
16623,1.1133,True
16624,1.0661,True
16625,0.5648,True
16626,1.0815,True
16627,1.1316,True
16628,1.0735,True
16629,0.811,True
16630,0.9629,True
16631,1.0444,True
16632,1.0361,True
16633,0.5058,True
16634,1.1319,True
16635,0.8142,True
16636,0.6672,True
16637,1.2797,True
16638,1.143,True
16639,0.7237,True
16640,1.0551,True
16641,0.7872,True
16642,0.7159,True
16643,1.0759,True
16644,1.1616,True
16645,0.5297,True
16646,1.0237,True
16647,0.6289,True
16648,1.1403,True
16649,1.2377,True
16650,1.0614,True
16651,1.1077,True
16652,0.8886,True
16653,0.7748,True
16654,1.0237,True
16655,1.1048,True
16656,1.3469,True
16657,0.9771,True
16658,0.9704,True
16659,0.952,True
16660,1.0074,True
16661,1.0234,True
16662,0.8001,True
16663,1.0941,True
16664,1.2992,True
16665,1.287,True
16666,1.0218,True
16667,0.9377,True
16668,1.0925,True
16669,0.8534,True
16670,0.8928,True
16671,0.6865,True
16672,0.8002,True
16673,1.3209,True
16674,1.0365,True
16675,0.9027,True
16676,0.9063,True
16677,0.941,True
16678,0.621,True
16679,0.5541,True
16680,1.1324,True
16681,1.1737,True
16682,1.1529,True
16683,0.928,True
16684,0.9829,True
16685,1.2684,True
16686,1.2049,True
16687,1.0102,True
16688,1.063,True
16689,0.8322,True
16690,0.619,True
16691,1.1121,True
16692,1.1801,True
16693,1.2698,True
16694,1.2697,True
16695,1.104,True
16696,0.9439,True
16697,1.3927,True
16698,0.84,True
16699,0.9941,True
16700,0.9084,True
16701,1.0403,True
16702,0.8764,True
16703,1.1156,True
16704,1.2,True
16705,1.1226,True
16706,0.8631,True
16707,0.9547,True
16708,1.0521,True
16709,0.9627,True
16710,0.6568,True
16711,0.911,True
16712,0.839,True
16713,0.9202,True
16714,1.0093,True
16715,0.8603,True
16716,1.1964,True
16717,1.0847,True
16718,0.9525,True
16719,0.654,True
16720,1.1215,True
16721,0.8493,True
16722,0.7974,True
16723,0.9734,True
16724,0.9946,True
16725,0.7941,True
16726,0.7068,True
16727,0.9646,True
16728,1.239,True
16729,0.9768,True
16730,1.2632,True
16731,0.8966,True
16732,0.9864,True
16733,0.7848,True
16734,1.2466,True
16735,1.1773,True
16736,0.733,True
16737,0.8256,True
16738,1.0047,True
16739,1.0284,True
16740,0.8538,True
16741,0.983,True
16742,0.9083,True
16743,1.0639,True
16744,0.7833,True
16745,1.0657,True
16746,0.9441,True
16747,0.9956,True
16748,0.8145,True
16749,0.8578,True
16750,1.076,True
16751,1.0804,True
16752,1.1474,True
16753,1.1402,True
16754,1.0244,True
16755,1.131,True
16756,1.0121,True
16757,0.9994,True
16758,0.8915,True
16759,1.2332,True
16760,1.2132,True
16761,0.9692,True
16762,1.0386,True
16763,0.9978,True
16764,1.298,True
16765,0.965,True
16766,1.038,True
16767,1.1055,True
16768,0.8614,True
16769,1.1567,True
16770,0.8529,True
16771,1.0556,True
16772,0.7627,True
16773,0.8916,True
16774,1.0832,True
16775,0.6723,True
16776,1.2983,True
16777,1.094,True
16778,1.2458,True
16779,0.9035,True
16780,1.0488,True
16781,1.2489,True
16782,0.9727,True
16783,1.0293,True
16784,0.9816,True
16785,0.8457,True
16786,1.2837,True
16787,1.1531,True
16788,1.1212,True
16789,1.0605,True
16790,1.2271,True
16791,1.0203,True
16792,1.1328,True
16793,0.9639,True
16794,0.82,True
16795,0.8131,True
16796,1.0726,True
16797,0.7836,True
16798,0.6463,True
16799,0.9383,True
16800,1.0221,True
16801,1.0672,True
16802,1.0877,True
16803,1.0823,True
16804,1.1876,True
16805,0.7327,True
16806,0.6282,True
16807,0.968,True
16808,0.8441,True
16809,1.1835,True
16810,1.1502,True
16811,1.1731,True
16812,1.1027,True
16813,0.905,True
16814,1.0983,True
16815,1.0034,True
16816,0.8824,True
16817,0.7836,True
16818,0.9628,True
16819,0.9211,True
16820,1.0108,True
16821,1.0484,True
16822,1.0247,True
16823,0.9605,True
16824,1.2748,True
16825,0.9471,True
16826,1.1874,True
16827,1.2273,True
16828,1.1514,True
16829,0.9315,True
16830,0.8308,True
16831,1.0844,True
16832,0.9172,True
16833,0.9628,True
16834,1.0658,True
16835,0.9884,True
16836,0.9611,True
16837,0.79,True
16838,0.7672,True
16839,1.0338,True
16840,1.0747,True
16841,0.9662,True
16842,0.8122,True
16843,0.8352,True
16844,1.2074,True
16845,1.1249,True
16846,1.0831,True
16847,0.9834,True
16848,1.16,True
16849,0.8652,True
16850,0.8875,True
16851,0.6976,True
16852,1.2391,True
16853,0.978,True
16854,0.8943,True
16855,1.0247,True
16856,0.8274,True
16857,0.6777,True
16858,1.0152,True
16859,0.7867,True
16860,1.0764,True
16861,1.0278,True
16862,0.7736,True
16863,1.1701,True
16864,1.0052,True
16865,0.95,True
16866,0.9619,True
16867,0.6972,True
16868,1.0411,True
16869,1.1012,True
16870,1.0569,True
16871,1.0966,True
16872,0.8188,True
16873,1.1186,True
16874,1.2074,True
16875,0.8709,True
16876,0.974,True
16877,1.2887,True
16878,1.1473,True
16879,0.9295,True
16880,0.7054,True
16881,1.0382,True
16882,1.1555,True
16883,1.1375,True
16884,0.8019,True
16885,1.1006,True
16886,1.1979,True
16887,0.7417,True
16888,0.9078,True
16889,1.0261,True
16890,0.9239,True
16891,0.9064,True
16892,0.6747,True
16893,0.7758,True
16894,0.9907,True
16895,0.9554,True
16896,1.122,True
16897,0.953,True
16898,0.799,True
16899,1.0484,True
16900,1.0631,True
16901,1.2747,True
16902,1.1441,True
16903,1.131,True
16904,0.9952,True
16905,1.2035,True
16906,0.824,True
16907,0.8848,True
16908,1.11,True
16909,0.4798,False
16910,1.045,True
16911,1.0601,True
16912,1.0011,True
16913,1.1072,True
16914,0.9737,True
16915,1.0258,True
16916,1.1935,True
16917,1.1029,True
16918,1.1607,True
16919,0.9613,True
16920,1.1006,True
16921,0.9409,True
16922,0.887,True
16923,1.0511,True
16924,1.1021,True
16925,0.9593,True
16926,0.8317,True
16927,0.7041,True
16928,0.9579,True
16929,1.0749,True
16930,1.2112,True
16931,1.171,True
16932,1.0255,True
16933,0.8297,True
16934,0.8612,True
16935,1.0195,True
16936,0.8668,True
16937,1.0065,True
16938,1.0663,True
16939,0.9695,True
16940,0.9729,True
16941,0.8215,True
16942,1.0027,True
16943,1.0366,True
16944,0.9342,True
16945,1.0596,True
16946,1.188,True
16947,1.0072,True
16948,1.0537,True
16949,1.0485,True
16950,1.0,True
16951,1.0214,True
16952,0.9715,True
16953,0.8747,True
16954,0.9077,True
16955,1.0255,True
16956,0.8621,True
16957,0.6408,True
16958,1.0257,True
16959,0.6727,True
16960,0.8249,True
16961,1.0676,True
16962,1.1307,True
16963,0.7061,True
16964,1.2536,True
16965,1.2099,True
16966,0.87,True
16967,1.2299,True
16968,1.0752,True
16969,1.1223,True
16970,0.6691,True
16971,0.9261,True
16972,1.082,True
16973,1.2212,True
16974,1.285,True
16975,0.8225,True
16976,0.6854,True
16977,0.9856,True
16978,1.0909,True
16979,0.9943,True
16980,1.2943,True
16981,0.6393,True
16982,1.1717,True
16983,1.2892,True
16984,1.1975,True
16985,1.0324,True
16986,0.5129,True
16987,0.9533,True
16988,0.9744,True
16989,1.2191,True
16990,1.0163,True
16991,1.145,True
16992,0.8441,True
16993,0.8288,True
16994,1.0943,True
16995,0.9052,True
16996,0.9926,True
16997,1.0417,True
16998,1.2146,True
16999,0.932,True
17000,1.0307,True
17001,0.6685,True
17002,0.5729,True
17003,1.0603,True
17004,0.7893,True
17005,0.906,True
17006,0.966,True
17007,1.0482,True
17008,1.0623,True
17009,1.1115,True
17010,0.8058,True
17011,0.8715,True
17012,1.0247,True
17013,1.0161,True
17014,0.9685,True
17015,0.7118,True
17016,0.9046,True
17017,1.2106,True
17018,1.0616,True
17019,1.0269,True
17020,1.0388,True
17021,1.0533,True
17022,1.0979,True
17023,0.7326,True
17024,0.8159,True
17025,0.8647,True
17026,1.1201,True
17027,1.2745,True
17028,0.7683,True
17029,0.9541,True
17030,0.7125,True
17031,1.1647,True
17032,0.9634,True
17033,1.1196,True
17034,1.0136,True
17035,0.9148,True
17036,0.7744,True
17037,0.9943,True
17038,1.0614,True
17039,0.8803,True
17040,0.9126,True
17041,1.007,True
17042,0.8065,True
17043,1.1223,True
17044,0.995,True
17045,0.9774,True
17046,0.9301,True
17047,0.9911,True
17048,0.918,True
17049,0.7959,True
17050,1.095,True
17051,1.285,True
17052,1.0925,True
17053,1.0987,True
17054,0.7234,True
17055,0.9474,True
17056,0.7047,True
17057,0.9164,True
17058,1.0544,True
17059,1.0288,True
17060,0.8371,True
17061,1.0876,True
17062,0.6164,True
17063,1.3329,True
17064,0.8312,True
17065,1.0777,True
17066,1.0016,True
17067,1.3833,True
17068,0.7351,True
17069,0.9618,True
17070,0.7722,True
17071,1.0524,True
17072,1.1604,True
17073,0.8326,True
17074,1.1115,True
17075,1.0337,True
17076,1.0892,True
17077,1.1329,True
17078,0.9832,True
17079,1.0065,True
17080,0.9739,True
17081,0.7047,True
17082,0.9586,True
17083,0.8987,True
17084,0.8844,True
17085,1.1128,True
17086,0.8125,True
17087,1.047,True
17088,0.9763,True
17089,0.81,True
17090,1.085,True
17091,1.1719,True
17092,0.909,True
17093,1.1596,True
17094,0.986,True
17095,1.0783,True
17096,1.1118,True
17097,1.1555,True
17098,0.8974,True
17099,1.031,True
17100,0.8427,True
17101,1.0148,True
17102,0.7842,True
17103,1.089,True
17104,1.03,True
17105,1.0856,True
17106,0.9561,True
17107,0.5909,True
17108,0.8687,True
17109,1.1479,True
17110,1.0722,True
17111,1.0557,True
17112,1.1285,True
17113,0.6651,True
17114,0.979,True
17115,0.9492,True
17116,0.684,True
17117,0.972,True
17118,1.0919,True
17119,0.8928,True
17120,0.7511,True
17121,0.903,True
17122,0.6906,True
17123,1.0952,True
17124,1.0398,True
17125,0.9431,True
17126,0.9442,True
17127,0.8797,True
17128,0.9096,True
17129,0.6668,True
17130,1.1432,True
17131,0.9004,True
17132,1.0632,True
17133,0.9575,True
17134,0.7478,True
17135,0.8946,True
17136,1.0218,True
17137,1.0472,True
17138,0.9383,True
17139,1.1248,True
17140,1.1995,True
17141,1.0381,True
17142,1.0653,True
17143,1.1712,True
17144,0.7696,True
17145,0.835,True
17146,1.0224,True
17147,1.2596,True
17148,0.9442,True
17149,0.7313,True
17150,0.8017,True
17151,1.0125,True
17152,0.9509,True
17153,1.2289,True
17154,0.7638,True
17155,1.0381,True
17156,0.8587,True
17157,1.0318,True
17158,0.9988,True
17159,1.0138,True
17160,0.6948,True
17161,1.1622,True
17162,1.0674,True
17163,1.2828,True
17164,0.9403,True
17165,0.7704,True
17166,1.0311,True
17167,0.7506,True
17168,0.9817,True
17169,1.1851,True
17170,0.9146,True
17171,0.8421,True
17172,1.0838,True
17173,0.8944,True
17174,0.9019,True
17175,1.1644,True
17176,0.7356,True
17177,1.1594,True
17178,1.1467,True
17179,0.8336,True
17180,0.8434,True
17181,0.9979,True
17182,0.7777,True
17183,0.9895,True
17184,0.9892,True
17185,1.2223,True
17186,0.7874,True
17187,1.029,True
17188,0.953,True
17189,1.0531,True
17190,0.9804,True
17191,0.8897,True
17192,0.8261,True
17193,1.0907,True
17194,0.9599,True
17195,1.0541,True
17196,0.9442,True
17197,0.8361,True
17198,0.9364,True
17199,1.1073,True
17200,1.2571,True
17201,1.0372,True
17202,1.1038,True
17203,0.9861,True
17204,0.9931,True
17205,1.0005,True
17206,0.943,True
17207,1.2365,True
17208,0.6554,True
17209,0.987,True
17210,1.069,True
17211,1.1418,True
17212,1.2494,True
17213,1.0187,True
17214,1.0339,True
17215,0.9452,True
17216,0.9528,True
17217,1.1199,True
17218,1.0777,True
17219,0.9565,True
17220,0.929,True
17221,1.1866,True
17222,1.0147,True
17223,0.9131,True
17224,1.0171,True
17225,1.0438,True
17226,1.159,True
17227,0.7651,True
17228,0.613,True
17229,1.0217,True
17230,1.2076,True
17231,0.9589,True
17232,0.9006,True
17233,0.8818,True
17234,1.1959,True
17235,1.1505,True
17236,0.8538,True
17237,0.7596,True
17238,1.0416,True
17239,0.7605,True
17240,1.2317,True
17241,1.0871,True
17242,1.0432,True
17243,0.8047,True
17244,0.9188,True
17245,1.0373,True
17246,0.6479,True
17247,0.9743,True
17248,1.0728,True
17249,1.1461,True
17250,0.9949,True
17251,1.0733,True
17252,1.1242,True
17253,0.9801,True
17254,1.0718,True
17255,0.7225,True
17256,0.7603,True
17257,0.9636,True
17258,1.016,True
17259,1.0596,True
17260,0.6739,True
17261,1.0621,True
17262,0.9492,True
17263,0.7746,True
17264,1.1199,True
17265,0.9209,True
17266,1.1337,True
17267,0.9104,True
17268,0.9631,True
17269,1.0006,True
17270,1.0727,True
17271,1.063,True
17272,1.0442,True
17273,1.1534,True
17274,1.0139,True
17275,0.8318,True
17276,1.0013,True
17277,1.0675,True
17278,1.0787,True
17279,1.1091,True
17280,1.1101,True
17281,1.2069,True
17282,0.9834,True
17283,1.1204,True
17284,1.1447,True
17285,0.6966,True
17286,0.7245,True
17287,1.0822,True
17288,1.0321,True
17289,1.0765,True
17290,1.1411,True
17291,0.8152,True
17292,0.6228,True
17293,0.7826,True
17294,0.8328,True
17295,1.0616,True
17296,1.0853,True
17297,1.1898,True
17298,0.9906,True
17299,0.8764,True
17300,1.1738,True
17301,1.1686,True
17302,0.631,True
17303,1.1718,True
17304,0.7067,True
17305,1.0238,True
17306,1.0425,True
17307,0.9361,True
17308,0.8357,True
17309,1.0686,True
17310,1.1434,True
17311,0.7144,True
17312,0.8339,True
17313,0.932,True
17314,1.0641,True
17315,1.1841,True
17316,1.1423,True
17317,1.0269,True
17318,0.7675,True
17319,0.7904,True
17320,1.0183,True
17321,0.8536,True
17322,1.1614,True
17323,0.7633,True
17324,0.8426,True
17325,1.0,True
17326,0.6795,True
17327,0.9018,True
17328,0.7797,True
17329,1.065,True
17330,1.0829,True
17331,0.9494,True
17332,1.029,True
17333,0.7545,True
17334,0.9644,True
17335,0.7816,True
17336,0.769,True
17337,1.0092,True
17338,1.0631,True
17339,0.6994,True
17340,1.1237,True
17341,1.1516,True
17342,0.9431,True
17343,0.9883,True
17344,0.9637,True
17345,1.0052,True
17346,0.9431,True
17347,0.9872,True
17348,1.0644,True
17349,1.0471,True
17350,1.0837,True
17351,0.9401,True
17352,1.1298,True
17353,0.7855,True
17354,0.9044,True
17355,0.9595,True
17356,1.1141,True
17357,0.9093,True
17358,1.2652,True
17359,1.0499,True
17360,1.0826,True
17361,1.2507,True
17362,0.7298,True
17363,0.9865,True
17364,1.078,True
17365,0.885,True
17366,0.9298,True
17367,0.7697,True
17368,0.6156,True
17369,0.9143,True
17370,1.0315,True
17371,0.8451,True
17372,0.7005,True
17373,0.9035,True
17374,0.9247,True
17375,0.9329,True
17376,1.0868,True
17377,1.0967,True
17378,0.7952,True
17379,0.9583,True
17380,1.0063,True
17381,1.0288,True
17382,0.9923,True
17383,1.2261,True
17384,1.009,True
17385,0.8803,True
17386,1.071,True
17387,0.9526,True
17388,1.1112,True
17389,0.9752,True
17390,1.2322,True
17391,0.9189,True
17392,0.7786,True
17393,0.9918,True
17394,1.1921,True
17395,1.1445,True
17396,0.9748,True
17397,0.9281,True
17398,1.097,True
17399,1.143,True
17400,0.9485,True
17401,0.9746,True
17402,1.241,True
17403,1.1562,True
17404,1.001,True
17405,0.8789,True
17406,0.865,True
17407,1.1494,True
17408,1.0495,True
17409,0.9246,True
17410,0.6927,True
17411,0.9933,True
17412,1.0051,True
17413,0.9908,True
17414,0.9313,True
17415,0.9143,True
17416,0.8987,True
17417,0.92,True
17418,0.9926,True
17419,1.0558,True
17420,0.9089,True
17421,1.217,True
17422,0.8804,True
17423,1.3552,True
17424,1.0143,True
17425,1.0162,True
17426,1.2298,True
17427,1.2879,True
17428,1.0153,True
17429,1.1264,True
17430,1.2135,True
17431,0.7857,True
17432,1.0122,True
17433,1.1886,True
17434,0.9564,True
17435,1.1783,True
17436,0.7398,True
17437,1.0177,True
17438,0.8526,True
17439,0.8683,True
17440,0.9753,True
17441,1.0869,True
17442,0.8091,True
17443,1.1332,True
17444,0.8301,True
17445,0.9131,True
17446,0.4657,False
17447,1.1725,True
17448,0.9678,True
17449,0.9104,True
17450,0.8917,True
17451,1.1418,True
17452,0.9625,True
17453,1.1416,True
17454,1.2548,True
17455,1.0914,True
17456,0.8347,True
17457,0.8495,True
17458,1.2446,True
17459,0.9193,True
17460,0.9455,True
17461,1.0318,True
17462,1.0588,True
17463,1.2691,True
17464,1.0957,True
17465,1.0376,True
17466,1.2115,True
17467,0.814,True
17468,1.0698,True
17469,1.0641,True
17470,1.1435,True
17471,0.9136,True
17472,0.8819,True
17473,1.2015,True
17474,1.1721,True
17475,0.7117,True
17476,1.1067,True
17477,0.702,True
17478,1.0928,True
17479,1.1173,True
17480,0.8533,True
17481,1.2419,True
17482,1.0766,True
17483,1.0362,True
17484,1.0621,True
17485,1.0361,True
17486,1.0044,True
17487,1.2808,True
17488,0.9466,True
17489,1.0924,True
17490,0.8095,True
17491,1.0224,True
17492,0.8012,True
17493,1.0911,True
17494,0.9044,True
17495,1.131,True
17496,1.0058,True
17497,0.8953,True
17498,1.129,True
17499,1.0456,True
17500,1.1264,True
17501,1.0575,True
17502,1.0231,True
17503,0.6675,True
17504,0.8678,True
17505,1.0255,True
17506,0.9752,True
17507,0.9801,True
17508,1.0929,True
17509,1.1144,True
17510,0.933,True
17511,0.6871,True
17512,0.8171,True
17513,1.0301,True
17514,1.0489,True
17515,0.7688,True
17516,1.1998,True
17517,1.0045,True
17518,1.1876,True
17519,0.8256,True
17520,0.9328,True
17521,1.0145,True
17522,0.9074,True
17523,0.995,True
17524,1.2039,True
17525,0.674,True
17526,1.0179,True
17527,1.0072,True
17528,1.0576,True
17529,1.2311,True
17530,0.8844,True
17531,0.7817,True
17532,0.9317,True
17533,0.9355,True
17534,0.9377,True
17535,1.0872,True
17536,0.9705,True
17537,0.953,True
17538,0.7654,True
17539,0.6308,True
17540,0.8605,True
17541,1.2333,True
17542,1.053,True
17543,0.5234,True
17544,1.1477,True
17545,1.1799,True
17546,1.1118,True
17547,0.4875,False
17548,1.0867,True
17549,0.8216,True
17550,0.7751,True
17551,0.8412,True
17552,1.0393,True
17553,0.8898,True
17554,0.7886,True
17555,0.884,True
17556,1.194,True
17557,1.0019,True
17558,0.8566,True
17559,1.1329,True
17560,1.1733,True
17561,1.0676,True
17562,1.1255,True
17563,0.8229,True
17564,1.1668,True
17565,0.7605,True
17566,1.0973,True
17567,1.0369,True
17568,0.8721,True
17569,0.5119,True
17570,0.8829,True
17571,1.0191,True
17572,1.1243,True
17573,1.1779,True
17574,0.9289,True
17575,1.1608,True
17576,1.0274,True
17577,1.1195,True
17578,0.8372,True
17579,1.2394,True
17580,1.0219,True
17581,0.7117,True
17582,1.1459,True
17583,1.1299,True
17584,0.8776,True
17585,1.1359,True
17586,1.4598,True
17587,1.1257,True
17588,0.7266,True
17589,1.0859,True
17590,0.7275,True
17591,1.0085,True
17592,0.9685,True
17593,0.9513,True
17594,1.0775,True
17595,1.0525,True
17596,1.04,True
17597,0.7978,True
17598,1.01,True
17599,1.0918,True
17600,1.2092,True
17601,0.8785,True
17602,0.7593,True
17603,0.9297,True
17604,0.8266,True
17605,0.5715,True
17606,0.8179,True
17607,1.1455,True
17608,0.7333,True
17609,0.9852,True
17610,1.3331,True
17611,1.0402,True
17612,0.9988,True
17613,0.6952,True
17614,1.0991,True
17615,0.9282,True
17616,0.9207,True
17617,1.1559,True
17618,0.8803,True
17619,1.1762,True
17620,1.25,True
17621,1.0773,True
17622,0.8732,True
17623,0.949,True
17624,1.1272,True
17625,1.102,True
17626,1.1096,True
17627,0.9757,True
17628,1.073,True
17629,0.8897,True
17630,1.1701,True
17631,1.1627,True
17632,0.9094,True
17633,0.8224,True
17634,1.0234,True
17635,1.1308,True
17636,1.1813,True
17637,0.9581,True
17638,0.8915,True
17639,1.0643,True
17640,0.9726,True
17641,1.1489,True
17642,0.9621,True
17643,0.5945,True
17644,1.1869,True
17645,0.938,True
17646,1.2056,True
17647,0.9375,True
17648,0.8623,True
17649,0.9686,True
17650,1.2098,True
17651,1.0218,True
17652,1.0366,True
17653,1.178,True
17654,1.1335,True
17655,0.8113,True
17656,0.6226,True
17657,1.1018,True
17658,1.0124,True
17659,0.9483,True
17660,0.7466,True
17661,0.9797,True
17662,0.7653,True
17663,1.1004,True
17664,1.2066,True
17665,1.1521,True
17666,0.9254,True
17667,0.9903,True
17668,0.9699,True
17669,0.7536,True
17670,1.085,True
17671,0.971,True
17672,1.0573,True
17673,0.9523,True
17674,1.0506,True
17675,0.5956,True
17676,1.0637,True
17677,0.9288,True
17678,0.8518,True
17679,1.0479,True
17680,1.0233,True
17681,1.0203,True
17682,1.1369,True
17683,1.1264,True
17684,0.8925,True
17685,0.785,True
17686,1.153,True
17687,0.9546,True
17688,1.0857,True
17689,0.9371,True
17690,1.2766,True
17691,1.0889,True
17692,1.2128,True
17693,1.1371,True
17694,1.0108,True
17695,0.7915,True
17696,0.9034,True
17697,1.0375,True
17698,1.0814,True
17699,1.1362,True
17700,1.11,True
17701,1.0681,True
17702,1.0536,True
17703,1.0002,True
17704,1.2153,True
17705,1.0928,True
17706,0.9294,True
17707,0.9141,True
17708,1.116,True
17709,0.6143,True
17710,0.8484,True
17711,0.9891,True
17712,1.1718,True
17713,1.0858,True
17714,0.6667,True
17715,1.0477,True
17716,1.0042,True
17717,1.1293,True
17718,1.2373,True
17719,0.7378,True
17720,1.1278,True
17721,0.5606,True
17722,1.2591,True
17723,0.9704,True
17724,0.8253,True
17725,1.07,True
17726,1.0506,True
17727,0.9109,True
17728,1.0875,True
17729,1.1556,True
17730,1.0976,True
17731,1.2058,True
17732,0.9868,True
17733,0.7693,True
17734,0.9987,True
17735,0.9311,True
17736,0.9917,True
17737,1.1209,True
17738,1.0976,True
17739,1.0226,True
17740,0.9254,True
17741,0.7977,True
17742,0.8693,True
17743,1.0441,True
17744,1.0331,True
17745,0.8871,True
17746,1.2807,True
17747,1.1563,True
17748,0.8038,True
17749,1.2118,True
17750,0.785,True
17751,1.2068,True
17752,0.7592,True
17753,0.8128,True
17754,0.9231,True
17755,0.9419,True
17756,1.1631,True
17757,1.2249,True
17758,1.1283,True
17759,0.6481,True
17760,1.1323,True
17761,0.959,True
17762,1.0613,True
17763,0.9372,True
17764,0.8129,True
17765,1.2243,True
17766,1.0183,True
17767,0.9928,True
17768,0.9231,True
17769,1.1062,True
17770,0.7674,True
17771,1.0557,True
17772,1.0564,True
17773,0.9787,True
17774,0.9579,True
17775,0.8922,True
17776,1.1359,True
17777,1.0287,True
17778,1.2694,True
17779,1.1082,True
17780,1.2343,True
17781,1.136,True
17782,0.964,True
17783,1.0151,True
17784,0.8408,True
17785,0.9461,True
17786,0.5615,True
17787,0.9668,True
17788,1.2506,True
17789,1.0091,True
17790,1.2097,True
17791,1.2441,True
17792,0.754,True
17793,0.7903,True
17794,0.986,True
17795,1.3139,True
17796,1.0249,True
17797,0.9163,True
17798,0.9772,True
17799,1.0456,True
17800,0.9936,True
17801,1.0833,True
17802,1.0657,True
17803,0.8114,True
17804,1.0159,True
17805,0.9548,True
17806,0.9687,True
17807,1.1447,True
17808,0.7002,True
17809,1.1312,True
17810,1.0074,True
17811,0.8244,True
17812,1.2803,True
17813,1.1039,True
17814,1.172,True
17815,1.1485,True
17816,0.7913,True
17817,1.306,True
17818,0.9725,True
17819,0.8465,True
17820,0.9237,True
17821,1.2568,True
17822,1.0177,True
17823,1.0668,True
17824,1.2005,True
17825,1.0832,True
17826,1.2502,True
17827,0.8734,True
17828,1.1918,True
17829,0.9035,True
17830,0.9441,True
17831,0.9842,True
17832,1.3096,True
17833,0.9546,True
17834,0.8181,True
17835,1.0901,True
17836,0.8406,True
17837,1.1014,True
17838,0.9512,True
17839,1.1901,True
17840,1.045,True
17841,1.1681,True
17842,0.8929,True
17843,0.9296,True
17844,1.0415,True
17845,1.2481,True
17846,1.0107,True
17847,0.9727,True
17848,1.1148,True
17849,0.9226,True
17850,1.3346,True
17851,1.1198,True
17852,0.9729,True
17853,0.9734,True
17854,1.0355,True
17855,1.331,True
17856,0.6483,True
17857,0.9879,True
17858,1.0723,True
17859,0.9032,True
17860,0.8713,True
17861,1.1084,True
17862,1.1562,True
17863,0.7297,True
17864,1.2833,True
17865,0.9971,True
17866,1.1626,True
17867,0.938,True
17868,0.8968,True
17869,0.8616,True
17870,1.0379,True
17871,1.0516,True
17872,1.006,True
17873,0.9375,True
17874,0.9352,True
17875,1.147,True
17876,1.1271,True
17877,0.9229,True
17878,0.9908,True
17879,1.0897,True
17880,0.9268,True
17881,1.1331,True
17882,0.9802,True
17883,0.8858,True
17884,1.0153,True
17885,0.7511,True
17886,0.8854,True
17887,1.2121,True
17888,0.7119,True
17889,0.9711,True
17890,0.6736,True
17891,0.9523,True
17892,1.14,True
17893,0.9928,True
17894,0.6176,True
17895,1.0279,True
17896,1.1099,True
17897,0.7864,True
17898,0.9787,True
17899,1.0012,True
17900,1.1265,True
17901,0.9023,True
17902,0.8024,True
17903,0.7269,True
17904,1.0993,True
17905,1.0994,True
17906,1.1023,True
17907,0.9296,True
17908,1.2109,True
17909,1.1255,True
17910,1.05,True
17911,0.8801,True
17912,1.2143,True
17913,0.8243,True
17914,1.0898,True
17915,0.832,True
17916,1.0037,True
17917,1.1171,True
17918,0.9335,True
17919,1.0832,True
17920,1.1115,True
17921,0.9168,True
17922,0.9945,True
17923,0.7586,True
17924,1.1308,True
17925,1.0823,True
17926,1.1655,True
17927,1.0296,True
17928,1.1679,True
17929,0.7955,True
17930,1.1252,True
17931,1.1295,True
17932,1.1269,True
17933,1.1566,True
17934,1.0671,True
17935,1.0601,True
17936,0.9913,True
17937,0.9235,True
17938,0.9535,True
17939,1.2405,True
17940,0.6952,True
17941,1.1945,True
17942,0.6771,True
17943,0.7522,True
17944,1.145,True
17945,0.8433,True
17946,0.7257,True
17947,1.1774,True
17948,0.9874,True
17949,0.8886,True
17950,1.1286,True
17951,0.7376,True
17952,0.9377,True
17953,1.1082,True
17954,1.3403,True
17955,1.0913,True
17956,0.877,True
17957,1.0354,True
17958,0.717,True
17959,1.0099,True
17960,0.9268,True
17961,0.6977,True
17962,1.1373,True
17963,1.1303,True
17964,1.0774,True
17965,1.1023,True
17966,1.14,True
17967,0.6453,True
17968,0.901,True
17969,0.9362,True
17970,0.8224,True
17971,0.7823,True
17972,1.0693,True
17973,0.6438,True
17974,1.0815,True
17975,1.0192,True
17976,0.6265,True
17977,1.1816,True
17978,0.9666,True
17979,0.9409,True
17980,0.9956,True
17981,1.0101,True
17982,0.8107,True
17983,0.9471,True
17984,0.6801,True
17985,1.1478,True
17986,1.0499,True
17987,0.963,True
17988,0.8965,True
17989,0.8579,True
17990,0.8051,True
17991,1.1288,True
17992,1.229,True
17993,0.9804,True
17994,0.8982,True
17995,1.2892,True
17996,1.2074,True
17997,0.9688,True
17998,0.8064,True
17999,0.8885,True
18000,1.0528,True
18001,1.492,True
18002,1.081,True
18003,1.0862,True
18004,1.0379,True
18005,1.1725,True
18006,0.9073,True
18007,1.0328,True
18008,0.9496,True
18009,1.0265,True
18010,0.9368,True
18011,0.986,True
18012,0.8484,True
18013,0.9785,True
18014,1.0497,True
18015,0.8865,True
18016,1.0041,True
18017,0.7376,True
18018,0.683,True
18019,1.184,True
18020,1.1062,True
18021,0.9283,True
18022,0.8626,True
18023,1.0326,True
18024,0.5996,True
18025,0.8374,True
18026,1.2834,True
18027,1.0379,True
18028,0.9904,True
18029,1.1688,True
18030,1.0676,True
18031,0.9683,True
18032,0.9051,True
18033,0.9507,True
18034,0.9683,True
18035,0.9735,True
18036,0.8171,True
18037,1.2032,True
18038,0.965,True
18039,0.9324,True
18040,0.69,True
18041,1.1641,True
18042,0.9441,True
18043,0.7177,True
18044,0.8636,True
18045,0.9388,True
18046,0.9811,True
18047,1.2415,True
18048,0.8341,True
18049,0.9758,True
18050,0.8422,True
18051,1.0496,True
18052,0.8713,True
18053,0.8777,True
18054,1.145,True
18055,1.0761,True
18056,1.0872,True
18057,1.0505,True
18058,1.1995,True
18059,1.1264,True
18060,0.8612,True
18061,0.9929,True
18062,1.032,True
18063,0.8536,True
18064,1.1087,True
18065,1.1394,True
18066,0.8388,True
18067,1.3641,True
18068,0.8443,True
18069,0.8726,True
18070,0.8772,True
18071,1.2417,True
18072,0.9184,True
18073,1.1489,True
18074,0.8936,True
18075,1.1804,True
18076,0.9946,True
18077,1.1297,True
18078,0.7787,True
18079,1.0245,True
18080,1.2051,True
18081,0.8584,True
18082,1.1203,True
18083,1.2359,True
18084,1.15,True
18085,0.783,True
18086,1.1063,True
18087,1.004,True
18088,0.6133,True
18089,0.7851,True
18090,1.094,True
18091,0.7863,True
18092,0.9815,True
18093,0.796,True
18094,1.2358,True
18095,0.7642,True
18096,1.1067,True
18097,1.119,True
18098,0.6796,True
18099,0.8866,True
18100,1.0451,True
18101,0.9378,True
18102,0.6077,True
18103,1.0709,True
18104,1.0839,True
18105,0.893,True
18106,0.9197,True
18107,1.0425,True
18108,0.8502,True
18109,1.0676,True
18110,1.1015,True
18111,0.7949,True
18112,1.0971,True
18113,1.0327,True
18114,0.8301,True
18115,0.8498,True
18116,1.0802,True
18117,0.6751,True
18118,0.8022,True
18119,1.055,True
18120,1.2136,True
18121,0.9784,True
18122,1.0809,True
18123,0.8194,True
18124,1.1875,True
18125,0.8852,True
18126,1.0302,True
18127,1.0563,True
18128,0.9427,True
18129,0.8601,True
18130,0.616,True
18131,0.9091,True
18132,0.9216,True
18133,1.1147,True
18134,1.0646,True
18135,1.2498,True
18136,1.1343,True
18137,0.9488,True
18138,1.0656,True
18139,0.8342,True
18140,1.1448,True
18141,1.0915,True
18142,1.0589,True
18143,0.9886,True
18144,0.5977,True
18145,1.2363,True
18146,1.032,True
18147,1.0103,True
18148,1.2313,True
18149,0.919,True
18150,1.1885,True
18151,0.9153,True
18152,1.1022,True
18153,0.9693,True
18154,1.2232,True
18155,1.0454,True
18156,0.8831,True
18157,1.0144,True
18158,0.9268,True
18159,0.8474,True
18160,0.8374,True
18161,0.9485,True
18162,0.9504,True
18163,1.1509,True
18164,0.9184,True
18165,0.6966,True
18166,0.633,True
18167,0.9603,True
18168,1.0467,True
18169,0.7809,True
18170,0.7479,True
18171,0.7417,True
18172,1.2327,True
18173,0.6568,True
18174,1.093,True
18175,1.0512,True
18176,0.5906,True
18177,0.9535,True
18178,1.1768,True
18179,0.8703,True
18180,1.0791,True
18181,1.1628,True
18182,0.7876,True
18183,1.062,True
18184,0.7237,True
18185,0.9413,True
18186,0.8384,True
18187,0.9665,True
18188,1.1113,True
18189,1.12,True
18190,0.9938,True
18191,0.8609,True
18192,1.031,True
18193,0.811,True
18194,1.098,True
18195,1.1852,True
18196,1.0158,True
18197,1.2781,True
18198,0.9078,True
18199,1.174,True
18200,1.145,True
18201,1.1235,True
18202,0.7572,True
18203,0.9821,True
18204,0.6813,True
18205,0.8154,True
18206,1.1141,True
18207,0.8157,True
18208,0.9325,True
18209,1.1501,True
18210,0.7761,True
18211,1.1151,True
18212,0.885,True
18213,0.8163,True
18214,1.0376,True
18215,0.9513,True
18216,1.226,True
18217,0.9891,True
18218,0.7952,True
18219,0.3581,False
18220,1.0627,True
18221,1.1015,True
18222,1.0026,True
18223,0.9294,True
18224,0.9395,True
18225,0.8065,True
18226,1.0016,True
18227,1.0968,True
18228,0.8782,True
18229,0.9824,True
18230,0.7566,True
18231,1.0698,True
18232,1.0268,True
18233,1.213,True
18234,0.7753,True
18235,0.8299,True
18236,1.2958,True
18237,1.0801,True
18238,0.6888,True
18239,0.8327,True
18240,0.5548,True
18241,1.0516,True
18242,0.8191,True
18243,0.9733,True
18244,1.0197,True
18245,1.05,True
18246,0.9539,True
18247,0.9932,True
18248,0.9005,True
18249,1.2614,True
18250,0.8408,True
18251,0.7328,True
18252,0.6766,True
18253,0.9725,True
18254,1.1367,True
18255,0.8152,True
18256,0.9402,True
18257,0.6086,True
18258,1.2308,True
18259,0.9771,True
18260,1.0288,True
18261,0.7517,True
18262,0.939,True
18263,1.1549,True
18264,1.2147,True
18265,0.7694,True
18266,1.0963,True
18267,0.8839,True
18268,1.1734,True
18269,1.1991,True
18270,1.1772,True
18271,1.0763,True
18272,0.9643,True
18273,0.9449,True
18274,1.1094,True
18275,0.9994,True
18276,0.6407,True
18277,0.9576,True
18278,0.5785,True
18279,1.1369,True
18280,0.927,True
18281,1.0723,True
18282,1.1869,True
18283,0.8065,True
18284,0.8299,True
18285,0.8011,True
18286,0.9776,True
18287,1.0904,True
18288,0.718,True
18289,0.8759,True
18290,1.0187,True
18291,0.7779,True
18292,1.3907,True
18293,1.0145,True
18294,0.8601,True
18295,1.0637,True
18296,0.7468,True
18297,0.7731,True
18298,1.0,True
18299,0.8681,True
18300,1.0662,True
18301,0.9956,True
18302,1.1004,True
18303,1.1323,True
18304,1.147,True
18305,1.2409,True
18306,0.8522,True
18307,0.7041,True
18308,1.0177,True
18309,0.9873,True
18310,0.76,True
18311,1.1726,True
18312,1.0059,True
18313,1.0191,True
18314,0.8785,True
18315,1.1167,True
18316,1.054,True
18317,1.1205,True
18318,1.1757,True
18319,1.2602,True
18320,0.7903,True
18321,0.9572,True
18322,1.1623,True
18323,0.8373,True
18324,0.9056,True
18325,1.171,True
18326,0.8979,True
18327,1.1055,True
18328,0.273,False
18329,1.2984,True
18330,0.8532,True
18331,1.0787,True
18332,1.0461,True
18333,0.8756,True
18334,1.0046,True
18335,1.2839,True
18336,0.7964,True
18337,0.8204,True
18338,0.8755,True
18339,0.952,True
18340,1.047,True
18341,1.0236,True
18342,1.0759,True
18343,1.015,True
18344,0.8862,True
18345,0.9121,True
18346,1.0485,True
18347,1.0842,True
18348,0.9354,True
18349,1.113,True
18350,1.1987,True
18351,0.8517,True
18352,0.8049,True
18353,1.0967,True
18354,0.9993,True
18355,1.0397,True
18356,1.0017,True
18357,0.9618,True
18358,0.702,True
18359,0.944,True
18360,1.0009,True
18361,1.0056,True
18362,1.1004,True
18363,0.979,True
18364,1.0923,True
18365,1.032,True
18366,1.1435,True
18367,1.269,True
18368,1.1716,True
18369,0.8526,True
18370,0.7342,True
18371,0.9343,True
18372,0.8261,True
18373,0.9346,True
18374,1.2682,True
18375,1.0063,True
18376,1.1089,True
18377,0.7802,True
18378,0.8544,True
18379,0.9343,True
18380,0.975,True
18381,0.7636,True
18382,0.7603,True
18383,0.871,True
18384,0.8795,True
18385,0.9851,True
18386,1.1227,True
18387,0.8245,True
18388,1.1512,True
18389,1.0357,True
18390,0.9733,True
18391,1.131,True
18392,0.7324,True
18393,0.9916,True
18394,0.6362,True
18395,1.1547,True
18396,1.0856,True
18397,1.3115,True
18398,0.964,True
18399,0.9279,True
18400,0.8613,True
18401,0.9179,True
18402,0.7214,True
18403,0.9131,True
18404,0.9498,True
18405,1.0236,True
18406,1.1364,True
18407,0.9786,True
18408,0.6873,True
18409,1.1112,True
18410,1.071,True
18411,0.8521,True
18412,0.9724,True
18413,1.1054,True
18414,0.8877,True
18415,1.1275,True
18416,1.0991,True
18417,1.0088,True
18418,0.6977,True
18419,1.2434,True
18420,0.9522,True
18421,0.6352,True
18422,1.2411,True
18423,0.8137,True
18424,1.1833,True
18425,0.8998,True
18426,1.1724,True
18427,1.3613,True
18428,0.9729,True
18429,0.9319,True
18430,0.9706,True
18431,1.0179,True
18432,1.2534,True
18433,0.9385,True
18434,1.036,True
18435,1.2393,True
18436,1.2166,True
18437,0.9967,True
18438,1.0842,True
18439,1.1046,True
18440,0.9787,True
18441,0.9214,True
18442,0.7454,True
18443,1.0193,True
18444,1.2257,True
18445,1.1569,True
18446,0.8604,True
18447,0.9887,True
18448,1.2333,True
18449,1.05,True
18450,1.1284,True
18451,1.1659,True
18452,1.1429,True
18453,0.8996,True
18454,1.0355,True
18455,0.9107,True
18456,0.7362,True
18457,0.9775,True
18458,0.8841,True
18459,1.0951,True
18460,0.741,True
18461,0.959,True
18462,0.9889,True
18463,1.1611,True
18464,1.0619,True
18465,0.7454,True
18466,1.0672,True
18467,1.2687,True
18468,1.0663,True
18469,0.9931,True
18470,1.2197,True
18471,0.7986,True
18472,0.9723,True
18473,0.7462,True
18474,0.9671,True
18475,0.9009,True
18476,0.9146,True
18477,1.0298,True
18478,1.1751,True
18479,1.0044,True
18480,0.9993,True
18481,0.8739,True
18482,1.0958,True
18483,0.9172,True
18484,1.0049,True
18485,1.2182,True
18486,0.9445,True
18487,0.6095,True
18488,0.8662,True
18489,1.0813,True
18490,0.7336,True
18491,0.985,True
18492,1.2162,True
18493,1.0291,True
18494,1.0814,True
18495,1.0145,True
18496,0.956,True
18497,1.1169,True
18498,0.9349,True
18499,1.0742,True
18500,0.9856,True
18501,1.0308,True
18502,1.1252,True
18503,1.0345,True
18504,0.565,True
18505,1.0483,True
18506,0.9753,True
18507,0.8279,True
18508,0.8966,True
18509,0.7635,True
18510,1.0428,True
18511,1.007,True
18512,1.1575,True
18513,0.667,True
18514,0.8811,True
18515,0.8974,True
18516,1.334,True
18517,1.1251,True
18518,1.0466,True
18519,0.6347,True
18520,1.1167,True
18521,1.1254,True
18522,1.3029,True
18523,1.1157,True
18524,1.1514,True
18525,1.1973,True
18526,1.0555,True
18527,0.744,True
18528,0.9282,True
18529,1.2791,True
18530,1.0942,True
18531,1.0211,True
18532,0.9305,True
18533,0.8924,True
18534,1.0533,True
18535,0.9341,True
18536,0.7097,True
18537,1.0084,True
18538,1.1056,True
18539,0.8077,True
18540,0.5417,True
18541,1.0758,True
18542,0.9868,True
18543,1.19,True
18544,1.3364,True
18545,0.8309,True
18546,1.0687,True
18547,1.2132,True
18548,1.2683,True
18549,0.9442,True
18550,1.081,True
18551,0.8156,True
18552,0.9848,True
18553,1.0054,True
18554,1.0669,True
18555,1.0201,True
18556,1.2149,True
18557,0.9612,True
18558,0.9939,True
18559,1.2594,True
18560,0.9277,True
18561,0.7033,True
18562,1.0658,True
18563,1.1002,True
18564,0.8365,True
18565,1.0963,True
18566,0.9253,True
18567,1.1032,True
18568,1.0311,True
18569,1.3795,True
18570,1.0721,True
18571,0.9712,True
18572,0.9682,True
18573,1.0705,True
18574,1.059,True
18575,0.891,True
18576,0.8151,True
18577,0.8923,True
18578,1.0928,True
18579,0.5766,True
18580,0.9042,True
18581,1.3686,True
18582,0.7642,True
18583,1.0555,True
18584,1.1822,True
18585,1.1707,True
18586,1.0354,True
18587,0.7883,True
18588,1.0509,True
18589,0.9439,True
18590,1.1547,True
18591,0.8839,True
18592,1.1138,True
18593,1.2577,True
18594,1.1763,True
18595,0.926,True
18596,0.8876,True
18597,0.5551,True
18598,0.9094,True
18599,0.8828,True
18600,0.9553,True
18601,0.9806,True
18602,0.6302,True
18603,0.9994,True
18604,0.971,True
18605,0.9512,True
18606,1.1296,True
18607,1.0347,True
18608,1.0862,True
18609,1.0599,True
18610,0.8716,True
18611,1.1163,True
18612,1.0131,True
18613,0.9052,True
18614,1.1243,True
18615,0.9106,True
18616,0.9335,True
18617,0.9704,True
18618,0.9756,True
18619,0.8089,True
18620,1.0526,True
18621,1.0718,True
18622,1.0183,True
18623,1.0804,True
18624,1.1326,True
18625,1.0103,True
18626,1.1314,True
18627,1.1282,True
18628,1.1952,True
18629,0.8298,True
18630,0.8697,True
18631,1.0178,True
18632,0.9554,True
18633,1.1124,True
18634,0.9458,True
18635,1.1076,True
18636,1.0392,True
18637,1.0356,True
18638,0.867,True
18639,0.7378,True
18640,0.7106,True
18641,0.9301,True
18642,1.2095,True
18643,0.7247,True
18644,1.2922,True
18645,1.0026,True
18646,1.1782,True
18647,0.5451,True
18648,1.2337,True
18649,1.0614,True
18650,1.1522,True
18651,1.139,True
18652,0.9093,True
18653,0.9489,True
18654,1.1012,True
18655,1.0707,True
18656,1.2571,True
18657,0.7193,True
18658,1.0981,True
18659,0.9753,True
18660,0.8271,True
18661,0.9188,True
18662,1.1462,True
18663,1.1326,True
18664,1.0751,True
18665,0.8819,True
18666,1.2158,True
18667,0.9256,True
18668,1.1366,True
18669,1.004,True
18670,0.743,True
18671,0.9086,True
18672,1.0836,True
18673,0.5951,True
18674,1.069,True
18675,0.471,False
18676,0.9641,True
18677,0.9408,True
18678,1.1368,True
18679,1.0291,True
18680,1.0057,True
18681,0.9385,True
18682,0.6266,True
18683,0.9197,True
18684,1.0302,True
18685,0.7686,True
18686,0.8045,True
18687,1.1626,True
18688,1.0196,True
18689,0.9804,True
18690,1.2263,True
18691,0.8435,True
18692,0.7011,True
18693,1.1014,True
18694,1.0911,True
18695,0.957,True
18696,0.9462,True
18697,1.1072,True
18698,0.7666,True
18699,1.1838,True
18700,1.3261,True
18701,0.9081,True
18702,0.989,True
18703,0.8496,True
18704,1.115,True
18705,1.2053,True
18706,0.9682,True
18707,1.0991,True
18708,1.144,True
18709,0.9507,True
18710,0.9291,True
18711,1.0709,True
18712,1.0256,True
18713,0.9869,True
18714,0.3945,False
18715,0.4543,False
18716,1.1131,True
18717,1.1098,True
18718,1.3043,True
18719,1.1179,True
18720,1.0596,True
18721,1.0417,True
18722,0.9819,True
18723,1.1462,True
18724,0.9485,True
18725,1.1482,True
18726,0.6286,True
18727,0.9509,True
18728,0.7944,True
18729,0.9794,True
18730,0.6333,True
18731,1.2312,True
18732,1.2271,True
18733,1.0645,True
18734,1.0767,True
18735,0.8537,True
18736,0.7664,True
18737,0.7622,True
18738,1.0202,True
18739,1.0143,True
18740,1.0792,True
18741,1.1831,True
18742,0.9769,True
18743,1.0005,True
18744,1.222,True
18745,1.1324,True
18746,0.8191,True
18747,1.1315,True
18748,0.9119,True
18749,0.8311,True
18750,1.0571,True
18751,1.0004,True
18752,0.7527,True
18753,0.9745,True
18754,0.9981,True
18755,0.8276,True
18756,0.687,True
18757,0.8704,True
18758,0.9531,True
18759,0.9474,True
18760,0.9724,True
18761,0.8004,True
18762,0.8811,True
18763,1.0708,True
18764,0.3547,False
18765,1.0563,True
18766,0.815,True
18767,0.7967,True
18768,0.9066,True
18769,0.793,True
18770,1.2759,True
18771,1.0409,True
18772,0.814,True
18773,1.0045,True
18774,0.9959,True
18775,1.0861,True
18776,1.1023,True
18777,0.929,True
18778,0.9087,True
18779,1.1624,True
18780,1.2084,True
18781,1.1457,True
18782,1.1777,True
18783,0.7921,True
18784,0.992,True
18785,0.9539,True
18786,1.0336,True
18787,0.8618,True
18788,0.9248,True
18789,0.9194,True
18790,1.0825,True
18791,0.8621,True
18792,0.398,False
18793,0.9392,True
18794,0.5667,True
18795,1.1854,True
18796,0.9225,True
18797,1.1883,True
18798,0.9526,True
18799,0.9872,True
18800,1.1662,True
18801,0.993,True
18802,0.9758,True
18803,1.0952,True
18804,0.9338,True
18805,1.1335,True
18806,0.8144,True
18807,0.9703,True
18808,1.1313,True
18809,1.1247,True
18810,1.0504,True
18811,1.1593,True
18812,0.8533,True
18813,1.0169,True
18814,1.0896,True
18815,0.9255,True
18816,0.845,True
18817,0.904,True
18818,1.1565,True
18819,0.8223,True
18820,0.8693,True
18821,0.8948,True
18822,1.0406,True
18823,1.0995,True
18824,1.1504,True
18825,1.0572,True
18826,1.081,True
18827,0.655,True
18828,1.0772,True
18829,1.0071,True
18830,0.8569,True
18831,0.7351,True
18832,1.1012,True
18833,1.0081,True
18834,0.7729,True
18835,1.0524,True
18836,0.8622,True
18837,1.2971,True
18838,0.9731,True
18839,1.0146,True
18840,1.1035,True
18841,0.3849,False
18842,1.0799,True
18843,1.0132,True
18844,0.9629,True
18845,0.9333,True
18846,0.9917,True
18847,1.1411,True
18848,1.2558,True
18849,1.2117,True
18850,0.9452,True
18851,1.2839,True
18852,0.9426,True
18853,0.8561,True
18854,0.842,True
18855,1.1256,True
18856,1.1331,True
18857,0.6567,True
18858,0.9884,True
18859,0.9272,True
18860,0.6462,True
18861,1.0795,True
18862,1.1995,True
18863,1.0421,True
18864,0.9345,True
18865,0.9711,True
18866,0.6526,True
18867,0.9675,True
18868,0.9153,True
18869,0.8702,True
18870,0.9763,True
18871,0.9595,True
18872,1.0488,True
18873,1.2012,True
18874,1.2191,True
18875,0.9216,True
18876,1.0875,True
18877,0.8563,True
18878,1.009,True
18879,1.0682,True
18880,0.8793,True
18881,0.7464,True
18882,1.0653,True
18883,0.8715,True
18884,1.0148,True
18885,1.1215,True
18886,0.9292,True
18887,0.8648,True
18888,1.073,True
18889,1.0443,True
18890,0.9009,True
18891,0.8844,True
18892,0.9451,True
18893,1.0415,True
18894,0.7518,True
18895,0.7224,True
18896,1.2153,True
18897,1.1482,True
18898,0.964,True
18899,1.2286,True
18900,0.9438,True
18901,1.0324,True
18902,1.0531,True
18903,0.7764,True
18904,1.0658,True
18905,1.207,True
18906,0.8229,True
18907,1.113,True
18908,0.9521,True
18909,1.0421,True
18910,1.0965,True
18911,1.0479,True
18912,0.8643,True
18913,0.9367,True
18914,0.9794,True
18915,1.2067,True
18916,0.9878,True
18917,0.9852,True
18918,0.902,True
18919,0.8408,True
18920,1.0058,True
18921,0.6106,True
18922,0.9787,True
18923,1.0128,True
18924,0.9581,True
18925,1.0538,True
18926,1.0432,True
18927,0.8337,True
18928,0.8197,True
18929,1.1209,True
18930,0.9788,True
18931,0.6896,True
18932,0.6922,True
18933,0.591,True
18934,1.1161,True
18935,0.7634,True
18936,1.177,True
18937,1.0944,True
18938,1.0696,True
18939,0.9998,True
18940,1.0125,True
18941,0.8118,True
18942,1.015,True
18943,0.9533,True
18944,1.1199,True
18945,0.9935,True
18946,1.0387,True
18947,0.7889,True
18948,0.9756,True
18949,0.9216,True
18950,0.8199,True
18951,1.2219,True
18952,0.779,True
18953,1.2078,True
18954,1.1197,True
18955,1.0359,True
18956,0.6835,True
18957,0.9444,True
18958,1.0721,True
18959,0.9355,True
18960,1.1501,True
18961,1.013,True
18962,1.218,True
18963,1.0599,True
18964,0.8799,True
18965,0.9092,True
18966,1.2039,True
18967,1.0238,True
18968,1.0064,True
18969,0.8323,True
18970,1.0489,True
18971,0.9408,True
18972,0.8361,True
18973,0.8507,True
18974,1.1552,True
18975,1.1178,True
18976,1.191,True
18977,0.9273,True
18978,0.8693,True
18979,1.0047,True
18980,0.9811,True
18981,0.8657,True
18982,1.1701,True
18983,1.0304,True
18984,1.2215,True
18985,1.0076,True
18986,1.2355,True
18987,1.1727,True
18988,0.9211,True
18989,1.0551,True
18990,1.0514,True
18991,0.8034,True
18992,0.705,True
18993,0.9615,True
18994,0.9725,True
18995,0.9451,True
18996,1.2123,True
18997,0.8084,True
18998,0.8339,True
18999,0.8887,True
19000,0.9933,True
19001,0.7452,True
19002,1.0685,True
19003,1.1011,True
19004,1.1266,True
19005,1.0894,True
19006,0.6638,True
19007,1.1573,True
19008,1.1218,True
19009,0.8548,True
19010,0.9801,True
19011,1.2077,True
19012,1.0296,True
19013,1.0132,True
19014,0.7113,True
19015,1.0977,True
19016,0.9269,True
19017,1.04,True
19018,1.0089,True
19019,0.6437,True
19020,0.9821,True
19021,1.0907,True
19022,1.1437,True
19023,1.1364,True
19024,0.973,True
19025,0.9529,True
19026,0.9605,True
19027,0.9677,True
19028,1.0511,True
19029,1.1853,True
19030,1.1482,True
19031,0.9306,True
19032,1.2531,True
19033,1.1414,True
19034,0.8259,True
19035,0.8745,True
19036,0.836,True
19037,0.8422,True
19038,1.1859,True
19039,1.1743,True
19040,0.9269,True
19041,1.107,True
19042,1.0766,True
19043,0.8179,True
19044,1.096,True
19045,0.771,True
19046,1.0019,True
19047,0.6252,True
19048,1.1047,True
19049,1.0393,True
19050,1.0607,True
19051,1.0537,True
19052,1.0152,True
19053,0.9681,True
19054,1.0119,True
19055,0.6962,True
19056,1.0916,True
19057,0.7945,True
19058,1.0735,True
19059,0.804,True
19060,1.2493,True
19061,1.0328,True
19062,1.1148,True
19063,1.0733,True
19064,1.02,True
19065,1.2077,True
19066,1.1537,True
19067,1.0398,True
19068,0.9504,True
19069,0.8074,True
19070,0.4604,False
19071,1.0,True
19072,1.1087,True
19073,1.0867,True
19074,1.0732,True
19075,0.7832,True
19076,1.0766,True
19077,0.9085,True
19078,0.8879,True
19079,0.9494,True
19080,0.715,True
19081,0.9368,True
19082,1.0499,True
19083,1.0583,True
19084,0.6253,True
19085,0.8149,True
19086,1.1693,True
19087,1.2004,True
19088,0.3535,False
19089,1.1982,True
19090,0.8632,True
19091,1.0809,True
19092,0.5528,True
19093,0.9938,True
19094,1.0205,True
19095,1.0154,True
19096,1.1231,True
19097,1.0385,True
19098,0.8171,True
19099,1.0283,True
19100,1.0677,True
19101,0.7256,True
19102,1.0826,True
19103,0.8425,True
19104,1.0683,True
19105,1.1104,True
19106,1.0126,True
19107,1.166,True
19108,0.7094,True
19109,1.0904,True
19110,0.946,True
19111,0.912,True
19112,1.133,True
19113,1.0873,True
19114,1.2225,True
19115,0.9128,True
19116,1.0172,True
19117,0.856,True
19118,0.9214,True
19119,1.1294,True
19120,1.106,True
19121,0.979,True
19122,0.7713,True
19123,0.9106,True
19124,0.9914,True
19125,1.058,True
19126,0.9815,True
19127,1.1392,True
19128,1.2499,True
19129,1.0801,True
19130,1.1529,True
19131,1.133,True
19132,1.0152,True
19133,1.063,True
19134,0.448,False
19135,1.1068,True
19136,0.9341,True
19137,0.9592,True
19138,1.027,True
19139,1.0231,True
19140,0.994,True
19141,1.0993,True
19142,0.9692,True
19143,1.005,True
19144,0.7501,True
19145,1.2232,True
19146,0.9944,True
19147,0.857,True
19148,0.9469,True
19149,0.7645,True
19150,1.0946,True
19151,1.1819,True
19152,0.8142,True
19153,1.0028,True
19154,1.0057,True
19155,0.4501,False
19156,1.0485,True
19157,0.7924,True
19158,0.7382,True
19159,1.0806,True
19160,1.0739,True
19161,0.8667,True
19162,1.0198,True
19163,0.9207,True
19164,1.0688,True
19165,0.8304,True
19166,0.5842,True
19167,0.6842,True
19168,1.0412,True
19169,1.0483,True
19170,1.059,True
19171,0.9436,True
19172,1.2433,True
19173,1.0168,True
19174,0.7179,True
19175,0.2774,False
19176,0.775,True
19177,0.7788,True
19178,0.878,True
19179,0.984,True
19180,1.0581,True
19181,1.0899,True
19182,0.7201,True
19183,0.8257,True
19184,0.889,True
19185,1.0017,True
19186,1.0422,True
19187,1.108,True
19188,1.0302,True
19189,1.0095,True
19190,0.5133,True
19191,0.8116,True
19192,0.8681,True
19193,1.0617,True
19194,0.7083,True
19195,0.9505,True
19196,0.8806,True
19197,0.6698,True
19198,0.8362,True
19199,0.9875,True
19200,1.1516,True
19201,0.9352,True
19202,0.9857,True
19203,1.2395,True
19204,1.0779,True
19205,1.0439,True
19206,0.8399,True
19207,0.9742,True
19208,1.2302,True
19209,1.0308,True
19210,1.1187,True
19211,0.8776,True
19212,0.8199,True
19213,0.9757,True
19214,0.9549,True
19215,1.1897,True
19216,0.9397,True
19217,0.9587,True
19218,0.9444,True
19219,1.0101,True
19220,0.4096,False
19221,0.9944,True
19222,1.1974,True
19223,1.2771,True
19224,0.9248,True
19225,0.8156,True
19226,0.7811,True
19227,0.7834,True
19228,1.0681,True
19229,0.9773,True
19230,1.0593,True
19231,1.0649,True
19232,0.9782,True
19233,0.9557,True
19234,1.1419,True
19235,1.0762,True
19236,1.1216,True
19237,1.0867,True
19238,1.0771,True
19239,1.1562,True
19240,0.8343,True
19241,1.1866,True
19242,1.1193,True
19243,0.887,True
19244,0.8752,True
19245,0.9687,True
19246,0.8794,True
19247,0.4929,False
19248,0.9087,True
19249,1.1687,True
19250,0.8755,True
19251,0.9565,True
19252,1.0677,True
19253,0.6712,True
19254,1.0961,True
19255,0.752,True
19256,0.7597,True
19257,0.8896,True
19258,1.1005,True
19259,1.1123,True
19260,0.9792,True
19261,0.9787,True
19262,1.0298,True
19263,1.0381,True
19264,0.7429,True
19265,1.1439,True
19266,1.0756,True
19267,0.8133,True
19268,0.7555,True
19269,0.975,True
19270,0.889,True
19271,0.8149,True
19272,0.6695,True
19273,1.0741,True
19274,1.0463,True
19275,1.0959,True
19276,1.0397,True
19277,1.1757,True
19278,1.128,True
19279,1.0602,True
19280,1.1804,True
19281,1.0408,True
19282,0.9546,True
19283,0.79,True
19284,1.0638,True
19285,0.903,True
19286,0.9233,True
19287,1.0294,True
19288,0.7593,True
19289,0.9998,True
19290,0.9372,True
19291,1.1631,True
19292,0.8524,True
19293,0.9992,True
19294,1.085,True
19295,1.0306,True
19296,0.384,False
19297,0.8051,True
19298,0.9103,True
19299,1.0375,True
19300,0.6684,True
19301,0.9883,True
19302,0.934,True
19303,1.0398,True
19304,0.7992,True
19305,1.216,True
19306,1.0939,True
19307,0.8488,True
19308,0.924,True
19309,0.9214,True
19310,0.9514,True
19311,1.009,True
19312,1.025,True
19313,0.8839,True
19314,1.0021,True
19315,0.7011,True
19316,1.0037,True
19317,0.9665,True
19318,1.1137,True
19319,0.8249,True
19320,1.044,True
19321,0.984,True
19322,1.0787,True
19323,1.1713,True
19324,0.8041,True
19325,1.0368,True
19326,0.8861,True
19327,0.8487,True
19328,0.9484,True
19329,0.9856,True
19330,1.1473,True
19331,1.1281,True
19332,0.8098,True
19333,0.6292,True
19334,0.9776,True
19335,1.1105,True
19336,0.7756,True
19337,0.9497,True
19338,0.8542,True
19339,0.9152,True
19340,1.1651,True
19341,0.8367,True
19342,0.9396,True
19343,1.194,True
19344,0.9591,True
19345,0.7837,True
19346,1.095,True
19347,0.6715,True
19348,1.0974,True
19349,1.0164,True
19350,0.9826,True
19351,0.8401,True
19352,0.9872,True
19353,0.736,True
19354,1.0236,True
19355,0.783,True
19356,0.9487,True
19357,0.9188,True
19358,0.4606,False
19359,1.1702,True
19360,1.0339,True
19361,0.7611,True
19362,1.0634,True
19363,1.0066,True
19364,1.1082,True
19365,1.1631,True
19366,1.0646,True
19367,0.7538,True
19368,0.7498,True
19369,0.8987,True
19370,1.0324,True
19371,0.9504,True
19372,0.8577,True
19373,1.1175,True
19374,1.1173,True
19375,0.9707,True
19376,0.8473,True
19377,1.0492,True
19378,0.7459,True
19379,0.7108,True
19380,1.0207,True
19381,1.0519,True
19382,0.8071,True
19383,1.0535,True
19384,1.1226,True
19385,0.8028,True
19386,1.0731,True
19387,1.2293,True
19388,0.7237,True
19389,1.1181,True
19390,0.949,True
19391,1.0125,True
19392,1.1631,True
19393,1.0163,True
19394,0.64,True
19395,0.8733,True
19396,0.8976,True
19397,0.8953,True
19398,1.0714,True
19399,0.8756,True
19400,0.9536,True
19401,0.9876,True
19402,1.1957,True
19403,0.9898,True
19404,0.7226,True
19405,0.9114,True
19406,0.9456,True
19407,0.9728,True
19408,0.7834,True
19409,1.0182,True
19410,1.0308,True
19411,1.1482,True
19412,1.08,True
19413,1.0697,True
19414,0.9591,True
19415,0.9741,True
19416,0.9824,True
19417,1.0703,True
19418,1.2339,True
19419,1.1023,True
19420,1.0772,True
19421,0.9179,True
19422,0.9875,True
19423,1.16,True
19424,1.1696,True
19425,1.0403,True
19426,0.4906,False
19427,1.2399,True
19428,1.0949,True
19429,0.9768,True
19430,0.9634,True
19431,1.0662,True
19432,1.1561,True
19433,0.9971,True
19434,0.9079,True
19435,1.1948,True
19436,0.7842,True
19437,0.9467,True
19438,0.9807,True
19439,1.0414,True
19440,1.2063,True
19441,1.0391,True
19442,0.9341,True
19443,0.5229,True
19444,0.7309,True
19445,1.0509,True
19446,0.744,True
19447,1.2096,True
19448,1.1055,True
19449,0.8225,True
19450,1.1366,True
19451,1.1085,True
19452,1.0732,True
19453,0.8704,True
19454,0.84,True
19455,1.1129,True
19456,1.2281,True
19457,0.9173,True
19458,0.3398,False
19459,1.1431,True
19460,0.9197,True
19461,1.147,True
19462,1.0855,True
19463,1.1984,True
19464,1.1769,True
19465,0.9552,True
19466,1.0577,True
19467,1.0449,True
19468,0.9859,True
19469,0.777,True
19470,0.8336,True
19471,1.0719,True
19472,0.8215,True
19473,1.1376,True
19474,0.8325,True
19475,0.8045,True
19476,0.9696,True
19477,0.4776,False
19478,1.0661,True
19479,1.0805,True
19480,0.9602,True
19481,1.0577,True
19482,0.7777,True
19483,0.6976,True
19484,0.7028,True
19485,0.9981,True
19486,0.9516,True
19487,1.1307,True
19488,0.8716,True
19489,0.8849,True
19490,1.0037,True
19491,1.1709,True
19492,1.1559,True
19493,0.852,True
19494,0.8426,True
19495,1.03,True
19496,0.9343,True
19497,1.148,True
19498,1.2189,True
19499,0.6354,True
19500,1.0651,True
19501,0.8742,True
19502,0.9296,True
19503,1.0519,True
19504,1.0581,True
19505,1.0675,True
19506,1.0793,True
19507,1.0911,True
19508,1.0523,True
19509,1.2681,True
19510,0.8617,True
19511,1.0184,True
19512,1.0522,True
19513,1.1946,True
19514,0.9021,True
19515,0.8148,True
19516,1.0527,True
19517,1.2023,True
19518,0.8538,True
19519,1.2101,True
19520,1.063,True
19521,0.8928,True
19522,0.7134,True
19523,0.9193,True
19524,1.0665,True
19525,1.1698,True
19526,0.8607,True
19527,0.832,True
19528,1.0368,True
19529,0.8983,True
19530,0.7313,True
19531,1.1254,True
19532,0.8122,True
19533,0.717,True
19534,0.6674,True
19535,1.1163,True
19536,1.2579,True
19537,0.9803,True
19538,0.711,True
19539,0.9289,True
19540,1.2583,True
19541,0.9364,True
19542,1.1123,True
19543,0.5553,True
19544,0.9884,True
19545,0.8368,True
19546,1.2665,True
19547,1.1789,True
19548,0.6933,True
19549,0.8326,True
19550,0.9304,True
19551,0.8713,True
19552,0.8939,True
19553,1.3374,True
19554,0.9377,True
19555,1.0,True
19556,1.3696,True
19557,1.2016,True
19558,1.038,True
19559,0.9455,True
19560,1.1062,True
19561,1.0308,True
19562,0.7951,True
19563,1.131,True
19564,0.9111,True
19565,1.1941,True
19566,1.0402,True
19567,1.0345,True
19568,0.6855,True
19569,0.7813,True
19570,0.5588,True
19571,0.8863,True
19572,1.0604,True
19573,0.742,True
19574,1.0583,True
19575,1.1438,True
19576,1.1192,True
19577,0.9909,True
19578,0.849,True
19579,0.9979,True
19580,1.2075,True
19581,0.9675,True
19582,0.5104,True
19583,0.9683,True
19584,1.2651,True
19585,1.0789,True
19586,0.8675,True
19587,1.0402,True
19588,0.8043,True
19589,0.7473,True
19590,0.616,True
19591,1.258,True
19592,1.1834,True
19593,0.9416,True
19594,0.8916,True
19595,0.9599,True
19596,0.8695,True
19597,1.1072,True
19598,0.7496,True
19599,0.9089,True
19600,0.8904,True
19601,1.004,True
19602,1.142,True
19603,1.0248,True
19604,1.0354,True
19605,0.7539,True
19606,1.0807,True
19607,1.1096,True
19608,1.003,True
19609,1.1748,True
19610,1.0142,True
19611,0.9898,True
19612,1.1024,True
19613,0.8267,True
19614,0.8901,True
19615,0.9869,True
19616,0.7719,True
19617,0.909,True
19618,1.2549,True
19619,0.9259,True
19620,0.9922,True
19621,0.381,False
19622,0.7946,True
19623,1.0076,True
19624,1.1163,True
19625,1.1359,True
19626,0.9381,True
19627,0.9966,True
19628,1.1105,True
19629,1.0493,True
19630,0.8989,True
19631,0.8241,True
19632,0.8691,True
19633,1.0168,True
19634,1.0292,True
19635,0.8112,True
19636,0.6713,True
19637,0.9563,True
19638,0.8026,True
19639,1.0169,True
19640,0.8455,True
19641,1.0256,True
19642,0.7982,True
19643,1.0911,True
19644,1.1001,True
19645,0.9625,True
19646,1.0833,True
19647,1.1743,True
19648,1.1942,True
19649,0.8802,True
19650,0.6734,True
19651,0.9298,True
19652,1.1775,True
19653,0.6362,True
19654,1.0622,True
19655,0.9257,True
19656,0.6342,True
19657,1.0703,True
19658,1.078,True
19659,0.7889,True
19660,0.8097,True
19661,1.0212,True
19662,1.1082,True
19663,0.9332,True
19664,0.855,True
19665,0.8634,True
19666,0.5848,True
19667,1.0464,True
19668,1.0271,True
19669,1.124,True
19670,1.2808,True
19671,0.943,True
19672,1.1695,True
19673,1.0662,True
19674,1.1398,True
19675,0.9535,True
19676,0.9139,True
19677,0.9748,True
19678,0.9216,True
19679,0.8592,True
19680,0.7601,True
19681,0.9753,True
19682,1.0311,True
19683,0.7499,True
19684,0.8151,True
19685,0.9174,True
19686,0.4948,False
19687,0.8865,True
19688,0.5152,True
19689,0.7414,True
19690,1.0893,True
19691,0.9499,True
19692,0.8717,True
19693,0.7436,True
19694,1.1739,True
19695,1.1684,True
19696,0.9561,True
19697,0.9374,True
19698,1.221,True
19699,1.0103,True
19700,1.1096,True
19701,1.2178,True
19702,0.6933,True
19703,0.9435,True
19704,0.8414,True
19705,0.8256,True
19706,1.0736,True
19707,1.0721,True
19708,0.9211,True
19709,1.0391,True
19710,1.1459,True
19711,0.8931,True
19712,1.0797,True
19713,1.1989,True
19714,1.186,True
19715,0.7565,True
19716,0.9176,True
19717,0.989,True
19718,1.0047,True
19719,0.681,True
19720,1.1645,True
19721,1.0079,True
19722,1.0974,True
19723,0.6135,True
19724,0.5579,True
19725,1.0657,True
19726,1.1334,True
19727,1.1589,True
19728,0.9252,True
19729,1.0956,True
19730,1.0659,True
19731,1.075,True
19732,0.9781,True
19733,0.7491,True
19734,1.2536,True
19735,0.7379,True
19736,1.0323,True
19737,1.1452,True
19738,0.8217,True
19739,0.6397,True
19740,0.7854,True
19741,1.0963,True
19742,0.2804,False
19743,0.8027,True
19744,1.0295,True
19745,0.9365,True
19746,0.7869,True
19747,1.0218,True
19748,0.8626,True
19749,0.6537,True
19750,1.2071,True
19751,0.7507,True
19752,0.9808,True
19753,1.0866,True
19754,1.1953,True
19755,0.7245,True
19756,0.8651,True
19757,0.9215,True
19758,0.9888,True
19759,1.1723,True
19760,1.0447,True
19761,0.9467,True
19762,0.8467,True
19763,0.8639,True
19764,0.8547,True
19765,0.9741,True
19766,1.1957,True
19767,1.0099,True
19768,0.8651,True
19769,0.7239,True
19770,0.7768,True
19771,0.6159,True
19772,0.8322,True
19773,0.9576,True
19774,1.1144,True
19775,1.1185,True
19776,0.8571,True
19777,0.5989,True
19778,0.9462,True
19779,0.7317,True
19780,1.1065,True
19781,1.0233,True
19782,1.0134,True
19783,1.0668,True
19784,0.6885,True
19785,0.769,True
19786,0.9713,True
19787,0.6884,True
19788,0.8027,True
19789,0.8176,True
19790,0.8632,True
19791,1.1437,True
19792,1.1282,True
19793,1.113,True
19794,1.1083,True
19795,1.1179,True
19796,1.0905,True
19797,0.9555,True
19798,1.0891,True
19799,1.1942,True
19800,1.2578,True
19801,0.8648,True
19802,0.7192,True
19803,1.012,True
19804,1.0397,True
19805,0.9858,True
19806,1.1055,True
19807,1.0717,True
19808,1.0189,True
19809,0.849,True
19810,1.086,True
19811,0.7935,True
19812,1.1485,True
19813,0.9187,True
19814,0.9076,True
19815,1.1074,True
19816,0.9499,True
19817,1.1861,True
19818,0.9418,True
19819,0.9184,True
19820,0.7664,True
19821,1.0361,True
19822,1.1775,True
19823,1.0077,True
19824,1.0062,True
19825,1.0397,True
19826,1.091,True
19827,0.5564,True
19828,1.0428,True
19829,0.9047,True
19830,0.7491,True
19831,1.1235,True
19832,0.9852,True
19833,0.7938,True
19834,0.8365,True
19835,0.8961,True
19836,1.1644,True
19837,0.9945,True
19838,0.994,True
19839,1.0208,True
19840,0.8281,True
19841,1.0606,True
19842,0.7131,True
19843,0.7396,True
19844,0.73,True
19845,0.8583,True
19846,1.0328,True
19847,0.6307,True
19848,1.0369,True
19849,1.2515,True
19850,1.0102,True
19851,1.2354,True
19852,1.2036,True
19853,1.1025,True
19854,0.9801,True
19855,1.1057,True
19856,0.9418,True
19857,1.2733,True
19858,0.7991,True
19859,1.2133,True
19860,1.0471,True
19861,0.8017,True
19862,1.116,True
19863,1.173,True
19864,1.0059,True
19865,1.146,True
19866,1.0653,True
19867,1.0025,True
19868,0.9882,True
19869,0.9145,True
19870,0.9358,True
19871,1.0531,True
19872,0.6315,True
19873,0.9036,True
19874,0.7067,True
19875,1.1946,True
19876,0.947,True
19877,1.2385,True
19878,0.8743,True
19879,0.5963,True
19880,0.9052,True
19881,0.7472,True
19882,1.2746,True
19883,1.1107,True
19884,0.9866,True
19885,1.0181,True
19886,0.9749,True
19887,0.8645,True
19888,0.8838,True
19889,0.8991,True
19890,1.0644,True
19891,0.9727,True
19892,1.0984,True
19893,1.0405,True
19894,1.1812,True
19895,1.0572,True
19896,0.9819,True
19897,1.2123,True
19898,1.1209,True
19899,0.9926,True
19900,0.8518,True
19901,0.8224,True
19902,1.0167,True
19903,1.1305,True
19904,1.1791,True
19905,0.9205,True
19906,0.9665,True
19907,1.0228,True
19908,0.9024,True
19909,0.9923,True
19910,0.898,True
19911,0.876,True
19912,0.8336,True
19913,1.1994,True
19914,1.1725,True
19915,1.0786,True
19916,0.9589,True
19917,0.8027,True
19918,1.1109,True
19919,0.8818,True
19920,1.0685,True
19921,0.996,True
19922,1.1411,True
19923,1.2963,True
19924,1.0357,True
19925,0.9589,True
19926,0.6483,True
19927,1.2522,True
19928,0.8885,True
19929,1.0817,True
19930,1.0117,True
19931,0.9021,True
19932,0.7006,True
19933,0.9063,True
19934,0.9419,True
19935,1.0837,True
19936,0.8847,True
19937,1.022,True
19938,1.0676,True
19939,0.9383,True
19940,1.045,True
19941,0.9108,True
19942,1.3093,True
19943,0.4631,False
19944,0.6111,True
19945,1.1392,True
19946,0.9982,True
19947,0.8861,True
19948,0.9165,True
19949,1.0404,True
19950,0.9081,True
19951,1.2716,True
19952,0.8922,True
19953,1.1414,True
19954,0.931,True
19955,1.0521,True
19956,1.0716,True
19957,0.895,True
19958,0.9303,True
19959,0.967,True
19960,1.1197,True
19961,0.9738,True
19962,1.2343,True
19963,0.9147,True
19964,1.0468,True
19965,1.0836,True
19966,1.1949,True
19967,1.0494,True
19968,1.1481,True
19969,0.7318,True
19970,0.8676,True
19971,0.7478,True
19972,1.1896,True
19973,0.9413,True
19974,1.0845,True
19975,1.0972,True
19976,0.7833,True
19977,1.0731,True
19978,0.9179,True
19979,1.2158,True
19980,0.9019,True
19981,0.8821,True
19982,1.0876,True
19983,1.2389,True
19984,0.7831,True
19985,0.8111,True
19986,1.2108,True
19987,1.1584,True
19988,0.943,True
19989,0.9322,True
19990,1.0391,True
19991,1.0966,True
19992,0.7863,True
19993,0.8491,True
19994,0.9395,True
19995,0.8775,True
19996,0.6109,True
19997,1.0517,True
19998,0.7751,True
19999,0.7568,True
20000,0.777,True
20001,1.047,True
20002,1.0066,True
20003,0.9239,True
20004,1.0558,True
20005,0.6799,True
20006,0.9487,True
20007,0.9908,True
20008,0.9716,True
20009,0.8738,True
20010,0.8269,True
20011,1.1141,True
20012,1.0559,True
20013,0.9002,True
20014,0.9288,True
20015,0.6894,True
20016,1.0181,True
20017,1.2831,True
20018,1.0251,True
20019,1.0783,True
20020,0.9191,True
20021,0.7184,True
20022,1.1602,True
20023,0.7889,True
20024,0.6838,True
20025,0.7753,True
20026,0.8524,True
20027,0.9536,True
20028,1.1637,True
20029,1.012,True
20030,0.8825,True
20031,0.8964,True
20032,1.1207,True
20033,0.8185,True
20034,1.0018,True
20035,1.0458,True
20036,1.0605,True
20037,1.0086,True
20038,1.0063,True
20039,1.2239,True
20040,1.0094,True
20041,1.0763,True
20042,0.8578,True
20043,1.1792,True
20044,1.1103,True
20045,1.1647,True
20046,0.9707,True
20047,0.8844,True
20048,1.3089,True
20049,1.0471,True
20050,0.8763,True
20051,1.0486,True
20052,1.0142,True
20053,0.8824,True
20054,0.6694,True
20055,1.0866,True
20056,1.0243,True
20057,1.0839,True
20058,1.0769,True
20059,0.8308,True
20060,1.0393,True
20061,0.9273,True
20062,1.0365,True
20063,0.9292,True
20064,1.0085,True
20065,0.888,True
20066,0.8544,True
20067,1.1657,True
20068,1.0903,True
20069,1.2461,True
20070,1.0018,True
20071,0.9868,True
20072,1.1602,True
20073,1.1101,True
20074,0.9134,True
20075,1.221,True
20076,0.8468,True
20077,0.9969,True
20078,0.6824,True
20079,1.0569,True
20080,0.9182,True
20081,1.0587,True
20082,1.1956,True
20083,1.1029,True
20084,0.8622,True
20085,0.9583,True
20086,1.1546,True
20087,0.9846,True
20088,1.1723,True
20089,0.901,True
20090,0.9951,True
20091,0.8468,True
20092,1.1147,True
20093,0.9346,True
20094,0.6662,True
20095,0.9638,True
20096,0.9588,True
20097,1.1129,True
20098,1.0486,True
20099,1.2731,True
20100,0.9902,True
20101,1.0139,True
20102,1.213,True
20103,0.9272,True
20104,1.0828,True
20105,0.7945,True
20106,1.0511,True
20107,1.0822,True
20108,0.9665,True
20109,0.9986,True
20110,0.7687,True
20111,1.1054,True
20112,0.9302,True
20113,0.916,True
20114,0.5475,True
20115,1.004,True
20116,0.9034,True
20117,0.9906,True
20118,1.2382,True
20119,1.0701,True
20120,1.0553,True
20121,0.6456,True
20122,1.0876,True
20123,0.99,True
20124,0.9018,True
20125,1.0433,True
20126,0.841,True
20127,1.0632,True
20128,1.1174,True
20129,0.7663,True
20130,0.721,True
20131,0.7947,True
20132,0.8249,True
20133,0.9271,True
20134,0.8389,True
20135,0.8193,True
20136,1.1068,True
20137,1.0003,True
20138,0.8404,True
20139,1.0978,True
20140,0.8683,True
20141,1.2091,True
20142,0.5647,True
20143,0.9806,True
20144,1.1313,True
20145,1.109,True
20146,1.0405,True
20147,0.9454,True
20148,1.2247,True
20149,0.9757,True
20150,1.0929,True
20151,0.9867,True
20152,1.259,True
20153,1.0269,True
20154,0.8272,True
20155,0.7506,True
20156,1.0405,True
20157,1.0472,True
20158,1.1007,True
20159,0.994,True
20160,1.2483,True
20161,1.1111,True
20162,1.1339,True
20163,0.6814,True
20164,0.6654,True
20165,0.8105,True
20166,1.2388,True
20167,0.9667,True
20168,0.6564,True
20169,1.1009,True
20170,1.0547,True
20171,1.0973,True
20172,0.7343,True
20173,1.0997,True
20174,0.7016,True
20175,0.4625,False
20176,1.0021,True
20177,1.0034,True
20178,1.0299,True
20179,0.9674,True
20180,0.6696,True
20181,0.8854,True
20182,0.9977,True
20183,0.9698,True
20184,0.773,True
20185,0.7752,True
20186,1.027,True
20187,0.8237,True
20188,1.1582,True
20189,1.0256,True
20190,1.0816,True
20191,1.16,True
20192,1.0129,True
20193,0.7941,True
20194,1.1582,True
20195,0.9728,True
20196,0.9582,True
20197,0.4419,False
20198,0.7817,True
20199,0.8674,True
20200,0.9941,True
20201,1.2644,True
20202,0.7685,True
20203,0.3202,False
20204,1.1311,True
20205,1.0404,True
20206,0.6479,True
20207,0.6863,True
20208,1.0216,True
20209,1.1049,True
20210,1.053,True
20211,0.9868,True
20212,0.9615,True
20213,1.0518,True
20214,1.0626,True
20215,1.0726,True
20216,1.0734,True
20217,1.1359,True
20218,0.9126,True
20219,1.1349,True
20220,0.9322,True
20221,1.0028,True
20222,1.0415,True
20223,0.8075,True
20224,1.0961,True
20225,0.791,True
20226,0.9184,True
20227,0.8556,True
20228,0.8745,True
20229,1.3113,True
20230,1.0691,True
20231,0.8898,True
20232,0.9245,True
20233,0.7177,True
20234,1.2219,True
20235,1.0427,True
20236,1.1343,True
20237,0.9366,True
20238,1.0608,True
20239,0.7158,True
20240,0.9049,True
20241,0.9532,True
20242,1.1468,True
20243,1.0378,True
20244,1.1101,True
20245,1.0406,True
20246,1.0734,True
20247,1.1254,True
20248,1.0981,True
20249,0.8185,True
20250,1.072,True
20251,1.0676,True
20252,0.7713,True
20253,1.017,True
20254,0.7975,True
20255,0.9899,True
20256,0.6307,True
20257,0.786,True
20258,1.0296,True
20259,0.8831,True
20260,0.73,True
20261,1.1159,True
20262,0.6585,True
20263,0.9437,True
20264,1.1062,True
20265,0.8534,True
20266,1.0076,True
20267,1.0432,True
20268,0.9681,True
20269,1.0446,True
20270,0.778,True
20271,0.9535,True
20272,1.3079,True
20273,0.997,True
20274,0.8659,True
20275,0.9068,True
20276,0.8096,True
20277,1.1334,True
20278,0.9831,True
20279,0.4499,False
20280,1.2768,True
20281,1.2596,True
20282,1.1581,True
20283,0.9619,True
20284,1.0678,True
20285,1.2491,True
20286,1.06,True
20287,0.9397,True
20288,1.0073,True
20289,0.5026,True
20290,1.0915,True
20291,0.9114,True
20292,0.927,True
20293,1.312,True
20294,0.8423,True
20295,0.9106,True
20296,0.9578,True
20297,0.9147,True
20298,0.8493,True
20299,0.9912,True
20300,1.0099,True
20301,0.9139,True
20302,1.0971,True
20303,0.9491,True
20304,1.2327,True
20305,1.0162,True
20306,1.0622,True
20307,0.8695,True
20308,1.0176,True
20309,0.9888,True
20310,0.695,True
20311,1.2048,True
20312,0.5405,True
20313,0.8527,True
20314,0.9761,True
20315,0.743,True
20316,0.919,True
20317,0.8006,True
20318,1.0829,True
20319,0.5612,True
20320,0.9276,True
20321,1.0341,True
20322,1.0124,True
20323,1.0127,True
20324,0.7966,True
20325,0.9087,True
20326,0.8969,True
20327,0.7096,True
20328,0.9349,True
20329,1.0168,True
20330,0.9178,True
20331,1.171,True
20332,0.7369,True
20333,1.2303,True
20334,0.9299,True
20335,0.8325,True
20336,1.1385,True
20337,1.0906,True
20338,1.0253,True
20339,0.9268,True
20340,1.0942,True
20341,0.8416,True
20342,0.8327,True
20343,1.117,True
20344,1.0,True
20345,0.927,True
20346,0.9699,True
20347,0.6802,True
20348,0.985,True
20349,1.1585,True
20350,0.9703,True
20351,1.2135,True
20352,1.1392,True
20353,0.9368,True
20354,1.0832,True
20355,1.0487,True
20356,0.8564,True
20357,0.7436,True
20358,0.9726,True
20359,1.1245,True
20360,0.9337,True
20361,0.8756,True
20362,0.9214,True
20363,1.1736,True
20364,0.5288,True
20365,0.9471,True
20366,1.0773,True
20367,1.0222,True
20368,0.8343,True
20369,1.0817,True
20370,1.1176,True
20371,0.9335,True
20372,0.7402,True
20373,1.0403,True
20374,1.0477,True
20375,1.0752,True
20376,0.8936,True
20377,1.2641,True
20378,0.9674,True
20379,1.1896,True
20380,1.0426,True
20381,1.1195,True
20382,0.9677,True
20383,0.9544,True
20384,1.0016,True
20385,1.0743,True
20386,0.901,True
20387,0.911,True
20388,1.1029,True
20389,1.069,True
20390,0.9341,True
20391,0.8762,True
20392,1.0334,True
20393,1.0042,True
20394,0.5033,True
20395,0.7569,True
20396,1.024,True
20397,0.8803,True
20398,1.0612,True
20399,1.0466,True
20400,1.2119,True
20401,0.8784,True
20402,1.1067,True
20403,1.0179,True
20404,0.5898,True
20405,1.0906,True
20406,0.9187,True
20407,0.8937,True
20408,0.6381,True
20409,1.1143,True
20410,1.1469,True
20411,1.1301,True
20412,1.0531,True
20413,0.9573,True
20414,0.8347,True
20415,1.2075,True
20416,0.9623,True
20417,0.9224,True
20418,1.0199,True
20419,0.8691,True
20420,1.1388,True
20421,0.7396,True
20422,1.1313,True
20423,0.6375,True
20424,0.7482,True
20425,1.1001,True
20426,1.1168,True
20427,1.1882,True
20428,0.966,True
20429,1.0954,True
20430,0.9482,True
20431,0.7174,True
20432,0.5501,True
20433,0.9332,True
20434,1.2037,True
20435,1.0309,True
20436,1.0233,True
20437,0.6388,True
20438,1.1622,True
20439,1.0689,True
20440,1.093,True
20441,1.151,True
20442,0.9992,True
20443,1.1288,True
20444,1.185,True
20445,1.1018,True
20446,0.7039,True
20447,1.1627,True
20448,0.7207,True
20449,1.0038,True
20450,0.6299,True
20451,0.9136,True
20452,1.049,True
20453,0.7206,True
20454,1.112,True
20455,1.2255,True
20456,0.6582,True
20457,1.0747,True
20458,0.9474,True
20459,1.004,True
20460,1.0821,True
20461,1.0883,True
20462,0.917,True
20463,1.003,True
20464,0.9816,True
20465,0.7686,True
20466,1.0117,True
20467,0.442,False
20468,0.9792,True
20469,1.1668,True
20470,1.1965,True
20471,1.0568,True
20472,1.002,True
20473,0.9438,True
20474,0.9416,True
20475,1.1489,True
20476,0.6567,True
20477,0.9249,True
20478,1.2063,True
20479,1.0886,True
20480,0.871,True
20481,0.9579,True
20482,0.8925,True
20483,1.138,True
20484,1.0755,True
20485,1.0402,True
20486,0.9489,True
20487,1.0263,True
20488,1.231,True
20489,0.7588,True
20490,0.8682,True
20491,1.0071,True
20492,0.9012,True
20493,0.9688,True
20494,0.9289,True
20495,1.0493,True
20496,0.9855,True
20497,1.1351,True
20498,0.8457,True
20499,0.8281,True
20500,1.0668,True
20501,0.9643,True
20502,1.0935,True
20503,0.9933,True
20504,0.5754,True
20505,0.9668,True
20506,0.8831,True
20507,1.1784,True
20508,1.2161,True
20509,1.05,True
20510,1.0232,True
20511,1.0071,True
20512,1.0777,True
20513,1.1389,True
20514,0.9238,True
20515,0.4531,False
20516,0.6831,True
20517,1.1681,True
20518,1.1214,True
20519,0.9548,True
20520,0.9732,True
20521,1.231,True
20522,0.8556,True
20523,0.8686,True
20524,0.8106,True
20525,1.0127,True
20526,0.9066,True
20527,0.8001,True
20528,0.9184,True
20529,1.1534,True
20530,1.0189,True
20531,1.0372,True
20532,0.8197,True
20533,1.0326,True
20534,0.8136,True
20535,0.7476,True
20536,0.9574,True
20537,1.1444,True
20538,0.7708,True
20539,0.8048,True
20540,1.1811,True
20541,1.1018,True
20542,0.9442,True
20543,0.9624,True
20544,1.1388,True
20545,0.8612,True
20546,1.0738,True
20547,0.9891,True
20548,0.9771,True
20549,0.921,True
20550,0.9148,True
20551,0.8065,True
20552,1.1121,True
20553,1.0478,True
20554,0.8046,True
20555,0.7464,True
20556,1.2049,True
20557,0.8392,True
20558,0.963,True
20559,0.9854,True
20560,0.7975,True
20561,0.9235,True
20562,1.1022,True
20563,0.4608,False
20564,0.9988,True
20565,0.6683,True
20566,0.6182,True
20567,1.1569,True
20568,1.2602,True
20569,1.0633,True
20570,1.1866,True
20571,0.7977,True
20572,0.712,True
20573,1.1317,True
20574,1.0226,True
20575,0.8913,True
20576,0.951,True
20577,0.9207,True
20578,0.9033,True
20579,0.8353,True
20580,1.0506,True
20581,1.2008,True
20582,1.001,True
20583,1.0422,True
20584,0.8026,True
20585,1.115,True
20586,0.9277,True
20587,0.6182,True
20588,1.0164,True
20589,0.9757,True
20590,1.0227,True
20591,1.01,True
20592,0.8761,True
20593,1.1013,True
20594,0.5514,True
20595,1.0982,True
20596,1.1703,True
20597,0.9572,True
20598,0.8961,True
20599,1.1264,True
20600,1.0002,True
20601,0.4263,False
20602,0.995,True
20603,0.9211,True
20604,0.9317,True
20605,1.0496,True
20606,0.4775,False
20607,0.9772,True
20608,0.8999,True
20609,1.1384,True
20610,0.8845,True
20611,1.0131,True
20612,1.0088,True
20613,1.0869,True
20614,0.9514,True
20615,1.0936,True
20616,1.0191,True
20617,1.1674,True
20618,1.1837,True
20619,0.7601,True
20620,0.8337,True
20621,0.9663,True
20622,0.6468,True
20623,0.6851,True
20624,1.1199,True
20625,1.1012,True
20626,1.0876,True
20627,1.0515,True
20628,1.0544,True
20629,0.9891,True
20630,0.9583,True
20631,1.09,True
20632,1.136,True
20633,0.8778,True
20634,0.8187,True
20635,1.2168,True
20636,1.3346,True
20637,1.1976,True
20638,1.0792,True
20639,1.2868,True
20640,1.1138,True
20641,0.9709,True
20642,1.142,True
20643,1.1094,True
20644,1.012,True
20645,0.9293,True
20646,1.084,True
20647,1.0459,True
20648,1.056,True
20649,1.2794,True
20650,0.9216,True
20651,1.0427,True
20652,0.8407,True
20653,1.3647,True
20654,1.0296,True
20655,0.9916,True
20656,1.1597,True
20657,0.4809,False
20658,1.0099,True
20659,0.8679,True
20660,0.628,True
20661,0.953,True
20662,0.7813,True
20663,1.1748,True
20664,0.9549,True
20665,0.9433,True
20666,1.2013,True
20667,1.1299,True
20668,0.9408,True
20669,1.2049,True
20670,0.9909,True
20671,1.2327,True
20672,0.674,True
20673,1.0045,True
20674,0.9546,True
20675,0.7934,True
20676,1.052,True
20677,1.1127,True
20678,0.9526,True
20679,1.2975,True
20680,0.8389,True
20681,1.0458,True
20682,0.693,True
20683,1.0257,True
20684,1.3053,True
20685,0.9022,True
20686,1.1735,True
20687,0.9081,True
20688,1.0876,True
20689,1.0336,True
20690,0.8242,True
20691,0.9692,True
20692,1.3124,True
20693,1.2405,True
20694,1.0134,True
20695,0.8417,True
20696,0.9793,True
20697,1.3341,True
20698,1.0196,True
20699,0.9138,True
20700,1.1893,True
20701,0.9798,True
20702,1.0592,True
20703,1.1268,True
20704,0.818,True
20705,1.0791,True
20706,0.8784,True
20707,0.9692,True
20708,0.9623,True
20709,1.2525,True
20710,0.9763,True
20711,1.157,True
20712,1.144,True
20713,1.0154,True
20714,1.0663,True
20715,1.0158,True
20716,1.1251,True
20717,0.8926,True
20718,0.8742,True
20719,0.9809,True
20720,1.0423,True
20721,1.0083,True
20722,1.1185,True
20723,0.807,True
20724,0.9792,True
20725,1.0608,True
20726,0.8079,True
20727,1.0769,True
20728,1.0837,True
20729,0.8327,True
20730,1.0568,True
20731,0.7958,True
20732,1.1431,True
20733,0.7243,True
20734,0.8878,True
20735,1.2445,True
20736,1.1053,True
20737,0.7957,True
20738,1.0962,True
20739,0.9956,True
20740,0.9898,True
20741,1.151,True
20742,1.1759,True
20743,1.3334,True
20744,1.2595,True
20745,1.1329,True
20746,1.0287,True
20747,0.8782,True
20748,1.2958,True
20749,0.7885,True
20750,0.8273,True
20751,1.2146,True
20752,1.144,True
20753,1.1776,True
20754,0.9247,True
20755,1.1659,True
20756,0.8153,True
20757,0.7962,True
20758,0.9946,True
20759,0.7406,True
20760,0.8388,True
20761,0.8115,True
20762,0.8173,True
20763,1.1359,True
20764,0.9495,True
20765,0.826,True
20766,0.9166,True
20767,0.9186,True
20768,1.2692,True
20769,0.8365,True
20770,0.79,True
20771,1.1199,True
20772,1.1378,True
20773,0.9847,True
20774,0.9555,True
20775,0.9311,True
20776,0.9781,True
20777,0.7981,True
20778,1.2998,True
20779,1.0383,True
20780,1.0651,True
20781,0.985,True
20782,1.1985,True
20783,1.3722,True
20784,0.7873,True
20785,0.767,True
20786,1.2342,True
20787,1.1272,True
20788,1.2936,True
20789,1.1345,True
20790,1.2926,True
20791,1.2107,True
20792,0.9166,True
20793,1.002,True
20794,0.8231,True
20795,0.6467,True
20796,0.8758,True
20797,0.9068,True
20798,1.1822,True
20799,0.8948,True
20800,1.2192,True
20801,1.0316,True
20802,0.9997,True
20803,1.2323,True
20804,1.3484,True
20805,1.1503,True
20806,1.3055,True
20807,1.0408,True
20808,0.9112,True
20809,0.6575,True
20810,1.3377,True
20811,0.9973,True
20812,0.8274,True
20813,0.9909,True
20814,0.864,True
20815,1.0483,True
20816,0.9531,True
20817,1.1808,True
20818,1.0968,True
20819,1.0248,True
20820,0.9598,True
20821,1.3862,True
20822,1.0588,True
20823,0.663,True
20824,1.0259,True
20825,0.9998,True
20826,0.87,True
20827,0.943,True
20828,0.7911,True
20829,0.8879,True
20830,0.976,True
20831,1.1586,True
20832,1.0438,True
20833,1.1401,True
20834,0.8142,True
20835,1.176,True
20836,0.8559,True
20837,0.9693,True
20838,0.9303,True
20839,0.9374,True
20840,0.9198,True
20841,1.2345,True
20842,0.8253,True
20843,0.9094,True
20844,0.9083,True
20845,0.7479,True
20846,0.6959,True
20847,1.3183,True
20848,1.4197,True
20849,1.0116,True
20850,1.1284,True
20851,1.1984,True
20852,1.092,True
20853,1.1364,True
20854,1.2898,True
20855,1.0268,True
20856,1.0653,True
20857,1.3807,True
20858,1.023,True
20859,0.8072,True
20860,0.9378,True
20861,1.2062,True
20862,0.9765,True
20863,1.2174,True
20864,0.7971,True
20865,1.0443,True
20866,0.8735,True
20867,1.0675,True
20868,1.3726,True
20869,1.2331,True
20870,1.0883,True
20871,0.9625,True
20872,0.9562,True
20873,1.1861,True
20874,1.1468,True
20875,0.9472,True
20876,0.8567,True
20877,1.0672,True
20878,1.0976,True
20879,0.8851,True
20880,1.0189,True
20881,0.808,True
20882,1.2362,True
20883,0.83,True
20884,0.8538,True
20885,0.8334,True
20886,0.9348,True
20887,0.9464,True
20888,1.0966,True
20889,0.824,True
20890,1.0597,True
20891,0.8071,True
20892,1.0741,True
20893,0.9552,True
20894,1.0395,True
20895,1.0755,True
20896,0.6963,True
20897,0.8783,True
20898,1.1658,True
20899,1.0549,True
20900,1.0258,True
20901,0.6222,True
20902,1.0284,True
20903,1.0905,True
20904,0.7219,True
20905,0.9249,True
20906,0.9564,True
20907,0.8942,True
20908,1.2537,True
20909,1.0685,True
20910,1.1611,True
20911,1.273,True
20912,1.1001,True
20913,0.9271,True
20914,0.8722,True
20915,1.0254,True
20916,0.9456,True
20917,1.389,True
20918,0.8523,True
20919,0.7168,True
20920,1.2235,True
20921,0.7888,True
20922,0.8525,True
20923,1.1699,True
20924,1.0769,True
20925,1.1611,True
20926,1.0293,True
20927,0.7865,True
20928,0.8856,True
20929,0.658,True
20930,0.8733,True
20931,1.0403,True
20932,1.125,True
20933,1.0809,True
20934,0.6391,True
20935,0.8044,True
20936,1.2186,True
20937,1.211,True
20938,0.8605,True
20939,1.1104,True
20940,1.0515,True
20941,1.0848,True
20942,1.0665,True
20943,0.7251,True
20944,1.0316,True
20945,0.8172,True
20946,0.9804,True
20947,1.3065,True
20948,0.8299,True
20949,1.4035,True
20950,0.8407,True
20951,1.0393,True
20952,0.9983,True
20953,1.2333,True
20954,1.068,True
20955,1.2186,True
20956,0.8922,True
20957,1.2392,True
20958,1.156,True
20959,0.9814,True
20960,1.0203,True
20961,0.9836,True
20962,1.2691,True
20963,0.7016,True
20964,0.856,True
20965,0.7154,True
20966,0.944,True
20967,0.9086,True
20968,1.1185,True
20969,0.991,True
20970,0.8774,True
20971,0.9883,True
20972,0.8793,True
20973,0.8875,True
20974,1.2461,True
20975,0.8812,True
20976,0.8974,True
20977,1.2585,True
20978,1.2173,True
20979,1.1407,True
20980,1.0796,True
20981,1.0172,True
20982,1.1951,True
20983,0.9113,True
20984,0.7395,True
20985,0.9979,True
20986,0.8239,True
20987,0.8083,True
20988,0.9779,True
20989,1.0417,True
20990,1.1017,True
20991,1.0936,True
20992,1.1742,True
20993,1.1664,True
20994,0.9548,True
20995,0.5039,True
20996,0.991,True
20997,0.9265,True
20998,0.8402,True
20999,0.8521,True
21000,1.0384,True
21001,0.9703,True
21002,1.1478,True
21003,0.6508,True
21004,0.8622,True
21005,0.979,True
21006,1.0631,True
21007,1.1211,True
21008,1.1048,True
21009,0.896,True
21010,0.792,True
21011,1.1078,True
21012,1.1327,True
21013,1.1932,True
21014,0.8608,True
21015,0.9353,True
21016,1.2073,True
21017,0.6542,True
21018,0.511,True
21019,1.0684,True
21020,0.7215,True
21021,1.1146,True
21022,0.9677,True
21023,1.0376,True
21024,1.0247,True
21025,0.957,True
21026,1.0258,True
21027,0.9036,True
21028,1.1892,True
21029,1.0073,True
21030,1.1642,True
21031,0.8791,True
21032,0.6475,True
21033,0.974,True
21034,1.1932,True
21035,0.8324,True
21036,1.0964,True
21037,1.1231,True
21038,1.1393,True
21039,1.0561,True
21040,1.1063,True
21041,0.8905,True
21042,1.0178,True
21043,1.1113,True
21044,1.1293,True
21045,0.9069,True
21046,0.9429,True
21047,0.9851,True
21048,1.0321,True
21049,1.0334,True
21050,1.0699,True
21051,1.085,True
21052,1.0031,True
21053,0.8921,True
21054,1.0268,True
21055,0.9321,True
21056,1.0577,True
21057,1.1183,True
21058,0.992,True
21059,1.0955,True
21060,0.8903,True
21061,0.8864,True
21062,0.8468,True
21063,0.9808,True
21064,1.1295,True
21065,0.9343,True
21066,0.9517,True
21067,0.5846,True
21068,0.8797,True
21069,1.0025,True
21070,1.1707,True
21071,1.3503,True
21072,1.0823,True
21073,0.7461,True
21074,0.8477,True
21075,1.2825,True
21076,1.2242,True
21077,1.0857,True
21078,0.9702,True
21079,1.0466,True
21080,1.0246,True
21081,1.0021,True
21082,1.1088,True
21083,1.0609,True
21084,0.9175,True
21085,0.9228,True
21086,0.9089,True
21087,1.2423,True
21088,1.2926,True
21089,0.7238,True
21090,0.5353,True
21091,0.8853,True
21092,0.868,True
21093,1.1104,True
21094,1.1253,True
21095,0.5746,True
21096,0.8756,True
21097,1.0407,True
21098,0.7119,True
21099,0.8813,True
21100,1.0093,True
21101,1.1317,True
21102,0.8524,True
21103,0.985,True
21104,1.1564,True
21105,1.0234,True
21106,0.7684,True
21107,1.1841,True
21108,0.9377,True
21109,0.9383,True
21110,0.8829,True
21111,1.0911,True
21112,0.7038,True
21113,1.174,True
21114,1.1161,True
21115,0.9331,True
21116,1.0509,True
21117,0.8418,True
21118,1.1553,True
21119,0.9741,True
21120,0.6699,True
21121,1.1171,True
21122,0.7354,True
21123,1.0808,True
21124,0.9919,True
21125,0.9919,True
21126,1.0098,True
21127,1.2326,True
21128,1.2048,True
21129,0.8693,True
21130,0.7637,True
21131,1.3105,True
21132,0.9845,True
21133,0.8746,True
21134,0.9928,True
21135,1.1037,True
21136,1.2656,True
21137,0.6915,True
21138,1.0489,True
21139,1.0271,True
21140,0.994,True
21141,1.1709,True
21142,1.3129,True
21143,0.9759,True
21144,0.7869,True
21145,1.0759,True
21146,1.1484,True
21147,1.0305,True
21148,1.1163,True
21149,1.0807,True
21150,1.0212,True
21151,1.0624,True
21152,0.5865,True
21153,1.1547,True
21154,0.9469,True
21155,1.0969,True
21156,1.2518,True
21157,0.9227,True
21158,1.1594,True
21159,0.8704,True
21160,1.0511,True
21161,1.0661,True
21162,1.097,True
21163,1.4129,True
21164,0.6333,True
21165,0.8266,True
21166,1.2268,True
21167,1.1264,True
21168,1.0069,True
21169,0.9258,True
21170,1.0295,True
21171,0.7922,True
21172,1.2239,True
21173,1.2616,True
21174,0.97,True
21175,0.8193,True
21176,1.0978,True
21177,0.9955,True
21178,0.8049,True
21179,1.2455,True
21180,1.1238,True
21181,1.271,True
21182,1.0304,True
21183,0.5932,True
21184,0.7825,True
21185,0.8362,True
21186,1.0929,True
21187,1.0165,True
21188,1.0285,True
21189,1.2266,True
21190,0.9978,True
21191,0.9615,True
21192,1.224,True
21193,1.2467,True
21194,1.0991,True
21195,0.6972,True
21196,1.1819,True
21197,0.9846,True
21198,0.9698,True
21199,1.3717,True
21200,1.1996,True
21201,0.795,True
21202,1.0163,True
21203,0.7911,True
21204,0.8136,True
21205,0.8451,True
21206,1.1677,True
21207,0.8667,True
21208,0.781,True
21209,0.901,True
21210,0.8956,True
21211,1.175,True
21212,1.1278,True
21213,0.9337,True
21214,1.1021,True
21215,0.9505,True
21216,0.7732,True
21217,0.792,True
21218,0.7539,True
21219,1.2708,True
21220,1.0352,True
21221,1.0507,True
21222,0.9292,True
21223,1.0814,True
21224,0.9685,True
21225,1.0772,True
21226,0.9526,True
21227,0.9031,True
21228,1.102,True
21229,1.0512,True
21230,1.0966,True
21231,0.9342,True
21232,1.0449,True
21233,1.0335,True
21234,0.8545,True
21235,0.581,True
21236,0.7406,True
21237,0.6946,True
21238,0.8481,True
21239,0.9915,True
21240,1.1129,True
21241,1.1258,True
21242,1.1971,True
21243,1.0644,True
21244,1.1923,True
21245,1.0283,True
21246,1.0892,True
21247,1.0982,True
21248,1.0748,True
21249,0.8612,True
21250,1.029,True
21251,0.989,True
21252,1.1282,True
21253,1.0651,True
21254,0.9178,True
21255,1.071,True
21256,1.1515,True
21257,0.6719,True
21258,0.9702,True
21259,0.9139,True
21260,1.0921,True
21261,1.0672,True
21262,1.1609,True
21263,1.0371,True
21264,0.9043,True
21265,1.0211,True
21266,1.3219,True
21267,0.8609,True
21268,0.8543,True
21269,0.8711,True
21270,0.9106,True
21271,1.0544,True
21272,0.9891,True
21273,0.7849,True
21274,1.1391,True
21275,1.265,True
21276,0.9746,True
21277,0.8467,True
21278,0.8231,True
21279,0.9891,True
21280,1.0648,True
21281,0.6434,True
21282,0.8733,True
21283,0.9934,True
21284,1.136,True
21285,0.9584,True
21286,1.0854,True
21287,1.0865,True
21288,0.9635,True
21289,1.0906,True
21290,1.2813,True
21291,0.9933,True
21292,0.8954,True
21293,1.168,True
21294,0.9868,True
21295,0.7645,True
21296,0.9565,True
21297,1.0102,True
21298,1.3793,True
21299,1.0759,True
21300,1.0477,True
21301,1.4512,True
21302,0.9885,True
21303,1.0487,True
21304,1.0122,True
21305,1.2808,True
21306,1.3563,True
21307,0.6978,True
21308,0.8177,True
21309,0.9859,True
21310,1.0666,True
21311,1.2101,True
21312,1.2511,True
21313,1.0379,True
21314,1.0697,True
21315,0.9097,True
21316,0.7314,True
21317,0.9098,True
21318,0.8675,True
21319,0.6511,True
21320,1.1389,True
21321,0.7813,True
21322,0.9823,True
21323,0.8868,True
21324,0.9638,True
21325,1.0988,True
21326,0.9704,True
21327,0.7898,True
21328,0.8598,True
21329,0.9003,True
21330,0.8792,True
21331,0.9194,True
21332,0.9999,True
21333,1.0956,True
21334,1.1218,True
21335,1.0259,True
21336,0.9406,True
21337,0.7233,True
21338,0.9814,True
21339,1.1102,True
21340,0.6701,True
21341,1.3017,True
21342,1.2147,True
21343,0.8894,True
21344,1.0303,True
21345,1.1311,True
21346,0.8851,True
21347,1.1889,True
21348,1.0042,True
21349,0.6938,True
21350,1.0586,True
21351,1.1325,True
21352,0.8348,True
21353,1.2907,True
21354,0.9244,True
21355,1.0489,True
21356,0.665,True
21357,0.9784,True
21358,0.836,True
21359,0.8845,True
21360,0.7601,True
21361,1.0438,True
21362,0.8595,True
21363,0.4414,False
21364,1.025,True
21365,0.8339,True
21366,1.0569,True
21367,1.2937,True
21368,0.8326,True
21369,0.8771,True
21370,1.0348,True
21371,0.6953,True
21372,1.2017,True
21373,0.9899,True
21374,0.9947,True
21375,0.7227,True
21376,0.9523,True
21377,1.2471,True
21378,1.4339,True
21379,0.9969,True
21380,1.0263,True
21381,0.9572,True
21382,1.085,True
21383,0.6915,True
21384,1.0064,True
21385,0.9099,True
21386,0.7149,True
21387,0.9341,True
21388,1.2011,True
21389,0.7615,True
21390,1.2032,True
21391,0.6376,True
21392,1.3387,True
21393,1.0249,True
21394,0.7677,True
21395,0.9803,True
21396,1.0178,True
21397,0.9734,True
21398,1.1945,True
21399,1.0091,True
21400,0.8966,True
21401,1.0805,True
21402,1.0,True
21403,0.8487,True
21404,1.1287,True
21405,0.8449,True
21406,1.1172,True
21407,0.7004,True
21408,0.8144,True
21409,0.9224,True
21410,0.5925,True
21411,0.7156,True
21412,1.0051,True
21413,1.0874,True
21414,1.1499,True
21415,1.2811,True
21416,1.0912,True
21417,0.9745,True
21418,1.2288,True
21419,1.1403,True
21420,1.1404,True
21421,0.8032,True
21422,1.0642,True
21423,1.0758,True
21424,1.2686,True
21425,1.16,True
21426,0.814,True
21427,1.2277,True
21428,1.0906,True
21429,0.9091,True
21430,1.1354,True
21431,0.785,True
21432,0.8649,True
21433,1.0974,True
21434,1.1057,True
21435,1.1,True
21436,0.8214,True
21437,1.1781,True
21438,1.0548,True
21439,1.0741,True
21440,1.1282,True
21441,0.9505,True
21442,0.9816,True
21443,0.982,True
21444,0.9737,True
21445,0.9405,True
21446,0.9063,True
21447,1.0153,True
21448,0.7954,True
21449,0.9679,True
21450,0.9551,True
21451,1.1428,True
21452,0.8227,True
21453,0.9987,True
21454,0.9647,True
21455,0.9013,True
21456,1.1231,True
21457,0.8184,True
21458,1.1962,True
21459,0.9087,True
21460,1.1727,True
21461,0.8075,True
21462,0.9816,True
21463,1.0221,True
21464,1.2929,True
21465,1.1976,True
21466,1.2993,True
21467,1.1047,True
21468,0.9651,True
21469,0.9013,True
21470,0.7843,True
21471,1.0036,True
21472,1.0196,True
21473,0.9185,True
21474,0.9518,True
21475,1.1738,True
21476,0.9767,True
21477,0.999,True
21478,0.7791,True
21479,0.9254,True
21480,1.2033,True
21481,0.9936,True
21482,1.2195,True
21483,1.2019,True
21484,0.9477,True
21485,1.1929,True
21486,0.9206,True
21487,0.9958,True
21488,1.0842,True
21489,1.0805,True
21490,0.8693,True
21491,1.1093,True
21492,0.9657,True
21493,0.8031,True
21494,1.2712,True
21495,1.0915,True
21496,1.0339,True
21497,0.989,True
21498,0.9249,True
21499,1.0419,True
21500,1.2326,True
21501,1.1492,True
21502,1.1767,True
21503,1.1059,True
21504,0.9296,True
21505,1.0973,True
21506,0.7477,True
21507,0.9134,True
21508,1.0779,True
21509,0.7548,True
21510,0.8277,True
21511,0.8367,True
21512,0.8157,True
21513,0.8454,True
21514,0.7117,True
21515,0.9607,True
21516,0.6667,True
21517,1.1085,True
21518,1.0092,True
21519,0.9122,True
21520,0.8319,True
21521,1.0729,True
21522,1.0369,True
21523,1.076,True
21524,0.9632,True
21525,1.1668,True
21526,1.0955,True
21527,1.004,True
21528,0.8973,True
21529,0.9183,True
21530,1.1016,True
21531,0.9835,True
21532,0.9964,True
21533,1.03,True
21534,0.9178,True
21535,0.7257,True
21536,1.1803,True
21537,1.0661,True
21538,1.0918,True
21539,0.9616,True
21540,0.9555,True
21541,1.2585,True
21542,1.0555,True
21543,0.9363,True
21544,0.973,True
21545,0.8471,True
21546,0.6322,True
21547,0.7446,True
21548,0.7224,True
21549,1.1664,True
21550,0.8962,True
21551,1.1175,True
21552,0.9141,True
21553,1.0227,True
21554,0.8113,True
21555,0.9637,True
21556,1.2052,True
21557,0.9063,True
21558,1.1193,True
21559,0.9513,True
21560,1.2167,True
21561,1.1065,True
21562,0.645,True
21563,1.1844,True
21564,0.8638,True
21565,1.0463,True
21566,0.9151,True
21567,1.1554,True
21568,1.3065,True
21569,0.969,True
21570,0.8839,True
21571,0.8656,True
21572,1.0831,True
21573,1.0342,True
21574,0.8883,True
21575,1.1124,True
21576,0.8649,True
21577,1.0877,True
21578,1.0472,True
21579,0.8968,True
21580,0.7467,True
21581,0.996,True
21582,1.2054,True
21583,0.7321,True
21584,0.8059,True
21585,0.9352,True
21586,1.3412,True
21587,1.0708,True
21588,0.8447,True
21589,0.8645,True
21590,1.0255,True
21591,0.9333,True
21592,1.1182,True
21593,0.9699,True
21594,0.8241,True
21595,0.9665,True
21596,0.9323,True
21597,0.7221,True
21598,1.0517,True
21599,1.0552,True
21600,1.0936,True
21601,0.8802,True
21602,1.0866,True
21603,1.1285,True
21604,0.9504,True
21605,0.8554,True
21606,0.7856,True
21607,1.1001,True
21608,0.9359,True
21609,1.2348,True
21610,0.7199,True
21611,1.0686,True
21612,0.8168,True
21613,1.048,True
21614,0.9225,True
21615,1.1942,True
21616,1.1593,True
21617,0.7998,True
21618,1.2376,True
21619,1.1081,True
21620,0.8092,True
21621,1.1795,True
21622,0.9677,True
21623,0.8065,True
21624,0.8681,True
21625,0.8832,True
21626,1.0011,True
21627,1.4318,True
21628,1.0944,True
21629,1.1833,True
21630,0.9018,True
21631,0.9615,True
21632,0.8367,True
21633,1.1162,True
21634,1.2044,True
21635,1.0056,True
21636,0.8714,True
21637,1.1415,True
21638,0.8036,True
21639,0.7124,True
21640,0.7836,True
21641,1.2788,True
21642,0.769,True
21643,0.9937,True
21644,1.0453,True
21645,0.8646,True
21646,1.003,True
21647,1.1354,True
21648,0.908,True
21649,0.8739,True
21650,1.0734,True
21651,0.7295,True
21652,0.9262,True
21653,1.0,True
21654,0.9303,True
21655,0.8119,True
21656,0.6788,True
21657,1.3106,True
21658,0.4867,False
21659,1.0221,True
21660,1.0698,True
21661,1.009,True
21662,1.0491,True
21663,0.8392,True
21664,0.6527,True
21665,1.0439,True
21666,0.8484,True
21667,0.867,True
21668,1.0258,True
21669,1.181,True
21670,1.3352,True
21671,1.2513,True
21672,1.1418,True
21673,1.1408,True
21674,1.2874,True
21675,1.0642,True
21676,0.9411,True
21677,1.4261,True
21678,0.9212,True
21679,0.9807,True
21680,0.9003,True
21681,0.9962,True
21682,1.1233,True
21683,0.6771,True
21684,0.7613,True
21685,0.8997,True
21686,1.109,True
21687,0.9104,True
21688,1.0815,True
21689,1.2382,True
21690,0.6642,True
21691,1.2926,True
21692,0.7718,True
21693,0.5981,True
21694,0.9488,True
21695,1.3074,True
21696,1.1556,True
21697,0.9785,True
21698,0.8208,True
21699,1.115,True
21700,1.1975,True
21701,1.0899,True
21702,1.2296,True
21703,1.1204,True
21704,1.0296,True
21705,1.1143,True
21706,0.8586,True
21707,1.0555,True
21708,0.6643,True
21709,1.0921,True
21710,0.994,True
21711,0.952,True
21712,0.9074,True
21713,0.6753,True
21714,1.0848,True
21715,0.971,True
21716,0.9463,True
21717,1.0732,True
21718,1.1076,True
21719,1.0628,True
21720,0.8643,True
21721,0.9605,True
21722,1.0773,True
21723,0.8184,True
21724,0.8311,True
21725,0.6567,True
21726,1.1136,True
21727,0.9169,True
21728,1.0252,True
21729,0.9877,True
21730,1.0944,True
21731,1.0236,True
21732,1.0399,True
21733,1.0642,True
21734,0.9567,True
21735,0.7651,True
21736,0.9761,True
21737,0.9086,True
21738,1.2586,True
21739,1.0826,True
21740,0.9641,True
21741,0.8703,True
21742,0.9441,True
21743,1.1461,True
21744,0.6736,True
21745,1.2806,True
21746,0.7658,True
21747,1.1114,True
21748,0.8812,True
21749,0.9982,True
21750,0.7964,True
21751,0.98,True
21752,0.9986,True
21753,0.6472,True
21754,1.0239,True
21755,0.8151,True
21756,0.6586,True
21757,1.0569,True
21758,0.9819,True
21759,1.116,True
21760,1.0981,True
21761,0.7939,True
21762,1.1651,True
21763,0.9208,True
21764,1.194,True
21765,0.8886,True
21766,1.1404,True
21767,0.8578,True
21768,1.0021,True
21769,1.2909,True
21770,0.7888,True
21771,1.1213,True
21772,1.2187,True
21773,0.9687,True
21774,1.0733,True
21775,1.0156,True
21776,1.1224,True
21777,1.1945,True
21778,0.7298,True
21779,1.2,True
21780,0.78,True
21781,1.2949,True
21782,1.0127,True
21783,1.3088,True
21784,1.1473,True
21785,0.9146,True
21786,1.1835,True
21787,0.7985,True
21788,0.8964,True
21789,1.2282,True
21790,0.8487,True
21791,1.2771,True
21792,0.847,True
21793,1.1287,True
21794,1.1593,True
21795,0.9977,True
21796,1.1058,True
21797,0.8268,True
21798,0.7482,True
21799,1.2589,True
21800,0.9566,True
21801,0.9128,True
21802,0.7901,True
21803,0.8541,True
21804,0.7395,True
21805,1.018,True
21806,0.9176,True
21807,1.0994,True
21808,0.9119,True
21809,0.9674,True
21810,0.9845,True
21811,0.7272,True
21812,1.22,True
21813,1.1631,True
21814,1.0579,True
21815,1.1448,True
21816,0.9416,True
21817,0.9827,True
21818,0.9979,True
21819,1.2329,True
21820,0.7768,True
21821,0.9234,True
21822,0.9949,True
21823,1.2064,True
21824,1.0679,True
21825,1.3813,True
21826,1.0058,True
21827,0.9023,True
21828,0.9866,True
21829,0.9117,True
21830,0.9644,True
21831,1.2543,True
21832,1.0067,True
21833,0.9686,True
21834,1.1919,True
21835,0.9512,True
21836,1.1455,True
21837,0.8587,True
21838,1.2669,True
21839,1.0575,True
21840,0.9513,True
21841,0.9887,True
21842,1.0349,True
21843,1.3435,True
21844,0.6507,True
21845,1.261,True
21846,0.996,True
21847,1.2165,True
21848,1.2736,True
21849,1.2798,True
21850,0.9232,True
21851,0.9482,True
21852,1.0161,True
21853,1.0112,True
21854,0.7231,True
21855,0.9344,True
21856,1.2838,True
21857,0.8824,True
21858,1.2955,True
21859,0.8612,True
21860,1.0028,True
21861,1.375,True
21862,1.0406,True
21863,0.9089,True
21864,1.041,True
21865,0.9464,True
21866,1.1644,True
21867,0.8254,True
21868,1.0431,True
21869,0.8565,True
21870,0.9902,True
21871,1.1151,True
21872,0.8521,True
21873,0.8076,True
21874,1.1183,True
21875,1.0071,True
21876,0.9893,True
21877,0.8727,True
21878,0.5699,True
21879,0.9818,True
21880,0.8441,True
21881,1.158,True
21882,0.8264,True
21883,1.0619,True
21884,1.0843,True
21885,0.9555,True
21886,1.053,True
21887,0.8162,True
21888,1.142,True
21889,0.9389,True
21890,1.1803,True
21891,1.0095,True
21892,1.2171,True
21893,1.0803,True
21894,1.056,True
21895,1.1411,True
21896,1.0466,True
21897,0.7229,True
21898,1.2193,True
21899,0.4581,False
21900,1.1815,True
21901,1.0628,True
21902,1.026,True
21903,0.9255,True
21904,1.0886,True
21905,1.2337,True
21906,0.8996,True
21907,1.0816,True
21908,1.0981,True
21909,1.0633,True
21910,0.9979,True
21911,0.938,True
21912,0.8476,True
21913,1.3283,True
21914,0.7272,True
21915,0.8459,True
21916,1.3191,True
21917,0.9501,True
21918,1.0018,True
21919,1.3866,True
21920,0.9528,True
21921,1.0777,True
21922,1.0174,True
21923,1.1228,True
21924,1.2353,True
21925,0.734,True
21926,0.7293,True
21927,0.7277,True
21928,0.9498,True
21929,0.9706,True
21930,0.6896,True
21931,0.827,True
21932,1.2579,True
21933,0.8973,True
21934,0.9727,True
21935,1.0961,True
21936,1.1028,True
21937,1.0994,True
21938,1.0467,True
21939,0.9967,True
21940,0.6795,True
21941,0.867,True
21942,0.8331,True
21943,1.3427,True
21944,0.7626,True
21945,0.8854,True
21946,0.9195,True
21947,1.2884,True
21948,0.8954,True
21949,1.154,True
21950,1.2689,True
21951,1.1539,True
21952,1.0664,True
21953,1.1293,True
21954,0.849,True
21955,0.912,True
21956,1.0929,True
21957,1.3037,True
21958,0.9758,True
21959,0.8673,True
21960,1.132,True
21961,0.72,True
21962,1.1164,True
21963,1.0006,True
21964,0.888,True
21965,1.0614,True
21966,1.1047,True
21967,0.9574,True
21968,1.0728,True
21969,0.8631,True
21970,0.509,True
21971,1.0969,True
21972,0.8217,True
21973,1.0144,True
21974,1.1768,True
21975,1.1691,True
21976,1.1725,True
21977,0.9903,True
21978,0.766,True
21979,1.1379,True
21980,1.0901,True
21981,0.8849,True
21982,1.0366,True
21983,1.3316,True
21984,0.9234,True
21985,0.8984,True
21986,0.7682,True
21987,1.0926,True
21988,0.8439,True
21989,1.2983,True
21990,1.0907,True
21991,1.1647,True
21992,1.0527,True
21993,0.9036,True
21994,0.9937,True
21995,1.1246,True
21996,0.9396,True
21997,1.1493,True
21998,0.7907,True
21999,0.9693,True
22000,1.2431,True
22001,0.8981,True
22002,0.8651,True
22003,1.1785,True
22004,0.9499,True
22005,1.1953,True
22006,1.1162,True
22007,1.0877,True
22008,0.5852,True
22009,1.0086,True
22010,0.8991,True
22011,1.2578,True
22012,0.8237,True
22013,0.9215,True
22014,1.0141,True
22015,1.128,True
22016,0.891,True
22017,1.3214,True
22018,0.9521,True
22019,0.8897,True
22020,0.8795,True
22021,0.8638,True
22022,1.1349,True
22023,1.0708,True
22024,0.9546,True
22025,0.952,True
22026,1.151,True
22027,1.0827,True
22028,0.9064,True
22029,0.8103,True
22030,0.4129,False
22031,0.975,True
22032,1.2285,True
22033,1.083,True
22034,0.7789,True
22035,0.876,True
22036,0.9145,True
22037,1.0985,True
22038,1.1429,True
22039,1.1877,True
22040,1.3481,True
22041,0.9776,True
22042,0.8168,True
22043,0.9938,True
22044,1.0473,True
22045,0.7997,True
22046,0.9427,True
22047,1.04,True
22048,0.7292,True
22049,0.9853,True
22050,1.393,True
22051,0.9708,True
22052,1.2518,True
22053,1.0868,True
22054,0.9435,True
22055,0.8652,True
22056,1.149,True
22057,0.6547,True
22058,1.2859,True
22059,0.9188,True
22060,0.9299,True
22061,1.0682,True
22062,1.0847,True
22063,1.3381,True
22064,0.9449,True
22065,1.1793,True
22066,0.9714,True
22067,1.0593,True
22068,0.9978,True
22069,1.0573,True
22070,1.1108,True
22071,1.0491,True
22072,0.9599,True
22073,0.6229,True
22074,1.0128,True
22075,0.9463,True
22076,0.9501,True
22077,1.155,True
22078,0.7089,True
22079,0.9702,True
22080,0.924,True
22081,0.8833,True
22082,1.0574,True
22083,1.0836,True
22084,0.9003,True
22085,0.8333,True
22086,1.5044,True
22087,1.1736,True
22088,1.0407,True
22089,1.1635,True
22090,0.9068,True
22091,1.165,True
22092,1.2467,True
22093,0.928,True
22094,0.86,True
22095,1.0363,True
22096,0.9346,True
22097,1.3304,True
22098,1.0079,True
22099,1.1758,True
22100,1.0633,True
22101,0.9,True
22102,1.0187,True
22103,0.8846,True
22104,0.921,True
22105,0.8865,True
22106,0.9171,True
22107,1.2588,True
22108,1.1235,True
22109,1.2066,True
22110,0.8504,True
22111,1.0237,True
22112,1.0922,True
22113,1.1724,True
22114,0.8838,True
22115,0.9991,True
22116,0.975,True
22117,1.1551,True
22118,1.2065,True
22119,0.6502,True
22120,1.0097,True
22121,1.0486,True
22122,0.9059,True
22123,0.9727,True
22124,0.8273,True
22125,1.3079,True
22126,0.8869,True
22127,1.1666,True
22128,1.1396,True
22129,0.8237,True
22130,1.2822,True
22131,0.7636,True
22132,1.1015,True
22133,1.003,True
22134,0.7525,True
22135,0.9059,True
22136,1.1296,True
22137,0.9691,True
22138,0.7256,True
22139,1.1097,True
22140,0.8692,True
22141,0.6642,True
22142,0.7397,True
22143,1.1315,True
22144,1.1152,True
22145,0.9069,True
22146,1.1296,True
22147,0.8159,True
22148,0.6617,True
22149,1.1869,True
22150,0.9427,True
22151,1.0127,True
22152,1.1829,True
22153,0.8474,True
22154,0.8933,True
22155,0.712,True
22156,0.9646,True
22157,1.1623,True
22158,1.1042,True
22159,0.9507,True
22160,1.1441,True
22161,1.0422,True
22162,1.1346,True
22163,1.0061,True
22164,0.4911,False
22165,1.2225,True
22166,1.1688,True
22167,0.9179,True
22168,1.024,True
22169,0.949,True
22170,1.3558,True
22171,0.984,True
22172,1.1311,True
22173,0.8168,True
22174,0.936,True
22175,0.995,True
22176,0.5944,True
22177,1.0245,True
22178,1.1297,True
22179,0.701,True
22180,0.7883,True
22181,0.9988,True
22182,0.9796,True
22183,1.2434,True
22184,0.7763,True
22185,1.0751,True
22186,0.8199,True
22187,1.0544,True
22188,0.656,True
22189,1.0606,True
22190,1.1706,True
22191,1.009,True
22192,1.2575,True
22193,1.1212,True
22194,1.303,True
22195,1.2074,True
22196,1.1394,True
22197,0.8523,True
22198,0.9213,True
22199,1.0972,True
22200,0.9873,True
22201,1.019,True
22202,0.7829,True
22203,1.1372,True
22204,0.9132,True
22205,1.229,True
22206,1.1257,True
22207,0.7947,True
22208,1.0951,True
22209,0.6658,True
22210,0.723,True
22211,1.2518,True
22212,1.1247,True
22213,0.8565,True
22214,1.1422,True
22215,1.1303,True
22216,0.6857,True
22217,0.9295,True
22218,0.8577,True
22219,1.4681,True
22220,1.1101,True
22221,0.8825,True
22222,0.8983,True
22223,0.9471,True
22224,0.9068,True
22225,0.9763,True
22226,0.8203,True
22227,1.0058,True
22228,0.8948,True
22229,1.1496,True
22230,1.116,True
22231,0.963,True
22232,0.9072,True
22233,1.1288,True
22234,1.1485,True
22235,0.8797,True
22236,0.8836,True
22237,0.9093,True
22238,1.0012,True
22239,0.6923,True
22240,0.7225,True
22241,1.0341,True
22242,0.9288,True
22243,0.9792,True
22244,1.2438,True
22245,0.8223,True
22246,0.8021,True
22247,1.2731,True
22248,1.1353,True
22249,1.0354,True
22250,1.0651,True
22251,0.9529,True
22252,1.0056,True
22253,1.0291,True
22254,1.4134,True
22255,1.1365,True
22256,0.8574,True
22257,1.1463,True
22258,0.7926,True
22259,0.6098,True
22260,1.1892,True
22261,1.03,True
22262,1.0029,True
22263,1.0743,True
22264,1.0825,True
22265,1.2189,True
22266,1.1319,True
22267,1.0625,True
22268,0.8483,True
22269,0.8857,True
22270,1.0463,True
22271,0.9784,True
22272,1.1152,True
22273,0.9766,True
22274,0.7919,True
22275,0.9339,True
22276,1.2102,True
22277,1.3494,True
22278,0.8976,True
22279,0.9711,True
22280,0.8938,True
22281,0.9696,True
22282,0.7762,True
22283,0.7698,True
22284,0.9537,True
22285,0.9457,True
22286,0.8706,True
22287,0.82,True
22288,1.1144,True
22289,1.0618,True
22290,0.8334,True
22291,0.9612,True
22292,1.0249,True
22293,0.7554,True
22294,1.012,True
22295,0.8858,True
22296,0.9334,True
22297,0.7994,True
22298,0.4118,False
22299,0.8334,True
22300,1.123,True
22301,1.0854,True
22302,0.8516,True
22303,1.0307,True
22304,1.2285,True
22305,0.77,True
22306,1.0935,True
22307,1.1722,True
22308,0.976,True
22309,1.1412,True
22310,1.0818,True
22311,1.045,True
22312,1.0754,True
22313,0.7784,True
22314,0.9026,True
22315,1.1598,True
22316,1.1115,True
22317,1.0861,True
22318,0.7442,True
22319,1.1218,True
22320,1.016,True
22321,0.6877,True
22322,1.2669,True
22323,1.0105,True
22324,1.0061,True
22325,1.0223,True
22326,0.9734,True
22327,0.9369,True
22328,1.2312,True
22329,0.9703,True
22330,1.0305,True
22331,1.0625,True
22332,0.6253,True
22333,0.9783,True
22334,1.1578,True
22335,1.0186,True
22336,0.7614,True
22337,0.9333,True
22338,0.9483,True
22339,1.097,True
22340,1.0759,True
22341,1.1677,True
22342,0.8991,True
22343,0.9081,True
22344,0.9388,True
22345,1.311,True
22346,0.9782,True
22347,1.2063,True
22348,1.1168,True
22349,1.434,True
22350,0.9686,True
22351,0.7834,True
22352,1.0356,True
22353,1.1097,True
22354,1.0384,True
22355,0.9186,True
22356,0.957,True
22357,1.1422,True
22358,0.9585,True
22359,1.1025,True
22360,1.056,True
22361,0.8375,True
22362,1.0274,True
22363,1.0789,True
22364,0.6713,True
22365,0.9622,True
22366,0.7337,True
22367,0.724,True
22368,0.8454,True
22369,0.6355,True
22370,1.0264,True
22371,1.0223,True
22372,1.2966,True
22373,1.1431,True
22374,0.9455,True
22375,1.0971,True
22376,0.8417,True
22377,1.024,True
22378,1.1605,True
22379,1.104,True
22380,1.0207,True
22381,1.2898,True
22382,1.0716,True
22383,0.9805,True
22384,1.1664,True
22385,1.0764,True
22386,1.1797,True
22387,1.0147,True
22388,1.1077,True
22389,1.1407,True
22390,1.0417,True
22391,1.3628,True
22392,1.1219,True
22393,0.8739,True
22394,0.9552,True
22395,1.0692,True
22396,1.0996,True
22397,0.9007,True
22398,0.8756,True
22399,0.883,True
22400,1.3503,True
22401,1.0257,True
22402,0.8949,True
22403,1.154,True
22404,0.9997,True
22405,1.118,True
22406,0.9202,True
22407,0.9128,True
22408,1.0026,True
22409,0.917,True
22410,1.1692,True
22411,0.9349,True
22412,0.9496,True
22413,1.033,True
22414,0.9058,True
22415,1.2334,True
22416,0.854,True
22417,0.7913,True
22418,0.7836,True
22419,1.0046,True
22420,0.9423,True
22421,1.0602,True
22422,0.8704,True
22423,1.0919,True
22424,1.0348,True
22425,1.0045,True
22426,0.9219,True
22427,1.1234,True
22428,1.1928,True
22429,1.1265,True
22430,1.2439,True
22431,1.0517,True
22432,0.8994,True
22433,0.7711,True
22434,0.8543,True
22435,1.0865,True
22436,1.0294,True
22437,1.3428,True
22438,1.1169,True
22439,1.0973,True
22440,0.8363,True
22441,0.8851,True
22442,1.2523,True
22443,0.825,True
22444,1.0465,True
22445,0.8234,True
22446,0.8452,True
22447,0.9735,True
22448,0.9215,True
22449,0.8776,True
22450,0.9347,True
22451,1.0733,True
22452,0.8825,True
22453,0.9237,True
22454,1.2762,True
22455,0.9773,True
22456,0.9765,True
22457,1.1125,True
22458,0.9057,True
22459,0.9779,True
22460,0.9873,True
22461,0.8014,True
22462,1.2054,True
22463,1.0618,True
22464,0.6803,True
22465,1.0653,True
22466,0.9387,True
22467,0.7856,True
22468,1.0015,True
22469,0.8179,True
22470,0.8512,True
22471,1.0759,True
22472,1.075,True
22473,0.999,True
22474,1.0281,True
22475,0.7278,True
22476,1.1702,True
22477,0.8038,True
22478,0.9283,True
22479,0.8066,True
22480,1.2598,True
22481,1.2006,True
22482,1.0845,True
22483,0.9489,True
22484,1.0449,True
22485,0.9352,True
22486,1.0692,True
22487,0.7041,True
22488,0.8137,True
22489,1.0626,True
22490,0.84,True
22491,1.0339,True
22492,1.0387,True
22493,1.2289,True
22494,0.8178,True
22495,1.0372,True
22496,0.8484,True
22497,1.0501,True
22498,1.1655,True
22499,0.7149,True
22500,1.1306,True
22501,1.4352,True
22502,0.9238,True
22503,0.965,True
22504,1.0414,True
22505,1.0496,True
22506,0.9244,True
22507,1.0471,True
22508,0.8085,True
22509,0.8835,True
22510,1.2314,True
22511,1.0697,True
22512,0.9722,True
22513,1.2443,True
22514,1.0153,True
22515,1.005,True
22516,0.9827,True
22517,0.837,True
22518,1.1228,True
22519,1.1105,True
22520,1.1559,True
22521,1.0038,True
22522,1.1576,True
22523,1.1299,True
22524,0.8041,True
22525,1.0056,True
22526,1.1181,True
22527,1.1484,True
22528,0.9982,True
22529,0.9193,True
22530,1.0716,True
22531,1.0591,True
22532,0.8821,True
22533,0.753,True
22534,0.8217,True
22535,0.9915,True
22536,0.8949,True
22537,0.8635,True
22538,1.1435,True
22539,0.7895,True
22540,1.0916,True
22541,1.0917,True
22542,0.8641,True
22543,1.1715,True
22544,1.1224,True
22545,1.0615,True
22546,0.8062,True
22547,0.8713,True
22548,1.0954,True
22549,0.9607,True
22550,1.1226,True
22551,0.8235,True
22552,1.0684,True
22553,1.0813,True
22554,0.9501,True
22555,0.9375,True
22556,0.8151,True
22557,1.0128,True
22558,1.1236,True
22559,1.0163,True
22560,0.9145,True
22561,1.3357,True
22562,0.88,True
22563,1.159,True
22564,1.0945,True
22565,0.8657,True
22566,0.8024,True
22567,0.9577,True
22568,0.9178,True
22569,1.1825,True
22570,0.9272,True
22571,1.0217,True
22572,0.8778,True
22573,0.9735,True
22574,0.9706,True
22575,1.0492,True
22576,0.9315,True
22577,0.9003,True
22578,0.8564,True
22579,1.1511,True
22580,0.7222,True
22581,1.1316,True
22582,0.7682,True
22583,0.71,True
22584,0.9739,True
22585,0.9768,True
22586,0.9754,True
22587,0.9513,True
22588,1.1941,True
22589,1.1422,True
22590,0.7998,True
22591,1.0025,True
22592,1.0681,True
22593,1.1649,True
22594,1.0725,True
22595,0.8762,True
22596,0.9105,True
22597,1.0217,True
22598,0.9198,True
22599,0.9056,True
22600,1.0746,True
22601,0.9903,True
22602,0.9636,True
22603,1.0287,True
22604,1.0483,True
22605,1.0264,True
22606,0.721,True
22607,1.0167,True
22608,1.2483,True
22609,0.9436,True
22610,0.8813,True
22611,0.9879,True
22612,0.8858,True
22613,0.9669,True
22614,1.0989,True
22615,0.9733,True
22616,1.12,True
22617,0.965,True
22618,1.0482,True
22619,0.8518,True
22620,1.132,True
22621,1.377,True
22622,0.9278,True
22623,1.0532,True
22624,0.7998,True
22625,1.0836,True
22626,1.0677,True
22627,0.8499,True
22628,0.9559,True
22629,1.1841,True
22630,0.965,True
22631,1.1296,True
22632,0.9126,True
22633,0.7202,True
22634,1.13,True
22635,1.0114,True
22636,1.0895,True
22637,1.2337,True
22638,0.9831,True
22639,1.0736,True
22640,1.1777,True
22641,0.7348,True
22642,1.1381,True
22643,1.0296,True
22644,0.8976,True
22645,0.7124,True
22646,0.7785,True
22647,0.8169,True
22648,0.9182,True
22649,0.9951,True
22650,0.9093,True
22651,1.2481,True
22652,1.2864,True
22653,1.1299,True
22654,1.341,True
22655,0.8907,True
22656,0.8458,True
22657,0.8939,True
22658,0.8857,True
22659,0.7868,True
22660,1.2195,True
22661,0.8423,True
22662,1.2214,True
22663,0.973,True
22664,1.1058,True
22665,0.758,True
22666,1.2529,True
22667,1.0215,True
22668,0.9577,True
22669,1.1006,True
22670,0.8582,True
22671,0.9547,True
22672,0.8589,True
22673,1.0258,True
22674,1.0064,True
22675,1.3357,True
22676,1.2066,True
22677,0.9951,True
22678,1.041,True
22679,1.0729,True
22680,1.121,True
22681,1.0402,True
22682,0.8355,True
22683,0.7439,True
22684,0.8429,True
22685,1.1449,True
22686,0.8587,True
22687,0.7955,True
22688,0.7718,True
22689,1.0217,True
22690,1.0535,True
22691,0.749,True
22692,1.0738,True
22693,0.9199,True
22694,1.1682,True
22695,1.0608,True
22696,0.8187,True
22697,0.9794,True
22698,0.9561,True
22699,0.9656,True
22700,0.7778,True
22701,0.9208,True
22702,1.1338,True
22703,0.9236,True
22704,0.9862,True
22705,1.1639,True
22706,0.8478,True
22707,0.8416,True
22708,1.1419,True
22709,1.0514,True
22710,1.1376,True
22711,1.0537,True
22712,0.7149,True
22713,1.2153,True
22714,1.164,True
22715,1.0263,True
22716,1.1192,True
22717,0.9124,True
22718,1.1374,True
22719,0.8555,True
22720,0.8006,True
22721,1.103,True
22722,0.7084,True
22723,0.9144,True
22724,1.1456,True
22725,0.9208,True
22726,1.1453,True
22727,0.9562,True
22728,0.7537,True
22729,0.9756,True
22730,0.8568,True
22731,0.7842,True
22732,0.9354,True
22733,1.1237,True
22734,0.9714,True
22735,1.0373,True
22736,0.9408,True
22737,1.2282,True
22738,1.0002,True
22739,1.1125,True
22740,1.3073,True
22741,0.8034,True
22742,1.0708,True
22743,0.9095,True
22744,1.0839,True
22745,0.8148,True
22746,0.7697,True
22747,0.8425,True
22748,1.0251,True
22749,0.7615,True
22750,0.9347,True
22751,1.0353,True
22752,1.4089,True
22753,0.9266,True
22754,0.8833,True
22755,0.9834,True
22756,1.0386,True
22757,0.8118,True
22758,0.968,True
22759,0.8803,True
22760,0.7873,True
22761,0.8773,True
22762,0.6824,True
22763,0.9993,True
22764,1.0844,True
22765,1.0361,True
22766,1.3961,True
22767,0.696,True
22768,1.1114,True
22769,1.0279,True
22770,0.8642,True
22771,1.2831,True
22772,1.369,True
22773,0.699,True
22774,1.3183,True
22775,1.023,True
22776,1.1668,True
22777,0.8124,True
22778,0.8738,True
22779,0.9613,True
22780,0.7941,True
22781,0.757,True
22782,1.0746,True
22783,0.9194,True
22784,1.0679,True
22785,0.8414,True
22786,0.9869,True
22787,0.8365,True
22788,1.1015,True
22789,1.0778,True
22790,0.7023,True
22791,0.9278,True
22792,0.9721,True
22793,0.9892,True
22794,1.103,True
22795,0.8188,True
22796,1.1373,True
22797,1.177,True
22798,1.1275,True
22799,1.0281,True
22800,1.2229,True
22801,0.7979,True
22802,0.7373,True
22803,1.0562,True
22804,1.125,True
22805,1.0795,True
22806,1.1849,True
22807,0.7659,True
22808,0.7565,True
22809,1.0581,True
22810,1.0602,True
22811,0.9053,True
22812,0.9877,True
22813,1.1126,True
22814,1.0235,True
22815,1.1181,True
22816,0.8198,True
22817,1.0968,True
22818,0.8355,True
22819,1.0126,True
22820,1.1592,True
22821,0.6943,True
22822,1.0991,True
22823,1.3882,True
22824,1.0252,True
22825,0.8666,True
22826,1.369,True
22827,1.3333,True
22828,1.2242,True
22829,0.953,True
22830,0.8541,True
22831,1.1012,True
22832,0.8959,True
22833,1.0731,True
22834,1.1692,True
22835,1.2427,True
22836,0.8938,True
22837,0.8141,True
22838,1.0135,True
22839,0.8873,True
22840,1.0108,True
22841,0.9393,True
22842,0.9424,True
22843,0.9809,True
22844,0.9446,True
22845,1.0284,True
22846,1.0334,True
22847,1.1075,True
22848,0.9399,True
22849,1.1138,True
22850,1.1149,True
22851,1.0088,True
22852,0.9134,True
22853,0.9721,True
22854,0.9089,True
22855,1.0164,True
22856,1.0669,True
22857,0.5776,True
22858,1.1297,True
22859,0.9988,True
22860,1.3353,True
22861,0.8857,True
22862,1.1679,True
22863,1.0341,True
22864,1.2013,True
22865,1.1478,True
22866,1.2203,True
22867,1.0564,True
22868,0.8706,True
22869,1.1137,True
22870,1.0437,True
22871,0.758,True
22872,1.1014,True
22873,0.9974,True
22874,1.235,True
22875,1.2228,True
22876,0.7767,True
22877,0.9689,True
22878,0.9806,True
22879,0.7562,True
22880,1.1491,True
22881,1.1486,True
22882,0.9789,True
22883,0.948,True
22884,1.0895,True
22885,0.9557,True
22886,1.0525,True
22887,1.033,True
22888,1.025,True
22889,0.7715,True
22890,1.0713,True
22891,1.1587,True
22892,1.1142,True
22893,0.9957,True
22894,1.2231,True
22895,1.1152,True
22896,1.2128,True
22897,1.1456,True
22898,1.0578,True
22899,0.7902,True
22900,0.9352,True
22901,0.9884,True
22902,0.993,True
22903,1.2162,True
22904,0.8138,True
22905,1.2667,True
22906,1.3765,True
22907,0.9962,True
22908,1.0676,True
22909,1.0067,True
22910,0.8592,True
22911,1.0112,True
22912,0.8985,True
22913,0.8533,True
22914,1.1256,True
22915,0.6351,True
22916,0.9248,True
22917,1.0876,True
22918,1.2033,True
22919,1.2297,True
22920,0.848,True
22921,1.0842,True
22922,0.9127,True
22923,0.8851,True
22924,1.1189,True
22925,0.8921,True
22926,1.0789,True
22927,1.0464,True
22928,1.1494,True
22929,0.9693,True
22930,1.0729,True
22931,0.9854,True
22932,1.0761,True
22933,0.8366,True
22934,0.7478,True
22935,0.9401,True
22936,0.8227,True
22937,1.119,True
22938,1.2288,True
22939,0.8606,True
22940,0.9618,True
22941,0.7136,True
22942,1.0171,True
22943,1.3974,True
22944,1.0694,True
22945,0.9643,True
22946,0.8722,True
22947,0.8746,True
22948,0.839,True
22949,0.8794,True
22950,1.1036,True
22951,0.7541,True
22952,0.8976,True
22953,1.1208,True
22954,1.0597,True
22955,1.1419,True
22956,1.0097,True
22957,1.0034,True
22958,0.974,True
22959,0.9033,True
22960,0.9191,True
22961,1.0053,True
22962,1.0862,True
22963,0.8637,True
22964,1.1312,True
22965,1.2661,True
22966,1.3707,True
22967,0.8896,True
22968,1.2698,True
22969,1.2317,True
22970,1.0063,True
22971,0.9494,True
22972,1.1128,True
22973,0.9341,True
22974,0.9261,True
22975,1.0694,True
22976,0.9316,True
22977,0.9625,True
22978,1.0742,True
22979,1.1995,True
22980,0.6315,True
22981,1.033,True
22982,1.079,True
22983,0.9157,True
22984,1.1835,True
22985,1.0301,True
22986,0.8617,True
22987,0.8306,True
22988,0.7653,True
22989,0.7804,True
22990,0.5259,True
22991,1.0238,True
22992,1.0954,True
22993,1.024,True
22994,0.9669,True
22995,0.894,True
22996,0.9465,True
22997,1.0695,True
22998,1.0123,True
22999,0.6968,True
23000,0.765,True
23001,0.9747,True
23002,1.2749,True
23003,1.089,True
23004,0.9011,True
23005,1.0114,True
23006,1.0253,True
23007,1.171,True
23008,0.9127,True
23009,1.0524,True
23010,0.9663,True
23011,0.8903,True
23012,1.057,True
23013,1.0994,True
23014,1.181,True
23015,1.27,True
23016,1.2216,True
23017,1.2466,True
23018,0.9847,True
23019,0.8126,True
23020,0.9336,True
23021,1.1589,True
23022,1.0949,True
23023,1.0949,True
23024,0.7302,True
23025,0.9894,True
23026,1.0364,True
23027,1.3617,True
23028,1.1629,True
23029,1.3611,True
23030,0.7365,True
23031,0.7959,True
23032,1.2555,True
23033,1.0019,True
23034,0.7,True
23035,0.9118,True
23036,0.9134,True
23037,1.0826,True
23038,0.8598,True
23039,0.8741,True
23040,0.8941,True
23041,1.34,True
23042,0.9795,True
23043,0.8955,True
23044,1.0033,True
23045,1.0994,True
23046,0.9932,True
23047,0.9454,True
23048,1.0937,True
23049,0.9106,True
23050,0.9193,True
23051,1.1204,True
23052,0.8327,True
23053,0.7931,True
23054,1.0825,True
23055,1.1303,True
23056,1.2099,True
23057,1.0529,True
23058,1.0391,True
23059,1.0515,True
23060,1.231,True
23061,0.8616,True
23062,0.9234,True
23063,1.1252,True
23064,1.0751,True
23065,0.6246,True
23066,0.8938,True
23067,0.9741,True
23068,1.3166,True
23069,1.166,True
23070,1.0694,True
23071,1.1049,True
23072,1.1353,True
23073,1.1954,True
23074,0.9861,True
23075,1.1394,True
23076,1.234,True
23077,0.8583,True
23078,1.4563,True
23079,0.9253,True
23080,0.7715,True
23081,1.3472,True
23082,1.0985,True
23083,0.561,True
23084,0.8809,True
23085,0.96,True
23086,1.1246,True
23087,1.0034,True
23088,0.9072,True
23089,0.6252,True
23090,0.9979,True
23091,0.9912,True
23092,1.0576,True
23093,1.2467,True
23094,1.1929,True
23095,1.1149,True
23096,0.8131,True
23097,0.9643,True
23098,0.9135,True
23099,0.8109,True
23100,1.0271,True
23101,0.8655,True
23102,1.2079,True
23103,1.0228,True
23104,0.8621,True
23105,0.9568,True
23106,0.8239,True
23107,1.4048,True
23108,0.7754,True
23109,0.8248,True
23110,0.7266,True
23111,0.9667,True
23112,1.1301,True
23113,0.5489,True
23114,0.9479,True
23115,1.0608,True
23116,1.2089,True
23117,1.0977,True
23118,1.0899,True
23119,0.8865,True
23120,1.0175,True
23121,1.0904,True
23122,0.9264,True
23123,0.8943,True
23124,1.1462,True
23125,1.047,True
23126,0.894,True
23127,0.7182,True
23128,0.922,True
23129,0.9127,True
23130,0.7006,True
23131,0.874,True
23132,1.2295,True
23133,1.1354,True
23134,0.9677,True
23135,1.187,True
23136,1.0591,True
23137,0.7155,True
23138,1.0717,True
23139,1.0798,True
23140,0.8075,True
23141,1.1808,True
23142,1.1371,True
23143,1.105,True
23144,0.8656,True
23145,0.9825,True
23146,1.2959,True
23147,0.9426,True
23148,1.1336,True
23149,0.9383,True
23150,1.0517,True
23151,0.9129,True
23152,0.9897,True
23153,1.0538,True
23154,0.8698,True
23155,0.9881,True
23156,0.9848,True
23157,0.8452,True
23158,0.8668,True
23159,1.0592,True
23160,0.8287,True
23161,1.2697,True
23162,0.8966,True
23163,1.0403,True
23164,1.0947,True
23165,0.9522,True
23166,0.9007,True
23167,1.1508,True
23168,1.0037,True
23169,0.8971,True
23170,0.9991,True
23171,0.5799,True
23172,1.0153,True
23173,0.7344,True
23174,0.9909,True
23175,0.9404,True
23176,1.1726,True
23177,1.3801,True
23178,1.2634,True
23179,0.9452,True
23180,1.0877,True
23181,0.9882,True
23182,0.8654,True
23183,1.1859,True
23184,0.9074,True
23185,1.1604,True
23186,1.1703,True
23187,1.1195,True
23188,1.1224,True
23189,0.9537,True
23190,0.9254,True
23191,0.9993,True
23192,1.0249,True
23193,1.2132,True
23194,1.046,True
23195,0.9609,True
23196,1.0075,True
23197,0.9742,True
23198,1.2197,True
23199,0.9337,True
23200,0.9737,True
23201,1.0428,True
23202,0.7409,True
23203,0.9845,True
23204,1.0003,True
23205,0.9149,True
23206,0.7268,True
23207,0.971,True
23208,1.0097,True
23209,0.7036,True
23210,0.8891,True
23211,1.0571,True
23212,0.8206,True
23213,0.9272,True
23214,1.1883,True
23215,1.3944,True
23216,0.9037,True
23217,1.1663,True
23218,0.765,True
23219,0.9742,True
23220,0.8739,True
23221,0.6062,True
23222,0.9828,True
23223,1.0039,True
23224,1.3155,True
23225,0.5431,True
23226,0.8298,True
23227,1.0915,True
23228,0.8544,True
23229,0.8276,True
23230,0.4617,False
23231,0.8861,True
23232,1.0871,True
23233,1.0354,True
23234,0.8237,True
23235,1.029,True
23236,1.024,True
23237,0.9564,True
23238,0.8447,True
23239,0.7074,True
23240,1.1788,True
23241,0.8024,True
23242,0.9588,True
23243,0.8295,True
23244,0.8564,True
23245,0.8172,True
23246,1.0025,True
23247,0.966,True
23248,1.1728,True
23249,1.1227,True
23250,0.8098,True
23251,0.9548,True
23252,1.0651,True
23253,1.2363,True
23254,0.9995,True
23255,0.8828,True
23256,1.1051,True
23257,0.9423,True
23258,1.071,True
23259,1.287,True
23260,1.1703,True
23261,0.7158,True
23262,1.2832,True
23263,1.3486,True
23264,1.1474,True
23265,0.8441,True
23266,1.087,True
23267,1.1736,True
23268,0.7925,True
23269,1.2159,True
23270,1.1266,True
23271,0.8632,True
23272,1.0221,True
23273,1.1844,True
23274,0.9239,True
23275,1.0746,True
23276,0.8786,True
23277,0.6917,True
23278,1.0344,True
23279,0.7567,True
23280,1.091,True
23281,1.2265,True
23282,1.1551,True
23283,1.031,True
23284,1.0677,True
23285,0.8077,True
23286,1.2201,True
23287,1.1401,True
23288,0.9881,True
23289,0.8292,True
23290,1.0322,True
23291,0.9329,True
23292,0.7377,True
23293,0.8255,True
23294,0.9572,True
23295,0.8062,True
23296,0.6503,True
23297,1.0953,True
23298,1.2922,True
23299,0.8976,True
23300,0.9609,True
23301,1.2118,True
23302,1.0237,True
23303,1.0017,True
23304,0.9303,True
23305,0.8972,True
23306,1.1716,True
23307,0.9586,True
23308,1.0802,True
23309,0.9513,True
23310,1.053,True
23311,1.1007,True
23312,0.8797,True
23313,0.6884,True
23314,1.1239,True
23315,1.1037,True
23316,1.3455,True
23317,1.105,True
23318,0.8646,True
23319,0.9375,True
23320,1.0419,True
23321,0.8914,True
23322,1.055,True
23323,0.9005,True
23324,1.0437,True
23325,1.2456,True
23326,1.0511,True
23327,0.9166,True
23328,1.012,True
23329,0.9276,True
23330,0.6239,True
23331,0.9088,True
23332,0.8021,True
23333,0.971,True
23334,1.241,True
23335,1.1632,True
23336,1.0177,True
23337,0.6924,True
23338,0.8061,True
23339,0.8799,True
23340,1.157,True
23341,1.2143,True
23342,0.9818,True
23343,1.0752,True
23344,1.147,True
23345,1.3534,True
23346,1.0663,True
23347,1.2222,True
23348,1.0305,True
23349,1.09,True
23350,1.0028,True
23351,0.8596,True
23352,0.7713,True
23353,1.2035,True
23354,0.8797,True
23355,0.994,True
23356,1.0126,True
23357,0.8653,True
23358,1.0886,True
23359,1.0814,True
23360,1.1025,True
23361,1.1846,True
23362,1.0313,True
23363,0.7639,True
23364,0.9419,True
23365,0.8061,True
23366,1.1293,True
23367,0.7755,True
23368,0.9039,True
23369,0.9668,True
23370,0.8772,True
23371,0.3978,False
23372,1.047,True
23373,0.918,True
23374,1.2735,True
23375,0.9426,True
23376,0.9828,True
23377,1.0282,True
23378,1.0331,True
23379,1.1697,True
23380,1.0904,True
23381,1.1003,True
23382,0.9582,True
23383,0.8557,True
23384,0.8962,True
23385,1.0559,True
23386,1.0,True
23387,0.9652,True
23388,0.9179,True
23389,1.2315,True
23390,0.7638,True
23391,1.1739,True
23392,0.7916,True
23393,0.7835,True
23394,1.1384,True
23395,1.0651,True
23396,0.9485,True
23397,0.9405,True
23398,1.3923,True
23399,0.9187,True
23400,1.0289,True
23401,0.8933,True
23402,1.192,True
23403,0.861,True
23404,0.7238,True
23405,1.1358,True
23406,1.1136,True
23407,1.0018,True
23408,0.9624,True
23409,1.4135,True
23410,1.0951,True
23411,1.1928,True
23412,1.1231,True
23413,0.8371,True
23414,0.6614,True
23415,0.8564,True
23416,0.8899,True
23417,1.058,True
23418,1.0686,True
23419,1.0318,True
23420,0.9073,True
23421,0.9772,True
23422,0.8279,True
23423,0.8975,True
23424,1.0825,True
23425,0.8072,True
23426,0.8665,True
23427,0.8864,True
23428,0.8301,True
23429,0.972,True
23430,0.9509,True
23431,0.9672,True
23432,0.8976,True
23433,1.0491,True
23434,0.7971,True
23435,1.1802,True
23436,1.1008,True
23437,0.8601,True
23438,0.9708,True
23439,1.0877,True
23440,0.7511,True
23441,0.9817,True
23442,1.1116,True
23443,0.8912,True
23444,0.8441,True
23445,1.0288,True
23446,0.7231,True
23447,1.3635,True
23448,1.0127,True
23449,0.8719,True
23450,1.1018,True
23451,1.2242,True
23452,1.0775,True
23453,1.0792,True
23454,1.2053,True
23455,0.9006,True
23456,0.8974,True
23457,0.906,True
23458,1.1848,True
23459,1.0297,True
23460,0.9533,True
23461,0.9353,True
23462,0.8627,True
23463,0.9186,True
23464,1.0224,True
23465,0.9693,True
23466,0.7346,True
23467,1.0106,True
23468,0.8889,True
23469,0.9164,True
23470,0.7933,True
23471,1.179,True
23472,1.1302,True
23473,1.2283,True
23474,0.7161,True
23475,0.9461,True
23476,1.1088,True
23477,0.8564,True
23478,0.8231,True
23479,1.2978,True
23480,0.9553,True
23481,0.7054,True
23482,1.0279,True
23483,1.0005,True
23484,1.1702,True
23485,1.1317,True
23486,0.9011,True
23487,1.2328,True
23488,0.947,True
23489,0.9442,True
23490,0.8731,True
23491,1.2134,True
23492,0.92,True
23493,0.8654,True
23494,0.8688,True
23495,1.0787,True
23496,0.9401,True
23497,1.2675,True
23498,1.1144,True
23499,1.1683,True
23500,0.8984,True
23501,0.9329,True
23502,1.0785,True
23503,0.7698,True
23504,1.1907,True
23505,0.9581,True
23506,1.2478,True
23507,1.3492,True
23508,1.0556,True
23509,0.855,True
23510,0.8599,True
23511,0.9889,True
23512,1.1854,True
23513,1.0477,True
23514,1.0674,True
23515,1.013,True
23516,1.0951,True
23517,0.8542,True
23518,1.2457,True
23519,1.0165,True
23520,0.9162,True
23521,1.106,True
23522,1.0397,True
23523,1.0084,True
23524,0.9829,True
23525,0.6756,True
23526,0.7403,True
23527,1.1875,True
23528,1.1289,True
23529,0.9755,True
23530,0.9393,True
23531,1.1208,True
23532,0.9614,True
23533,1.1411,True
23534,1.2481,True
23535,0.8632,True
23536,1.2116,True
23537,0.9226,True
23538,1.1359,True
23539,1.1928,True
23540,0.8192,True
23541,0.9141,True
23542,1.0892,True
23543,0.9818,True
23544,1.0587,True
23545,1.2381,True
23546,1.4391,True
23547,1.1988,True
23548,1.0812,True
23549,0.7122,True
23550,1.2011,True
23551,1.0626,True
23552,1.0554,True
23553,0.9239,True
23554,1.0433,True
23555,1.4563,True
23556,1.0178,True
23557,1.0362,True
23558,0.868,True
23559,1.0124,True
23560,0.9415,True
23561,0.8987,True
23562,1.1314,True
23563,1.0311,True
23564,1.1487,True
23565,1.0936,True
23566,0.7124,True
23567,0.9774,True
23568,1.2273,True
23569,1.0692,True
23570,0.9521,True
23571,1.0833,True
23572,1.0728,True
23573,1.4697,True
23574,0.8129,True
23575,1.0436,True
23576,1.1448,True
23577,0.9572,True
23578,0.7938,True
23579,1.1355,True
23580,0.9547,True
23581,1.0171,True
23582,0.8174,True
23583,0.6487,True
23584,1.1133,True
23585,1.036,True
23586,0.8207,True
23587,1.0339,True
23588,0.6781,True
23589,0.8251,True
23590,1.0355,True
23591,0.9837,True
23592,0.8937,True
23593,1.041,True
23594,1.3411,True
23595,0.8738,True
23596,0.9992,True
23597,1.1296,True
23598,1.0981,True
23599,1.0509,True
23600,0.9759,True
23601,1.0253,True
23602,1.1762,True
23603,0.9679,True
23604,0.7855,True
23605,0.952,True
23606,1.1175,True
23607,0.9764,True
23608,0.695,True
23609,1.1606,True
23610,1.1025,True
23611,1.0038,True
23612,0.8707,True
23613,0.8065,True
23614,0.7818,True
23615,1.3293,True
23616,1.0344,True
23617,1.1093,True
23618,1.0028,True
23619,0.7325,True
23620,0.9066,True
23621,0.9029,True
23622,1.1079,True
23623,0.9622,True
23624,1.2508,True
23625,0.7899,True
23626,1.0277,True
23627,0.961,True
23628,1.0397,True
23629,1.3242,True
23630,0.9712,True
23631,0.7854,True
23632,0.775,True
23633,0.9828,True
23634,1.2387,True
23635,0.8417,True
23636,0.9572,True
23637,0.9099,True
23638,1.0356,True
23639,1.1469,True
23640,0.827,True
23641,1.3059,True
23642,1.3821,True
23643,0.8953,True
23644,0.9235,True
23645,0.983,True
23646,1.1826,True
23647,1.1284,True
23648,1.2874,True
23649,0.8795,True
23650,1.1301,True
23651,1.1831,True
23652,0.9312,True
23653,0.978,True
23654,0.8885,True
23655,0.9805,True
23656,0.8522,True
23657,0.997,True
23658,0.9081,True
23659,1.0794,True
23660,0.9713,True
23661,0.8509,True
23662,1.312,True
23663,1.0675,True
23664,0.9554,True
23665,0.9588,True
23666,0.8999,True
23667,1.198,True
23668,1.0163,True
23669,1.2222,True
23670,1.1232,True
23671,1.205,True
23672,0.9641,True
23673,0.9508,True
23674,0.7349,True
23675,1.1329,True
23676,1.0211,True
23677,0.8123,True
23678,1.1369,True
23679,0.8464,True
23680,1.1251,True
23681,1.1954,True
23682,1.1869,True
23683,0.7674,True
23684,0.7856,True
23685,1.0769,True
23686,0.9764,True
23687,1.082,True
23688,0.8024,True
23689,1.0998,True
23690,0.971,True
23691,0.9286,True
23692,0.7828,True
23693,0.8671,True
23694,0.8843,True
23695,1.0426,True
23696,1.0718,True
23697,0.7065,True
23698,1.1275,True
23699,1.3402,True
23700,1.0097,True
23701,0.9684,True
23702,0.8757,True
23703,0.997,True
23704,0.7406,True
23705,1.0729,True
23706,1.039,True
23707,0.9363,True
23708,0.6773,True
23709,1.0079,True
23710,1.1286,True
23711,0.7789,True
23712,1.0028,True
23713,0.9745,True
23714,1.2966,True
23715,1.0325,True
23716,1.0005,True
23717,0.9299,True
23718,1.1817,True
23719,1.0787,True
23720,1.0432,True
23721,1.1139,True
23722,0.9898,True
23723,0.9064,True
23724,0.9432,True
23725,1.137,True
23726,1.1158,True
23727,0.8416,True
23728,1.032,True
23729,1.0129,True
23730,1.4633,True
23731,0.931,True
23732,1.0222,True
23733,0.8992,True
23734,0.9163,True
23735,0.7579,True
23736,0.9623,True
23737,1.2185,True
23738,1.2876,True
23739,0.8365,True
23740,0.6903,True
23741,0.9733,True
23742,1.0596,True
23743,0.6436,True
23744,1.0902,True
23745,0.9167,True
23746,1.0309,True
23747,1.25,True
23748,1.3315,True
23749,1.0036,True
23750,0.8133,True
23751,0.6946,True
23752,0.8572,True
23753,1.0793,True
23754,1.035,True
23755,0.9488,True
23756,0.9769,True
23757,0.9245,True
23758,0.7963,True
23759,1.0777,True
23760,0.6632,True
23761,0.8843,True
23762,1.0393,True
23763,0.9634,True
23764,0.8881,True
23765,1.0592,True
23766,0.9898,True
23767,0.8562,True
23768,1.1791,True
23769,0.8543,True
23770,1.092,True
23771,1.2749,True
23772,1.0195,True
23773,0.9146,True
23774,0.9506,True
23775,0.9687,True
23776,0.7959,True
23777,0.8253,True
23778,1.4263,True
23779,1.0655,True
23780,1.0188,True
23781,1.223,True
23782,1.224,True
23783,0.8408,True
23784,1.1102,True
23785,0.9731,True
23786,0.9911,True
23787,1.1107,True
23788,0.9776,True
23789,1.1078,True
23790,1.0147,True
23791,1.1781,True
23792,1.1167,True
23793,0.9949,True
23794,1.0047,True
23795,1.2658,True
23796,1.0872,True
23797,0.933,True
23798,0.8927,True
23799,1.1788,True
23800,1.1443,True
23801,1.0985,True
23802,0.8966,True
23803,0.9878,True
23804,1.0697,True
23805,1.2042,True
23806,1.1815,True
23807,0.9836,True
23808,1.1311,True
23809,0.8563,True
23810,1.156,True
23811,0.906,True
23812,0.795,True
23813,0.7918,True
23814,0.9847,True
23815,0.8561,True
23816,1.1581,True
23817,1.0909,True
23818,0.8212,True
23819,1.0302,True
23820,0.8946,True
23821,1.2034,True
23822,0.9774,True
23823,1.2868,True
23824,1.0665,True
23825,1.0421,True
23826,0.7622,True
23827,1.0837,True
23828,0.8357,True
23829,1.2163,True
23830,0.8678,True
23831,1.1465,True
23832,1.0185,True
23833,1.0897,True
23834,1.068,True
23835,0.8722,True
23836,1.0759,True
23837,1.0495,True
23838,1.1177,True
23839,1.0754,True
23840,1.1707,True
23841,1.0007,True
23842,0.7753,True
23843,1.0328,True
23844,0.9963,True
23845,1.0,True
23846,0.9371,True
23847,1.1735,True
23848,0.9955,True
23849,1.1999,True
23850,1.0467,True
23851,1.2975,True
23852,1.3959,True
23853,0.9141,True
23854,0.9268,True
23855,1.2307,True
23856,0.8719,True
23857,1.0243,True
23858,0.9642,True
23859,1.1384,True
23860,1.0253,True
23861,0.9705,True
23862,1.1246,True
23863,1.0451,True
23864,0.9532,True
23865,1.1348,True
23866,1.2468,True
23867,1.1424,True
23868,0.7728,True
23869,1.0029,True
23870,0.7815,True
23871,0.8753,True
23872,1.06,True
23873,0.9858,True
23874,0.7926,True
23875,1.0767,True
23876,1.2679,True
23877,0.8585,True
23878,1.0024,True
23879,0.7406,True
23880,0.8281,True
23881,0.8496,True
23882,1.0097,True
23883,0.7123,True
23884,0.8913,True
23885,1.0013,True
23886,0.6534,True
23887,0.9965,True
23888,1.0083,True
23889,0.9792,True
23890,0.8275,True
23891,0.8979,True
23892,0.8602,True
23893,0.7051,True
23894,1.0033,True
23895,0.5933,True
23896,0.8002,True
23897,1.1548,True
23898,1.1025,True
23899,0.8732,True
23900,0.856,True
23901,1.1111,True
23902,1.1201,True
23903,1.3028,True
23904,1.0219,True
23905,1.0648,True
23906,1.1192,True
23907,1.0402,True
23908,1.1728,True
23909,0.9369,True
23910,0.9575,True
23911,0.9158,True
23912,1.2028,True
23913,0.9946,True
23914,0.971,True
23915,1.1356,True
23916,0.9848,True
23917,1.0492,True
23918,1.1396,True
23919,0.783,True
23920,0.7585,True
23921,0.9051,True
23922,0.8608,True
23923,1.0418,True
23924,1.0915,True
23925,0.9432,True
23926,1.2568,True
23927,0.9928,True
23928,1.1701,True
23929,0.8365,True
23930,1.0221,True
23931,1.1,True
23932,0.8916,True
23933,0.7864,True
23934,1.2685,True
23935,0.8052,True
23936,1.069,True
23937,0.9611,True
23938,0.9311,True
23939,0.9009,True
23940,0.9572,True
23941,0.7694,True
23942,0.9431,True
23943,0.7285,True
23944,0.7901,True
23945,0.8999,True
23946,0.8896,True
23947,0.9641,True
23948,0.8782,True
23949,1.0002,True
23950,1.0453,True
23951,0.9787,True
23952,0.9292,True
23953,0.7483,True
23954,1.0953,True
23955,0.993,True
23956,1.0203,True
23957,1.0066,True
23958,1.0477,True
23959,0.9951,True
23960,1.1564,True
23961,1.0247,True
23962,1.1846,True
23963,0.9286,True
23964,1.2469,True
23965,1.1359,True
23966,1.112,True
23967,1.2287,True
23968,1.0749,True
23969,0.9955,True
23970,0.9034,True
23971,0.7243,True
23972,1.0601,True
23973,0.8295,True
23974,1.1321,True
23975,1.084,True
23976,1.223,True
23977,1.0684,True
23978,0.889,True
23979,0.8482,True
23980,1.1309,True
23981,1.0299,True
23982,1.0164,True
23983,1.3498,True
23984,1.0148,True
23985,0.9556,True
23986,0.9505,True
23987,1.137,True
23988,0.797,True
23989,1.266,True
23990,1.068,True
23991,0.8682,True
23992,1.1018,True
23993,1.0585,True
23994,1.2631,True
23995,1.0437,True
23996,1.0947,True
23997,0.8898,True
23998,0.9979,True
23999,1.0698,True
24000,1.3532,True
24001,0.9609,True
24002,0.8844,True
24003,0.893,True
24004,1.1332,True
24005,0.9006,True
24006,1.1051,True
24007,1.188,True
24008,1.2105,True
24009,0.8952,True
24010,1.2475,True
24011,0.9695,True
24012,0.9388,True
24013,0.8957,True
24014,1.0989,True
24015,1.067,True
24016,0.8102,True
24017,0.8475,True
24018,1.0702,True
24019,1.0951,True
24020,1.0912,True
24021,0.8785,True
24022,0.8495,True
24023,1.0942,True
24024,0.9494,True
24025,1.1723,True
24026,1.3017,True
24027,1.2175,True
24028,0.8227,True
24029,1.0345,True
24030,1.0993,True
24031,0.8224,True
24032,1.0453,True
24033,1.0972,True
24034,1.2906,True
24035,0.5858,True
24036,1.2377,True
24037,0.9845,True
24038,1.276,True
24039,1.1926,True
24040,0.9509,True
24041,0.9716,True
24042,0.9763,True
24043,0.8997,True
24044,0.8144,True
24045,1.2514,True
24046,0.8716,True
24047,1.1905,True
24048,0.912,True
24049,1.1445,True
24050,1.0464,True
24051,0.8614,True
24052,1.0948,True
24053,0.9845,True
24054,1.1146,True
24055,0.8528,True
24056,0.6231,True
24057,1.0281,True
24058,0.9712,True
24059,1.199,True
24060,0.7283,True
24061,1.2804,True
24062,1.0951,True
24063,0.891,True
24064,1.1901,True
24065,0.7975,True
24066,0.8195,True
24067,1.0993,True
24068,1.0023,True
24069,0.8693,True
24070,0.9753,True
24071,0.9985,True
24072,0.9455,True
24073,1.171,True
24074,1.2211,True
24075,0.8974,True
24076,0.5843,True
24077,1.1393,True
24078,1.2464,True
24079,1.0814,True
24080,1.0597,True
24081,1.0206,True
24082,1.2134,True
24083,1.1306,True
24084,0.9243,True
24085,0.8654,True
24086,1.2067,True
24087,0.9968,True
24088,0.9191,True
24089,0.8562,True
24090,1.307,True
24091,0.7849,True
24092,0.8147,True
24093,1.2318,True
24094,0.9984,True
24095,0.9045,True
24096,0.9429,True
24097,0.7398,True
24098,0.7917,True
24099,0.6879,True
24100,1.1598,True
24101,0.8756,True
24102,1.0509,True
24103,1.0571,True
24104,1.0351,True
24105,1.0619,True
24106,1.0419,True
24107,0.9928,True
24108,0.9961,True
24109,0.7963,True
24110,1.0281,True
24111,0.9874,True
24112,0.8478,True
24113,0.8931,True
24114,1.1343,True
24115,0.9288,True
24116,0.8002,True
24117,1.1875,True
24118,1.3382,True
24119,1.1899,True
24120,0.8265,True
24121,1.0028,True
24122,1.2957,True
24123,0.5421,True
24124,1.0645,True
24125,0.9894,True
24126,0.939,True
24127,1.0153,True
24128,0.9858,True
24129,1.0877,True
24130,0.9465,True
24131,1.2824,True
24132,1.1159,True
24133,1.0695,True
24134,1.0231,True
24135,1.0845,True
24136,0.9207,True
24137,1.3762,True
24138,1.1579,True
24139,0.9393,True
24140,1.0391,True
24141,1.0224,True
24142,0.9021,True
24143,0.9398,True
24144,0.5811,True
24145,1.0286,True
24146,1.1259,True
24147,0.9305,True
24148,0.8308,True
24149,1.3327,True
24150,1.1392,True
24151,1.2164,True
24152,1.0618,True
24153,1.2593,True
24154,1.0032,True
24155,0.9619,True
24156,1.1896,True
24157,1.4738,True
24158,1.0295,True
24159,0.9309,True
24160,0.9302,True
24161,0.8096,True
24162,0.9206,True
24163,1.0498,True
24164,0.762,True
24165,1.1289,True
24166,1.0106,True
24167,0.9597,True
24168,1.0997,True
24169,0.9255,True
24170,1.0911,True
24171,1.1486,True
24172,0.9692,True
24173,0.8966,True
24174,1.2121,True
24175,1.1623,True
24176,0.8583,True
24177,1.2244,True
24178,0.9783,True
24179,1.1037,True
24180,0.8691,True
24181,1.148,True
24182,0.9388,True
24183,0.9709,True
24184,1.0666,True
24185,0.9299,True
24186,1.121,True
24187,0.9288,True
24188,1.0046,True
24189,0.8767,True
24190,0.9017,True
24191,0.9308,True
24192,0.8311,True
24193,0.88,True
24194,0.793,True
24195,0.9535,True
24196,0.8859,True
24197,0.7303,True
24198,0.9097,True
24199,1.0391,True
24200,1.0651,True
24201,1.0945,True
24202,0.8553,True
24203,1.0369,True
24204,0.9843,True
24205,1.0748,True
24206,0.9527,True
24207,1.1313,True
24208,0.755,True
24209,1.0263,True
24210,0.9002,True
24211,1.0476,True
24212,0.8441,True
24213,1.2838,True
24214,1.1047,True
24215,0.9701,True
24216,0.8079,True
24217,0.7656,True
24218,0.9562,True
24219,0.8061,True
24220,1.077,True
24221,0.8,True
24222,1.0455,True
24223,0.9472,True
24224,1.1802,True
24225,1.2113,True
24226,0.8829,True
24227,1.0073,True
24228,0.879,True
24229,0.7147,True
24230,1.0008,True
24231,0.8281,True
24232,0.932,True
24233,1.1263,True
24234,1.1934,True
24235,1.1179,True
24236,0.9611,True
24237,1.0454,True
24238,0.9849,True
24239,0.544,True
24240,0.6241,True
24241,1.0802,True
24242,0.9205,True
24243,1.0744,True
24244,1.0155,True
24245,0.7516,True
24246,0.9465,True
24247,1.0351,True
24248,1.0054,True
24249,1.1303,True
24250,0.8578,True
24251,0.9016,True
24252,1.1105,True
24253,1.133,True
24254,0.9786,True
24255,0.9145,True
24256,0.8623,True
24257,0.5023,True
24258,1.0921,True
24259,1.12,True
24260,1.0358,True
24261,0.9498,True
24262,1.0503,True
24263,1.0419,True
24264,1.2784,True
24265,0.6329,True
24266,0.7005,True
24267,1.0595,True
24268,1.2398,True
24269,1.3724,True
24270,0.9732,True
24271,1.1308,True
24272,0.9981,True
24273,0.7235,True
24274,0.828,True
24275,0.7663,True
24276,1.0976,True
24277,1.0057,True
24278,0.8259,True
24279,0.8317,True
24280,0.9702,True
24281,0.814,True
24282,0.9339,True
24283,1.0596,True
24284,1.0558,True
24285,0.818,True
24286,0.7675,True
24287,0.921,True
24288,1.0531,True
24289,0.9747,True
24290,0.8315,True
24291,1.2223,True
24292,0.9268,True
24293,1.1967,True
24294,1.0569,True
24295,1.2946,True
24296,1.0612,True
24297,1.1862,True
24298,0.9591,True
24299,0.7911,True
24300,0.8167,True
24301,0.9662,True
24302,0.8907,True
24303,1.1533,True
24304,0.9757,True
24305,0.6465,True
24306,0.9752,True
24307,1.0662,True
24308,0.8507,True
24309,0.8486,True
24310,1.2214,True
24311,0.9669,True
24312,0.813,True
24313,1.4023,True
24314,1.1347,True
24315,0.8047,True
24316,1.4024,True
24317,1.0742,True
24318,0.9676,True
24319,1.1249,True
24320,0.8913,True
24321,0.6897,True
24322,1.1948,True
24323,1.0402,True
24324,1.2121,True
24325,0.9234,True
24326,1.1891,True
24327,0.7873,True
24328,0.7191,True
24329,0.7719,True
24330,1.0979,True
24331,0.982,True
24332,0.8169,True
24333,1.0723,True
24334,0.9022,True
24335,0.8957,True
24336,1.2757,True
24337,1.0099,True
24338,0.9287,True
24339,1.1169,True
24340,1.0762,True
24341,1.1519,True
24342,0.8823,True
24343,0.9628,True
24344,0.7396,True
24345,1.3061,True
24346,0.7579,True
24347,0.9349,True
24348,0.8261,True
24349,1.1594,True
24350,1.0715,True
24351,0.8827,True
24352,0.8902,True
24353,0.8953,True
24354,1.2169,True
24355,0.9355,True
24356,0.924,True
24357,0.9784,True
24358,1.1877,True
24359,0.9363,True
24360,0.9147,True
24361,0.6989,True
24362,0.6444,True
24363,1.0563,True
24364,0.7699,True
24365,1.0197,True
24366,1.0178,True
24367,0.8045,True
24368,1.1831,True
24369,0.976,True
24370,1.265,True
24371,1.0057,True
24372,1.106,True
24373,0.7202,True
24374,0.7609,True
24375,0.9635,True
24376,1.1173,True
24377,1.0272,True
24378,1.0169,True
24379,0.9162,True
24380,1.002,True
24381,0.9206,True
24382,0.7831,True
24383,1.1822,True
24384,1.2181,True
24385,0.8986,True
24386,1.0665,True
24387,1.0121,True
24388,0.9683,True
24389,0.8851,True
24390,0.8764,True
24391,1.3872,True
24392,1.1666,True
24393,1.047,True
24394,0.7534,True
24395,1.0305,True
24396,0.8936,True
24397,1.0682,True
24398,0.9043,True
24399,0.9005,True
24400,1.1665,True
24401,1.1588,True
24402,1.1222,True
24403,0.9641,True
24404,1.008,True
24405,1.2484,True
24406,0.9844,True
24407,0.7819,True
24408,1.0433,True
24409,1.0702,True
24410,0.9921,True
24411,1.1461,True
24412,0.8027,True
24413,0.9014,True
24414,1.133,True
24415,1.2637,True
24416,1.3855,True
24417,0.9103,True
24418,1.0801,True
24419,0.8244,True
24420,1.0461,True
24421,0.8504,True
24422,0.6877,True
24423,1.0593,True
24424,0.8334,True
24425,0.87,True
24426,0.8217,True
24427,1.1803,True
24428,0.9653,True
24429,0.9639,True
24430,0.8238,True
24431,0.9464,True
24432,0.958,True
24433,0.9029,True
24434,0.824,True
24435,0.9614,True
24436,1.0816,True
24437,1.1145,True
24438,1.027,True
24439,1.4688,True
24440,1.4581,True
24441,0.8452,True
24442,1.3948,True
24443,0.9106,True
24444,1.1516,True
24445,0.7933,True
24446,0.8309,True
24447,0.89,True
24448,0.9961,True
24449,0.9138,True
24450,1.0928,True
24451,1.1225,True
24452,1.1538,True
24453,1.0012,True
24454,0.8787,True
24455,1.1334,True
24456,1.0325,True
24457,1.2428,True
24458,0.9506,True
24459,1.29,True
24460,1.2693,True
24461,1.0215,True
24462,1.0025,True
24463,0.8418,True
24464,1.1743,True
24465,0.6725,True
24466,0.8519,True
24467,0.8299,True
24468,1.2087,True
24469,1.2767,True
24470,1.1854,True
24471,1.2368,True
24472,0.9617,True
24473,1.5147,True
24474,0.839,True
24475,1.0525,True
24476,0.7874,True
24477,1.0156,True
24478,0.6316,True
24479,0.9246,True
24480,1.1411,True
24481,0.8691,True
24482,1.0384,True
24483,0.9887,True
24484,0.6673,True
24485,1.0849,True
24486,0.9124,True
24487,0.5024,True
24488,0.4944,False
24489,1.0786,True
24490,0.8296,True
24491,1.121,True
24492,0.818,True
24493,0.8504,True
24494,0.6286,True
24495,1.2095,True
24496,1.201,True
24497,0.9781,True
24498,0.7378,True
24499,1.3357,True
24500,1.1394,True
24501,1.097,True
24502,1.2011,True
24503,1.1908,True
24504,0.8599,True
24505,0.818,True
24506,0.9721,True
24507,1.1406,True
24508,1.021,True
24509,1.1398,True
24510,0.6913,True
24511,1.1248,True
24512,0.5935,True
24513,0.9818,True
24514,1.1075,True
24515,1.5133,True
24516,1.1667,True
24517,1.1464,True
24518,0.6261,True
24519,0.8811,True
24520,0.909,True
24521,0.883,True
24522,0.9272,True
24523,1.1214,True
24524,0.7735,True
24525,0.9422,True
24526,1.0288,True
24527,1.0848,True
24528,1.1196,True
24529,1.2263,True
24530,0.8908,True
24531,0.7843,True
24532,1.1926,True
24533,0.8857,True
24534,0.907,True
24535,0.9222,True
24536,0.807,True
24537,0.8485,True
24538,1.1746,True
24539,1.3569,True
24540,0.8529,True
24541,1.1297,True
24542,1.1449,True
24543,1.0317,True
24544,0.8302,True
24545,0.805,True
24546,1.1357,True
24547,0.8518,True
24548,0.8808,True
24549,1.0006,True
24550,0.8542,True
24551,1.3581,True
24552,0.647,True
24553,1.2158,True
24554,0.8591,True
24555,0.8517,True
24556,0.882,True
24557,0.7173,True
24558,0.7381,True
24559,0.8844,True
24560,0.5238,True
24561,0.898,True
24562,0.6772,True
24563,0.8607,True
24564,1.1315,True
24565,0.7676,True
24566,0.7459,True
24567,1.038,True
24568,1.2356,True
24569,1.2813,True
24570,1.0287,True
24571,1.1282,True
24572,0.9809,True
24573,1.3316,True
24574,1.1572,True
24575,0.8435,True
24576,1.2163,True
24577,0.9978,True
24578,0.893,True
24579,0.8181,True
24580,0.7241,True
24581,0.9089,True
24582,1.136,True
24583,1.0805,True
24584,1.2128,True
24585,1.1357,True
24586,1.1241,True
24587,1.0327,True
24588,1.2875,True
24589,1.3303,True
24590,0.8824,True
24591,1.1602,True
24592,1.1304,True
24593,1.1772,True
24594,0.6321,True
24595,0.6683,True
24596,0.9703,True
24597,0.8114,True
24598,1.0194,True
24599,0.8865,True
24600,0.5904,True
24601,1.4022,True
24602,0.9444,True
24603,1.0031,True
24604,1.1623,True
24605,1.5071,True
24606,0.9866,True
24607,1.1514,True
24608,0.9082,True
24609,1.1943,True
24610,0.944,True
24611,1.0699,True
24612,1.0807,True
24613,0.9987,True
24614,0.6434,True
24615,1.213,True
24616,0.9077,True
24617,1.0152,True
24618,0.6853,True
24619,0.9501,True
24620,1.0904,True
24621,1.0634,True
24622,0.8894,True
24623,1.2024,True
24624,0.6975,True
24625,1.0165,True
24626,0.9322,True
24627,1.0417,True
24628,0.9345,True
24629,1.1078,True
24630,0.828,True
24631,1.1102,True
24632,1.0544,True
24633,0.8521,True
24634,0.566,True
24635,0.9842,True
24636,0.9143,True
24637,1.1262,True
24638,0.8463,True
24639,1.1121,True
24640,0.951,True
24641,1.1149,True
24642,1.0906,True
24643,0.8071,True
24644,1.2381,True
24645,1.3415,True
24646,0.9748,True
24647,1.1906,True
24648,0.8805,True
24649,1.142,True
24650,1.0978,True
24651,1.0487,True
24652,1.0096,True
24653,0.8302,True
24654,0.9586,True
24655,0.9324,True
24656,1.2181,True
24657,1.0842,True
24658,0.8019,True
24659,0.7873,True
24660,1.0088,True
24661,0.8086,True
24662,0.7209,True
24663,1.0081,True
24664,0.9968,True
24665,1.2419,True
24666,0.9586,True
24667,1.0882,True
24668,1.0905,True
24669,0.8763,True
24670,1.053,True
24671,1.0016,True
24672,1.0211,True
24673,1.1106,True
24674,1.1912,True
24675,1.3086,True
24676,1.0383,True
24677,1.2727,True
24678,0.79,True
24679,0.943,True
24680,1.0064,True
24681,0.7958,True
24682,1.1,True
24683,0.9743,True
24684,0.8715,True
24685,1.1049,True
24686,1.2307,True
24687,1.067,True
24688,1.1577,True
24689,1.0947,True
24690,0.9487,True
24691,1.1461,True
24692,1.1722,True
24693,0.8326,True
24694,1.1974,True
24695,0.7952,True
24696,1.264,True
24697,0.9595,True
24698,1.2517,True
24699,0.98,True
24700,0.8371,True
24701,0.9698,True
24702,1.2758,True
24703,0.9697,True
24704,0.817,True
24705,1.0106,True
24706,0.7734,True
24707,0.7772,True
24708,1.1131,True
24709,0.676,True
24710,1.0416,True
24711,1.1546,True
24712,0.8172,True
24713,0.9225,True
24714,0.9779,True
24715,1.0364,True
24716,0.9311,True
24717,1.1951,True
24718,0.9771,True
24719,0.8627,True
24720,0.901,True
24721,1.2267,True
24722,1.4071,True
24723,0.7833,True
24724,0.8431,True
24725,0.9249,True
24726,1.0583,True
24727,1.3336,True
24728,1.0464,True
24729,0.9096,True
24730,1.0092,True
24731,1.2544,True
24732,1.3492,True
24733,1.2306,True
24734,1.2736,True
24735,1.1344,True
24736,1.0048,True
24737,1.2901,True
24738,1.1648,True
24739,0.5293,True
24740,1.1854,True
24741,0.9666,True
24742,1.2047,True
24743,0.9204,True
24744,0.9121,True
24745,1.0411,True
24746,1.0732,True
24747,1.0287,True
24748,0.9479,True
24749,1.1063,True
24750,1.07,True
24751,1.3712,True
24752,1.1579,True
24753,1.0189,True
24754,1.1818,True
24755,0.8787,True
24756,0.8526,True
24757,0.797,True
24758,1.1495,True
24759,0.9629,True
24760,1.0201,True
24761,0.989,True
24762,0.8654,True
24763,0.8147,True
24764,1.0291,True
24765,0.9314,True
24766,1.0491,True
24767,0.9333,True
24768,1.2359,True
24769,1.044,True
24770,0.9486,True
24771,0.8235,True
24772,1.2718,True
24773,1.215,True
24774,0.7636,True
24775,1.2249,True
24776,0.7828,True
24777,0.9356,True
24778,0.8131,True
24779,1.187,True
24780,1.1035,True
24781,0.7864,True
24782,0.6939,True
24783,1.264,True
24784,1.2662,True
24785,1.0651,True
24786,1.1549,True
24787,1.0865,True
24788,0.952,True
24789,1.2013,True
24790,1.28,True
24791,1.0415,True
24792,0.7655,True
24793,1.1989,True
24794,1.2128,True
24795,0.9545,True
24796,1.0033,True
24797,0.4966,False
24798,0.6271,True
24799,0.9973,True
24800,1.2203,True
24801,0.6839,True
24802,0.9283,True
24803,0.9393,True
24804,0.8136,True
24805,1.0099,True
24806,1.2869,True
24807,0.8812,True
24808,0.3966,False
24809,1.0198,True
24810,1.045,True
24811,0.6193,True
24812,1.1162,True
24813,1.1149,True
24814,0.9383,True
24815,0.9454,True
24816,0.7276,True
24817,0.7902,True
24818,0.8543,True
24819,0.6996,True
24820,0.9521,True
24821,1.0677,True
24822,1.2936,True
24823,0.6212,True
24824,0.9371,True
24825,1.1976,True
24826,0.8168,True
24827,1.0751,True
24828,1.3019,True
24829,0.6341,True
24830,0.8169,True
24831,0.9077,True
24832,1.1871,True
24833,0.9622,True
24834,0.9737,True
24835,1.1428,True
24836,1.2235,True
24837,1.0552,True
24838,0.9342,True
24839,1.4406,True
24840,1.2122,True
24841,1.1722,True
24842,0.7747,True
24843,0.7716,True
24844,0.9685,True
24845,1.05,True
24846,1.0389,True
24847,0.9888,True
24848,1.0512,True
24849,1.4806,True
24850,0.9504,True
24851,0.8375,True
24852,0.9852,True
24853,1.0509,True
24854,1.2664,True
24855,0.9623,True
24856,0.8803,True
24857,1.2748,True
24858,1.2846,True
24859,1.1993,True
24860,0.625,True
24861,1.0158,True
24862,0.7695,True
24863,0.9684,True
24864,1.0904,True
24865,0.8823,True
24866,0.8941,True
24867,1.0689,True
24868,0.7222,True
24869,0.8008,True
24870,1.2058,True
24871,0.8835,True
24872,1.0712,True
24873,1.0302,True
24874,1.2278,True
24875,0.9935,True
24876,1.0187,True
24877,1.0677,True
24878,0.5818,True
24879,1.0144,True
24880,0.8879,True
24881,1.2649,True
24882,1.0719,True
24883,0.9275,True
24884,1.0088,True
24885,0.9946,True
24886,1.0504,True
24887,1.0589,True
24888,0.9241,True
24889,0.5971,True
24890,1.1013,True
24891,0.7832,True
24892,1.0464,True
24893,0.998,True
24894,1.1063,True
24895,1.1915,True
24896,0.9526,True
24897,1.2436,True
24898,0.855,True
24899,1.0263,True
24900,1.2643,True
24901,0.8077,True
24902,0.7651,True
24903,1.3661,True
24904,0.7114,True
24905,1.3356,True
24906,1.1311,True
24907,1.1799,True
24908,0.6697,True
24909,0.8499,True
24910,0.845,True
24911,0.6107,True
24912,0.9252,True
24913,0.6453,True
24914,1.2627,True
24915,1.4848,True
24916,0.7546,True
24917,1.2266,True
24918,0.9047,True
24919,0.9516,True
24920,0.7823,True
24921,0.7165,True
24922,0.8191,True
24923,0.7268,True
24924,0.8091,True
24925,0.7343,True
24926,0.8452,True
24927,0.7314,True
24928,0.8573,True
24929,1.3511,True
24930,0.8388,True
24931,1.1063,True
24932,0.7228,True
24933,1.2348,True
24934,1.1321,True
24935,0.7438,True
24936,1.038,True
24937,0.5369,True
24938,0.9671,True
24939,1.1392,True
24940,1.0827,True
24941,1.0311,True
24942,1.1016,True
24943,0.8962,True
24944,1.0777,True
24945,0.8524,True
24946,1.2025,True
24947,1.0788,True
24948,1.2694,True
24949,0.696,True
24950,1.1202,True
24951,1.0742,True
24952,0.9744,True
24953,1.0122,True
24954,1.1076,True
24955,0.6389,True
24956,1.1662,True
24957,1.275,True
24958,0.8152,True
24959,0.8704,True
24960,1.2323,True
24961,0.9724,True
24962,1.1589,True
24963,0.654,True
24964,1.1678,True
24965,1.2167,True
24966,1.3019,True
24967,0.629,True
24968,1.0061,True
24969,1.0873,True
24970,1.1091,True
24971,0.9692,True
24972,1.0382,True
24973,1.0551,True
24974,0.8363,True
24975,0.8636,True
24976,0.7974,True
24977,1.0372,True
24978,1.0899,True
24979,1.2912,True
24980,0.9001,True
24981,1.1716,True
24982,0.9547,True
24983,0.6584,True
24984,0.6047,True
24985,0.8533,True
24986,0.8549,True
24987,1.3798,True
24988,0.7492,True
24989,0.8774,True
24990,1.2449,True
24991,1.2954,True
24992,1.1948,True
24993,0.8788,True
24994,1.1066,True
24995,0.6353,True
24996,1.0223,True
24997,1.1328,True
24998,0.7942,True
24999,1.2431,True
25000,0.6336,True
25001,0.8447,True
25002,1.158,True
25003,0.921,True
25004,1.2613,True
25005,1.2217,True
25006,1.1201,True
25007,1.2082,True
25008,0.6844,True
25009,0.9207,True
25010,0.792,True
25011,0.8283,True
25012,0.899,True
25013,0.8677,True
25014,0.9757,True
25015,1.0709,True
25016,0.835,True
25017,1.1792,True
25018,1.1514,True
25019,1.0812,True
25020,1.1712,True
25021,1.3058,True
25022,0.9993,True
25023,1.1283,True
25024,1.1,True
25025,0.8454,True
25026,1.0559,True
25027,0.828,True
25028,1.3227,True
25029,1.2894,True
25030,0.8466,True
25031,0.9025,True
25032,0.8924,True
25033,1.0479,True
25034,1.1227,True
25035,1.3143,True
25036,0.9654,True
25037,1.0188,True
25038,0.9795,True
25039,0.9026,True
25040,0.7586,True
25041,1.0775,True
25042,0.8748,True
25043,0.8214,True
25044,0.5819,True
25045,1.0702,True
25046,1.1961,True
25047,0.4741,False
25048,0.9347,True
25049,0.959,True
25050,0.931,True
25051,0.7299,True
25052,0.9291,True
25053,1.109,True
25054,1.1945,True
25055,1.2211,True
25056,0.7781,True
25057,0.9026,True
25058,1.1585,True
25059,0.906,True
25060,0.9831,True
25061,0.7351,True
25062,1.2937,True
25063,0.9501,True
25064,1.0929,True
25065,0.8074,True
25066,1.1005,True
25067,0.6593,True
25068,0.7386,True
25069,0.929,True
25070,1.3171,True
25071,1.2611,True
25072,1.1033,True
25073,0.8846,True
25074,1.2749,True
25075,0.9686,True
25076,0.8087,True
25077,0.6348,True
25078,1.2273,True
25079,1.0305,True
25080,0.8017,True
25081,1.0123,True
25082,0.561,True
25083,1.0326,True
25084,1.0097,True
25085,1.0497,True
25086,1.0866,True
25087,1.0943,True
25088,1.196,True
25089,0.9775,True
25090,1.0348,True
25091,1.3052,True
25092,1.012,True
25093,0.9693,True
25094,1.0762,True
25095,1.095,True
25096,1.1485,True
25097,1.0933,True
25098,0.7397,True
25099,1.1117,True
25100,1.177,True
25101,0.883,True
25102,0.6592,True
25103,0.9245,True
25104,0.7846,True
25105,1.1299,True
25106,0.7434,True
25107,0.915,True
25108,1.2772,True
25109,1.2141,True
25110,0.6541,True
25111,0.9283,True
25112,1.0214,True
25113,1.0974,True
25114,1.1458,True
25115,1.3183,True
25116,1.1973,True
25117,0.5055,True
25118,1.0206,True
25119,1.2416,True
25120,1.1176,True
25121,0.9881,True
25122,0.5811,True
25123,0.867,True
25124,0.9676,True
25125,1.368,True
25126,0.8491,True
25127,1.0657,True
25128,0.9379,True
25129,0.9539,True
25130,0.8606,True
25131,0.9078,True
25132,1.033,True
25133,1.3249,True
25134,1.1162,True
25135,0.8477,True
25136,0.9565,True
25137,1.1024,True
25138,1.2565,True
25139,0.9216,True
25140,1.1567,True
25141,1.0488,True
25142,1.2088,True
25143,1.3,True
25144,0.9453,True
25145,0.6172,True
25146,1.2636,True
25147,0.7636,True
25148,1.0087,True
25149,0.8052,True
25150,0.9058,True
25151,1.2581,True
25152,1.2515,True
25153,1.1562,True
25154,1.1419,True
25155,0.935,True
25156,0.7418,True
25157,1.0857,True
25158,1.0852,True
25159,1.0971,True
25160,1.4238,True
25161,0.7287,True
25162,0.9158,True
25163,0.7964,True
25164,1.2565,True
25165,1.0292,True
25166,0.9163,True
25167,0.8869,True
25168,0.8869,True
25169,1.0728,True
25170,0.848,True
25171,1.2812,True
25172,1.1497,True
25173,0.876,True
25174,0.8493,True
25175,0.8904,True
25176,0.9677,True
25177,1.0039,True
25178,1.0754,True
25179,0.6375,True
25180,0.934,True
25181,0.9426,True
25182,1.1114,True
25183,0.9659,True
25184,0.7204,True
25185,1.4327,True
25186,1.2985,True
25187,1.3744,True
25188,0.8985,True
25189,0.8605,True
25190,1.0877,True
25191,1.1758,True
25192,1.217,True
25193,0.9323,True
25194,1.274,True
25195,0.7073,True
25196,0.8221,True
25197,0.8911,True
25198,0.655,True
25199,1.0542,True
25200,0.9112,True
25201,0.7451,True
25202,1.0598,True
25203,1.4452,True
25204,1.1491,True
25205,1.2234,True
25206,1.0495,True
25207,1.0985,True
25208,1.0071,True
25209,1.4351,True
25210,1.0264,True
25211,1.0586,True
25212,1.1651,True
25213,1.0199,True
25214,0.8999,True
25215,0.9186,True
25216,0.9792,True
25217,0.9928,True
25218,0.8682,True
25219,1.3131,True
25220,1.2973,True
25221,1.2504,True
25222,1.09,True
25223,1.2525,True
25224,0.9505,True
25225,1.0167,True
25226,1.0173,True
25227,1.0761,True
25228,0.9947,True
25229,1.07,True
25230,1.1576,True
25231,0.6687,True
25232,0.8875,True
25233,0.7923,True
25234,1.1001,True
25235,1.0692,True
25236,1.1117,True
25237,1.0034,True
25238,0.961,True
25239,0.9578,True
25240,1.0911,True
25241,0.9237,True
25242,0.7736,True
25243,0.9624,True
25244,0.7812,True
25245,1.0947,True
25246,1.1599,True
25247,0.8057,True
25248,1.2466,True
25249,0.6806,True
25250,0.8858,True
25251,0.8092,True
25252,0.7227,True
25253,0.9296,True
25254,1.1165,True
25255,1.3643,True
25256,1.0518,True
25257,1.1891,True
25258,0.8491,True
25259,1.0402,True
25260,1.0427,True
25261,0.8607,True
25262,1.0064,True
25263,1.166,True
25264,0.7018,True
25265,1.2376,True
25266,1.402,True
25267,0.7569,True
25268,0.9367,True
25269,1.074,True
25270,0.9853,True
25271,1.11,True
25272,0.9799,True
25273,1.0999,True
25274,1.1494,True
25275,1.2555,True
25276,1.1963,True
25277,1.054,True
25278,1.3051,True
25279,0.5989,True
25280,1.0683,True
25281,1.2601,True
25282,0.8273,True
25283,0.8656,True
25284,1.075,True
25285,1.0011,True
25286,0.7231,True
25287,0.9053,True
25288,0.7158,True
25289,0.6783,True
25290,1.0987,True
25291,1.1305,True
25292,1.0202,True
25293,0.6172,True
25294,1.029,True
25295,1.224,True
25296,0.8341,True
25297,1.0803,True
25298,0.7611,True
25299,1.3373,True
25300,1.0947,True
25301,1.0849,True
25302,1.176,True
25303,0.9529,True
25304,0.9556,True
25305,1.0125,True
25306,1.122,True
25307,0.444,False
25308,1.1147,True
25309,1.0837,True
25310,0.8754,True
25311,0.8142,True
25312,0.4344,False
25313,0.9224,True
25314,0.9872,True
25315,0.6144,True
25316,1.0638,True
25317,1.0776,True
25318,0.9609,True
25319,1.0234,True
25320,1.1362,True
25321,0.9066,True
25322,0.8461,True
25323,1.118,True
25324,1.062,True
25325,1.043,True
25326,0.6705,True
25327,1.1749,True
25328,1.0267,True
25329,1.1126,True
25330,0.9044,True
25331,1.2114,True
25332,0.7653,True
25333,1.2383,True
25334,0.8331,True
25335,0.7909,True
25336,0.8563,True
25337,0.9733,True
25338,1.0932,True
25339,0.7495,True
25340,1.0203,True
25341,1.0517,True
25342,1.3177,True
25343,0.9323,True
25344,1.2834,True
25345,1.0726,True
25346,0.6986,True
25347,0.9638,True
25348,0.7641,True
25349,0.8738,True
25350,1.0694,True
25351,0.6908,True
25352,0.8899,True
25353,1.0225,True
25354,0.8354,True
25355,0.8686,True
25356,1.0375,True
25357,0.7609,True
25358,1.0675,True
25359,0.7256,True
25360,1.2808,True
25361,0.9026,True
25362,1.2442,True
25363,1.1755,True
25364,0.8227,True
25365,0.6565,True
25366,0.9667,True
25367,0.7947,True
25368,1.0209,True
25369,1.1385,True
25370,1.2143,True
25371,0.4079,False
25372,1.098,True
25373,0.9833,True
25374,1.0233,True
25375,0.9567,True
25376,1.0081,True
25377,0.9362,True
25378,0.7161,True
25379,1.1263,True
25380,1.1805,True
25381,1.1041,True
25382,1.3721,True
25383,0.8855,True
25384,0.9031,True
25385,1.2197,True
25386,0.4314,False
25387,1.2105,True
25388,0.9215,True
25389,0.8361,True
25390,0.5135,True
25391,0.968,True
25392,0.9212,True
25393,1.3518,True
25394,1.1014,True
25395,1.121,True
25396,0.6938,True
25397,1.1123,True
25398,0.899,True
25399,1.0713,True
25400,1.0509,True
25401,0.834,True
25402,0.9909,True
25403,1.1656,True
25404,0.9742,True
25405,0.7745,True
25406,1.0625,True
25407,1.0082,True
25408,1.1906,True
25409,0.8838,True
25410,0.8551,True
25411,0.8239,True
25412,0.6178,True
25413,0.9807,True
25414,1.1098,True
25415,1.1336,True
25416,1.2318,True
25417,0.9407,True
25418,1.0954,True
25419,0.9903,True
25420,0.999,True
25421,1.4643,True
25422,1.11,True
25423,0.8945,True
25424,1.2129,True
25425,1.1599,True
25426,1.2672,True
25427,1.2446,True
25428,1.3864,True
25429,1.1446,True
25430,0.8809,True
25431,0.9807,True
25432,0.9993,True
25433,0.632,True
25434,0.6655,True
25435,1.1774,True
25436,1.3543,True
25437,1.1385,True
25438,0.9759,True
25439,1.0534,True
25440,0.9573,True
25441,0.7347,True
25442,1.3092,True
25443,1.1966,True
25444,0.8859,True
25445,0.9164,True
25446,1.2454,True
25447,1.1773,True
25448,0.8296,True
25449,0.7583,True
25450,1.0877,True
25451,0.7099,True
25452,0.7465,True
25453,0.9063,True
25454,1.1666,True
25455,0.4922,False
25456,1.0356,True
25457,0.7257,True
25458,0.8506,True
25459,0.7779,True
25460,0.6464,True
25461,0.8624,True
25462,0.6074,True
25463,1.3718,True
25464,1.1224,True
25465,1.0786,True
25466,1.0952,True
25467,0.7473,True
25468,1.3716,True
25469,0.9273,True
25470,1.0963,True
25471,0.5896,True
25472,1.0366,True
25473,0.9648,True
25474,0.8593,True
25475,0.8004,True
25476,1.0221,True
25477,0.9979,True
25478,0.8188,True
25479,1.0629,True
25480,0.6507,True
25481,0.8801,True
25482,0.8936,True
25483,0.9977,True
25484,0.9216,True
25485,1.0874,True
25486,1.1436,True
25487,0.7865,True
25488,1.2289,True
25489,1.0746,True
25490,0.7853,True
25491,1.0201,True
25492,1.0491,True
25493,0.5859,True
25494,0.9069,True
25495,1.3057,True
25496,0.8478,True
25497,0.8125,True
25498,1.0448,True
25499,1.1822,True
25500,0.9002,True
25501,1.11,True
25502,1.1125,True
25503,0.9696,True
25504,0.6934,True
25505,0.6302,True
25506,0.641,True
25507,1.1743,True
25508,1.154,True
25509,1.0355,True
25510,0.7159,True
25511,0.685,True
25512,0.8634,True
25513,0.9067,True
25514,1.0157,True
25515,0.7508,True
25516,1.1099,True
25517,1.1551,True
25518,0.808,True
25519,1.025,True
25520,0.8001,True
25521,1.0851,True
25522,1.0761,True
25523,1.1999,True
25524,0.993,True
25525,1.2409,True
25526,1.0723,True
25527,0.7355,True
25528,1.1149,True
25529,0.9839,True
25530,0.6595,True
25531,1.3235,True
25532,1.0631,True
25533,1.2559,True
25534,1.0369,True
25535,1.2473,True
25536,0.8875,True
25537,1.2345,True
25538,0.8103,True
25539,0.9725,True
25540,0.9909,True
25541,1.1603,True
25542,1.3063,True
25543,0.9487,True
25544,1.2126,True
25545,0.8414,True
25546,0.8651,True
25547,1.1587,True
25548,0.6833,True
25549,1.174,True
25550,0.5295,True
25551,1.1742,True
25552,0.9919,True
25553,0.7317,True
25554,1.1295,True
25555,1.0098,True
25556,0.8417,True
25557,0.8271,True
25558,1.1789,True
25559,1.0234,True
25560,1.2064,True
25561,0.6641,True
25562,0.882,True
25563,1.1114,True
25564,1.054,True
25565,0.8338,True
25566,0.757,True
25567,0.8959,True
25568,1.2537,True
25569,1.3983,True
25570,1.0107,True
25571,0.769,True
25572,0.6958,True
25573,1.08,True
25574,0.9468,True
25575,0.8395,True
25576,1.2718,True
25577,0.8378,True
25578,1.0209,True
25579,0.6412,True
25580,0.6251,True
25581,1.2252,True
25582,0.7639,True
25583,0.976,True
25584,0.9265,True
25585,1.1869,True
25586,1.0022,True
25587,0.6023,True
25588,0.952,True
25589,1.0306,True
25590,0.8156,True
25591,0.9852,True
25592,1.1699,True
25593,1.051,True
25594,1.0748,True
25595,1.0872,True
25596,0.9441,True
25597,1.088,True
25598,0.7873,True
25599,1.2925,True
25600,1.0332,True
25601,1.0127,True
25602,0.8437,True
25603,0.9836,True
25604,1.4638,True
25605,0.8954,True
25606,0.7379,True
25607,0.6525,True
25608,0.7538,True
25609,0.955,True
25610,1.1724,True
25611,1.0173,True
25612,1.1348,True
25613,0.684,True
25614,1.0566,True
25615,1.26,True
25616,0.8618,True
25617,1.2099,True
25618,1.4047,True
25619,1.0082,True
25620,1.2472,True
25621,0.9481,True
25622,1.0359,True
25623,1.1458,True
25624,1.2864,True
25625,0.8318,True
25626,1.1027,True
25627,0.9646,True
25628,1.0992,True
25629,0.9904,True
25630,1.297,True
25631,1.0449,True
25632,0.8345,True
25633,1.024,True
25634,1.1643,True
25635,0.8979,True
25636,1.1865,True
25637,0.6293,True
25638,0.9759,True
25639,0.7205,True
25640,0.9497,True
25641,1.0003,True
25642,1.1326,True
25643,1.0734,True
25644,0.7328,True
25645,0.8622,True
25646,1.1177,True
25647,0.8365,True
25648,0.8145,True
25649,0.9624,True
25650,1.2117,True
25651,0.8602,True
25652,0.795,True
25653,0.7206,True
25654,0.9168,True
25655,0.8932,True
25656,0.7166,True
25657,0.9397,True
25658,0.8882,True
25659,0.7004,True
25660,0.8098,True
25661,0.9238,True
25662,1.4514,True
25663,1.0597,True
25664,0.8694,True
25665,1.3167,True
25666,0.8239,True
25667,1.2623,True
25668,0.9554,True
25669,0.862,True
25670,1.0529,True
25671,1.1321,True
25672,0.6073,True
25673,1.1847,True
25674,0.975,True
25675,0.685,True
25676,1.3406,True
25677,0.7675,True
25678,1.0989,True
25679,0.9718,True
25680,1.1353,True
25681,0.8054,True
25682,0.8557,True
25683,1.0467,True
25684,1.0892,True
25685,0.7709,True
25686,1.1301,True
25687,0.8214,True
25688,0.7963,True
25689,1.026,True
25690,0.8657,True
25691,1.2918,True
25692,1.09,True
25693,0.9883,True
25694,1.0213,True
25695,1.3414,True
25696,0.9205,True
25697,1.1602,True
25698,0.8392,True
25699,0.7939,True
25700,1.0319,True
25701,0.8775,True
25702,0.5761,True
25703,0.9219,True
25704,0.9054,True
25705,1.0182,True
25706,0.3835,False
25707,1.1247,True
25708,1.2755,True
25709,1.0983,True
25710,0.8837,True
25711,0.8788,True
25712,0.6896,True
25713,0.6459,True
25714,0.9853,True
25715,0.9656,True
25716,0.9408,True
25717,0.6497,True
25718,1.212,True
25719,0.802,True
25720,1.1863,True
25721,0.8205,True
25722,1.0455,True
25723,0.9966,True
25724,0.8152,True
25725,1.0015,True
25726,0.9595,True
25727,0.5583,True
25728,1.1065,True
25729,0.8737,True
25730,1.4409,True
25731,1.0953,True
25732,1.3834,True
25733,0.9889,True
25734,0.9846,True
25735,0.91,True
25736,1.0831,True
25737,1.0546,True
25738,1.1666,True
25739,0.9832,True
25740,0.8185,True
25741,0.8568,True
25742,1.0573,True
25743,1.506,True
25744,0.9479,True
25745,0.6296,True
25746,1.2067,True
25747,1.0065,True
25748,0.9007,True
25749,1.1077,True
25750,1.1672,True
25751,1.0289,True
25752,1.2732,True
25753,1.0351,True
25754,0.9049,True
25755,1.0907,True
25756,0.5461,True
25757,0.7267,True
25758,0.9224,True
25759,1.1584,True
25760,1.1595,True
25761,1.1065,True
25762,1.1055,True
25763,0.6142,True
25764,0.8342,True
25765,0.8607,True
25766,1.0618,True
25767,0.507,True
25768,0.9389,True
25769,1.2166,True
25770,1.0009,True
25771,1.243,True
25772,1.143,True
25773,1.2864,True
25774,1.2033,True
25775,0.7009,True
25776,0.9025,True
25777,0.9967,True
25778,0.8995,True
25779,0.8618,True
25780,1.0549,True
25781,0.3805,False
25782,1.0484,True
25783,1.1034,True
25784,0.7989,True
25785,0.6703,True
25786,0.7855,True
25787,0.9337,True
25788,0.873,True
25789,0.9671,True
25790,0.9522,True
25791,0.9365,True
25792,1.1476,True
25793,1.0489,True
25794,0.7171,True
25795,0.7838,True
25796,1.0591,True
25797,1.2302,True
25798,0.872,True
25799,0.8983,True
25800,0.8454,True
25801,1.268,True
25802,1.0788,True
25803,0.8698,True
25804,1.1852,True
25805,1.3017,True
25806,0.9867,True
25807,0.9904,True
25808,0.8638,True
25809,1.018,True
25810,0.7483,True
25811,1.1026,True
25812,1.4004,True
25813,0.5363,True
25814,1.0407,True
25815,0.9225,True
25816,0.8386,True
25817,0.6404,True
25818,0.9337,True
25819,1.0764,True
25820,1.0058,True
25821,1.0447,True
25822,1.0658,True
25823,1.0468,True
25824,1.1,True
25825,1.4871,True
25826,1.1966,True
25827,1.1684,True
25828,1.3214,True
25829,0.992,True
25830,0.659,True
25831,0.7872,True
25832,1.1656,True
25833,0.794,True
25834,1.0839,True
25835,1.0285,True
25836,0.8849,True
25837,1.0677,True
25838,1.1924,True
25839,0.9171,True
25840,0.9672,True
25841,1.0091,True
25842,0.8984,True
25843,0.6313,True
25844,1.1501,True
25845,1.3251,True
25846,0.9724,True
25847,1.02,True
25848,1.1334,True
25849,1.1624,True
25850,1.0067,True
25851,1.3223,True
25852,1.2007,True
25853,0.7697,True
25854,0.819,True
25855,0.8757,True
25856,1.0736,True
25857,0.8763,True
25858,0.9717,True
25859,0.6524,True
25860,1.2181,True
25861,0.5694,True
25862,0.8614,True
25863,0.7806,True
25864,0.7243,True
25865,0.6396,True
25866,1.2827,True
25867,0.826,True
25868,0.7709,True
25869,1.3012,True
25870,0.868,True
25871,1.1247,True
25872,0.8692,True
25873,1.2228,True
25874,0.8925,True
25875,0.9997,True
25876,1.0097,True
25877,1.1211,True
25878,1.023,True
25879,0.8244,True
25880,0.9017,True
25881,1.2243,True
25882,0.9655,True
25883,0.9012,True
25884,1.1099,True
25885,1.1456,True
25886,1.0443,True
25887,1.0662,True
25888,1.2225,True
25889,1.3164,True
25890,0.7249,True
25891,0.9064,True
25892,1.0147,True
25893,0.8608,True
25894,0.8547,True
25895,0.8401,True
25896,1.2709,True
25897,0.8161,True
25898,0.5384,True
25899,0.6796,True
25900,1.119,True
25901,1.1175,True
25902,1.0379,True
25903,0.5608,True
25904,0.9857,True
25905,0.9896,True
25906,0.981,True
25907,1.2434,True
25908,1.2164,True
25909,0.9358,True
25910,1.1353,True
25911,0.9033,True
25912,0.9909,True
25913,0.8613,True
25914,0.7365,True
25915,1.2061,True
25916,0.8993,True
25917,0.966,True
25918,0.7222,True
25919,0.7341,True
25920,0.8916,True
25921,1.1125,True
25922,1.2089,True
25923,1.065,True
25924,1.1553,True
25925,0.8354,True
25926,0.9074,True
25927,0.9526,True
25928,0.9138,True
25929,1.0655,True
25930,0.6528,True
25931,0.9575,True
25932,1.1369,True
25933,1.114,True
25934,0.9885,True
25935,0.9854,True
25936,1.4704,True
25937,1.1686,True
25938,0.9384,True
25939,1.0739,True
25940,0.9316,True
25941,1.0301,True
25942,1.1917,True
25943,1.2023,True
25944,1.0325,True
25945,1.0856,True
25946,1.3369,True
25947,1.0199,True
25948,0.9123,True
25949,1.3053,True
25950,1.2815,True
25951,1.0193,True
25952,0.9228,True
25953,0.9671,True
25954,0.6325,True
25955,1.1126,True
25956,0.8734,True
25957,1.2236,True
25958,0.8561,True
25959,0.6056,True
25960,0.9028,True
25961,1.2139,True
25962,0.9248,True
25963,1.022,True
25964,0.8819,True
25965,1.3252,True
25966,1.0119,True
25967,0.7403,True
25968,1.0583,True
25969,1.002,True
25970,0.9494,True
25971,0.9792,True
25972,0.6569,True
25973,1.122,True
25974,0.9144,True
25975,1.0232,True
25976,0.8502,True
25977,0.9483,True
25978,1.2841,True
25979,1.186,True
25980,1.1288,True
25981,1.0731,True
25982,0.9726,True
25983,1.1049,True
25984,0.9597,True
25985,0.9225,True
25986,1.1585,True
25987,1.2221,True
25988,1.2781,True
25989,0.7589,True
25990,1.0089,True
25991,0.5756,True
25992,0.6683,True
25993,0.7229,True
25994,1.231,True
25995,1.1932,True
25996,0.1891,False
25997,0.3915,False
25998,0.6538,True
25999,0.8371,True
26000,0.7986,True
26001,0.1351,False
26002,0.5949,True
26003,1.0073,True
26004,0.2309,False
26005,0.4292,False
26006,0.2414,False
26007,0.8585,True
26008,0.7309,True
26009,0.4445,False
26010,0.4228,False
26011,0.7719,True
26012,0.1416,False
26013,0.229,False
26014,0.2721,False
26015,0.4497,False
26016,0.3067,False
26017,0.2187,False
26018,0.6286,True
26019,1.1591,True
26020,0.9165,True
26021,0.2663,False
26022,0.3711,False
26023,0.2097,False
26024,0.781,True
26025,0.6549,True
26026,0.2431,False
26027,0.3642,False
26028,0.2507,False
26029,0.5744,True
26030,0.2337,False
26031,0.2911,False
26032,0.3414,False
26033,0.434,False
26034,0.5567,True
26035,0.1156,False
26036,0.8233,True
26037,0.2304,False
26038,0.5467,True
26039,0.1446,False
26040,0.2684,False
26041,0.3354,False
26042,0.2476,False
26043,0.9849,True
26044,0.3262,False
26045,0.2704,False
26046,0.3108,False
26047,0.2665,False
26048,0.2008,False
26049,0.2096,False
26050,0.5868,True
26051,0.7919,True
26052,0.4362,False
26053,0.5117,True
26054,0.2181,False
26055,0.7653,True
26056,0.2227,False
26057,0.4256,False
26058,0.5269,True
26059,0.1746,False
26060,0.2731,False
26061,0.7791,True
26062,0.4202,False
26063,0.7618,True
26064,0.2848,False
26065,0.513,True
26066,0.8348,True
26067,0.2205,False
26068,0.1232,False
26069,0.7116,True
26070,0.5445,True
26071,0.3142,False
26072,0.9104,True
26073,1.1761,True
26074,0.87,True
26075,0.0559,False
26076,0.3591,False
26077,0.1932,False
26078,0.6713,True
26079,0.5929,True
26080,0.1649,False
26081,0.3253,False
26082,0.9594,True
26083,0.9871,True
26084,0.6473,True
26085,0.5775,True
26086,0.3806,False
26087,0.1781,False
26088,0.5423,True
26089,0.7657,True
26090,0.4141,False
26091,0.4775,False
26092,0.1491,False
26093,0.6082,True
26094,0.2339,False
26095,0.4337,False
26096,0.6762,True
26097,0.2578,False
26098,0.2892,False
26099,0.2374,False
26100,0.318,False
26101,0.5144,True
26102,0.3917,False
26103,0.1915,False
26104,1.0761,True
26105,0.414,False
26106,0.9372,True
26107,0.0735,False
26108,0.7218,True
26109,0.8515,True
26110,0.7289,True
26111,0.4124,False
26112,0.2588,False
26113,0.4353,False
26114,0.5379,True
26115,0.6846,True
26116,0.2321,False
26117,0.7725,True
26118,0.4867,False
26119,0.0973,False
26120,0.4395,False
26121,0.3525,False
26122,0.169,False
26123,0.6192,True
26124,0.4258,False
26125,0.8435,True
26126,0.4043,False
26127,0.4947,False
26128,0.7732,True
26129,0.3005,False
26130,0.5759,True
26131,0.6944,True
26132,0.2356,False
26133,0.5936,True
26134,0.6453,True
26135,0.2278,False
26136,0.139,False
26137,0.3767,False
26138,0.2263,False
26139,1.2273,True
26140,0.2341,False
26141,0.2436,False
26142,0.3396,False
26143,0.1142,False
26144,0.5034,True
26145,0.7962,True
26146,0.7976,True
26147,0.6252,True
26148,0.0737,False
26149,0.1708,False
26150,0.5675,True
26151,0.2007,False
26152,0.682,True
26153,0.1777,False
26154,0.7678,True
26155,0.1445,False
26156,0.2515,False
26157,0.1777,False
26158,0.266,False
26159,1.0446,True
26160,0.29,False
26161,0.1117,False
26162,0.4885,False
26163,0.2073,False
26164,0.357,False
26165,0.661,True
26166,0.4099,False
26167,0.3942,False
26168,0.2226,False
26169,0.3041,False
26170,0.5715,True
26171,0.8777,True
26172,0.5013,True
26173,0.3628,False
26174,0.204,False
26175,0.245,False
26176,0.9057,True
26177,0.3564,False
26178,0.3134,False
26179,0.2404,False
26180,0.349,False
26181,0.4602,False
26182,0.3961,False
26183,0.9741,True
26184,0.3843,False
26185,0.6398,True
26186,0.2087,False
26187,0.8925,True
26188,0.4703,False
26189,0.868,True
26190,0.6502,True
26191,0.6047,True
26192,0.7679,True
26193,0.3109,False
26194,0.2906,False
26195,0.2518,False
26196,0.5386,True
26197,0.2116,False
26198,0.5383,True
26199,0.3815,False
26200,0.5646,True
26201,0.5732,True
26202,0.9361,True
26203,0.1965,False
26204,0.8496,True
26205,0.1668,False
26206,0.4165,False
26207,0.3827,False
26208,0.1858,False
26209,0.1993,False
26210,0.2768,False
26211,0.8012,True
26212,0.3382,False
26213,0.7886,True
26214,0.8498,True
26215,0.3369,False
26216,0.1414,False
26217,0.3608,False
26218,0.186,False
26219,0.9495,True
26220,0.231,False
26221,0.1909,False
26222,0.409,False
26223,0.85,True
26224,0.3923,False
26225,0.8648,True
26226,0.2567,False
26227,0.3428,False
26228,0.6929,True
26229,0.7124,True
26230,0.2602,False
26231,0.5238,True
26232,0.3118,False
26233,0.2838,False
26234,0.8739,True
26235,0.6511,True
26236,0.409,False
26237,0.2835,False
26238,1.0513,True
26239,0.3613,False
26240,0.5193,True
26241,0.1959,False
26242,0.3079,False
26243,0.8806,True
26244,0.3679,False
26245,0.2191,False
26246,0.5035,True
26247,0.2236,False
26248,0.2634,False
26249,0.4702,False
26250,0.3404,False
26251,0.7038,True
26252,0.5591,True
26253,0.431,False
26254,0.1579,False
26255,0.4419,False
26256,0.3884,False
26257,0.8097,True
26258,0.762,True
26259,0.4206,False
26260,0.8935,True
26261,0.5575,True
26262,0.159,False
26263,0.5459,True
26264,0.9667,True
26265,0.3493,False
26266,0.4881,False
26267,0.4587,False
26268,0.2713,False
26269,0.6737,True
26270,0.1835,False
26271,0.1519,False
26272,0.4564,False
26273,0.275,False
26274,0.3301,False
26275,0.1746,False
26276,0.3028,False
26277,0.6276,True
26278,0.3642,False
26279,0.1365,False
26280,0.1837,False
26281,0.2058,False
26282,0.2756,False
26283,0.5749,True
26284,0.6431,True
26285,0.2233,False
26286,0.4618,False
26287,0.457,False
26288,0.3068,False
26289,0.1687,False
26290,0.8496,True
26291,0.306,False
26292,0.3456,False
26293,0.1402,False
26294,0.3995,False
26295,0.5318,True
26296,1.0151,True
26297,0.2969,False
26298,0.3625,False
26299,0.8433,True
26300,0.1788,False
26301,0.3325,False
26302,0.1801,False
26303,0.7132,True
26304,0.7935,True
26305,0.9128,True
26306,0.208,False
26307,0.5214,True
26308,0.6834,True
26309,0.5611,True
26310,0.6893,True
26311,0.3717,False
26312,0.7374,True
26313,0.7967,True
26314,0.2728,False
26315,0.6923,True
26316,0.7174,True
26317,0.2558,False
26318,0.8504,True
26319,0.315,False
26320,0.2078,False
26321,0.7775,True
26322,0.4143,False
26323,0.9504,True
26324,0.2498,False
26325,0.3092,False
26326,0.1614,False
26327,0.425,False
26328,0.7046,True
26329,0.2208,False
26330,0.2275,False
26331,0.2009,False
26332,0.2185,False
26333,0.6184,True
26334,0.2591,False
26335,0.3204,False
26336,0.326,False
26337,0.5101,True
26338,0.1102,False
26339,0.2356,False
26340,0.1308,False
26341,0.4584,False
26342,0.7753,True
26343,0.2874,False
26344,0.4229,False
26345,0.7994,True
26346,0.8223,True
26347,0.2824,False
26348,0.6943,True
26349,0.2299,False
26350,0.8637,True
26351,0.0994,False
26352,0.1773,False
26353,0.5765,True
26354,0.86,True
26355,0.3077,False
26356,0.1673,False
26357,0.3284,False
26358,0.2101,False
26359,0.6804,True
26360,0.8269,True
26361,0.2942,False
26362,0.1702,False
26363,0.498,False
26364,0.4937,False
26365,0.7821,True
26366,0.6946,True
26367,0.5738,True
26368,0.1394,False
26369,1.0182,True
26370,0.6109,True
26371,0.1971,False
26372,0.3031,False
26373,0.8482,True
26374,0.9651,True
26375,0.9827,True
26376,0.9424,True
26377,0.2211,False
26378,0.2881,False
26379,0.0503,False
26380,0.491,False
26381,0.3383,False
26382,0.1249,False
26383,0.1231,False
26384,0.8143,True
26385,0.247,False
26386,0.2399,False
26387,0.2511,False
26388,0.2489,False
26389,0.2748,False
26390,0.5084,True
26391,0.2,False
26392,1.1004,True
26393,0.9519,True
26394,0.445,False
26395,0.1588,False
26396,0.1262,False
26397,0.9559,True
26398,0.0924,False
26399,0.3085,False
26400,0.3881,False
26401,0.635,True
26402,0.7605,True
26403,0.3167,False
26404,0.766,True
26405,0.1801,False
26406,0.2117,False
26407,0.4949,False
26408,0.6966,True
26409,0.7878,True
26410,0.2302,False
26411,0.4162,False
26412,0.1193,False
26413,0.6589,True
26414,0.2039,False
26415,0.6045,True
26416,0.2259,False
26417,1.1657,True
26418,0.1994,False
26419,0.0951,False
26420,0.9517,True
26421,0.212,False
26422,0.5739,True
26423,0.4686,False
26424,0.5529,True
26425,0.9522,True
26426,0.2364,False
26427,0.2511,False
26428,0.2281,False
26429,0.4527,False
26430,0.0535,False
26431,0.1957,False
26432,0.1711,False
26433,1.0265,True
26434,0.5035,True
26435,0.1892,False
26436,0.2065,False
26437,0.2303,False
26438,0.4801,False
26439,0.2948,False
26440,0.9194,True
26441,0.4615,False
26442,0.1997,False
26443,0.2235,False
26444,0.5902,True
26445,0.5685,True
26446,0.3501,False
26447,0.8966,True
26448,0.1023,False
26449,0.7018,True
26450,0.7311,True
26451,0.2555,False
26452,0.2176,False
26453,0.364,False
26454,0.7104,True
26455,0.4612,False
26456,0.389,False
26457,0.1443,False
26458,0.8857,True
26459,0.587,True
26460,0.8269,True
26461,0.5179,True
26462,0.3813,False
26463,0.2459,False
26464,0.2677,False
26465,0.2405,False
26466,0.1129,False
26467,0.3776,False
26468,0.3264,False
26469,0.255,False
26470,0.4606,False
26471,0.5539,True
26472,0.6787,True
26473,0.8925,True
26474,0.4745,False
26475,0.2501,False
26476,1.091,True
26477,0.1307,False
26478,0.2801,False
26479,0.4502,False
26480,0.6707,True
26481,0.642,True
26482,0.5161,True
26483,0.3114,False
26484,0.1158,False
26485,0.6939,True
26486,0.3107,False
26487,0.8196,True
26488,1.1538,True
26489,0.5944,True
26490,0.211,False
26491,0.9267,True
26492,1.0984,True
26493,0.3803,False
26494,0.2222,False
26495,0.3498,False
26496,0.2869,False
26497,0.443,False
26498,0.1165,False
26499,0.1527,False
26500,0.3585,False
26501,0.4429,False
26502,0.337,False
26503,0.5725,True
26504,0.4455,False
26505,0.3548,False
26506,0.248,False
26507,1.0006,True
26508,0.2348,False
26509,0.6584,True
26510,0.1434,False
26511,0.1769,False
26512,0.3829,False
26513,0.9446,True
26514,0.852,True
26515,0.1863,False
26516,0.6785,True
26517,0.8097,True
26518,0.097,False
26519,0.2535,False
26520,0.6282,True
26521,0.4059,False
26522,0.2432,False
26523,0.8604,True
26524,0.4006,False
26525,0.3741,False
26526,0.3234,False
26527,0.2024,False
26528,0.2581,False
26529,0.227,False
26530,0.7979,True
26531,0.5387,True
26532,0.1754,False
26533,0.2266,False
26534,0.4294,False
26535,0.1548,False
26536,0.3222,False
26537,0.5553,True
26538,0.4915,False
26539,0.1726,False
26540,0.6859,True
26541,0.3922,False
26542,0.3165,False
26543,0.8543,True
26544,0.1489,False
26545,0.3279,False
26546,0.7647,True
26547,0.2174,False
26548,0.1311,False
26549,0.3145,False
26550,0.1763,False
26551,0.6579,True
26552,0.9128,True
26553,0.176,False
26554,0.1498,False
26555,0.2388,False
26556,0.139,False
26557,0.7359,True
26558,0.7392,True
26559,0.2216,False
26560,0.2291,False
26561,0.8268,True
26562,0.2199,False
26563,0.2253,False
26564,0.2034,False
26565,0.8138,True
26566,0.9604,True
26567,0.2942,False
26568,0.8544,True
26569,0.5569,True
26570,0.1987,False
26571,0.8305,True
26572,0.2238,False
26573,0.3611,False
26574,0.6994,True
26575,0.293,False
26576,0.545,True
26577,0.504,True
26578,0.256,False
26579,0.2777,False
26580,0.6053,True
26581,0.5056,True
26582,0.145,False
26583,0.2986,False
26584,0.7662,True
26585,0.1892,False
26586,0.2353,False
26587,0.4414,False
26588,0.9641,True
26589,0.2292,False
26590,0.1592,False
26591,0.8665,True
26592,0.4182,False
26593,0.1791,False
26594,0.3577,False
26595,0.9068,True
26596,0.5157,True
26597,0.2066,False
26598,0.1795,False
26599,0.4346,False
26600,0.5926,True
26601,0.4661,False
26602,0.9449,True
26603,0.2943,False
26604,0.327,False
26605,0.7953,True
26606,0.3616,False
26607,0.7008,True
26608,0.9542,True
26609,0.5758,True
26610,0.4538,False
26611,0.7186,True
26612,0.9765,True
26613,0.3957,False
26614,0.8294,True
26615,0.7642,True
26616,0.3039,False
26617,0.6774,True
26618,0.7848,True
26619,0.2428,False
26620,0.7611,True
26621,0.1957,False
26622,0.2318,False
26623,0.1459,False
26624,0.6802,True
26625,0.2662,False
26626,0.3808,False
26627,0.8051,True
26628,0.8581,True
26629,0.5565,True
26630,1.2183,True
26631,0.2493,False
26632,0.359,False
26633,0.2062,False
26634,0.4101,False
26635,0.543,True
26636,0.7833,True
26637,0.1787,False
26638,0.3523,False
26639,0.4838,False
26640,1.1032,True
26641,0.4142,False
26642,0.8454,True
26643,0.145,False
26644,0.2076,False
26645,0.293,False
26646,0.8923,True
26647,0.4823,False
26648,0.2862,False
26649,0.1986,False
26650,0.4091,False
26651,0.6785,True
26652,0.74,True
26653,0.2493,False
26654,0.4755,False
26655,0.4189,False
26656,0.2863,False
26657,0.1421,False
26658,1.1105,True
26659,0.6826,True
26660,0.4181,False
26661,0.3669,False
26662,0.8465,True
26663,0.7631,True
26664,0.8666,True
26665,0.0757,False
26666,0.3637,False
26667,0.1783,False
26668,0.2451,False
26669,0.9617,True
26670,0.5224,True
26671,0.5317,True
26672,0.3563,False
26673,0.1306,False
26674,0.3245,False
26675,1.0529,True
26676,0.2067,False
26677,0.6504,True
26678,0.2802,False
26679,0.8313,True
26680,0.8498,True
26681,0.7078,True
26682,0.1921,False
26683,0.3843,False
26684,0.5707,True
26685,0.276,False
26686,0.198,False
26687,0.6522,True
26688,0.3244,False
26689,0.9308,True
26690,0.2044,False
26691,0.8469,True
26692,0.6595,True
26693,0.2299,False
26694,0.6238,True
26695,0.6822,True
26696,0.4675,False
26697,0.2754,False
26698,0.3445,False
26699,0.1605,False
26700,0.1469,False
26701,0.1919,False
26702,0.2573,False
26703,0.5337,True
26704,1.078,True
26705,0.1167,False
26706,0.8519,True
26707,0.8019,True
26708,1.2352,True
26709,0.265,False
26710,0.8736,True
26711,0.5942,True
26712,0.165,False
26713,0.8788,True
26714,0.1638,False
26715,0.2159,False
26716,0.8838,True
26717,0.9113,True
26718,0.8391,True
26719,0.6109,True
26720,0.8771,True
26721,0.8518,True
26722,0.2243,False
26723,0.307,False
26724,0.8699,True
26725,0.2016,False
26726,0.7446,True
26727,0.1917,False
26728,0.6981,True
26729,0.4201,False
26730,0.2576,False
26731,0.5016,True
26732,0.257,False
26733,0.9234,True
26734,0.9537,True
26735,0.2074,False
26736,1.0717,True
26737,0.1606,False
26738,0.2159,False
26739,0.4199,False
26740,0.2073,False
26741,0.5678,True
26742,0.4243,False
26743,0.2138,False
26744,0.468,False
26745,0.2771,False
26746,0.4311,False
26747,0.8345,True
26748,0.7162,True
26749,0.5327,True
26750,0.8617,True
26751,0.299,False
26752,0.3735,False
26753,0.7839,True
26754,0.4143,False
26755,0.3056,False
26756,0.3452,False
26757,0.8169,True
26758,0.2101,False
26759,0.6396,True
26760,0.2275,False
26761,0.6649,True
26762,0.4818,False
26763,0.8926,True
26764,0.9439,True
26765,0.5836,True
26766,0.6663,True
26767,0.4187,False
26768,0.3056,False
26769,0.3538,False
26770,0.3121,False
26771,0.2612,False
26772,0.1785,False
26773,0.4227,False
26774,0.0833,False
26775,0.3085,False
26776,0.315,False
26777,0.1469,False
26778,0.7692,True
26779,0.1999,False
26780,0.911,True
26781,0.1543,False
26782,0.6188,True
26783,0.1915,False
26784,0.3016,False
26785,0.4277,False
26786,0.833,True
26787,0.6376,True
26788,0.3614,False
26789,0.2166,False
26790,0.7173,True
26791,0.3188,False
26792,0.6979,True
26793,0.3218,False
26794,0.2469,False
26795,0.8147,True
26796,0.6211,True
26797,0.393,False
26798,0.3091,False
26799,0.1632,False
26800,0.6856,True
26801,0.1369,False
26802,1.0524,True
26803,0.7645,True
26804,0.6856,True
26805,0.5448,True
26806,0.8239,True
26807,0.7805,True
26808,0.5425,True
26809,0.369,False
26810,0.3662,False
26811,0.4502,False
26812,0.4554,False
26813,0.1647,False
26814,0.277,False
26815,0.336,False
26816,0.1708,False
26817,0.4948,False
26818,0.7634,True
26819,0.2062,False
26820,0.1941,False
26821,0.4048,False
26822,1.1475,True
26823,0.521,True
26824,0.0626,False
26825,0.8702,True
26826,0.6398,True
26827,0.1229,False
26828,0.1198,False
26829,0.1929,False
26830,0.1394,False
26831,0.786,True
26832,0.7507,True
26833,0.1637,False
26834,0.7378,True
26835,0.4349,False
26836,0.4556,False
26837,0.228,False
26838,0.291,False
26839,0.834,True
26840,0.7283,True
26841,0.8013,True
26842,0.0994,False
26843,0.8659,True
26844,0.1322,False
26845,0.2699,False
26846,0.1808,False
26847,0.7494,True
26848,0.7407,True
26849,0.2761,False
26850,0.7563,True
26851,0.3293,False
26852,0.5776,True
26853,0.4046,False
26854,0.4121,False
26855,0.4409,False
26856,0.6,True
26857,0.8482,True
26858,0.4241,False
26859,1.0746,True
26860,0.2024,False
26861,0.2978,False
26862,0.3203,False
26863,0.1637,False
26864,0.6368,True
26865,0.2292,False
26866,0.3132,False
26867,0.1563,False
26868,0.4182,False
26869,0.8044,True
26870,0.1934,False
26871,0.9447,True
26872,0.0638,False
26873,0.2134,False
26874,0.8516,True
26875,0.718,True
26876,0.8039,True
26877,0.6343,True
26878,0.0816,False
26879,0.1442,False
26880,0.6136,True
26881,0.2848,False
26882,0.1992,False
26883,0.5886,True
26884,0.6236,True
26885,0.1298,False
26886,0.1117,False
26887,1.295,True
26888,0.3644,False
26889,1.0896,True
26890,0.2163,False
26891,0.1618,False
26892,0.7129,True
26893,0.3315,False
26894,0.6032,True
26895,0.3058,False
26896,0.1768,False
26897,1.2635,True
26898,0.1568,False
26899,0.7477,True
26900,0.8451,True
26901,0.8666,True
26902,0.1148,False
26903,0.1183,False
26904,0.8794,True
26905,0.6331,True
26906,0.4899,False
26907,0.2035,False
26908,0.4251,False
26909,0.2455,False
26910,0.6826,True
26911,0.9384,True
26912,0.2698,False
26913,0.2999,False
26914,0.9261,True
26915,0.5932,True
26916,0.8391,True
26917,0.2805,False
26918,0.74,True
26919,1.006,True
26920,0.3488,False
26921,0.3015,False
26922,0.8242,True
26923,0.2721,False
26924,0.2607,False
26925,0.1281,False
26926,0.1216,False
26927,0.9019,True
26928,0.627,True
26929,0.5993,True
26930,0.3122,False
26931,0.1062,False
26932,0.6921,True
26933,0.1339,False
26934,0.7782,True
26935,0.7534,True
26936,0.2186,False
26937,0.1619,False
26938,0.4156,False
26939,0.7771,True
26940,0.846,True
26941,0.7957,True
26942,0.5016,True
26943,0.7278,True
26944,0.9809,True
26945,0.7407,True
26946,0.2984,False
26947,0.1929,False
26948,0.137,False
26949,0.5917,True
26950,0.2786,False
26951,0.3452,False
26952,0.1497,False
26953,0.2031,False
26954,1.0358,True
26955,1.2052,True
26956,0.8911,True
26957,0.7484,True
26958,0.3263,False
26959,0.8758,True
26960,0.1802,False
26961,0.2571,False
26962,0.7971,True
26963,0.4721,False
26964,0.363,False
26965,0.4579,False
26966,0.1812,False
26967,0.8544,True
26968,0.7624,True
26969,0.2676,False
26970,0.7209,True
26971,0.1552,False
26972,0.1403,False
26973,0.1606,False
26974,0.6089,True
26975,0.8076,True
26976,0.4289,False
26977,0.2728,False
26978,0.5496,True
26979,0.3857,False
26980,0.6522,True
26981,0.3042,False
26982,0.6547,True
26983,0.7331,True
26984,0.3951,False
26985,0.2471,False
26986,0.3369,False
26987,0.2846,False
26988,0.3982,False
26989,0.3149,False
26990,0.304,False
26991,0.2759,False
26992,1.1689,True
26993,0.2054,False
26994,0.1889,False
26995,0.3663,False
26996,0.948,True
26997,0.8809,True
26998,0.5794,True
26999,0.2039,False
27000,0.2562,False
27001,0.3889,False
27002,0.9343,True
27003,0.7775,True
27004,0.4785,False
27005,0.6432,True
27006,0.3927,False
27007,0.6652,True
27008,0.3549,False
27009,0.3232,False
27010,0.2462,False
27011,0.8174,True
27012,0.2336,False
27013,0.3472,False
27014,0.4686,False
27015,0.1896,False
27016,0.8468,True
27017,0.3514,False
27018,0.401,False
27019,0.5446,True
27020,0.5122,True
27021,0.8901,True
27022,0.594,True
27023,0.2555,False
27024,0.3718,False
27025,0.249,False
27026,0.4123,False
27027,0.7847,True
27028,0.0829,False
27029,0.1859,False
27030,0.2306,False
27031,0.6796,True
27032,0.9571,True
27033,0.1449,False
27034,0.262,False
27035,0.1173,False
27036,0.2818,False
27037,0.4642,False
27038,0.614,True
27039,0.2405,False
27040,0.2547,False
27041,0.2007,False
27042,0.735,True
27043,0.1536,False
27044,0.3296,False
27045,0.9867,True
27046,0.7133,True
27047,0.2987,False
27048,1.0853,True
27049,0.2238,False
27050,0.6435,True
27051,0.5444,True
27052,0.8409,True
27053,0.6521,True
27054,0.327,False
27055,0.2713,False
27056,0.2316,False
27057,0.4384,False
27058,0.1914,False
27059,0.2114,False
27060,0.6898,True
27061,0.2472,False
27062,0.3725,False
27063,0.7272,True
27064,0.2663,False
27065,0.2113,False
27066,0.3462,False
27067,0.7468,True
27068,0.207,False
27069,0.2615,False
27070,0.7791,True
27071,0.1241,False
27072,0.5122,True
27073,0.8228,True
27074,0.2084,False
27075,0.8172,True
27076,0.277,False
27077,0.7087,True
27078,1.1486,True
27079,1.0224,True
27080,0.2296,False
27081,0.4052,False
27082,0.8871,True
27083,0.2797,False
27084,0.833,True
27085,0.1694,False
27086,0.3038,False
27087,0.5213,True
27088,1.138,True
27089,0.081,False
27090,0.2351,False
27091,0.8574,True
27092,0.5181,True
27093,0.22,False
27094,0.572,True
27095,0.815,True
27096,0.4104,False
27097,0.8853,True
27098,0.1926,False
27099,1.0577,True
27100,0.1544,False
27101,0.3998,False
27102,0.6212,True
27103,0.1529,False
27104,0.2614,False
27105,1.016,True
27106,0.5647,True
27107,0.7106,True
27108,0.9557,True
27109,0.2291,False
27110,0.7356,True
27111,1.1702,True
27112,0.6537,True
27113,0.535,True
27114,0.8311,True
27115,0.3771,False
27116,0.5051,True
27117,0.7871,True
27118,0.1241,False
27119,0.4117,False
27120,0.2446,False
27121,0.1982,False
27122,0.2653,False
27123,0.2608,False
27124,0.0884,False
27125,0.4576,False
27126,0.716,True
27127,0.243,False
27128,0.8868,True
27129,0.3123,False
27130,0.0326,False
27131,0.2606,False
27132,0.8877,True
27133,0.2566,False
27134,0.8313,True
27135,0.171,False
27136,0.1179,False
27137,0.9366,True
27138,0.1988,False
27139,0.1681,False
27140,0.6141,True
27141,0.3394,False
27142,0.1737,False
27143,0.4544,False
27144,0.3144,False
27145,0.3233,False
27146,0.1531,False
27147,0.5892,True
27148,0.1985,False
27149,0.7248,True
27150,0.1358,False
27151,0.2449,False
27152,0.6925,True
27153,0.5992,True
27154,0.5305,True
27155,0.4071,False
27156,0.4894,False
27157,0.3122,False
27158,0.1695,False
27159,0.536,True
27160,0.2713,False
27161,0.7407,True
27162,0.1685,False
27163,0.7345,True
27164,0.5674,True
27165,0.1807,False
27166,0.5118,True
27167,0.5314,True
27168,0.2703,False
27169,0.7697,True
27170,0.3218,False
27171,0.2706,False
27172,0.6661,True
27173,0.4737,False
27174,1.0205,True
27175,0.6949,True
27176,0.7223,True
27177,0.6801,True
27178,0.7456,True
27179,0.1382,False
27180,0.1909,False
27181,0.2431,False
27182,0.1834,False
27183,0.2308,False
27184,0.4327,False
27185,0.3672,False
27186,1.0087,True
27187,0.3639,False
27188,0.3307,False
27189,0.6899,True
27190,0.8316,True
27191,0.3768,False
27192,0.1895,False
27193,0.6832,True
27194,0.2229,False
27195,0.2116,False
27196,0.1578,False
27197,0.5085,True
27198,0.3337,False
27199,0.633,True
27200,0.4639,False
27201,0.2027,False
27202,0.2262,False
27203,0.1391,False
27204,0.3742,False
27205,0.8551,True
27206,0.2675,False
27207,0.1572,False
27208,0.5254,True
27209,0.577,True
27210,0.3332,False
27211,0.3676,False
27212,1.0972,True
27213,1.1426,True
27214,0.7521,True
27215,0.2497,False
27216,0.3607,False
27217,0.2159,False
27218,0.1704,False
27219,0.172,False
27220,0.7071,True
27221,1.0166,True
27222,0.1387,False
27223,0.8521,True
27224,0.7626,True
27225,0.3898,False
27226,0.6909,True
27227,0.1991,False
27228,0.6494,True
27229,0.3772,False
27230,0.4351,False
27231,0.8063,True
27232,0.8303,True
27233,0.2472,False
27234,0.2731,False
27235,0.5631,True
27236,0.5997,True
27237,0.1096,False
27238,0.2105,False
27239,0.5089,True
27240,0.4399,False
27241,0.174,False
27242,0.7314,True
27243,0.4373,False
27244,0.7753,True
27245,0.407,False
27246,0.3992,False
27247,0.1894,False
27248,0.4288,False
27249,0.8635,True
27250,0.4976,False
27251,0.7432,True
27252,0.7639,True
27253,0.2123,False
27254,0.3558,False
27255,0.5457,True
27256,0.8828,True
27257,0.5835,True
27258,0.09,False
27259,0.2814,False
27260,0.3517,False
27261,0.8603,True
27262,0.2039,False
27263,0.4956,False
27264,0.6725,True
27265,0.7907,True
27266,0.2676,False
27267,0.268,False
27268,0.465,False
27269,0.6042,True
27270,0.2533,False
27271,0.5395,True
27272,0.4165,False
27273,0.7387,True
27274,1.018,True
27275,0.8132,True
27276,0.0846,False
27277,0.272,False
27278,0.2311,False
27279,0.2698,False
27280,0.7039,True
27281,0.8913,True
27282,0.2034,False
27283,0.3428,False
27284,0.7104,True
27285,0.3996,False
27286,0.1624,False
27287,0.2113,False
27288,0.3699,False
27289,0.1517,False
27290,0.4025,False
27291,0.1297,False
27292,0.109,False
27293,1.1818,True
27294,0.2733,False
27295,0.1668,False
27296,0.621,True
27297,0.547,True
27298,0.2957,False
27299,0.4515,False
27300,0.9104,True
27301,0.528,True
27302,0.4892,False
27303,0.3577,False
27304,0.825,True
27305,0.1559,False
27306,0.0861,False
27307,0.9365,True
27308,0.357,False
27309,0.3275,False
27310,0.1584,False
27311,0.9491,True
27312,0.1946,False
27313,0.3502,False
27314,0.3086,False
27315,0.5866,True
27316,0.5318,True
27317,0.6429,True
27318,0.1087,False
27319,0.4506,False
27320,0.1896,False
27321,0.94,True
27322,0.3671,False
27323,0.4173,False
27324,0.1498,False
27325,0.7591,True
27326,0.407,False
27327,0.143,False
27328,0.7424,True
27329,0.4581,False
27330,0.3612,False
27331,0.8409,True
27332,0.5418,True
27333,0.4575,False
27334,0.9418,True
27335,0.1312,False
27336,0.274,False
27337,0.1827,False
27338,0.1898,False
27339,0.3826,False
27340,0.3565,False
27341,0.5922,True
27342,0.2554,False
27343,0.6651,True
27344,0.1609,False
27345,0.2101,False
27346,0.6072,True
27347,0.3843,False
27348,0.9914,True
27349,0.1845,False
27350,0.9037,True
27351,0.3639,False
27352,0.4078,False
27353,0.5695,True
27354,0.5988,True
27355,0.9615,True
27356,0.862,True
27357,0.1496,False
27358,0.205,False
27359,0.3318,False
27360,0.6095,True
27361,0.2315,False
27362,0.9146,True
27363,0.3883,False
27364,0.6762,True
27365,0.2759,False
27366,0.6433,True
27367,0.7606,True
27368,0.739,True
27369,0.6806,True
27370,0.3149,False
27371,0.2218,False
27372,0.4279,False
27373,0.234,False
27374,0.4539,False
27375,0.31,False
27376,0.4548,False
27377,0.7858,True
27378,0.4788,False
27379,0.395,False
27380,0.2324,False
27381,0.1196,False
27382,0.8403,True
27383,0.3222,False
27384,0.2956,False
27385,0.8466,True
27386,0.2561,False
27387,0.3439,False
27388,0.2781,False
27389,0.1341,False
27390,0.6863,True
27391,0.4309,False
27392,0.5878,True
27393,0.1352,False
27394,0.6027,True
27395,0.5365,True
27396,0.8161,True
27397,0.411,False
27398,0.8171,True
27399,0.9517,True
27400,0.938,True
27401,0.4482,False
27402,0.3742,False
27403,0.7278,True
27404,0.3898,False
27405,0.8635,True
27406,0.7345,True
27407,0.2831,False
27408,0.6273,True
27409,0.8141,True
27410,0.178,False
27411,0.1334,False
27412,0.6912,True
27413,0.4775,False
27414,1.0763,True
27415,0.7066,True
27416,0.3573,False
27417,0.9212,True
27418,0.9488,True
27419,0.2295,False
27420,0.7848,True
27421,0.9278,True
27422,0.6422,True
27423,0.2714,False
27424,0.2934,False
27425,0.1824,False
27426,0.1953,False
27427,0.3123,False
27428,0.5931,True
27429,0.3112,False
27430,0.76,True
27431,0.127,False
27432,0.1847,False
27433,0.3339,False
27434,0.1887,False
27435,0.2515,False
27436,0.3518,False
27437,0.165,False
27438,0.3415,False
27439,0.2525,False
27440,0.3493,False
27441,0.1411,False
27442,0.9101,True
27443,0.2852,False
27444,0.7675,True
27445,0.6753,True
27446,0.9627,True
27447,0.7625,True
27448,0.8428,True
27449,0.1804,False
27450,0.3072,False
27451,0.9216,True
27452,0.1056,False
27453,0.3145,False
27454,0.783,True
27455,0.9451,True
27456,0.2214,False
27457,0.8489,True
27458,0.4349,False
27459,0.3344,False
27460,1.2739,True
27461,0.2026,False
27462,0.5331,True
27463,0.1716,False
27464,0.4957,False
27465,0.8312,True
27466,0.3558,False
27467,0.8446,True
27468,0.1535,False
27469,0.4492,False
27470,0.5621,True
27471,0.3237,False
27472,0.0789,False
27473,0.2387,False
27474,0.3252,False
27475,0.1491,False
27476,0.282,False
27477,0.1129,False
27478,0.6993,True
27479,0.3737,False
27480,0.7111,True
27481,0.2099,False
27482,0.2459,False
27483,0.8694,True
27484,0.159,False
27485,0.2906,False
27486,0.7688,True
27487,0.5292,True
27488,0.2084,False
27489,0.3526,False
27490,0.5225,True
27491,0.3918,False
27492,0.2261,False
27493,0.3608,False
27494,0.4118,False
27495,0.2873,False
27496,0.2164,False
27497,0.3243,False
27498,0.57,True
27499,0.5731,True
27500,0.7699,True
27501,0.0824,False
27502,0.2674,False
27503,0.8746,True
27504,0.4122,False
27505,0.593,True
27506,1.3841,True
27507,0.5888,True
27508,0.4131,False
27509,0.7737,True
27510,0.9672,True
27511,0.4234,False
27512,0.1871,False
27513,0.2046,False
27514,0.9854,True
27515,0.2259,False
27516,0.2661,False
27517,0.798,True
27518,0.7797,True
27519,0.6793,True
27520,0.963,True
27521,0.5146,True
27522,0.1504,False
27523,0.3816,False
27524,0.0951,False
27525,0.9151,True
27526,0.195,False
27527,0.6349,True
27528,0.3942,False
27529,0.7417,True
27530,1.1525,True
27531,0.2518,False
27532,0.1882,False
27533,0.6563,True
27534,0.4318,False
27535,0.192,False
27536,0.6299,True
27537,0.3168,False
27538,0.3043,False
27539,0.6661,True
27540,0.2801,False
27541,0.8111,True
27542,0.2721,False
27543,0.2562,False
27544,0.3057,False
27545,0.3867,False
27546,0.5548,True
27547,0.1616,False
27548,0.2591,False
27549,0.4094,False
27550,0.208,False
27551,0.7572,True
27552,0.7079,True
27553,0.8163,True
27554,0.6772,True
27555,0.3035,False
27556,0.9349,True
27557,0.4601,False
27558,0.1286,False
27559,0.5777,True
27560,0.3945,False
27561,0.3137,False
27562,0.7513,True
27563,0.7462,True
27564,0.2297,False
27565,0.446,False
27566,0.4155,False
27567,0.1107,False
27568,0.3347,False
27569,0.8432,True
27570,0.8508,True
27571,0.2549,False
27572,0.3017,False
27573,0.3489,False
27574,0.5303,True
27575,0.3618,False
27576,0.359,False
27577,0.2023,False
27578,0.2047,False
27579,0.2356,False
27580,0.1602,False
27581,0.7884,True
27582,1.3661,True
27583,0.8827,True
27584,0.4939,False
27585,0.3315,False
27586,0.6663,True
27587,0.876,True
27588,0.75,True
27589,0.6465,True
27590,0.6895,True
27591,0.3801,False
27592,0.2404,False
27593,0.1889,False
27594,0.2205,False
27595,0.3963,False
27596,0.8922,True
27597,0.2587,False
27598,0.7804,True
27599,0.4892,False
27600,0.1662,False
27601,0.2692,False
27602,0.2134,False
27603,0.1841,False
27604,0.8617,True
27605,0.1372,False
27606,0.1246,False
27607,0.2688,False
27608,0.2935,False
27609,0.8039,True
27610,0.6726,True
27611,0.2505,False
27612,0.5238,True
27613,0.2297,False
27614,0.5532,True
27615,0.3223,False
27616,0.6311,True
27617,0.5614,True
27618,0.3242,False
27619,0.3353,False
27620,0.2447,False
27621,0.9639,True
27622,0.5598,True
27623,0.1383,False
27624,0.302,False
27625,0.1873,False
27626,0.9149,True
27627,0.1307,False
27628,0.1411,False
27629,0.5841,True
27630,0.4893,False
27631,1.0387,True
27632,0.1973,False
27633,0.7756,True
27634,0.7759,True
27635,0.2316,False
27636,0.2979,False
27637,0.2033,False
27638,0.4183,False
27639,0.3138,False
27640,0.2582,False
27641,0.5349,True
27642,0.3568,False
27643,0.2263,False
27644,0.7752,True
27645,0.1976,False
27646,1.1672,True
27647,0.2665,False
27648,0.3713,False
27649,0.7257,True
27650,0.3431,False
27651,0.9043,True
27652,0.442,False
27653,0.2228,False
27654,0.6541,True
27655,0.3885,False
27656,0.2194,False
27657,0.3425,False
27658,0.1723,False
27659,0.4641,False
27660,0.588,True
27661,0.6955,True
27662,0.253,False
27663,0.1505,False
27664,0.3624,False
27665,0.4957,False
27666,0.4225,False
27667,0.9225,True
27668,0.3219,False
27669,0.6441,True
27670,0.205,False
27671,0.4431,False
27672,0.3972,False
27673,0.5625,True
27674,0.5038,True
27675,0.8652,True
27676,0.5294,True
27677,0.1905,False
27678,0.1254,False
27679,0.2651,False
27680,0.6254,True
27681,0.3323,False
27682,0.2256,False
27683,0.4339,False
27684,0.4248,False
27685,0.399,False
27686,0.1833,False
27687,0.9616,True
27688,0.1438,False
27689,0.2641,False
27690,0.6766,True
27691,0.6943,True
27692,0.2035,False
27693,0.2445,False
27694,0.4761,False
27695,0.2842,False
27696,0.3621,False
27697,0.3907,False
27698,0.7883,True
27699,0.2096,False
27700,0.478,False
27701,0.1313,False
27702,0.406,False
27703,0.8892,True
27704,0.508,True
27705,0.4355,False
27706,0.4628,False
27707,0.1796,False
27708,0.6656,True
27709,0.3888,False
27710,0.9508,True
27711,0.6363,True
27712,0.8861,True
27713,0.2745,False
27714,0.9799,True
27715,0.7543,True
27716,0.3089,False
27717,0.713,True
27718,0.1533,False
27719,1.0443,True
27720,0.1103,False
27721,0.4976,False
27722,0.2505,False
27723,0.1374,False
27724,0.3022,False
27725,0.4227,False
27726,0.2444,False
27727,0.244,False
27728,0.5109,True
27729,0.6664,True
27730,0.207,False
27731,1.1297,True
27732,0.3593,False
27733,0.3579,False
27734,0.8109,True
27735,0.4937,False
27736,0.173,False
27737,0.237,False
27738,0.2355,False
27739,0.4543,False
27740,0.3901,False
27741,0.1041,False
27742,0.1966,False
27743,0.6707,True
27744,0.2316,False
27745,0.5851,True
27746,0.3245,False
27747,0.2538,False
27748,0.6382,True
27749,1.0964,True
27750,0.5718,True
27751,0.5257,True
27752,0.1813,False
27753,0.6709,True
27754,0.1519,False
27755,0.2162,False
27756,0.5185,True
27757,0.1366,False
27758,0.3359,False
27759,0.2173,False
27760,0.4478,False
27761,0.8339,True
27762,0.1053,False
27763,0.1584,False
27764,0.7119,True
27765,0.8464,True
27766,0.1937,False
27767,0.1859,False
27768,0.1776,False
27769,0.2714,False
27770,0.1421,False
27771,0.345,False
27772,0.6944,True
27773,0.9682,True
27774,0.3891,False
27775,0.4872,False
27776,0.6104,True
27777,0.1269,False
27778,0.7002,True
27779,0.4396,False
27780,0.4433,False
27781,0.1451,False
27782,0.6889,True
27783,0.2206,False
27784,0.1093,False
27785,0.3832,False
27786,0.2878,False
27787,0.2757,False
27788,0.4921,False
27789,0.5178,True
27790,0.3572,False
27791,0.3848,False
27792,1.0397,True
27793,0.4427,False
27794,0.2329,False
27795,0.6136,True
27796,1.0048,True
27797,0.8337,True
27798,0.3771,False
27799,0.9667,True
27800,0.3678,False
27801,1.0232,True
27802,0.2135,False
27803,0.6383,True
27804,0.3552,False
27805,0.6035,True
27806,0.1973,False
27807,0.3016,False
27808,0.3751,False
27809,0.2845,False
27810,0.8415,True
27811,0.5866,True
27812,0.2125,False
27813,0.497,False
27814,0.1118,False
27815,0.8565,True
27816,0.1624,False
27817,0.3642,False
27818,0.2936,False
27819,0.561,True
27820,0.1908,False
27821,0.2083,False
27822,1.1265,True
27823,0.1764,False
27824,0.2897,False
27825,0.6861,True
27826,0.1518,False
27827,0.2704,False
27828,0.1307,False
27829,0.3449,False
27830,0.8691,True
27831,0.4716,False
27832,0.1459,False
27833,0.3043,False
27834,0.354,False
27835,0.7823,True
27836,0.2811,False
27837,0.3811,False
27838,0.2489,False
27839,0.7914,True
27840,0.5061,True
27841,0.2885,False
27842,0.9383,True
27843,0.2706,False
27844,0.5112,True
27845,0.3024,False
27846,0.6131,True
27847,0.4165,False
27848,0.2276,False
27849,0.1425,False
27850,0.9739,True
27851,0.4417,False
27852,0.1415,False
27853,0.7574,True
27854,0.6048,True
27855,0.741,True
27856,0.2548,False
27857,0.3492,False
27858,0.878,True
27859,0.2414,False
27860,0.9924,True
27861,0.4531,False
27862,1.0325,True
27863,0.5483,True
27864,0.1978,False
27865,0.2906,False
27866,0.3224,False
27867,0.2324,False
27868,0.7891,True
27869,0.8096,True
27870,0.5773,True
27871,0.2841,False
27872,0.2141,False
27873,0.2814,False
27874,0.3214,False
27875,0.4594,False
27876,0.2969,False
27877,0.6589,True
27878,0.0932,False
27879,0.1681,False
27880,0.2951,False
27881,0.2838,False
27882,0.2187,False
27883,0.4156,False
27884,0.654,True
27885,0.1304,False
27886,0.4542,False
27887,0.2404,False
27888,0.6442,True
27889,0.1242,False
27890,0.2168,False
27891,0.1938,False
27892,0.3731,False
27893,0.5031,True
27894,0.293,False
27895,0.8746,True
27896,0.1455,False
27897,0.1769,False
27898,1.0062,True
27899,0.4382,False
27900,0.766,True
27901,0.799,True
27902,0.189,False
27903,0.5569,True
27904,0.2123,False
27905,0.5707,True
27906,0.4278,False
27907,0.3808,False
27908,0.717,True
27909,0.3148,False
27910,0.4534,False
27911,0.4005,False
27912,0.2645,False
27913,0.1087,False
27914,0.7096,True
27915,0.2892,False
27916,0.5063,True
27917,0.3443,False
27918,0.4676,False
27919,0.6074,True
27920,0.6022,True
27921,0.6955,True
27922,0.4074,False
27923,0.3469,False
27924,0.7712,True
27925,0.8609,True
27926,0.3026,False
27927,0.7227,True
27928,0.299,False
27929,0.2069,False
27930,0.3249,False
27931,0.8482,True
27932,0.4461,False
27933,0.3931,False
27934,0.1885,False
27935,0.2527,False
27936,0.3118,False
27937,0.1835,False
27938,0.3785,False
27939,0.4696,False
27940,0.0995,False
27941,0.8999,True
27942,0.1861,False
27943,0.2396,False
27944,0.7632,True
27945,0.1659,False
27946,0.5058,True
27947,0.4023,False
27948,0.792,True
27949,1.1586,True
27950,0.2405,False
27951,0.9506,True
27952,0.2851,False
27953,0.1504,False
27954,0.8867,True
27955,0.7615,True
27956,0.8272,True
27957,0.1754,False
27958,0.6829,True
27959,0.1832,False
27960,0.8364,True
27961,0.3943,False
27962,0.376,False
27963,0.8507,True
27964,0.7809,True
27965,0.187,False
27966,0.2724,False
27967,0.1996,False
27968,0.3106,False
27969,0.316,False
27970,0.2662,False
27971,0.6732,True
27972,0.2401,False
27973,0.1998,False
27974,0.1321,False
27975,0.2488,False
27976,0.4432,False
27977,0.6313,True
27978,0.2693,False
27979,0.7816,True
27980,0.2611,False
27981,0.688,True
27982,0.6947,True
27983,0.2095,False
27984,1.0818,True
27985,0.7109,True
27986,0.2331,False
27987,0.7111,True
27988,0.7882,True
27989,0.8918,True
27990,0.2247,False
27991,0.617,True
27992,0.1801,False
27993,0.237,False
27994,0.3479,False
27995,0.7254,True
27996,0.7826,True
27997,0.3417,False
27998,0.0873,False
27999,0.2606,False
28000,0.1551,False
28001,0.2619,False
28002,0.7668,True
28003,0.9047,True
28004,0.396,False
28005,0.7761,True
28006,0.8168,True
28007,0.2738,False
28008,0.4467,False
28009,0.3186,False
28010,0.8196,True
28011,0.2117,False
28012,0.8643,True
28013,0.6855,True
28014,0.5246,True
28015,0.5052,True
28016,0.6684,True
28017,0.5418,True
28018,0.3485,False
28019,0.728,True
28020,0.543,True
28021,0.1017,False
28022,0.278,False
28023,0.2613,False
28024,0.7811,True
28025,0.2681,False
28026,0.8042,True
28027,0.8324,True
28028,0.2821,False
28029,0.1483,False
28030,0.4895,False
28031,0.7867,True
28032,0.7094,True
28033,0.334,False
28034,0.5296,True
28035,0.874,True
28036,0.2574,False
28037,0.5461,True
28038,0.273,False
28039,0.2525,False
28040,0.364,False
28041,0.5677,True
28042,0.1298,False
28043,0.1182,False
28044,0.5148,True
28045,0.8765,True
28046,1.2582,True
28047,0.3934,False
28048,0.1627,False
28049,0.1769,False
28050,0.1458,False
28051,0.2833,False
28052,0.4969,False
28053,0.4302,False
28054,0.3107,False
28055,0.5254,True
28056,0.1237,False
28057,0.4303,False
28058,0.92,True
28059,0.4584,False
28060,0.5122,True
28061,0.2498,False
28062,0.5043,True
28063,0.2877,False
28064,0.8016,True
28065,0.4262,False
28066,0.344,False
28067,0.9985,True
28068,0.3739,False
28069,0.1716,False
28070,0.2864,False
28071,0.307,False
28072,0.3777,False
28073,0.8332,True
28074,0.3973,False
28075,0.2597,False
28076,0.5089,True
28077,0.2955,False
28078,0.1059,False
28079,0.3538,False
28080,0.1724,False
28081,0.2616,False
28082,0.7668,True
28083,1.2537,True
28084,0.8223,True
28085,0.4631,False
28086,0.2582,False
28087,1.025,True
28088,0.1875,False
28089,0.9061,True
28090,1.0098,True
28091,0.3055,False
28092,0.3685,False
28093,0.217,False
28094,0.8979,True
28095,0.7359,True
28096,0.3429,False
28097,0.3391,False
28098,0.2421,False
28099,0.5133,True
28100,0.3597,False
28101,0.2674,False
28102,0.7481,True
28103,0.4659,False
28104,0.7424,True
28105,0.1257,False
28106,0.4871,False
28107,0.2721,False
28108,0.5282,True
28109,0.4176,False
28110,0.1377,False
28111,0.2789,False
28112,0.3552,False
28113,0.7092,True
28114,0.7855,True
28115,0.8546,True
28116,0.213,False
28117,0.9227,True
28118,0.5219,True
28119,1.1002,True
28120,0.2295,False
28121,0.2804,False
28122,0.4551,False
28123,0.7335,True
28124,0.7622,True
28125,0.1569,False
28126,0.6882,True
28127,0.2859,False
28128,0.2022,False
28129,0.1456,False
28130,0.7427,True
28131,0.361,False
28132,0.221,False
28133,0.3373,False
28134,0.3227,False
28135,0.8731,True
28136,0.295,False
28137,0.1771,False
28138,0.3721,False
28139,0.4859,False
28140,0.7052,True
28141,0.3206,False
28142,0.555,True
28143,0.2006,False
28144,0.155,False
28145,0.2011,False
28146,0.4546,False
28147,0.3591,False
28148,0.8139,True
28149,0.4977,False
28150,0.87,True
28151,0.2455,False
28152,0.4178,False
28153,1.0332,True
28154,0.4256,False
28155,0.5749,True
28156,0.0859,False
28157,0.1018,False
28158,0.1716,False
28159,0.2315,False
28160,0.3944,False
28161,0.8097,True
28162,0.4158,False
28163,0.4902,False
28164,0.3512,False
28165,0.7539,True
28166,0.2368,False
28167,0.9994,True
28168,0.2996,False
28169,1.1567,True
28170,1.0456,True
28171,0.8919,True
28172,0.3181,False
28173,0.4072,False
28174,0.8334,True
28175,0.4165,False
28176,0.7662,True
28177,0.2533,False
28178,0.3685,False
28179,0.3405,False
28180,0.4203,False
28181,0.3669,False
28182,0.2302,False
28183,0.5512,True
28184,0.4176,False
28185,0.5004,True
28186,0.9423,True
28187,0.3824,False
28188,0.3798,False
28189,0.2788,False
28190,0.5224,True
28191,0.4265,False
28192,0.3366,False
28193,0.1522,False
28194,0.3437,False
28195,0.2411,False
28196,0.5438,True
28197,0.7383,True
28198,0.8688,True
28199,0.7198,True
28200,0.5423,True
28201,0.7335,True
28202,0.6602,True
28203,0.8456,True
28204,0.119,False
28205,0.2369,False
28206,0.3063,False
28207,0.6629,True
28208,0.677,True
28209,0.7709,True
28210,0.2508,False
28211,0.1563,False
28212,0.3062,False
28213,0.4115,False
28214,0.207,False
28215,0.6465,True
28216,0.6602,True
28217,0.8909,True
28218,0.8895,True
28219,0.8479,True
28220,0.178,False
28221,0.3701,False
28222,0.1287,False
28223,0.317,False
28224,0.342,False
28225,0.3802,False
28226,0.7539,True
28227,0.2683,False
28228,0.2902,False
28229,0.4709,False
28230,0.7727,True
28231,0.1727,False
28232,0.4662,False
28233,0.2942,False
28234,0.4151,False
28235,0.3484,False
28236,0.9555,True
28237,0.365,False
28238,0.2818,False
28239,0.3195,False
28240,0.3035,False
28241,0.2258,False
28242,0.314,False
28243,0.6466,True
28244,0.9201,True
28245,0.1968,False
28246,0.4298,False
28247,0.5432,True
28248,0.1822,False
28249,1.1667,True
28250,0.1597,False
28251,0.1952,False
28252,0.6947,True
28253,0.3248,False
28254,0.296,False
28255,0.3247,False
28256,0.3609,False
28257,0.3558,False
28258,0.24,False
28259,0.3646,False
28260,0.4298,False
28261,0.3423,False
28262,0.1801,False
28263,0.423,False
28264,1.0244,True
28265,0.7961,True
28266,0.5178,True
28267,0.5989,True
28268,0.2661,False
28269,0.3558,False
28270,0.3804,False
28271,0.2569,False
28272,0.9317,True
28273,0.3119,False
28274,0.6218,True
28275,0.401,False
28276,0.729,True
28277,0.6799,True
28278,0.6246,True
28279,0.4375,False
28280,1.1734,True
28281,0.5283,True
28282,0.1157,False
28283,0.8571,True
28284,0.3063,False
28285,0.6647,True
28286,0.2687,False
28287,0.5526,True
28288,0.7643,True
28289,0.7111,True
28290,1.0088,True
28291,0.9354,True
28292,0.1569,False
28293,0.626,True
28294,0.3187,False
28295,0.3131,False
28296,0.4397,False
28297,0.8604,True
28298,0.2415,False
28299,0.2585,False
28300,0.1992,False
28301,0.2225,False
28302,0.8844,True
28303,0.2793,False
28304,0.1449,False
28305,0.3684,False
28306,0.2719,False
28307,0.285,False
28308,0.3637,False
28309,0.609,True
28310,0.4022,False
28311,0.8338,True
28312,0.7824,True
28313,0.302,False
28314,0.3314,False
28315,0.471,False
28316,0.3542,False
28317,0.421,False
28318,0.3548,False
28319,0.7339,True
28320,0.521,True
28321,0.4953,False
28322,0.8401,True
28323,0.3858,False
28324,0.2863,False
28325,0.1992,False
28326,0.0737,False
28327,0.2144,False
28328,0.3142,False
28329,0.7091,True
28330,0.1594,False
28331,0.6585,True
28332,0.8491,True
28333,0.2435,False
28334,0.4956,False
28335,0.1849,False
28336,0.2222,False
28337,0.2299,False
28338,0.3357,False
28339,0.2227,False
28340,0.9166,True
28341,0.4334,False
28342,0.2344,False
28343,0.2536,False
28344,0.2199,False
28345,0.4063,False
28346,0.1247,False
28347,0.3697,False
28348,0.2613,False
28349,1.1107,True
28350,0.2408,False
28351,0.5141,True
28352,0.1248,False
28353,0.3347,False
28354,0.2366,False
28355,0.2945,False
28356,0.2362,False
28357,0.5029,True
28358,0.3817,False
28359,0.5788,True
28360,0.9824,True
28361,0.3147,False
28362,0.1926,False
28363,0.3489,False
28364,0.1783,False
28365,0.8316,True
28366,1.0791,True
28367,0.5637,True
28368,0.8337,True
28369,0.7286,True
28370,0.3587,False
28371,1.3004,True
28372,0.2042,False
28373,1.0449,True
28374,0.4019,False
28375,0.5869,True
28376,0.2574,False
28377,0.2301,False
28378,0.6847,True
28379,0.1265,False
28380,0.1378,False
28381,0.4848,False
28382,0.3261,False
28383,0.1902,False
28384,0.1077,False
28385,0.6186,True
28386,0.5248,True
28387,0.2365,False
28388,0.2137,False
28389,0.7912,True
28390,0.6241,True
28391,0.8892,True
28392,0.2783,False
28393,1.0981,True
28394,0.6422,True
28395,0.1304,False
28396,0.384,False
28397,0.2557,False
28398,0.1571,False
28399,0.5233,True
28400,0.6136,True
28401,0.2749,False
28402,0.7819,True
28403,0.367,False
28404,0.6797,True
28405,0.7236,True
28406,0.7588,True
28407,0.1998,False
28408,0.9659,True
28409,0.1659,False
28410,0.1366,False
28411,0.3132,False
28412,0.5056,True
28413,0.4172,False
28414,1.0144,True
28415,0.8175,True
28416,0.2837,False
28417,0.2156,False
28418,0.261,False
28419,0.2015,False
28420,0.3592,False
28421,0.7697,True
28422,0.9495,True
28423,0.2545,False
28424,0.9164,True
28425,0.9754,True
28426,0.568,True
28427,0.3037,False
28428,0.9946,True
28429,0.2655,False
28430,0.2846,False
28431,0.3595,False
28432,0.125,False
28433,0.472,False
28434,0.1131,False
28435,0.3314,False
28436,0.5046,True
28437,0.857,True
28438,0.5959,True
28439,0.3002,False
28440,0.2176,False
28441,0.485,False
28442,0.8045,True
28443,0.2607,False
28444,0.4727,False
28445,0.5025,True
28446,0.3521,False
28447,0.8991,True
28448,0.1784,False
28449,0.2044,False
28450,0.1779,False
28451,0.445,False
28452,0.1884,False
28453,0.7484,True
28454,0.1952,False
28455,0.1392,False
28456,0.2938,False
28457,0.6902,True
28458,0.2925,False
28459,0.612,True
28460,0.43,False
28461,0.1093,False
28462,0.3653,False
28463,0.7431,True
28464,0.6165,True
28465,0.2254,False
28466,0.2108,False
28467,0.898,True
28468,0.2788,False
28469,0.797,True
28470,0.4907,False
28471,0.2963,False
28472,0.9799,True
28473,0.1866,False
28474,0.1924,False
28475,0.1236,False
28476,0.7351,True
28477,0.2042,False
28478,0.364,False
28479,0.3148,False
28480,0.6107,True
28481,0.1055,False
28482,0.7306,True
28483,0.9288,True
28484,0.9707,True
28485,0.1702,False
28486,0.3796,False
28487,0.2866,False
28488,0.1784,False
28489,0.1783,False
28490,0.9158,True
28491,1.1596,True
28492,0.9733,True
28493,1.0768,True
28494,0.2486,False
28495,0.1327,False
28496,0.1697,False
28497,0.2432,False
28498,0.7011,True
28499,0.1856,False
28500,0.7556,True
28501,0.8747,True
28502,0.5904,True
28503,0.2448,False
28504,0.3814,False
28505,0.3594,False
28506,0.5927,True
28507,0.3935,False
28508,0.5079,True
28509,0.1128,False
28510,0.2602,False
28511,0.378,False
28512,0.2925,False
28513,0.4945,False
28514,0.3569,False
28515,0.4883,False
28516,0.6325,True
28517,0.4596,False
28518,0.6665,True
28519,0.5208,True
28520,0.8939,True
28521,0.1803,False
28522,0.1935,False
28523,0.3719,False
28524,0.2161,False
28525,0.2561,False
28526,0.7666,True
28527,0.5215,True
28528,0.2654,False
28529,0.5653,True
28530,0.6296,True
28531,0.2373,False
28532,0.5966,True
28533,0.197,False
28534,0.182,False
28535,0.3294,False
28536,0.1511,False
28537,0.1789,False
28538,0.8756,True
28539,0.3178,False
28540,0.7907,True
28541,0.3236,False
28542,0.3044,False
28543,0.3566,False
28544,0.8153,True
28545,0.6959,True
28546,0.5013,True
28547,0.1859,False
28548,0.782,True
28549,0.6309,True
28550,0.2072,False
28551,0.2609,False
28552,0.2757,False
28553,0.2671,False
28554,0.2417,False
28555,0.6749,True
28556,0.8616,True
28557,0.2522,False
28558,0.2851,False
28559,0.8871,True
28560,0.2122,False
28561,0.3042,False
28562,1.1532,True
28563,0.3841,False
28564,0.5422,True
28565,0.3276,False
28566,0.2843,False
28567,0.4236,False
28568,0.7715,True
28569,0.7321,True
28570,0.3338,False
28571,0.7673,True
28572,0.3136,False
28573,0.4397,False
28574,0.3459,False
28575,0.1488,False
28576,0.7965,True
28577,0.9629,True
28578,0.3707,False
28579,0.6487,True
28580,0.3279,False
28581,0.5782,True
28582,0.5246,True
28583,1.0685,True
28584,0.5481,True
28585,0.2826,False
28586,1.0812,True
28587,0.7447,True
28588,0.3483,False
28589,0.2599,False
28590,0.318,False
28591,0.2462,False
28592,0.9952,True
28593,0.083,False
28594,0.5812,True
28595,0.2924,False
28596,0.2923,False
28597,0.8049,True
28598,0.6975,True
28599,0.2116,False
28600,0.7586,True
28601,0.3622,False
28602,0.4813,False
28603,0.2598,False
28604,0.1891,False
28605,0.5061,True
28606,0.8555,True
28607,0.4622,False
28608,0.7186,True
28609,0.2777,False
28610,1.0012,True
28611,0.5703,True
28612,0.2876,False
28613,0.5543,True
28614,0.6807,True
28615,0.3286,False
28616,0.273,False
28617,0.4874,False
28618,0.7977,True
28619,0.8382,True
28620,1.1834,True
28621,0.2406,False
28622,0.7287,True
28623,0.3275,False
28624,0.2029,False
28625,0.7129,True
28626,0.7419,True
28627,0.5465,True
28628,0.7435,True
28629,0.1916,False
28630,0.2035,False
28631,0.3804,False
28632,0.1269,False
28633,0.2505,False
28634,0.5867,True
28635,0.235,False
28636,0.7428,True
28637,0.2824,False
28638,0.1294,False
28639,0.2355,False
28640,0.2823,False
28641,0.2185,False
28642,0.2892,False
28643,0.5398,True
28644,0.9644,True
28645,0.7253,True
28646,0.2229,False
28647,0.2571,False
28648,0.2272,False
28649,0.4448,False
28650,0.2019,False
28651,0.7744,True
28652,0.3893,False
28653,0.8182,True
28654,0.5716,True
28655,0.433,False
28656,0.5556,True
28657,0.2396,False
28658,0.945,True
28659,0.4344,False
28660,0.9397,True
28661,0.5417,True
28662,0.0741,False
28663,0.1137,False
28664,0.277,False
28665,0.2466,False
28666,0.1777,False
28667,0.3708,False
28668,0.1171,False
28669,0.7193,True
28670,0.1925,False
28671,0.2542,False
28672,0.2143,False
28673,0.3254,False
28674,0.5058,True
28675,0.7441,True
28676,0.5411,True
28677,0.4176,False
28678,0.2626,False
28679,0.8087,True
28680,0.2827,False
28681,0.5055,True
28682,0.1368,False
28683,0.8548,True
28684,0.3423,False
28685,0.1205,False
28686,0.2182,False
28687,0.2545,False
28688,0.2062,False
28689,0.1999,False
28690,0.4998,False
28691,0.2605,False
28692,0.4907,False
28693,0.6636,True
28694,0.1112,False
28695,0.4848,False
28696,0.2681,False
28697,0.3645,False
28698,0.3999,False
28699,0.641,True
28700,0.2903,False
28701,0.3704,False
28702,0.248,False
28703,0.3141,False
28704,0.36,False
28705,0.4036,False
28706,0.4674,False
28707,0.331,False
28708,0.9912,True
28709,0.1821,False
28710,0.1848,False
28711,0.1788,False
28712,0.4318,False
28713,0.7088,True
28714,0.7607,True
28715,0.1984,False
28716,0.2862,False
28717,0.1819,False
28718,0.242,False
28719,0.2112,False
28720,0.7901,True
28721,0.7169,True
28722,0.2911,False
28723,0.3416,False
28724,0.0858,False
28725,0.1737,False
28726,0.2031,False
28727,0.267,False
28728,0.1704,False
28729,0.2344,False
28730,0.2547,False
28731,0.1709,False
28732,0.5604,True
28733,0.5779,True
28734,0.4143,False
28735,0.8074,True
28736,0.382,False
28737,0.8067,True
28738,0.8132,True
28739,0.5482,True
28740,0.1588,False
28741,0.2828,False
28742,0.6212,True
28743,0.3694,False
28744,0.2191,False
28745,0.1512,False
28746,0.7221,True
28747,0.7752,True
28748,0.1992,False
28749,0.4812,False
28750,0.8745,True
28751,0.6965,True
28752,0.1788,False
28753,0.7963,True
28754,0.7475,True
28755,0.2594,False
28756,0.1033,False
28757,0.6038,True
28758,0.3571,False
28759,0.1112,False
28760,0.2481,False
28761,0.3447,False
28762,0.6028,True
28763,0.2316,False
28764,0.1092,False
28765,0.3449,False
28766,0.3967,False
28767,0.7186,True
28768,0.2541,False
28769,0.9004,True
28770,0.4222,False
28771,0.3418,False
28772,0.5353,True
28773,0.2045,False
28774,0.204,False
28775,0.4232,False
28776,0.252,False
28777,0.4734,False
28778,0.7203,True
28779,0.1367,False
28780,0.5264,True
28781,0.1148,False
28782,0.7866,True
28783,0.2527,False
28784,0.3594,False
28785,0.1714,False
28786,0.2479,False
28787,0.7675,True
28788,0.2254,False
28789,0.7518,True
28790,0.2073,False
28791,0.2469,False
28792,0.6145,True
28793,0.3051,False
28794,0.1718,False
28795,0.1976,False
28796,0.4557,False
28797,0.8433,True
28798,0.131,False
28799,0.8018,True
28800,0.6063,True
28801,1.1695,True
28802,0.4177,False
28803,0.1748,False
28804,0.2385,False
28805,0.5436,True
28806,0.3542,False
28807,0.2769,False
28808,0.0881,False
28809,0.1959,False
28810,0.1394,False
28811,0.4019,False
28812,0.1236,False
28813,0.2104,False
28814,0.2205,False
28815,0.6438,True
28816,0.3422,False
28817,1.1859,True
28818,0.4802,False
28819,0.1768,False
28820,0.3381,False
28821,0.1521,False
28822,0.1289,False
28823,0.2756,False
28824,0.5239,True
28825,0.2787,False
28826,0.172,False
28827,0.8047,True
28828,0.3309,False
28829,0.4118,False
28830,0.1712,False
28831,0.8005,True
28832,0.1801,False
28833,0.5914,True
28834,0.4519,False
28835,0.3804,False
28836,0.3244,False
28837,0.3438,False
28838,0.4873,False
28839,0.1778,False
28840,0.1279,False
28841,0.5809,True
28842,0.2167,False
28843,0.161,False
28844,0.1751,False
28845,0.2259,False
28846,0.6744,True
28847,1.2183,True
28848,0.798,True
28849,0.3373,False
28850,0.4635,False
28851,0.2723,False
28852,0.2992,False
28853,0.8497,True
28854,0.4436,False
28855,0.4522,False
28856,0.1679,False
28857,1.0597,True
28858,0.8105,True
28859,0.1957,False
28860,0.2389,False
28861,0.1064,False
28862,0.2269,False
28863,0.7379,True
28864,0.852,True
28865,0.0964,False
28866,0.2694,False
28867,0.6985,True
28868,0.6244,True
28869,0.9663,True
28870,0.9766,True
28871,0.2737,False
28872,0.6837,True
28873,0.343,False
28874,0.4245,False
28875,0.1467,False
28876,0.6597,True
28877,0.7353,True
28878,0.6448,True
28879,0.2877,False
28880,0.1709,False
28881,0.943,True
28882,0.2693,False
28883,0.7307,True
28884,0.202,False
28885,0.6636,True
28886,0.2306,False
28887,0.1639,False
28888,0.8617,True
28889,0.3202,False
28890,0.3261,False
28891,0.2281,False
28892,0.2766,False
28893,0.1627,False
28894,0.1685,False
28895,0.8123,True
28896,0.2693,False
28897,0.218,False
28898,0.892,True
28899,0.449,False
28900,0.7545,True
28901,0.4916,False
28902,0.432,False
28903,0.2144,False
28904,0.4098,False
28905,0.2071,False
28906,0.1767,False
28907,1.0332,True
28908,0.259,False
28909,0.8854,True
28910,0.5931,True
28911,0.5623,True
28912,0.8212,True
28913,0.1233,False
28914,0.2411,False
28915,0.6841,True
28916,0.1467,False
28917,0.3457,False
28918,0.2611,False
28919,0.3303,False
28920,0.3171,False
28921,0.1915,False
28922,0.4168,False
28923,1.1331,True
28924,0.3959,False
28925,0.714,True
28926,1.0595,True
28927,0.8979,True
28928,0.4959,False
28929,0.3635,False
28930,0.5616,True
28931,0.2717,False
28932,0.3254,False
28933,0.5072,True
28934,0.122,False
28935,0.8062,True
28936,0.3665,False
28937,0.0953,False
28938,0.3613,False
28939,0.9744,True
28940,0.31,False
28941,0.2491,False
28942,0.3228,False
28943,0.9306,True
28944,0.6095,True
28945,0.0581,False
28946,0.6137,True
28947,0.2836,False
28948,0.3507,False
28949,0.3352,False
28950,0.203,False
28951,0.1842,False
28952,0.6213,True
28953,0.4046,False
28954,0.3262,False
28955,0.2819,False
28956,0.2044,False
28957,0.2443,False
28958,0.1629,False
28959,0.742,True
28960,0.5106,True
28961,0.881,True
28962,0.0865,False
28963,0.7881,True
28964,0.1573,False
28965,0.1774,False
28966,0.8154,True
28967,0.4002,False
28968,0.6215,True
28969,0.3363,False
28970,0.2504,False
28971,1.2022,True
28972,0.8382,True
28973,0.2627,False
28974,0.6434,True
28975,0.5457,True
28976,0.2551,False
28977,0.7416,True
28978,0.5148,True
28979,0.2682,False
28980,0.9104,True
28981,0.3626,False
28982,0.9439,True
28983,0.5015,True
28984,0.6733,True
28985,0.7608,True
28986,0.2152,False
28987,0.4349,False
28988,0.4108,False
28989,0.7988,True
28990,0.5753,True
28991,0.6773,True
28992,0.3474,False
28993,0.5793,True
28994,0.9389,True
28995,0.4952,False
28996,0.6548,True
28997,0.1017,False
28998,0.7579,True
28999,0.3701,False
29000,0.9457,True
29001,0.1533,False
29002,1.2061,True
29003,0.3299,False
29004,0.6748,True
29005,0.3195,False
29006,0.8039,True
29007,0.6464,True
29008,0.6261,True
29009,0.2184,False
29010,0.3671,False
29011,0.8701,True
29012,0.4078,False
29013,0.898,True
29014,0.2817,False
29015,1.0523,True
29016,0.4623,False
29017,0.1979,False
29018,0.8676,True
29019,0.3962,False
29020,0.3733,False
29021,0.7547,True
29022,0.1869,False
29023,0.7133,True
29024,0.1721,False
29025,0.4281,False
29026,0.114,False
29027,0.6198,True
29028,0.216,False
29029,0.7452,True
29030,0.7569,True
29031,0.2786,False
29032,0.4584,False
29033,0.7485,True
29034,0.1825,False
29035,0.517,True
29036,0.8218,True
29037,0.5316,True
29038,0.9052,True
29039,0.8011,True
29040,0.3998,False
29041,0.5582,True
29042,0.3926,False
29043,0.2669,False
29044,0.4683,False
29045,0.7734,True
29046,0.5427,True
29047,0.1511,False
29048,0.3041,False
29049,0.4708,False
29050,0.4831,False
29051,0.7622,True
29052,0.3308,False
29053,0.2093,False
29054,0.2022,False
29055,0.363,False
29056,1.0261,True
29057,0.1514,False
29058,0.2313,False
29059,0.4136,False
29060,0.4661,False
29061,0.1713,False
29062,0.2174,False
29063,0.1481,False
29064,0.9138,True
29065,0.2911,False
29066,0.5932,True
29067,0.2685,False
29068,0.504,True
29069,0.8796,True
29070,0.5434,True
29071,0.3672,False
29072,0.8046,True
29073,0.7992,True
29074,0.6455,True
29075,0.1983,False
29076,0.4126,False
29077,0.2315,False
29078,0.7388,True
29079,0.6732,True
29080,0.6224,True
29081,0.861,True
29082,0.6398,True
29083,0.4397,False
29084,0.4137,False
29085,0.1881,False
29086,0.2526,False
29087,0.8494,True
29088,0.2904,False
29089,0.1517,False
29090,0.1382,False
29091,0.7017,True
29092,0.8217,True
29093,0.3725,False
29094,0.4456,False
29095,0.2738,False
29096,0.3018,False
29097,0.5527,True
29098,0.756,True
29099,0.104,False
29100,0.9367,True
29101,0.3016,False
29102,0.5419,True
29103,0.199,False
29104,0.1859,False
29105,0.6395,True
29106,0.1236,False
29107,0.6586,True
29108,0.6063,True
29109,0.2742,False
29110,0.194,False
29111,0.7686,True
29112,0.1527,False
29113,0.701,True
29114,0.2341,False
29115,0.5807,True
29116,0.3941,False
29117,0.7396,True
29118,0.6163,True
29119,0.3315,False
29120,0.1157,False
29121,0.3228,False
29122,0.3742,False
29123,0.2811,False
29124,0.3187,False
29125,0.3958,False
29126,0.1968,False
29127,0.2908,False
29128,0.0988,False
29129,0.8912,True
29130,0.2354,False
29131,0.6686,True
29132,1.0037,True
29133,0.3515,False
29134,0.8947,True
29135,0.6279,True
29136,0.7375,True
29137,0.7622,True
29138,0.1469,False
29139,0.2814,False
29140,1.0343,True
29141,0.6221,True
29142,0.7745,True
29143,0.2473,False
29144,0.2238,False
29145,0.9671,True
29146,0.7894,True
29147,0.7799,True
29148,0.4198,False
29149,0.1277,False
29150,0.2144,False
29151,0.7004,True
29152,0.4834,False
29153,0.6425,True
29154,0.8728,True
29155,0.517,True
29156,0.1083,False
29157,0.1498,False
29158,0.2751,False
29159,0.2052,False
29160,0.3986,False
29161,0.1262,False
29162,0.5473,True
29163,0.6037,True
29164,0.6197,True
29165,0.8421,True
29166,0.2756,False
29167,1.0508,True
29168,0.2929,False
29169,0.3377,False
29170,0.3449,False
29171,0.6749,True
29172,0.1669,False
29173,0.2845,False
29174,0.4429,False
29175,0.1594,False
29176,0.2952,False
29177,0.8092,True
29178,0.2002,False
29179,0.7118,True
29180,0.188,False
29181,0.5994,True
29182,0.388,False
29183,0.224,False
29184,0.5421,True
29185,0.6452,True
29186,0.5829,True
29187,0.7665,True
29188,0.1614,False
29189,0.8655,True
29190,0.151,False
29191,0.3301,False
29192,0.3091,False
29193,0.2383,False
29194,0.1251,False
29195,0.3613,False
29196,0.3425,False
29197,0.5585,True
29198,0.2355,False
29199,0.1569,False
29200,0.4244,False
29201,0.1715,False
29202,0.5818,True
29203,0.9211,True
29204,0.3121,False
29205,0.8791,True
29206,0.1216,False
29207,0.6557,True
29208,0.5797,True
29209,0.3026,False
29210,0.4167,False
29211,0.4787,False
29212,0.2203,False
29213,0.8581,True
29214,0.9608,True
29215,0.5647,True
29216,0.1819,False
29217,0.3312,False
29218,0.928,True
29219,0.1455,False
29220,0.126,False
29221,0.2785,False
29222,1.1416,True
29223,0.3464,False
29224,0.6791,True
29225,0.6602,True
29226,0.141,False
29227,0.5275,True
29228,0.2789,False
29229,0.7,True
29230,0.9108,True
29231,0.5258,True
29232,0.5283,True
29233,0.8283,True
29234,0.2605,False
29235,0.2276,False
29236,0.4333,False
29237,0.2108,False
29238,0.2659,False
29239,0.3762,False
29240,0.1464,False
29241,0.8409,True
29242,0.3917,False
29243,0.365,False
29244,0.1841,False
29245,0.2771,False
29246,0.742,True
29247,0.2292,False
29248,0.8469,True
29249,0.4328,False
29250,0.8365,True
29251,0.2654,False
29252,0.4754,False
29253,0.183,False
29254,0.1063,False
29255,0.373,False
29256,1.0041,True
29257,0.1951,False
29258,0.7657,True
29259,0.3822,False
29260,0.7141,True
29261,0.4395,False
29262,0.1699,False
29263,0.724,True
29264,0.5072,True
29265,1.0571,True
29266,0.509,True
29267,0.9779,True
29268,0.1975,False
29269,0.265,False
29270,0.6137,True
29271,0.2192,False
29272,0.9099,True
29273,0.2791,False
29274,0.5319,True
29275,0.8717,True
29276,0.9888,True
29277,0.3007,False
29278,0.2928,False
29279,0.8818,True
29280,0.3764,False
29281,0.8062,True
29282,0.1648,False
29283,0.1847,False
29284,0.4884,False
29285,0.9832,True
29286,0.6779,True
29287,1.0249,True
29288,0.833,True
29289,0.5688,True
29290,0.8347,True
29291,0.7453,True
29292,0.3832,False
29293,0.1353,False
29294,1.0209,True
29295,0.3192,False
29296,0.2908,False
29297,0.3154,False
29298,0.5995,True
29299,0.4725,False
29300,0.6953,True
29301,0.2803,False
29302,0.361,False
29303,0.4008,False
29304,0.4393,False
29305,0.7945,True
29306,0.4399,False
29307,0.3691,False
29308,0.317,False
29309,0.2488,False
29310,0.9363,True
29311,0.8759,True
29312,0.6987,True
29313,0.4139,False
29314,0.2568,False
29315,0.8266,True
29316,0.5092,True
29317,0.235,False
29318,0.4205,False
29319,0.546,True
29320,0.2963,False
29321,0.3086,False
29322,0.3131,False
29323,0.1266,False
29324,0.5635,True
29325,0.308,False
29326,0.4952,False
29327,0.8173,True
29328,0.5326,True
29329,0.6538,True
29330,0.8036,True
29331,0.2444,False
29332,0.2822,False
29333,0.3877,False
29334,0.5327,True
29335,0.2749,False
29336,0.5774,True
29337,0.5114,True
29338,0.2545,False
29339,0.2934,False
29340,0.463,False
29341,0.358,False
29342,0.1039,False
29343,0.2164,False
29344,0.2276,False
29345,0.3347,False
29346,0.6262,True
29347,0.3897,False
29348,0.2934,False
29349,0.265,False
29350,0.181,False
29351,0.9478,True
29352,0.1655,False
29353,0.1052,False
29354,0.3825,False
29355,0.4517,False
29356,0.6095,True
29357,0.4083,False
29358,0.4721,False
29359,0.6882,True
29360,0.927,True
29361,0.6493,True
29362,0.6569,True
29363,0.4937,False
29364,0.3919,False
29365,0.3922,False
29366,0.1245,False
29367,0.3871,False
29368,0.4906,False
29369,0.0708,False
29370,0.7319,True
29371,0.1677,False
29372,0.5707,True
29373,0.3437,False
29374,0.7588,True
29375,0.7371,True
29376,0.1452,False
29377,0.4905,False
29378,0.7026,True
29379,0.558,True
29380,0.7017,True
29381,0.7818,True
29382,0.2614,False
29383,0.1965,False
29384,0.168,False
29385,0.4681,False
29386,0.5176,True
29387,0.1867,False
29388,0.1474,False
29389,0.3816,False
29390,0.3231,False
29391,0.7141,True
29392,0.1151,False
29393,0.7881,True
29394,0.7282,True
29395,0.1383,False
29396,0.1017,False
29397,0.7374,True
29398,0.5348,True
29399,0.155,False
29400,0.9546,True
29401,0.4113,False
29402,0.7823,True
29403,0.3114,False
29404,0.8402,True
29405,0.8978,True
29406,0.443,False
29407,0.3251,False
29408,0.4261,False
29409,0.4349,False
29410,0.6217,True
29411,0.9326,True
29412,0.8051,True
29413,0.15,False
29414,0.0823,False
29415,1.1204,True
29416,0.1948,False
29417,0.1501,False
29418,0.4862,False
29419,0.5515,True
29420,0.5887,True
29421,0.0773,False
29422,0.2956,False
29423,0.2418,False
29424,0.6577,True
29425,0.2662,False
29426,0.205,False
29427,0.1298,False
29428,0.8137,True
29429,0.3119,False
29430,0.3509,False
29431,0.6928,True
29432,0.7034,True
29433,0.5449,True
29434,0.6299,True
29435,0.2014,False
29436,0.2847,False
29437,0.9595,True
29438,0.7716,True
29439,0.2354,False
29440,0.8206,True
29441,0.7683,True
29442,0.4687,False
29443,0.2446,False
29444,0.6054,True
29445,0.396,False
29446,0.7687,True
29447,0.4698,False
29448,0.4256,False
29449,0.4127,False
29450,0.1513,False
29451,0.1338,False
29452,0.8513,True
29453,0.1339,False
29454,0.9856,True
29455,0.163,False
29456,0.8076,True
29457,0.2963,False
29458,0.9366,True
29459,0.7786,True
29460,0.282,False
29461,0.1911,False
29462,0.3755,False
29463,1.0035,True
29464,0.1515,False
29465,0.3335,False
29466,0.22,False
29467,0.1369,False
29468,0.4055,False
29469,0.2897,False
29470,0.334,False
29471,0.1204,False
29472,0.8189,True
29473,0.2092,False
29474,0.4105,False
29475,0.6431,True
29476,0.1251,False
29477,0.953,True
29478,0.8041,True
29479,1.0001,True
29480,0.7054,True
29481,0.3312,False
29482,0.2244,False
29483,0.4152,False
29484,0.5832,True
29485,0.3631,False
29486,0.3479,False
29487,1.0402,True
29488,0.3151,False
29489,0.765,True
29490,0.2249,False
29491,0.4409,False
29492,0.1529,False
29493,0.6695,True
29494,0.5027,True
29495,0.771,True
29496,0.4141,False
29497,0.4,False
29498,0.4269,False
29499,0.0728,False
29500,0.3827,False
29501,0.9083,True
29502,0.5215,True
29503,0.2395,False
29504,0.9574,True
29505,0.1641,False
29506,0.7661,True
29507,0.8614,True
29508,0.3852,False
29509,0.6563,True
29510,0.3795,False
29511,0.3088,False
29512,0.1556,False
29513,0.3523,False
29514,0.4897,False
29515,0.6849,True
29516,0.2293,False
29517,0.2775,False
29518,0.2372,False
29519,0.8961,True
29520,0.2961,False
29521,0.5146,True
29522,0.5096,True
29523,0.5439,True
29524,0.7733,True
29525,0.6893,True
29526,0.347,False
29527,0.2442,False
29528,1.051,True
29529,0.546,True
29530,0.2542,False
29531,0.2034,False
29532,0.1429,False
29533,0.899,True
29534,0.3878,False
29535,0.7716,True
29536,0.318,False
29537,0.8392,True
29538,0.2813,False
29539,0.5211,True
29540,0.1917,False
29541,0.1061,False
29542,0.9939,True
29543,0.1649,False
29544,0.4723,False
29545,0.3673,False
29546,0.39,False
29547,0.1455,False
29548,0.3438,False
29549,0.3127,False
29550,0.2699,False
29551,0.5704,True
29552,0.5886,True
29553,0.9965,True
29554,0.9764,True
29555,0.3758,False
29556,0.5089,True
29557,0.8636,True
29558,0.7949,True
29559,0.5134,True
29560,0.4852,False
29561,0.3519,False
29562,0.6332,True
29563,0.426,False
29564,0.6742,True
29565,0.2429,False
29566,0.128,False
29567,0.7341,True
29568,0.9772,True
29569,0.4724,False
29570,0.1704,False
29571,0.6733,True
29572,0.2169,False
29573,0.8566,True
29574,0.2068,False
29575,0.5322,True
29576,0.4133,False
29577,0.9145,True
29578,0.4921,False
29579,0.3435,False
29580,0.1343,False
29581,0.3189,False
29582,0.3701,False
29583,0.5997,True
29584,0.5164,True
29585,0.7267,True
29586,0.1958,False
29587,0.2663,False
29588,0.1379,False
29589,0.5635,True
29590,0.1703,False
29591,0.677,True
29592,0.47,False
29593,0.8983,True
29594,0.1907,False
29595,0.3127,False
29596,0.3665,False
29597,0.3494,False
29598,0.2724,False
29599,0.3891,False
29600,0.3441,False
29601,0.576,True
29602,0.5699,True
29603,0.7276,True
29604,0.6505,True
29605,0.1926,False
29606,0.8807,True
29607,0.8253,True
29608,0.2843,False
29609,0.3963,False
29610,0.8723,True
29611,0.3854,False
29612,0.6816,True
29613,0.3421,False
29614,0.708,True
29615,0.1326,False
29616,1.0979,True
29617,0.3767,False
29618,0.4353,False
29619,0.3649,False
29620,0.2116,False
29621,0.6139,True
29622,0.2655,False
29623,0.4181,False
29624,0.4174,False
29625,0.2538,False
29626,0.4694,False
29627,0.3214,False
29628,0.8216,True
29629,0.3507,False
29630,0.1606,False
29631,0.4003,False
29632,0.3894,False
29633,0.7749,True
29634,0.8837,True
29635,1.1311,True
29636,0.3161,False
29637,0.6456,True
29638,0.5851,True
29639,0.3614,False
29640,0.4087,False
29641,0.5985,True
29642,0.446,False
29643,0.3037,False
29644,0.1723,False
29645,1.0341,True
29646,0.2776,False
29647,0.4571,False
29648,0.7389,True
29649,0.2313,False
29650,0.2448,False
29651,0.674,True
29652,0.4303,False
29653,0.5702,True
29654,0.2259,False
29655,0.4538,False
29656,0.1449,False
29657,0.2785,False
29658,0.3462,False
29659,0.2604,False
29660,0.1907,False
29661,0.2307,False
29662,0.2338,False
29663,0.15,False
29664,0.7704,True
29665,0.9878,True
29666,0.3201,False
29667,0.8169,True
29668,0.2334,False
29669,1.0349,True
29670,0.4241,False
29671,0.188,False
29672,0.4846,False
29673,0.1735,False
29674,0.2371,False
29675,0.7038,True
29676,0.9702,True
29677,1.0613,True
29678,0.6448,True
29679,0.3087,False
29680,0.5119,True
29681,0.1889,False
29682,0.408,False
29683,0.1851,False
29684,0.395,False
29685,0.3368,False
29686,0.8444,True
29687,0.2097,False
29688,0.2095,False
29689,0.5646,True
29690,0.2249,False
29691,0.6698,True
29692,0.6804,True
29693,0.108,False
29694,0.7649,True
29695,0.7085,True
29696,0.2277,False
29697,0.1459,False
29698,0.133,False
29699,0.1497,False
29700,0.1708,False
29701,0.8696,True
29702,0.9931,True
29703,0.4219,False
29704,0.6453,True
29705,0.4177,False
29706,0.9538,True
29707,0.098,False
29708,0.2689,False
29709,0.8726,True
29710,0.4452,False
29711,0.4254,False
29712,0.9294,True
29713,0.4147,False
29714,0.3414,False
29715,0.6089,True
29716,0.7043,True
29717,0.4176,False
29718,0.9619,True
29719,0.2235,False
29720,0.3668,False
29721,0.4073,False
29722,0.2787,False
29723,0.1877,False
29724,0.2262,False
29725,0.478,False
29726,0.3108,False
29727,0.7813,True
29728,0.6116,True
29729,0.8107,True
29730,0.2413,False
29731,0.3446,False
29732,0.3628,False
29733,0.2717,False
29734,0.6685,True
29735,0.3893,False
29736,0.2063,False
29737,0.4904,False
29738,0.2411,False
29739,0.7478,True
29740,0.6472,True
29741,0.1764,False
29742,0.4413,False
29743,0.2729,False
29744,0.192,False
29745,0.3642,False
29746,0.2623,False
29747,0.9049,True
29748,0.2276,False
29749,0.8857,True
29750,0.7295,True
29751,0.6929,True
29752,0.1932,False
29753,0.4622,False
29754,0.1224,False
29755,0.2914,False
29756,0.1361,False
29757,0.7049,True
29758,0.1786,False
29759,0.6057,True
29760,0.4533,False
29761,0.5497,True
29762,0.5487,True
29763,0.4019,False
29764,0.1333,False
29765,0.1572,False
29766,0.8755,True
29767,0.2909,False
29768,0.6123,True
29769,0.4,False
29770,0.6604,True
29771,0.1702,False
29772,0.8145,True
29773,0.0742,False
29774,0.5371,True
29775,0.2356,False
29776,0.4351,False
29777,0.9038,True
29778,0.277,False
29779,0.7667,True
29780,0.1345,False
29781,0.1393,False
29782,0.4045,False
29783,0.6333,True
29784,0.4042,False
29785,0.3319,False
29786,0.3145,False
29787,0.8936,True
29788,1.0939,True
29789,0.3767,False
29790,0.8891,True
29791,0.7491,True
29792,0.1571,False
29793,0.1265,False
29794,0.8949,True
29795,0.8774,True
29796,0.174,False
29797,0.199,False
29798,0.459,False
29799,0.2444,False
29800,0.3999,False
29801,0.1291,False
29802,0.1594,False
29803,0.7813,True
29804,0.7591,True
29805,0.7797,True
29806,0.3417,False
29807,0.2937,False
29808,0.7841,True
29809,0.5303,True
29810,0.5819,True
29811,0.1949,False
29812,0.581,True
29813,0.5812,True
29814,0.2326,False
29815,0.5063,True
29816,0.2908,False
29817,0.187,False
29818,0.8224,True
29819,0.3297,False
29820,0.6205,True
29821,0.3276,False
29822,0.5703,True
29823,0.1778,False
29824,0.4004,False
29825,0.2017,False
29826,0.1011,False
29827,0.1804,False
29828,0.5863,True
29829,0.432,False
29830,0.6351,True
29831,0.2803,False
29832,1.0771,True
29833,0.7982,True
29834,0.336,False
29835,0.3206,False
29836,0.3378,False
29837,0.1515,False
29838,0.1814,False
29839,0.4246,False
29840,0.5928,True
29841,0.172,False
29842,0.4904,False
29843,0.2286,False
29844,0.7249,True
29845,0.2305,False
29846,0.3552,False
29847,0.2762,False
29848,0.4397,False
29849,0.1437,False
29850,0.1713,False
29851,1.1364,True
29852,0.2501,False
29853,1.2502,True
29854,0.6387,True
29855,0.3534,False
29856,0.6228,True
29857,0.3856,False
29858,0.4371,False
29859,0.3746,False
29860,0.6808,True
29861,0.1258,False
29862,0.4209,False
29863,0.98,True
29864,0.2563,False
29865,0.8651,True
29866,0.2352,False
29867,0.2115,False
29868,0.8691,True
29869,0.275,False
29870,0.4955,False
29871,0.5375,True
29872,0.3369,False
29873,0.2909,False
29874,0.7035,True
29875,0.2004,False
29876,0.1508,False
29877,0.4187,False
29878,0.2289,False
29879,0.1212,False
29880,0.4842,False
29881,1.042,True
29882,0.8781,True
29883,0.9839,True
29884,0.9677,True
29885,1.1471,True
29886,0.4483,False
29887,0.5729,True
29888,1.0427,True
29889,0.3172,False
29890,0.1951,False
29891,0.7347,True
29892,0.4641,False
29893,0.5524,True
29894,0.7867,True
29895,0.2614,False
29896,0.3905,False
29897,0.6689,True
29898,0.814,True
29899,0.8503,True
29900,0.1783,False
29901,0.1933,False
29902,0.1577,False
29903,0.4543,False
29904,0.7542,True
29905,0.2358,False
29906,1.1812,True
29907,0.5071,True
29908,0.9174,True
29909,0.64,True
29910,1.1585,True
29911,0.2215,False
29912,0.9401,True
29913,0.5012,True
29914,0.2955,False
29915,0.2449,False
29916,0.3032,False
29917,0.4716,False
29918,0.1444,False
29919,0.6952,True
29920,0.5673,True
29921,0.8414,True
29922,0.3224,False
29923,0.3267,False
29924,0.2161,False
29925,0.1818,False
29926,0.6007,True
29927,0.3353,False
29928,0.2835,False
29929,0.3623,False
29930,0.5654,True
29931,0.1897,False
29932,0.5431,True
29933,0.0983,False
29934,0.6677,True
29935,0.2513,False
29936,0.6197,True
29937,1.3273,True
29938,0.2093,False
29939,0.0909,False
29940,0.2063,False
29941,0.3723,False
29942,0.258,False
29943,0.4795,False
29944,0.4,False
29945,0.5103,True
29946,0.3968,False
29947,0.1434,False
29948,0.3103,False
29949,0.3086,False
29950,0.2811,False
29951,0.3392,False
29952,0.8658,True
29953,0.3374,False
29954,0.3706,False
29955,0.6518,True
29956,0.4305,False
29957,0.2544,False
29958,0.5915,True
29959,0.3056,False
29960,0.6405,True
29961,0.3744,False
29962,0.9739,True
29963,0.38,False
29964,0.5294,True
29965,0.698,True
29966,0.3867,False
29967,0.1259,False
29968,0.6574,True
29969,0.3674,False
29970,0.635,True
29971,0.4195,False
29972,0.9853,True
29973,0.4671,False
29974,0.2625,False
29975,0.4773,False
29976,0.2992,False
29977,0.9169,True
29978,0.6595,True
29979,0.2935,False
29980,0.6321,True
29981,0.2623,False
29982,0.6289,True
29983,0.8549,True
29984,0.6869,True
29985,0.2286,False
29986,0.2057,False
29987,0.1134,False
29988,1.2205,True
29989,0.6828,True
29990,0.3423,False
29991,0.6753,True
29992,0.2848,False
29993,0.3759,False
29994,0.3413,False
29995,0.8139,True
29996,0.2102,False
29997,0.9274,True
29998,0.2926,False
29999,0.4284,False
30000,0.1901,False
30001,0.6815,True
30002,0.3629,False
30003,0.1545,False
30004,0.7953,True
30005,0.8764,True
30006,0.3418,False
30007,1.0519,True
30008,0.7574,True
30009,0.0898,False
30010,0.5363,True
30011,0.4983,False
30012,0.9563,True
30013,0.3466,False
30014,0.7195,True
30015,0.963,True
30016,0.3171,False
30017,0.358,False
30018,0.3362,False
30019,0.2167,False
30020,0.2117,False
30021,0.1036,False
30022,0.1309,False
30023,0.4982,False
30024,0.2174,False
30025,0.2673,False
30026,0.2286,False
30027,0.1588,False
30028,1.0109,True
30029,0.1988,False
30030,0.2286,False
30031,0.4399,False
30032,0.9632,True
30033,0.2146,False
30034,0.2541,False
30035,0.8443,True
30036,0.5521,True
30037,0.2198,False
30038,0.1946,False
30039,0.469,False
30040,1.0036,True
30041,0.6103,True
30042,0.377,False
30043,0.1946,False
30044,0.2539,False
30045,0.2871,False
30046,0.4995,False
30047,0.9787,True
30048,0.3456,False
30049,0.1729,False
30050,0.7268,True
30051,1.0033,True
30052,0.2157,False
30053,0.5105,True
30054,0.9707,True
30055,0.3281,False
30056,0.1476,False
30057,0.2113,False
30058,0.3211,False
30059,1.0116,True
30060,0.3112,False
30061,0.3584,False
30062,0.9296,True
30063,0.1659,False
30064,0.9797,True
30065,0.4942,False
30066,0.0887,False
30067,0.9891,True
30068,0.7544,True
30069,1.1384,True
30070,0.4683,False
30071,0.374,False
30072,0.4926,False
30073,0.304,False
30074,0.1321,False
30075,0.6371,True
30076,0.8846,True
30077,0.2236,False
30078,0.9616,True
30079,0.1913,False
30080,0.6039,True
30081,0.5162,True
30082,1.1143,True
30083,0.2165,False
30084,0.5105,True
30085,0.2236,False
30086,0.129,False
30087,0.1901,False
30088,0.1685,False
30089,0.5199,True
30090,0.9405,True
30091,0.4966,False
30092,0.1211,False
30093,0.2315,False
30094,0.642,True
30095,0.4253,False
30096,0.5547,True
30097,0.1527,False
30098,0.7534,True
30099,0.6116,True
30100,0.4959,False
30101,0.9423,True
30102,0.213,False
30103,0.5148,True
30104,0.9378,True
30105,0.4694,False
30106,0.4482,False
30107,0.2372,False
30108,0.4759,False
30109,0.2232,False
30110,0.9435,True
30111,0.6429,True
30112,0.8594,True
30113,0.3833,False
30114,0.1563,False
30115,0.2347,False
30116,0.9637,True
30117,0.1706,False
30118,0.4545,False
30119,0.4068,False
30120,0.3142,False
30121,0.7727,True
30122,0.1548,False
30123,0.1978,False
30124,0.1828,False
30125,0.3419,False
30126,0.4781,False
30127,0.3039,False
30128,0.2222,False
30129,0.1893,False
30130,0.3968,False
30131,0.3029,False
30132,0.2157,False
30133,0.3327,False
30134,0.6048,True
30135,0.139,False
30136,0.4188,False
30137,0.9206,True
30138,0.1579,False
30139,0.1331,False
30140,0.285,False
30141,0.4798,False
30142,0.1557,False
30143,0.169,False
30144,0.7917,True
30145,0.4456,False
30146,0.7751,True
30147,0.5422,True
30148,0.3763,False
30149,0.213,False
30150,0.2508,False
30151,0.1364,False
30152,0.2489,False
30153,1.1647,True
30154,0.0947,False
30155,0.213,False
30156,0.2041,False
30157,0.4976,False
30158,0.0795,False
30159,0.4564,False
30160,0.2574,False
30161,0.2057,False
30162,0.7995,True
30163,0.0957,False
30164,0.1816,False
30165,0.2301,False
30166,0.4332,False
30167,0.7072,True
30168,0.4013,False
30169,0.1815,False
30170,1.3662,True
30171,0.3331,False
30172,0.9205,True
30173,0.1618,False
30174,0.2263,False
30175,0.7306,True
30176,0.3212,False
30177,0.2856,False
30178,0.8117,True
30179,0.6676,True
30180,0.5074,True
30181,0.7235,True
30182,0.9299,True
30183,0.3344,False
30184,0.1816,False
30185,0.8953,True
30186,0.4521,False
30187,0.7341,True
30188,0.5137,True
30189,1.0092,True
30190,0.6431,True
30191,0.2031,False
30192,0.619,True
30193,0.3924,False
30194,0.6852,True
30195,0.4944,False
30196,0.1867,False
30197,0.5418,True
30198,0.2153,False
30199,0.7424,True
30200,0.8468,True
30201,0.6103,True
30202,0.4878,False
30203,0.6099,True
30204,0.795,True
30205,0.9277,True
30206,0.2768,False
30207,0.4407,False
30208,0.4211,False
30209,0.4547,False
30210,0.7269,True
30211,0.3737,False
30212,0.1434,False
30213,0.7169,True
30214,0.8472,True
30215,0.1637,False
30216,0.3773,False
30217,0.2518,False
30218,0.7235,True
30219,0.8456,True
30220,0.9867,True
30221,0.7178,True
30222,0.3483,False
30223,0.6153,True
30224,0.4283,False
30225,0.2608,False
30226,0.153,False
30227,0.1798,False
30228,0.1332,False
30229,0.7764,True
30230,0.9505,True
30231,0.3867,False
30232,0.184,False
30233,0.1999,False
30234,0.5012,True
30235,0.8814,True
30236,0.7884,True
30237,0.2294,False
30238,0.2064,False
30239,0.2044,False
30240,0.3651,False
30241,0.3576,False
30242,0.5442,True
30243,0.9514,True
30244,0.4244,False
30245,0.2828,False
30246,0.8152,True
30247,0.4988,False
30248,0.4346,False
30249,0.5963,True
30250,0.0721,False
30251,0.2227,False
30252,0.2961,False
30253,0.2826,False
30254,0.5359,True
30255,0.9153,True
30256,0.2176,False
30257,0.3136,False
30258,0.1901,False
30259,0.3409,False
30260,0.8318,True
30261,0.2053,False
30262,0.5764,True
30263,0.5224,True
30264,0.7657,True
30265,0.1629,False
30266,0.6672,True
30267,0.1232,False
30268,0.8465,True
30269,0.1455,False
30270,0.4678,False
30271,0.5693,True
30272,0.4074,False
30273,0.371,False
30274,0.9474,True
30275,0.3157,False
30276,0.3243,False
30277,0.4602,False
30278,0.2,False
30279,0.2226,False
30280,0.0846,False
30281,1.0143,True
30282,0.447,False
30283,0.4498,False
30284,0.2492,False
30285,0.3988,False
30286,0.9243,True
30287,0.3415,False
30288,0.6177,True
30289,0.9801,True
30290,0.1956,False
30291,0.8102,True
30292,0.457,False
30293,0.2042,False
30294,0.4937,False
30295,0.5452,True
30296,0.7019,True
30297,0.7804,True
30298,0.1326,False
30299,0.6944,True
30300,0.0838,False
30301,0.5782,True
30302,0.4819,False
30303,0.2987,False
30304,0.256,False
30305,0.4229,False
30306,0.2464,False
30307,0.4139,False
30308,0.1506,False
30309,0.7995,True
30310,0.3216,False
30311,0.1045,False
30312,0.8188,True
30313,0.199,False
30314,0.6217,True
30315,0.5036,True
30316,0.6927,True
30317,0.4534,False
30318,0.3763,False
30319,0.1322,False
30320,0.2003,False
30321,1.0854,True
30322,0.1531,False
30323,0.2806,False
30324,0.7295,True
30325,0.7097,True
30326,0.4155,False
30327,0.0923,False
30328,0.6944,True
30329,0.4306,False
30330,0.9884,True
30331,0.4814,False
30332,0.3032,False
30333,0.1852,False
30334,0.3462,False
30335,0.2618,False
30336,0.5798,True
30337,0.2013,False
30338,0.3747,False
30339,0.3592,False
30340,0.813,True
30341,0.422,False
30342,0.0757,False
30343,0.3125,False
30344,0.7274,True
30345,0.1169,False
30346,0.2884,False
30347,0.393,False
30348,0.4817,False
30349,0.3198,False
30350,0.2247,False
30351,0.2905,False
30352,0.1368,False
30353,0.735,True
30354,0.7324,True
30355,0.1274,False
30356,0.3943,False
30357,0.3327,False
30358,0.2928,False
30359,0.6617,True
30360,0.3104,False
30361,0.5723,True
30362,0.2688,False
30363,0.2064,False
30364,0.2255,False
30365,0.6046,True
30366,0.2345,False
30367,0.1131,False
30368,1.0135,True
30369,0.6401,True
30370,0.801,True
30371,0.305,False
30372,0.8083,True
30373,0.2494,False
30374,0.6118,True
30375,0.8212,True
30376,0.2278,False
30377,0.1616,False
30378,1.072,True
30379,0.1616,False
30380,0.5651,True
30381,0.5634,True
30382,0.2303,False
30383,0.2686,False
30384,0.8836,True
30385,0.5749,True
30386,0.4867,False
30387,0.4365,False
30388,0.3165,False
30389,0.1006,False
30390,0.1084,False
30391,0.6272,True
30392,0.7939,True
30393,0.1063,False
30394,0.2408,False
30395,0.1603,False
30396,0.314,False
30397,0.4498,False
30398,0.1824,False
30399,0.2244,False
30400,0.2768,False
30401,0.3478,False
30402,0.5235,True
30403,1.0409,True
30404,0.1549,False
30405,0.1426,False
30406,0.1153,False
30407,0.5204,True
30408,0.4255,False
30409,0.4615,False
30410,0.3377,False
30411,0.2659,False
30412,0.4493,False
30413,0.1451,False
30414,0.2994,False
30415,0.749,True
30416,1.0394,True
30417,0.2911,False
30418,0.48,False
30419,0.1689,False
30420,0.8933,True
30421,0.0997,False
30422,0.2885,False
30423,0.4631,False
30424,0.3436,False
30425,0.4289,False
30426,0.5165,True
30427,0.3104,False
30428,0.1968,False
30429,0.2259,False
30430,0.1788,False
30431,0.8026,True
30432,0.2649,False
30433,0.1919,False
30434,0.2001,False
30435,0.4439,False
30436,0.7435,True
30437,1.2434,True
30438,0.5056,True
30439,1.1208,True
30440,0.227,False
30441,0.9304,True
30442,0.3116,False
30443,0.2251,False
30444,0.367,False
30445,0.5806,True
30446,0.2643,False
30447,0.5362,True
30448,0.4999,False
30449,0.1895,False
30450,1.1252,True
30451,0.1385,False
30452,0.2229,False
30453,0.7157,True
30454,0.4702,False
30455,0.1978,False
30456,0.1678,False
30457,0.3562,False
30458,0.1785,False
30459,0.768,True
30460,0.2914,False
30461,0.3388,False
30462,0.1997,False
30463,0.301,False
30464,0.3208,False
30465,0.2107,False
30466,0.6053,True
30467,0.4925,False
30468,0.3154,False
30469,0.3371,False
30470,1.1805,True
30471,1.1051,True
30472,0.4855,False
30473,0.2592,False
30474,0.7949,True
30475,0.8263,True
30476,0.1504,False
30477,0.9402,True
30478,0.6539,True
30479,0.3584,False
30480,0.9283,True
30481,0.4673,False
30482,0.6429,True
30483,0.2696,False
30484,0.8935,True
30485,0.1706,False
30486,0.0512,False
30487,0.1965,False
30488,1.1294,True
30489,0.2167,False
30490,0.1312,False
30491,0.348,False
30492,0.641,True
30493,0.4623,False
30494,0.422,False
30495,0.492,False
30496,0.145,False
30497,0.3596,False
30498,0.1912,False
30499,0.709,True
30500,0.7165,True
30501,0.5858,True
30502,0.2343,False
30503,0.8544,True
30504,0.5343,True
30505,0.3098,False
30506,0.1973,False
30507,0.1226,False
30508,0.2093,False
30509,0.2569,False
30510,0.8466,True
30511,0.4901,False
30512,0.211,False
30513,0.2568,False
30514,0.1735,False
30515,0.228,False
30516,0.6689,True
30517,0.8173,True
30518,0.6341,True
30519,0.3141,False
30520,0.1362,False
30521,0.6305,True
30522,0.6918,True
30523,0.9064,True
30524,1.0103,True
30525,0.2739,False
30526,0.18,False
30527,0.9206,True
30528,0.4492,False
30529,0.6178,True
30530,0.4425,False
30531,0.9066,True
30532,0.5527,True
30533,0.2304,False
30534,0.3604,False
30535,0.6519,True
30536,0.528,True
30537,0.365,False
30538,0.3688,False
30539,0.7463,True
30540,0.9075,True
30541,0.9202,True
30542,0.5504,True
30543,0.4428,False
30544,0.2579,False
30545,0.4998,False
30546,0.6558,True
30547,0.4462,False
30548,0.7638,True
30549,0.7678,True
30550,0.5205,True
30551,0.5472,True
30552,0.9058,True
30553,0.365,False
30554,0.2676,False
30555,0.4854,False
30556,0.4792,False
30557,0.6129,True
30558,0.6511,True
30559,0.9281,True
30560,0.8845,True
30561,0.2886,False
30562,0.333,False
30563,0.8169,True
30564,0.2203,False
30565,0.6575,True
30566,0.4193,False
30567,0.4622,False
30568,0.6481,True
30569,0.2702,False
30570,0.1852,False
30571,0.4029,False
30572,0.2171,False
30573,0.9045,True
30574,0.2962,False
30575,0.127,False
30576,0.4547,False
30577,0.6771,True
30578,0.374,False
30579,0.3607,False
30580,0.2105,False
30581,0.2548,False
30582,0.149,False
30583,1.0047,True
30584,0.6924,True
30585,0.5966,True
30586,0.5793,True
30587,0.1438,False
30588,0.4286,False
30589,0.091,False
30590,1.0579,True
30591,0.1737,False
30592,0.9408,True
30593,0.1466,False
30594,0.3667,False
30595,0.3154,False
30596,0.2193,False
30597,0.403,False
30598,0.0783,False
30599,0.4564,False
30600,0.2999,False
30601,0.8047,True
30602,0.4247,False
30603,0.172,False
30604,0.6984,True
30605,0.8585,True
30606,0.5942,True
30607,0.7293,True
30608,0.7501,True
30609,0.3818,False
30610,0.1137,False
30611,0.308,False
30612,0.1253,False
30613,0.8512,True
30614,0.8501,True
30615,0.4675,False
30616,0.1861,False
30617,0.1113,False
30618,0.6234,True
30619,0.6291,True
30620,0.1812,False
30621,0.1232,False
30622,0.7306,True
30623,0.3379,False
30624,0.1508,False
30625,0.6049,True
30626,0.3037,False
30627,0.3277,False
30628,0.6959,True
30629,0.6486,True
30630,0.666,True
30631,0.2535,False
30632,0.5345,True
30633,0.2672,False
30634,1.03,True
30635,0.4502,False
30636,0.4701,False
30637,0.167,False
30638,0.2403,False
30639,0.2876,False
30640,0.2073,False
30641,0.5241,True
30642,0.712,True
30643,0.1039,False
30644,0.184,False
30645,0.6099,True
30646,0.4876,False
30647,0.207,False
30648,0.2593,False
30649,0.59,True
30650,0.2094,False
30651,0.4112,False
30652,0.4745,False
30653,0.6077,True
30654,0.1201,False
30655,0.563,True
30656,0.6807,True
30657,0.1801,False
30658,0.3792,False
30659,0.1226,False
30660,0.3316,False
30661,0.8059,True
30662,0.1632,False
30663,0.1479,False
30664,0.4141,False
30665,0.213,False
30666,0.1225,False
30667,0.8281,True
30668,0.3078,False
30669,0.3317,False
30670,1.0147,True
30671,0.2754,False
30672,0.4202,False
30673,0.7007,True
30674,0.3336,False
30675,0.1945,False
30676,0.5115,True
30677,0.5253,True
30678,0.8613,True
30679,0.1431,False
30680,0.6254,True
30681,0.2006,False
30682,0.3373,False
30683,0.2474,False
30684,0.1829,False
30685,0.1882,False
30686,0.8501,True
30687,0.3163,False
30688,0.9568,True
30689,0.3091,False
30690,0.4103,False
30691,0.838,True
30692,0.3316,False
30693,0.2658,False
30694,0.2575,False
30695,0.2994,False
30696,0.5076,True
30697,0.2213,False
30698,1.0592,True
30699,0.7284,True
30700,0.0802,False
30701,0.1317,False
30702,0.8407,True
30703,0.9567,True
30704,0.3988,False
30705,0.2001,False
30706,0.4593,False
30707,0.4825,False
30708,0.765,True
30709,0.1718,False
30710,0.1887,False
30711,0.283,False
30712,0.1041,False
30713,0.9027,True
30714,0.5598,True
30715,0.1953,False
30716,0.178,False
30717,0.6337,True
30718,0.7109,True
30719,0.1834,False
30720,0.3455,False
30721,0.2498,False
30722,0.3225,False
30723,1.0355,True
30724,0.7128,True
30725,0.6153,True
30726,0.3109,False
30727,0.869,True
30728,0.4721,False
30729,0.3507,False
30730,1.0357,True
30731,0.3312,False
30732,1.0824,True
30733,0.2814,False
30734,0.4035,False
30735,0.2576,False
30736,0.4638,False
30737,0.2426,False
30738,0.2693,False
30739,0.2503,False
30740,0.5535,True
30741,0.1194,False
30742,0.318,False
30743,0.9281,True
30744,0.4069,False
30745,0.5491,True
30746,0.1773,False
30747,0.4916,False
30748,0.4142,False
30749,0.3045,False
30750,0.6621,True
30751,1.1353,True
30752,0.3205,False
30753,0.5469,True
30754,0.238,False
30755,0.1978,False
30756,1.1286,True
30757,0.386,False
30758,0.3163,False
30759,0.1197,False
30760,0.7348,True
30761,0.5918,True
30762,0.269,False
30763,0.6428,True
30764,0.4034,False
30765,0.1971,False
30766,0.671,True
30767,0.8464,True
30768,0.6191,True
30769,0.3111,False
30770,0.9499,True
30771,0.381,False
30772,0.2912,False
30773,0.4391,False
30774,0.5004,True
30775,0.4535,False
30776,0.3582,False
30777,0.8016,True
30778,0.6296,True
30779,0.1907,False
30780,0.2077,False
30781,0.2223,False
30782,0.3529,False
30783,0.1902,False
30784,0.1566,False
30785,0.3546,False
30786,0.2376,False
30787,0.4689,False
30788,0.1619,False
30789,0.5897,True
30790,0.322,False
30791,0.187,False
30792,0.2377,False
30793,0.2795,False
30794,0.7834,True
30795,0.385,False
30796,0.5703,True
30797,0.4321,False
30798,0.2055,False
30799,0.8957,True
30800,0.8543,True
30801,0.7233,True
30802,0.748,True
30803,0.2682,False
30804,0.5829,True
30805,0.1591,False
30806,0.8671,True
30807,0.1363,False
30808,0.5802,True
30809,0.1475,False
30810,0.6753,True
30811,0.7953,True
30812,0.4614,False
30813,0.4585,False
30814,0.1565,False
30815,0.3001,False
30816,0.2546,False
30817,0.2004,False
30818,0.1893,False
30819,0.794,True
30820,0.6387,True
30821,0.3446,False
30822,0.1514,False
30823,0.6915,True
30824,0.1464,False
30825,0.1652,False
30826,0.9938,True
30827,0.3239,False
30828,0.3675,False
30829,0.2649,False
30830,0.2053,False
30831,0.3622,False
30832,0.6855,True
30833,0.2452,False
30834,0.1867,False
30835,0.264,False
30836,0.9128,True
30837,0.2737,False
30838,0.6544,True
30839,0.2894,False
30840,0.2388,False
30841,0.6321,True
30842,0.154,False
30843,0.1817,False
30844,0.5052,True
30845,0.2551,False
30846,0.4821,False
30847,0.2044,False
30848,0.2004,False
30849,1.1,True
30850,0.5384,True
30851,0.4084,False
30852,0.9322,True
30853,0.6862,True
30854,0.3056,False
30855,0.7837,True
30856,0.3901,False
30857,0.1072,False
30858,0.6073,True
30859,0.4087,False
30860,0.4141,False
30861,0.7405,True
30862,0.9144,True
30863,0.5383,True
30864,0.8075,True
30865,0.5959,True
30866,0.1763,False
30867,0.4063,False
30868,0.1155,False
30869,0.7152,True
30870,1.223,True
30871,0.6031,True
30872,0.8397,True
30873,0.845,True
30874,0.9209,True
30875,0.3025,False
30876,0.2446,False
30877,0.4063,False
30878,0.7594,True
30879,0.1781,False
30880,0.136,False
30881,0.1121,False
30882,0.2443,False
30883,0.7871,True
30884,0.2912,False
30885,1.0081,True
30886,0.9154,True
30887,0.1459,False
30888,0.6876,True
30889,0.1181,False
30890,0.6026,True
30891,0.9081,True
30892,0.345,False
30893,0.1312,False
30894,0.7362,True
30895,0.3906,False
30896,0.3125,False
30897,0.6747,True
30898,0.4468,False
30899,0.2444,False
30900,0.1351,False
30901,0.865,True
30902,0.8023,True
30903,0.8687,True
30904,0.2481,False
30905,0.5069,True
30906,0.374,False
30907,0.3282,False
30908,0.6314,True
30909,0.2016,False
30910,0.2423,False
30911,0.4425,False
30912,0.6392,True
30913,0.2414,False
30914,0.8678,True
30915,0.2873,False
30916,0.3022,False
30917,0.3835,False
30918,1.0574,True
30919,0.4078,False
30920,0.694,True
30921,0.8071,True
30922,0.4329,False
30923,0.3515,False
30924,0.9587,True
30925,0.7409,True
30926,0.4457,False
30927,0.216,False
30928,0.7681,True
30929,0.3226,False
30930,0.6848,True
30931,0.2474,False
30932,0.813,True
30933,0.5703,True
30934,0.463,False
30935,0.6994,True
30936,0.6661,True
30937,0.1479,False
30938,0.5441,True
30939,0.3653,False
30940,0.0649,False
30941,0.3513,False
30942,0.2384,False
30943,1.04,True
30944,0.1925,False
30945,0.1221,False
30946,0.7848,True
30947,0.2551,False
30948,0.2852,False
30949,0.6225,True
30950,0.2172,False
30951,0.8598,True
30952,0.8823,True
30953,0.3736,False
30954,0.4902,False
30955,0.2562,False
30956,0.2331,False
30957,0.923,True
30958,0.5408,True
30959,0.8077,True
30960,0.5606,True
30961,0.6233,True
30962,0.2348,False
30963,0.2205,False
30964,0.5068,True
30965,0.1908,False
30966,0.2565,False
30967,0.4188,False
30968,0.4846,False
30969,0.3203,False
30970,0.5199,True
30971,0.2579,False
30972,0.2812,False
30973,0.1544,False
30974,0.6209,True
30975,0.6069,True
30976,0.3313,False
30977,0.2383,False
30978,0.3984,False
30979,0.4184,False
30980,0.1312,False
30981,0.4212,False
30982,0.8659,True
30983,0.7786,True
30984,0.2531,False
30985,0.7691,True
30986,0.4265,False
30987,0.4218,False
30988,0.2302,False
30989,0.7807,True
30990,0.1307,False
30991,1.1635,True
30992,1.0251,True
30993,0.9225,True
30994,0.7307,True
30995,1.0642,True
30996,0.4237,False
30997,0.7978,True
30998,0.2084,False
30999,0.3222,False
31000,0.8835,True
31001,0.1647,False
31002,0.2216,False
31003,0.9683,True
31004,0.7005,True
31005,0.6624,True
31006,0.1506,False
31007,0.3958,False
31008,0.5116,True
31009,0.8273,True
31010,0.3262,False
31011,0.4665,False
31012,0.2873,False
31013,0.2653,False
31014,0.2662,False
31015,0.2128,False
31016,0.2969,False
31017,0.3154,False
31018,0.2751,False
31019,0.3706,False
31020,0.3542,False
31021,0.6269,True
31022,0.3437,False
31023,0.4386,False
31024,0.4247,False
31025,1.1736,True
31026,1.1066,True
31027,0.2598,False
31028,0.4084,False
31029,0.2848,False
31030,0.592,True
31031,0.261,False
31032,0.2582,False
31033,0.1281,False
31034,0.7057,True
31035,0.2625,False
31036,0.1335,False
31037,0.4321,False
31038,0.1907,False
31039,0.7041,True
31040,0.1569,False
31041,0.3798,False
31042,0.1755,False
31043,0.3862,False
31044,0.468,False
31045,0.9762,True
31046,0.2037,False
31047,0.7197,True
31048,0.2306,False
31049,0.4765,False
31050,0.7073,True
31051,0.7719,True
31052,0.0417,False
31053,0.2031,False
31054,0.2591,False
31055,0.2824,False
31056,1.1362,True
31057,0.7619,True
31058,0.3811,False
31059,1.0555,True
31060,0.7799,True
31061,0.6652,True
31062,0.3036,False
31063,0.9336,True
31064,0.6348,True
31065,0.4322,False
31066,0.5878,True
31067,0.2677,False
31068,0.4962,False
31069,0.3703,False
31070,0.4801,False
31071,0.2335,False
31072,0.192,False
31073,0.8983,True
31074,1.0564,True
31075,0.2386,False
31076,0.347,False
31077,0.7624,True
31078,0.498,False
31079,0.2423,False
31080,0.3112,False
31081,0.3124,False
31082,0.1613,False
31083,0.2088,False
31084,0.2061,False
31085,1.187,True
31086,1.0061,True
31087,0.1938,False
31088,0.2201,False
31089,0.6359,True
31090,0.5501,True
31091,0.6136,True
31092,0.7322,True
31093,0.8835,True
31094,0.275,False
31095,0.3231,False
31096,0.2214,False
31097,0.7252,True
31098,0.3236,False
31099,0.3838,False
31100,0.7623,True
31101,0.6319,True
31102,0.2574,False
31103,0.9984,True
31104,0.5985,True
31105,0.2504,False
31106,0.1945,False
31107,0.4178,False
31108,0.2463,False
31109,0.2866,False
31110,0.3394,False
31111,0.4692,False
31112,0.2768,False
31113,0.3528,False
31114,0.1999,False
31115,0.601,True
31116,0.6319,True
31117,0.9243,True
31118,0.7113,True
31119,0.6762,True
31120,0.7156,True
31121,0.1583,False
31122,0.134,False
31123,0.1716,False
31124,1.0048,True
31125,0.2558,False
31126,1.0535,True
31127,0.3233,False
31128,0.2219,False
31129,0.4716,False
31130,0.2291,False
31131,0.7561,True
31132,0.3698,False
31133,0.2235,False
31134,0.248,False
31135,0.7587,True
31136,0.2478,False
31137,0.349,False
31138,0.2056,False
31139,0.5741,True
31140,1.22,True
31141,0.2368,False
31142,0.2696,False
31143,0.2691,False
31144,0.778,True
31145,0.5853,True
31146,0.2441,False
31147,0.3548,False
31148,0.5212,True
31149,0.1947,False
31150,0.5254,True
31151,0.2291,False
31152,0.4316,False
31153,0.4239,False
31154,0.8416,True
31155,0.1632,False
31156,0.2041,False
31157,0.1993,False
31158,0.3688,False
31159,0.0601,False
31160,0.5578,True
31161,0.1779,False
31162,0.3783,False
31163,1.0093,True
31164,0.2274,False
31165,0.1478,False
31166,0.7467,True
31167,0.7943,True
31168,0.6472,True
31169,0.7223,True
31170,0.3832,False
31171,0.2555,False
31172,0.3528,False
31173,0.7529,True
31174,1.09,True
31175,0.8129,True
31176,0.0689,False
31177,0.2369,False
31178,0.2481,False
31179,0.6648,True
31180,0.767,True
31181,0.9287,True
31182,0.1275,False
31183,0.7722,True
31184,0.3071,False
31185,0.0703,False
31186,0.2978,False
31187,0.1788,False
31188,0.2008,False
31189,0.8125,True
31190,0.5679,True
31191,0.7827,True
31192,0.8286,True
31193,0.6203,True
31194,0.6001,True
31195,1.0013,True
31196,0.1402,False
31197,0.1974,False
31198,0.1969,False
31199,1.0325,True
31200,0.4011,False
31201,0.1947,False
31202,0.2029,False
31203,0.4546,False
31204,0.2644,False
31205,0.2299,False
31206,0.428,False
31207,0.2935,False
31208,0.5475,True
31209,0.229,False
31210,0.7223,True
31211,0.4895,False
31212,0.1134,False
31213,0.5497,True
31214,0.9137,True
31215,0.5932,True
31216,0.2665,False
31217,0.9636,True
31218,0.2953,False
31219,0.6216,True
31220,0.4801,False
31221,0.7967,True
31222,0.671,True
31223,0.2711,False
31224,0.2262,False
31225,0.6551,True
31226,0.2202,False
31227,0.4128,False
31228,0.247,False
31229,0.4595,False
31230,0.3869,False
31231,0.829,True
31232,0.1833,False
31233,1.0092,True
31234,0.3428,False
31235,0.1759,False
31236,0.5077,True
31237,0.5309,True
31238,0.4181,False
31239,0.1544,False
31240,0.231,False
31241,0.4784,False
31242,0.904,True
31243,0.1681,False
31244,0.1979,False
31245,0.4358,False
31246,0.6499,True
31247,0.2486,False
31248,0.4161,False
31249,0.7506,True
31250,0.2027,False
31251,0.1772,False
31252,0.5117,True
31253,0.2387,False
31254,0.1686,False
31255,0.2129,False
31256,0.8334,True
31257,0.221,False
31258,0.9568,True
31259,0.1855,False
31260,0.1207,False
31261,0.442,False
31262,0.2096,False
31263,0.4794,False
31264,0.2531,False
31265,0.7593,True
31266,0.1537,False
31267,0.7063,True
31268,0.9548,True
31269,0.3325,False
31270,0.1004,False
31271,0.8257,True
31272,0.2139,False
31273,0.3662,False
31274,0.2329,False
31275,0.3294,False
31276,0.2202,False
31277,0.7232,True
31278,1.0745,True
31279,0.6808,True
31280,0.301,False
31281,0.1887,False
31282,0.1658,False
31283,0.3702,False
31284,0.9367,True
31285,0.222,False
31286,0.9384,True
31287,0.8653,True
31288,0.2979,False
31289,0.4873,False
31290,0.3389,False
31291,0.1493,False
31292,0.9839,True
31293,0.3459,False
31294,0.4549,False
31295,0.3706,False
31296,0.369,False
31297,0.1158,False
31298,0.355,False
31299,0.6684,True
31300,0.9913,True
31301,0.2167,False
31302,1.15,True
31303,0.0918,False
31304,0.3582,False
31305,0.2127,False
31306,0.1978,False
31307,0.1693,False
31308,0.824,True
31309,0.2451,False
31310,0.8237,True
31311,0.3255,False
31312,0.2446,False
31313,0.275,False
31314,0.1517,False
31315,0.6524,True
31316,0.2186,False
31317,0.8455,True
31318,0.4584,False
31319,0.457,False
31320,0.2322,False
31321,0.6534,True
31322,0.2757,False
31323,0.726,True
31324,0.3234,False
31325,0.4846,False
31326,0.2437,False
31327,0.2516,False
31328,0.3263,False
31329,0.0639,False
31330,0.4465,False
31331,0.6856,True
31332,0.112,False
31333,0.6173,True
31334,0.6659,True
31335,0.3708,False
31336,0.2816,False
31337,0.7025,True
31338,0.4103,False
31339,0.4598,False
31340,0.4541,False
31341,0.7838,True
31342,0.4849,False
31343,0.3495,False
31344,0.1706,False
31345,0.4191,False
31346,0.5105,True
31347,0.3497,False
31348,0.1803,False
31349,0.2703,False
31350,0.2193,False
31351,0.2658,False
31352,0.7634,True
31353,0.3502,False
31354,0.7674,True
31355,0.2705,False
31356,0.1167,False
31357,0.4047,False
31358,0.2021,False
31359,0.3188,False
31360,0.5168,True
31361,0.6181,True
31362,0.1738,False
31363,0.6449,True
31364,0.3156,False
31365,0.8822,True
31366,0.2687,False
31367,0.3283,False
31368,0.3428,False
31369,0.7018,True
31370,0.3869,False
31371,0.4,False
31372,0.4744,False
31373,0.6701,True
31374,0.5804,True
31375,0.3895,False
31376,0.313,False
31377,0.7949,True
31378,0.5074,True
31379,0.1953,False
31380,0.2136,False
31381,0.5077,True
31382,0.9431,True
31383,0.528,True
31384,1.1519,True
31385,0.8213,True
31386,0.8166,True
31387,0.3239,False
31388,0.6265,True
31389,0.8638,True
31390,0.9492,True
31391,0.3213,False
31392,1.1025,True
31393,0.1522,False
31394,0.2182,False
31395,0.4454,False
31396,0.3339,False
31397,0.6758,True
31398,0.2866,False
31399,0.3452,False
31400,0.289,False
31401,0.25,False
31402,0.1066,False
31403,0.4306,False
31404,0.9061,True
31405,0.5306,True
31406,0.0954,False
31407,0.0433,False
31408,1.1899,True
31409,0.096,False
31410,0.8649,True
31411,0.1415,False
31412,0.7623,True
31413,0.5263,True
31414,0.892,True
31415,0.2148,False
31416,0.3248,False
31417,0.6719,True
31418,0.2764,False
31419,0.7425,True
31420,0.2707,False
31421,0.2585,False
31422,1.1586,True
31423,0.9256,True
31424,0.8177,True
31425,0.355,False
31426,0.1247,False
31427,0.264,False
31428,0.4719,False
31429,0.4068,False
31430,0.1931,False
31431,0.3794,False
31432,0.6546,True
31433,0.699,True
31434,0.8346,True
31435,0.7312,True
31436,0.3784,False
31437,0.4068,False
31438,0.1877,False
31439,0.2127,False
31440,0.1051,False
31441,0.1711,False
31442,0.2954,False
31443,0.3616,False
31444,0.1967,False
31445,0.7868,True
31446,0.1881,False
31447,0.4596,False
31448,0.2458,False
31449,0.1938,False
31450,0.8091,True
31451,0.6875,True
31452,0.6886,True
31453,0.693,True
31454,0.6904,True
31455,0.3742,False
31456,0.1363,False
31457,0.5051,True
31458,0.4875,False
31459,0.2124,False
31460,0.8212,True
31461,0.6946,True
31462,0.398,False
31463,0.3418,False
31464,0.4157,False
31465,0.1371,False
31466,0.157,False
31467,0.8533,True
31468,0.2191,False
31469,0.7841,True
31470,0.2551,False
31471,0.2502,False
31472,0.3912,False
31473,0.2514,False
31474,0.2815,False
31475,0.8289,True
31476,0.7239,True
31477,0.3039,False
31478,0.2962,False
31479,0.2458,False
31480,0.3653,False
31481,0.3382,False
31482,0.9706,True
31483,0.9483,True
31484,0.6687,True
31485,0.1674,False
31486,0.2606,False
31487,0.2749,False
31488,0.679,True
31489,1.2878,True
31490,0.5421,True
31491,0.162,False
31492,0.1497,False
31493,0.3376,False
31494,0.653,True
31495,0.1857,False
31496,0.1147,False
31497,0.3118,False
31498,0.7736,True
31499,0.6955,True
31500,0.7568,True
31501,0.4093,False
31502,0.9806,True
31503,0.5995,True
31504,0.1571,False
31505,0.1286,False
31506,0.1749,False
31507,0.6468,True
31508,0.411,False
31509,0.9629,True
31510,0.6972,True
31511,0.8203,True
31512,0.5777,True
31513,0.1114,False
31514,0.0488,False
31515,0.5707,True
31516,0.9019,True
31517,0.4723,False
31518,0.5474,True
31519,0.1707,False
31520,0.3576,False
31521,0.2017,False
31522,0.2522,False
31523,0.1749,False
31524,0.6745,True
31525,0.1931,False
31526,0.862,True
31527,0.3003,False
31528,0.3801,False
31529,1.0497,True
31530,0.1997,False
31531,0.1359,False
31532,0.3696,False
31533,0.4185,False
31534,0.3185,False
31535,0.2709,False
31536,0.529,True
31537,0.2904,False
31538,0.2936,False
31539,0.2515,False
31540,0.3422,False
31541,0.4435,False
31542,0.4672,False
31543,0.4839,False
31544,0.1152,False
31545,0.1085,False
31546,0.2044,False
31547,0.2793,False
31548,0.6172,True
31549,0.3142,False
31550,0.6837,True
31551,0.481,False
31552,0.2839,False
31553,1.0557,True
31554,0.8239,True
31555,0.6477,True
31556,0.1973,False
31557,0.4255,False
31558,0.2545,False
31559,0.681,True
31560,0.2993,False
31561,0.3803,False
31562,0.4667,False
31563,0.464,False
31564,1.038,True
31565,0.3155,False
31566,0.7617,True
31567,0.1687,False
31568,0.2503,False
31569,0.1321,False
31570,0.3107,False
31571,0.2491,False
31572,0.217,False
31573,0.1969,False
31574,0.8029,True
31575,0.5591,True
31576,0.283,False
31577,0.1842,False
31578,0.3827,False
31579,0.3976,False
31580,0.6527,True
31581,0.1709,False
31582,0.9296,True
31583,0.5514,True
31584,0.2673,False
31585,0.8399,True
31586,0.1945,False
31587,0.2741,False
31588,0.8424,True
31589,0.6018,True
31590,0.5474,True
31591,0.3781,False
31592,0.1417,False
31593,0.2792,False
31594,0.1244,False
31595,0.4016,False
31596,0.286,False
31597,0.1326,False
31598,0.5758,True
31599,0.4155,False
31600,0.4372,False
31601,0.2478,False
31602,0.3997,False
31603,0.7475,True
31604,0.756,True
31605,0.1895,False
31606,0.1698,False
31607,0.2677,False
31608,0.3782,False
31609,0.748,True
31610,0.3818,False
31611,0.2092,False
31612,0.9211,True
31613,0.1465,False
31614,0.1654,False
31615,0.2425,False
31616,0.2559,False
31617,0.8557,True
31618,0.5585,True
31619,0.3123,False
31620,1.1164,True
31621,0.3164,False
31622,1.0095,True
31623,0.4471,False
31624,0.6349,True
31625,0.5024,True
31626,0.6731,True
31627,0.137,False
31628,0.2649,False
31629,0.144,False
31630,0.6739,True
31631,0.8383,True
31632,0.3212,False
31633,1.1085,True
31634,1.0925,True
31635,0.0854,False
31636,0.0953,False
31637,0.5744,True
31638,0.765,True
31639,0.7591,True
31640,0.2761,False
31641,0.1601,False
31642,0.5108,True
31643,0.6808,True
31644,0.3498,False
31645,0.2323,False
31646,0.5431,True
31647,0.2134,False
31648,0.6235,True
31649,0.9091,True
31650,0.9286,True
31651,0.7485,True
31652,0.418,False
31653,0.4934,False
31654,0.6233,True
31655,0.8418,True
31656,1.1241,True
31657,0.2092,False
31658,0.5504,True
31659,1.0241,True
31660,0.5053,True
31661,0.2722,False
31662,0.4979,False
31663,0.786,True
31664,0.7078,True
31665,0.8741,True
31666,0.2415,False
31667,0.5489,True
31668,0.3929,False
31669,1.1911,True
31670,0.1641,False
31671,0.3828,False
31672,0.7859,True
31673,0.2725,False
31674,0.1897,False
31675,0.3836,False
31676,0.7916,True
31677,0.8606,True
31678,0.2264,False
31679,0.1108,False
31680,0.2283,False
31681,0.7922,True
31682,0.4934,False
31683,0.2541,False
31684,0.7551,True
31685,0.3163,False
31686,0.5939,True
31687,0.718,True
31688,0.7628,True
31689,0.8547,True
31690,0.2505,False
31691,0.3712,False
31692,0.1835,False
31693,0.3191,False
31694,0.7632,True
31695,0.4931,False
31696,0.5605,True
31697,0.3968,False
31698,0.3,False
31699,0.9241,True
31700,0.2615,False
31701,0.3602,False
31702,0.5824,True
31703,0.6887,True
31704,0.2417,False
31705,0.5649,True
31706,1.1383,True
31707,0.3335,False
31708,0.4639,False
31709,0.2122,False
31710,0.2114,False
31711,0.722,True
31712,0.484,False
31713,0.6717,True
31714,0.2639,False
31715,0.4792,False
31716,0.3514,False
31717,0.2985,False
31718,0.8647,True
31719,0.2825,False
31720,0.3097,False
31721,0.7842,True
31722,0.7231,True
31723,0.6432,True
31724,0.2215,False
31725,0.2722,False
31726,0.5818,True
31727,0.3132,False
31728,0.4959,False
31729,0.9691,True
31730,0.56,True
31731,0.15,False
31732,0.2408,False
31733,0.8332,True
31734,0.5753,True
31735,0.6562,True
31736,0.2771,False
31737,0.5462,True
31738,0.1316,False
31739,0.5639,True
31740,0.3376,False
31741,0.7038,True
31742,0.8435,True
31743,0.2381,False
31744,0.2403,False
31745,0.2934,False
31746,0.9563,True
31747,0.9383,True
31748,0.1397,False
31749,0.2142,False
31750,0.6251,True
31751,0.6464,True
31752,0.1856,False
31753,0.6034,True
31754,0.4669,False
31755,0.4494,False
31756,0.4079,False
31757,0.4637,False
31758,0.5304,True
31759,0.0906,False
31760,0.3397,False
31761,0.2883,False
31762,0.3556,False
31763,0.2186,False
31764,0.1193,False
31765,0.4629,False
31766,0.2392,False
31767,0.3489,False
31768,1.0088,True
31769,0.2045,False
31770,0.2017,False
31771,0.2553,False
31772,0.174,False
31773,0.8793,True
31774,0.1842,False
31775,0.382,False
31776,0.8857,True
31777,0.8306,True
31778,0.1311,False
31779,0.3601,False
31780,0.6263,True
31781,0.2908,False
31782,0.4107,False
31783,0.518,True
31784,0.543,True
31785,0.2458,False
31786,0.3363,False
31787,0.3472,False
31788,0.1298,False
31789,0.5206,True
31790,0.7077,True
31791,0.1717,False
31792,0.2161,False
31793,0.3347,False
31794,0.4239,False
31795,0.6738,True
31796,0.1956,False
31797,1.0593,True
31798,0.2833,False
31799,0.3779,False
31800,0.6247,True
31801,0.3131,False
31802,0.2982,False
31803,0.215,False
31804,0.9075,True
31805,0.4554,False
31806,1.0986,True
31807,0.3441,False
31808,0.305,False
31809,0.8122,True
31810,0.2351,False
31811,0.4068,False
31812,0.578,True
31813,0.681,True
31814,0.176,False
31815,0.1148,False
31816,0.791,True
31817,0.4161,False
31818,0.6112,True
31819,0.9264,True
31820,0.4527,False
31821,0.6064,True
31822,0.8243,True
31823,0.567,True
31824,0.5615,True
31825,0.8646,True
31826,0.9268,True
31827,0.7329,True
31828,0.2586,False
31829,0.3964,False
31830,0.2902,False
31831,0.2727,False
31832,0.2132,False
31833,0.1773,False
31834,0.1735,False
31835,0.4042,False
31836,0.3164,False
31837,0.8493,True
31838,0.1627,False
31839,0.4564,False
31840,0.3517,False
31841,0.5993,True
31842,0.8271,True
31843,0.9382,True
31844,0.7386,True
31845,0.1848,False
31846,0.1509,False
31847,0.7947,True
31848,0.8341,True
31849,0.8107,True
31850,0.1837,False
31851,0.2497,False
31852,0.2859,False
31853,0.2209,False
31854,0.7742,True
31855,0.2968,False
31856,0.1172,False
31857,0.1854,False
31858,0.4339,False
31859,0.4302,False
31860,0.1898,False
31861,0.7752,True
31862,0.4898,False
31863,0.5692,True
31864,0.613,True
31865,0.7976,True
31866,0.1197,False
31867,0.1742,False
31868,0.5329,True
31869,0.1978,False
31870,0.869,True
31871,0.784,True
31872,0.3898,False
31873,0.2184,False
31874,0.9344,True
31875,0.2023,False
31876,0.6069,True
31877,0.5601,True
31878,0.3103,False
31879,0.7021,True
31880,0.1768,False
31881,0.8366,True
31882,0.3903,False
31883,0.2523,False
31884,0.7941,True
31885,0.7307,True
31886,0.5785,True
31887,0.6785,True
31888,0.3465,False
31889,0.5086,True
31890,0.4816,False
31891,0.7764,True
31892,0.2715,False
31893,0.3411,False
31894,0.2497,False
31895,0.3219,False
31896,0.6151,True
31897,0.3519,False
31898,1.1517,True
31899,0.0995,False
31900,0.0884,False
31901,0.392,False
31902,0.2017,False
31903,0.3974,False
31904,0.7219,True
31905,0.5119,True
31906,1.034,True
31907,0.3743,False
31908,0.3556,False
31909,0.8777,True
31910,0.4638,False
31911,0.8791,True
31912,0.1673,False
31913,0.1165,False
31914,0.0981,False
31915,0.1628,False
31916,0.8024,True
31917,0.1963,False
31918,0.6005,True
31919,0.4771,False
31920,0.5504,True
31921,0.286,False
31922,0.1686,False
31923,0.13,False
31924,0.6519,True
31925,0.8258,True
31926,0.5915,True
31927,0.5411,True
31928,0.374,False
31929,0.2453,False
31930,0.9362,True
31931,0.6224,True
31932,0.232,False
31933,0.3522,False
31934,0.3052,False
31935,0.2041,False
31936,0.6086,True
31937,0.5015,True
31938,0.3596,False
31939,0.6939,True
31940,0.1764,False
31941,0.2817,False
31942,0.3393,False
31943,0.3632,False
31944,0.7996,True
31945,0.0959,False
31946,0.4051,False
31947,0.1328,False
31948,0.8297,True
31949,0.114,False
31950,0.6461,True
31951,0.7834,True
31952,0.3164,False
31953,0.4051,False
31954,0.158,False
31955,0.239,False
31956,0.6876,True
31957,0.3565,False
31958,0.3533,False
31959,0.3399,False
31960,0.7276,True
31961,0.3325,False
31962,0.278,False
31963,0.752,True
31964,0.245,False
31965,0.8176,True
31966,0.2466,False
31967,0.5063,True
31968,0.9856,True
31969,0.497,False
31970,0.2675,False
31971,1.0618,True
31972,0.4672,False
31973,1.1695,True
31974,0.1148,False
31975,0.8276,True
31976,0.3201,False
31977,0.2736,False
31978,0.8239,True
31979,0.1749,False
31980,0.5543,True
31981,0.124,False
31982,0.4136,False
31983,0.4389,False
31984,0.7025,True
31985,1.0471,True
31986,0.4324,False
31987,0.2087,False
31988,0.2808,False
31989,0.2345,False
31990,0.4895,False
31991,0.9125,True
31992,0.6923,True
31993,0.1866,False
31994,0.4285,False
31995,0.832,True
31996,0.8853,True
31997,0.6277,True
31998,0.1193,False
31999,0.3301,False
32000,0.2443,False
32001,0.4773,False
32002,0.5816,True
32003,0.6878,True
32004,0.2818,False
32005,0.4859,False
32006,0.3344,False
32007,0.8162,True
32008,0.3871,False
32009,0.8583,True
32010,0.6937,True
32011,0.1576,False
32012,0.6231,True
32013,0.2334,False
32014,0.5198,True
32015,0.6028,True
32016,0.1748,False
32017,0.5154,True
32018,0.1218,False
32019,0.243,False
32020,0.3486,False
32021,0.7148,True
32022,0.358,False
32023,0.2527,False
32024,0.207,False
32025,0.2406,False
32026,0.416,False
32027,0.6656,True
32028,0.3714,False
32029,0.2919,False
32030,0.2068,False
32031,1.0582,True
32032,0.1995,False
32033,0.3007,False
32034,0.9839,True
32035,0.4815,False
32036,0.2453,False
32037,0.8421,True
32038,0.1057,False
32039,0.4224,False
32040,0.5199,True
32041,0.7297,True
32042,0.5868,True
32043,0.4319,False
32044,0.111,False
32045,0.6431,True
32046,0.6975,True
32047,0.5195,True
32048,0.2202,False
32049,0.3032,False
32050,1.0457,True
32051,0.1682,False
32052,0.7799,True
32053,0.8857,True
32054,0.304,False
32055,0.3453,False
32056,0.2335,False
32057,0.2865,False
32058,0.8534,True
32059,0.6949,True
32060,0.1182,False
32061,0.8212,True
32062,0.3388,False
32063,0.6755,True
32064,0.6576,True
32065,0.2837,False
32066,0.2751,False
32067,0.7448,True
32068,0.6466,True
32069,0.4493,False
32070,0.3197,False
32071,0.6939,True
32072,0.7099,True
32073,0.2568,False
32074,0.1055,False
32075,0.2033,False
32076,0.1863,False
32077,0.6646,True
32078,0.3037,False
32079,0.8199,True
32080,0.0939,False
32081,0.1674,False
32082,0.9098,True
32083,0.4035,False
32084,0.5979,True
32085,0.274,False
32086,0.8431,True
32087,0.1386,False
32088,0.263,False
32089,0.2056,False
32090,0.8678,True
32091,0.2452,False
32092,0.4865,False
32093,0.4602,False
32094,0.4342,False
32095,0.9331,True
32096,0.8089,True
32097,0.7912,True
32098,0.1306,False
32099,0.1805,False
32100,0.9235,True
32101,0.5014,True
32102,0.3938,False
32103,0.4832,False
32104,0.143,False
32105,0.1851,False
32106,0.7437,True
32107,0.1389,False
32108,0.889,True
32109,0.5476,True
32110,0.2151,False
32111,0.2898,False
32112,0.6137,True
32113,0.7248,True
32114,0.1567,False
32115,0.1372,False
32116,0.288,False
32117,0.2755,False
32118,0.7769,True
32119,0.1962,False
32120,0.1959,False
32121,0.8517,True
32122,0.9853,True
32123,0.2378,False
32124,0.3232,False
32125,0.449,False
32126,1.0325,True
32127,0.8718,True
32128,0.0844,False
32129,0.2645,False
32130,0.227,False
32131,0.2564,False
32132,0.1435,False
32133,0.633,True
32134,0.0781,False
32135,0.4159,False
32136,0.4098,False
32137,1.2005,True
32138,0.4327,False
32139,0.6795,True
32140,1.0144,True
32141,0.2394,False
32142,0.3988,False
32143,0.5742,True
32144,0.7279,True
32145,0.1429,False
32146,0.3418,False
32147,0.2285,False
32148,0.2405,False
32149,0.8684,True
32150,0.9712,True
32151,0.1819,False
32152,0.184,False
32153,0.1306,False
32154,0.3422,False
32155,0.1697,False
32156,0.5395,True
32157,0.6931,True
32158,0.4581,False
32159,1.1283,True
32160,0.3874,False
32161,0.3973,False
32162,0.8557,True
32163,0.6057,True
32164,0.7054,True
32165,0.25,False
32166,0.2094,False
32167,0.2327,False
32168,0.2516,False
32169,0.1597,False
32170,0.108,False
32171,0.2715,False
32172,0.8276,True
32173,0.1851,False
32174,0.217,False
32175,0.2483,False
32176,0.1507,False
32177,0.3731,False
32178,0.4505,False
32179,0.5567,True
32180,0.3748,False
32181,0.1629,False
32182,0.2161,False
32183,0.9728,True
32184,0.2158,False
32185,1.014,True
32186,0.4467,False
32187,0.3027,False
32188,0.9731,True
32189,0.8632,True
32190,0.3223,False
32191,0.1274,False
32192,0.4197,False
32193,0.2081,False
32194,0.1802,False
32195,0.5725,True
32196,0.1062,False
32197,0.6901,True
32198,0.6932,True
32199,0.5289,True
32200,0.0885,False
32201,0.3863,False
32202,0.4722,False
32203,0.6277,True
32204,1.0175,True
32205,0.6597,True
32206,0.3583,False
32207,0.128,False
32208,0.1526,False
32209,0.9413,True
32210,0.5551,True
32211,0.6465,True
32212,0.7396,True
32213,0.3146,False
32214,0.405,False
32215,0.6287,True
32216,0.2034,False
32217,0.2496,False
32218,0.8745,True
32219,0.3204,False
32220,0.5389,True
32221,0.3296,False
32222,0.0892,False
32223,0.1051,False
32224,0.2616,False
32225,0.1642,False
32226,0.1915,False
32227,0.3738,False
32228,0.4078,False
32229,0.258,False
32230,0.2076,False
32231,0.1299,False
32232,0.3535,False
32233,0.415,False
32234,0.4247,False
32235,0.4265,False
32236,0.3751,False
32237,0.2682,False
32238,0.6994,True
32239,0.7523,True
32240,0.7554,True
32241,0.3575,False
32242,0.5959,True
32243,0.7604,True
32244,0.2897,False
32245,1.0168,True
32246,0.1386,False
32247,0.2669,False
32248,0.4878,False
32249,0.7961,True
32250,0.5937,True
32251,0.4895,False
32252,0.4851,False
32253,0.4795,False
32254,0.8702,True
32255,0.7296,True
32256,0.5063,True
32257,0.7274,True
32258,0.8835,True
32259,0.3018,False
32260,0.3435,False
32261,0.2202,False
32262,0.3878,False
32263,0.3656,False
32264,0.2749,False
32265,0.4213,False
32266,0.8417,True
32267,0.3516,False
32268,0.0848,False
32269,0.4483,False
32270,1.0173,True
32271,0.0838,False
32272,0.7378,True
32273,0.118,False
32274,0.1778,False
32275,0.4551,False
32276,0.3302,False
32277,0.7272,True
32278,0.4781,False
32279,0.5754,True
32280,0.3324,False
32281,0.4873,False
32282,0.7669,True
32283,0.6735,True
32284,0.7823,True
32285,0.3761,False
32286,0.2817,False
32287,0.4181,False
32288,0.5457,True
32289,0.2694,False
32290,0.4728,False
32291,0.2728,False
32292,0.4838,False
32293,0.309,False
32294,0.2364,False
32295,0.5908,True
32296,0.1046,False
32297,0.2507,False
32298,0.9652,True
32299,0.8275,True
32300,0.1765,False
32301,0.8962,True
32302,0.5243,True
32303,0.5121,True
32304,0.7839,True
32305,0.5,True
32306,0.3956,False
32307,0.1355,False
32308,1.1382,True
32309,0.1735,False
32310,0.2292,False
32311,0.2009,False
32312,1.3098,True
32313,0.1763,False
32314,0.698,True
32315,0.3331,False
32316,0.8683,True
32317,0.2343,False
32318,0.4781,False
32319,0.6415,True
32320,1.0928,True
32321,0.7337,True
32322,0.6335,True
32323,1.0787,True
32324,0.3028,False
32325,0.3522,False
32326,0.3899,False
32327,1.1989,True
32328,0.1736,False
32329,0.4704,False
32330,0.405,False
32331,0.906,True
32332,0.4853,False
32333,0.2076,False
32334,0.5672,True
32335,0.1845,False
32336,0.3049,False
32337,0.3755,False
32338,0.5971,True
32339,0.6226,True
32340,0.3115,False
32341,0.0702,False
32342,1.1442,True
32343,0.4022,False
32344,0.2477,False
32345,0.1622,False
32346,0.1503,False
32347,0.7087,True
32348,0.4545,False
32349,0.6238,True
32350,0.2572,False
32351,0.3888,False
32352,0.4957,False
32353,0.6069,True
32354,0.2148,False
32355,0.4197,False
32356,0.8498,True
32357,0.2869,False
32358,0.1409,False
32359,0.8405,True
32360,0.4459,False
32361,0.1441,False
32362,0.1985,False
32363,0.4218,False
32364,0.2317,False
32365,0.6566,True
32366,0.1949,False
32367,0.6959,True
32368,0.9248,True
32369,0.5537,True
32370,0.2889,False
32371,0.2752,False
32372,0.1974,False
32373,1.0805,True
32374,0.4322,False
32375,0.1516,False
32376,0.3416,False
32377,0.7686,True
32378,0.1972,False
32379,0.1341,False
32380,0.9369,True
32381,0.4872,False
32382,0.2002,False
32383,0.3325,False
32384,0.3141,False
32385,0.4034,False
32386,0.9563,True
32387,0.3201,False
32388,0.33,False
32389,0.2949,False
32390,0.1772,False
32391,0.5084,True
32392,1.0555,True
32393,0.8245,True
32394,0.3963,False
32395,0.6763,True
32396,0.7415,True
32397,1.2714,True
32398,0.2667,False
32399,0.2123,False
32400,0.2444,False
32401,0.2188,False
32402,0.2691,False
32403,0.2261,False
32404,0.9311,True
32405,0.6848,True
32406,0.2129,False
32407,0.2032,False
32408,0.4656,False
32409,0.2809,False
32410,0.5487,True
32411,0.6987,True
32412,0.5951,True
32413,0.3338,False
32414,0.8169,True
32415,0.2405,False
32416,0.8488,True
32417,0.8349,True
32418,0.3565,False
32419,0.205,False
32420,0.3675,False
32421,0.3058,False
32422,0.299,False
32423,0.8924,True
32424,0.5887,True
32425,0.7471,True
32426,0.2863,False
32427,0.4951,False
32428,1.1317,True
32429,0.4433,False
32430,0.7756,True
32431,0.9684,True
32432,0.1928,False
32433,0.1831,False
32434,0.8288,True
32435,0.4737,False
32436,0.3218,False
32437,0.3484,False
32438,0.6543,True
32439,0.1641,False
32440,0.176,False
32441,0.5012,True
32442,0.8453,True
32443,1.013,True
32444,0.356,False
32445,0.4085,False
32446,0.3892,False
32447,0.3599,False
32448,0.788,True
32449,0.1873,False
32450,0.2765,False
32451,0.1365,False
32452,0.9703,True
32453,0.4601,False
32454,0.7471,True
32455,0.4582,False
32456,0.7497,True
32457,0.2862,False
32458,0.2925,False
32459,0.2598,False
32460,0.5044,True
32461,0.3975,False
32462,0.1749,False
32463,0.366,False
32464,0.259,False
32465,0.4977,False
32466,0.8071,True
32467,0.9613,True
32468,0.6785,True
32469,0.8434,True
32470,0.1439,False
32471,0.1808,False
32472,0.178,False
32473,1.1487,True
32474,0.9939,True
32475,0.4962,False
32476,0.5997,True
32477,0.7118,True
32478,0.4013,False
32479,0.105,False
32480,0.2821,False
32481,0.5309,True
32482,0.119,False
32483,0.5837,True
32484,0.2271,False
32485,0.2903,False
32486,0.8193,True
32487,0.2849,False
32488,0.2714,False
32489,0.6104,True
32490,0.7722,True
32491,0.3893,False
32492,0.3996,False
32493,0.5575,True
32494,0.1484,False
32495,0.4206,False
32496,0.3571,False
32497,0.6829,True
32498,0.4377,False
32499,0.4961,False
32500,0.3028,False
32501,0.2947,False
32502,0.8341,True
32503,0.1786,False
32504,0.6838,True
32505,0.4661,False
32506,0.1618,False
32507,0.9324,True
32508,0.966,True
32509,0.3382,False
32510,0.2722,False
32511,0.4756,False
32512,0.3224,False
32513,0.8099,True
32514,0.5143,True
32515,0.3682,False
32516,0.2748,False
32517,0.6746,True
32518,0.5945,True
32519,0.1603,False
32520,0.2401,False
32521,0.1226,False
32522,0.8145,True
32523,0.7818,True
32524,0.2765,False
32525,0.1026,False
32526,0.9847,True
32527,0.4588,False
32528,0.1697,False
32529,0.2226,False
32530,0.4303,False
32531,0.9483,True
32532,0.3157,False
32533,0.3862,False
32534,0.213,False
32535,0.4935,False
32536,0.2922,False
32537,0.8772,True
32538,0.135,False
32539,0.3129,False
32540,0.2098,False
32541,0.4076,False
32542,0.7802,True
32543,0.2547,False
32544,0.6655,True
32545,0.2276,False
32546,0.3203,False
32547,0.1978,False
32548,0.2725,False
32549,0.2537,False
32550,0.2782,False
32551,0.48,False
32552,0.5139,True
32553,0.4256,False
32554,0.7118,True
32555,0.9137,True
32556,0.6103,True
32557,0.4049,False
32558,0.2608,False
32559,0.1438,False
32560,0.323,False
32561,0.4323,False
32562,0.2481,False
32563,0.7913,True
32564,0.4258,False
32565,0.3444,False
32566,0.8509,True
32567,0.4275,False
32568,0.8858,True
32569,0.7149,True
32570,0.704,True
32571,0.2247,False
32572,0.1728,False
32573,1.0676,True
32574,0.8195,True
32575,0.4216,False
32576,0.5384,True
32577,1.1289,True
32578,0.4245,False
32579,0.4369,False
32580,0.4551,False
32581,0.7293,True
32582,0.8914,True
32583,0.3006,False
32584,0.1341,False
32585,0.5133,True
32586,0.2349,False
32587,0.2318,False
32588,0.2042,False
32589,0.0712,False
32590,0.8291,True
32591,0.4396,False
32592,0.2499,False
32593,0.319,False
32594,0.551,True
32595,0.3829,False
32596,0.3543,False
32597,0.3858,False
32598,0.2719,False
32599,0.5007,True
32600,0.3671,False
32601,0.4909,False
32602,0.1477,False
32603,0.0896,False
32604,0.9542,True
32605,0.5775,True
32606,0.3172,False
32607,0.2448,False
32608,0.172,False
32609,0.4403,False
32610,0.2128,False
32611,0.2935,False
32612,0.866,True
32613,0.3839,False
32614,1.3578,True
32615,0.2692,False
32616,0.9336,True
32617,0.3307,False
32618,0.8774,True
32619,0.2558,False
32620,0.9735,True
32621,0.7558,True
32622,0.3328,False
32623,0.3751,False
32624,0.9061,True
32625,0.7499,True
32626,0.7146,True
32627,0.7733,True
32628,1.0204,True
32629,0.2566,False
32630,0.2707,False
32631,1.002,True
32632,0.3803,False
32633,0.8426,True
32634,0.3626,False
32635,0.2153,False
32636,0.2141,False
32637,0.4196,False
32638,0.1592,False
32639,0.3758,False
32640,0.1372,False
32641,0.2949,False
32642,1.0822,True
32643,0.8351,True
32644,0.226,False
32645,0.2571,False
32646,0.4633,False
32647,0.3419,False
32648,0.1569,False
32649,0.2385,False
32650,0.3623,False
32651,0.7858,True
32652,0.1985,False
32653,0.6353,True
32654,0.8474,True
32655,0.4068,False
32656,0.3185,False
32657,0.8743,True
32658,0.4939,False
32659,0.8327,True
32660,0.9023,True
32661,0.2048,False
32662,0.6793,True
32663,0.2301,False
32664,0.789,True
32665,0.1048,False
32666,0.146,False
32667,0.1818,False
32668,0.1827,False
32669,0.6565,True
32670,0.2766,False
32671,0.2639,False
32672,0.7336,True
32673,0.7752,True
32674,0.4602,False
32675,0.6615,True
32676,0.1995,False
32677,0.6872,True
32678,0.3343,False
32679,0.188,False
32680,0.1062,False
32681,0.278,False
32682,0.2251,False
32683,0.2936,False
32684,0.9042,True
32685,0.4513,False
32686,0.4331,False
32687,0.1678,False
32688,0.7985,True
32689,0.1093,False
32690,0.6766,True
32691,0.108,False
32692,0.9085,True
32693,0.6279,True
32694,0.3781,False
32695,0.4039,False
32696,0.1043,False
32697,0.7546,True
32698,0.1295,False
32699,0.1806,False
32700,0.1157,False
32701,0.2147,False
32702,0.3205,False
32703,0.8779,True
32704,0.5816,True
32705,0.5032,True
32706,0.7067,True
32707,0.1684,False
32708,0.5089,True
32709,0.0983,False
32710,0.2339,False
32711,0.2766,False
32712,0.4724,False
32713,0.7702,True
32714,0.2197,False
32715,0.1656,False
32716,0.843,True
32717,0.4206,False
32718,0.747,True
32719,0.7099,True
32720,0.296,False
32721,0.2987,False
32722,1.0471,True
32723,0.1682,False
32724,0.8423,True
32725,0.9008,True
32726,0.2525,False
32727,0.1137,False
32728,0.5285,True
32729,0.1979,False
32730,0.2863,False
32731,0.4978,False
32732,0.3196,False
32733,0.2838,False
32734,0.3846,False
32735,0.4074,False
32736,0.4961,False
32737,0.2327,False
32738,0.1516,False
32739,0.5302,True
32740,0.2777,False
32741,0.5741,True
32742,0.1674,False
32743,0.2385,False
32744,0.3683,False
32745,0.3829,False
32746,0.2901,False
32747,0.841,True
32748,0.3919,False
32749,1.106,True
32750,0.4223,False
32751,0.4372,False
32752,0.087,False
32753,0.4523,False
32754,0.6647,True
32755,0.3997,False
32756,0.3309,False
32757,0.9914,True
32758,0.364,False
32759,0.8059,True
32760,1.0065,True
32761,0.3365,False
32762,0.47,False
32763,0.4364,False
32764,0.6091,True
32765,0.246,False
32766,1.0048,True
32767,0.3969,False
32768,0.3587,False
32769,0.8583,True
32770,0.7185,True
32771,0.8138,True
32772,0.095,False
32773,0.2542,False
32774,0.4548,False
32775,0.7553,True
32776,0.1986,False
32777,0.2569,False
32778,0.2323,False
32779,0.3483,False
32780,0.2719,False
32781,0.4799,False
32782,0.1873,False
32783,0.2943,False
32784,0.8497,True
32785,0.2618,False
32786,0.8234,True
32787,0.2421,False
32788,0.7799,True
32789,0.4046,False
32790,0.433,False
32791,0.7588,True
32792,0.2424,False
32793,0.1294,False
32794,0.3149,False
32795,0.1526,False
32796,0.8384,True
32797,0.1149,False
32798,0.7018,True
32799,0.6194,True
32800,0.1828,False
32801,0.4129,False
32802,0.115,False
32803,0.6707,True
32804,0.6815,True
32805,0.3438,False
32806,0.3017,False
32807,0.3087,False
32808,0.4889,False
32809,0.487,False
32810,0.1688,False
32811,0.3248,False
32812,0.349,False
32813,0.144,False
32814,0.1941,False
32815,1.0156,True
32816,0.2829,False
32817,0.1077,False
32818,0.1233,False
32819,0.7159,True
32820,0.9063,True
32821,0.8258,True
32822,0.4906,False
32823,0.8819,True
32824,0.1385,False
32825,0.4983,False
32826,0.459,False
32827,1.0051,True
32828,0.8305,True
32829,0.5111,True
32830,0.4184,False
32831,1.187,True
32832,0.5682,True
32833,0.4984,False
32834,0.2039,False
32835,0.4339,False
32836,0.134,False
32837,0.1743,False
32838,0.526,True
32839,0.5192,True
32840,0.7065,True
32841,0.1611,False
32842,0.4045,False
32843,0.658,True
32844,0.4275,False
32845,0.9085,True
32846,0.7837,True
32847,0.1393,False
32848,0.663,True
32849,0.1875,False
32850,0.6289,True
32851,0.2163,False
32852,0.5783,True
32853,0.7461,True
32854,0.9583,True
32855,1.2069,True
32856,0.4967,False
32857,0.8184,True
32858,0.4032,False
32859,0.2151,False
32860,0.1509,False
32861,0.3331,False
32862,0.5722,True
32863,0.1414,False
32864,0.6879,True
32865,0.6346,True
32866,0.8303,True
32867,0.2488,False
32868,0.9059,True
32869,1.0388,True
32870,0.5987,True
32871,0.648,True
32872,0.2166,False
32873,0.8534,True
32874,0.2383,False
32875,0.2097,False
32876,0.1313,False
32877,0.2975,False
32878,0.9029,True
32879,0.5613,True
32880,0.247,False
32881,0.2066,False
32882,0.4101,False
32883,0.2147,False
32884,0.3875,False
32885,0.9546,True
32886,0.6928,True
32887,0.4392,False
32888,0.303,False
32889,0.3593,False
32890,0.4275,False
32891,0.1612,False
32892,0.9425,True
32893,0.7812,True
32894,0.2108,False
32895,0.2483,False
32896,0.7508,True
32897,0.4356,False
32898,0.635,True
32899,0.7389,True
32900,1.0001,True
32901,0.1702,False
32902,0.4205,False
32903,0.3451,False
32904,0.4228,False
32905,0.7795,True
32906,0.4569,False
32907,0.4497,False
32908,0.2494,False
32909,0.4833,False
32910,0.8839,True
32911,0.5032,True
32912,0.0745,False
32913,0.4007,False
32914,0.8144,True
32915,0.5577,True
32916,0.3175,False
32917,0.171,False
32918,0.4779,False
32919,0.9138,True
32920,0.8704,True
32921,0.3731,False
32922,0.3988,False
32923,0.4588,False
32924,0.3023,False
32925,0.4356,False
32926,0.7369,True
32927,0.3537,False
32928,0.8718,True
32929,0.1619,False
32930,0.7376,True
32931,0.1766,False
32932,0.0954,False
32933,0.2063,False
32934,0.824,True
32935,0.194,False
32936,0.4509,False
32937,0.5249,True
32938,0.5363,True
32939,0.1662,False
32940,0.4688,False
32941,0.6218,True
32942,0.3125,False
32943,0.266,False
32944,0.2404,False
32945,0.2008,False
32946,0.5222,True
32947,1.0027,True
32948,0.7525,True
32949,0.3205,False
32950,0.3172,False
32951,0.4229,False
32952,0.7353,True
32953,0.6292,True
32954,0.7375,True
32955,0.2649,False
32956,0.2598,False
32957,0.7973,True
32958,0.1985,False
32959,0.3278,False
32960,0.4473,False
32961,0.3049,False
32962,0.7912,True
32963,0.3849,False
32964,0.143,False
32965,0.4192,False
32966,0.3529,False
32967,0.8115,True
32968,0.2589,False
32969,0.6142,True
32970,0.0932,False
32971,0.2031,False
32972,0.5197,True
32973,0.3271,False
32974,0.2595,False
32975,0.8494,True
32976,0.765,True
32977,0.4936,False
32978,1.1155,True
32979,0.128,False
32980,0.8961,True
32981,0.6576,True
32982,1.1393,True
32983,0.2573,False
32984,0.8311,True
32985,0.1485,False
32986,0.3781,False
32987,0.4741,False
32988,0.907,True
32989,0.4046,False
32990,0.8462,True
32991,0.6241,True
32992,0.476,False
32993,0.4163,False
32994,0.3531,False
32995,0.4616,False
32996,0.3388,False
32997,0.6168,True
32998,0.1581,False
32999,0.3306,False
33000,0.1909,False
33001,0.8811,True
33002,1.143,True
33003,0.4427,False
33004,0.2878,False
33005,0.8775,True
33006,0.8966,True
33007,0.9335,True
33008,0.8246,True
33009,0.1746,False
33010,0.2522,False
33011,0.2833,False
33012,0.1703,False
33013,0.8882,True
33014,0.4406,False
33015,0.4989,False
33016,0.1557,False
33017,0.7518,True
33018,0.146,False
33019,0.377,False
33020,1.1142,True
33021,0.0965,False
33022,0.2799,False
33023,0.3518,False
33024,0.2039,False
33025,0.1884,False
33026,0.5362,True
33027,0.6313,True
33028,0.8997,True
33029,0.3311,False
33030,0.0694,False
33031,0.5929,True
33032,0.3758,False
33033,0.5024,True
33034,0.7139,True
33035,0.8384,True
33036,0.3231,False
33037,0.4068,False
33038,0.4454,False
33039,0.444,False
33040,1.0553,True
33041,0.7262,True
33042,0.1396,False
33043,0.7693,True
33044,0.6407,True
33045,0.4758,False
33046,0.302,False
33047,0.5984,True
33048,0.4387,False
33049,0.2314,False
33050,0.4177,False
33051,1.1831,True
33052,0.2911,False
33053,0.27,False
33054,1.096,True
33055,0.4457,False
33056,0.4218,False
33057,0.361,False
33058,0.1695,False
33059,0.5946,True
33060,0.9438,True
33061,0.3096,False
33062,0.3123,False
33063,0.2283,False
33064,0.3967,False
33065,0.205,False
33066,0.067,False
33067,0.5424,True
33068,0.9388,True
33069,0.505,True
33070,0.5362,True
33071,0.9084,True
33072,0.1864,False
33073,0.3783,False
33074,0.2013,False
33075,0.2584,False
33076,0.5475,True
33077,0.679,True
33078,0.2834,False
33079,0.8269,True
33080,0.2521,False
33081,0.9654,True
33082,0.9775,True
33083,0.0819,False
33084,0.1763,False
33085,0.2352,False
33086,0.7528,True
33087,0.5362,True
33088,0.4276,False
33089,0.1829,False
33090,0.5051,True
33091,0.1262,False
33092,0.585,True
33093,0.8817,True
33094,0.8505,True
33095,0.244,False
33096,0.6476,True
33097,0.5722,True
33098,0.5936,True
33099,0.3549,False
33100,0.6907,True
33101,0.8709,True
33102,0.2452,False
33103,0.2016,False
33104,0.2892,False
33105,0.874,True
33106,0.2795,False
33107,0.4544,False
33108,0.2776,False
33109,0.1726,False
33110,0.5111,True
33111,0.2532,False
33112,0.2848,False
33113,0.4969,False
33114,0.4303,False
33115,0.0988,False
33116,0.1677,False
33117,0.1926,False
33118,0.6718,True
33119,0.3884,False
33120,0.7027,True
33121,0.5138,True
33122,0.8086,True
33123,0.3731,False
33124,0.4107,False
33125,0.2033,False
33126,1.1061,True
33127,0.8142,True
33128,0.2406,False
33129,0.6881,True
33130,0.4677,False
33131,0.4015,False
33132,0.8523,True
33133,0.5239,True
33134,0.9992,True
33135,0.527,True
33136,0.0799,False
33137,0.2456,False
33138,0.1501,False
33139,0.3103,False
33140,0.9705,True
33141,0.7099,True
33142,0.2367,False
33143,0.1882,False
33144,0.596,True
33145,0.557,True
33146,0.4539,False
33147,0.1711,False
33148,0.5948,True
33149,0.7673,True
33150,0.4381,False
33151,0.1712,False
33152,0.1177,False
33153,0.1833,False
33154,0.3172,False
33155,0.1679,False
33156,0.6556,True
33157,0.7638,True
33158,0.491,False
33159,0.674,True
33160,0.2785,False
33161,0.9801,True
33162,0.3909,False
33163,0.9531,True
33164,0.4599,False
33165,0.1703,False
33166,0.2366,False
33167,0.6984,True
33168,0.2432,False
33169,0.3988,False
33170,0.6645,True
33171,0.3115,False
33172,0.1743,False
33173,0.363,False
33174,0.1583,False
33175,0.2578,False
33176,0.9958,True
33177,0.5746,True
33178,0.5628,True
33179,0.298,False
33180,0.4107,False
33181,0.6197,True
33182,0.429,False
33183,0.3279,False
33184,0.1801,False
33185,0.3123,False
33186,0.43,False
33187,0.8977,True
33188,0.1102,False
33189,0.1717,False
33190,1.1259,True
33191,0.7892,True
33192,0.3089,False
33193,0.3095,False
33194,0.28,False
33195,0.3741,False
33196,0.1932,False
33197,0.7082,True
33198,0.2124,False
33199,0.7175,True
33200,0.293,False
33201,0.2942,False
33202,0.2445,False
33203,0.6286,True
33204,0.211,False
33205,0.4921,False
33206,0.3503,False
33207,0.3931,False
33208,0.4527,False
33209,0.9511,True
33210,0.3221,False
33211,0.4753,False
33212,0.5009,True
33213,0.4617,False
33214,0.4657,False
33215,0.2295,False
33216,0.3118,False
33217,0.6839,True
33218,0.9794,True
33219,0.2254,False
33220,0.1148,False
33221,0.3999,False
33222,0.1092,False
33223,0.2705,False
33224,0.4315,False
33225,0.2981,False
33226,0.1418,False
33227,0.3374,False
33228,0.9888,True
33229,0.1332,False
33230,0.5219,True
33231,0.8143,True
33232,0.6122,True
33233,0.3399,False
33234,0.1825,False
33235,0.7063,True
33236,0.6912,True
33237,0.137,False
33238,0.8014,True
33239,0.4568,False
33240,0.3492,False
33241,0.4113,False
33242,0.5103,True
33243,0.0948,False
33244,0.4467,False
33245,0.4573,False
33246,0.7061,True
33247,0.1879,False
33248,0.178,False
33249,0.4242,False
33250,0.3381,False
33251,0.7053,True
33252,0.6753,True
33253,0.3109,False
33254,0.6654,True
33255,0.7715,True
33256,0.3058,False
33257,0.4597,False
33258,0.7704,True
33259,0.1774,False
33260,0.3753,False
33261,0.2926,False
33262,0.3256,False
33263,0.1905,False
33264,0.2127,False
33265,0.2927,False
33266,0.471,False
33267,0.6719,True
33268,1.1217,True
33269,0.6926,True
33270,0.5403,True
33271,0.4487,False
33272,0.4885,False
33273,0.2922,False
33274,0.6366,True
33275,0.6675,True
33276,0.6971,True
33277,0.7904,True
33278,0.448,False
33279,0.35,False
33280,0.4662,False
33281,0.6778,True
33282,0.6414,True
33283,0.5294,True
33284,0.1994,False
33285,0.4303,False
33286,0.5362,True
33287,0.4676,False
33288,0.7713,True
33289,0.1505,False
33290,0.4619,False
33291,0.249,False
33292,0.969,True
33293,0.4552,False
33294,0.6904,True
33295,0.4348,False
33296,0.2233,False
33297,0.2899,False
33298,0.7851,True
33299,0.4062,False
33300,0.3966,False
33301,0.3873,False
33302,0.1224,False
33303,0.5901,True
33304,0.9801,True
33305,0.2626,False
33306,0.5715,True
33307,0.3768,False
33308,0.6271,True
33309,0.8018,True
33310,0.722,True
33311,0.153,False
33312,0.3853,False
33313,0.1394,False
33314,0.2316,False
33315,0.9706,True
33316,0.3875,False
33317,0.1927,False
33318,0.8342,True
33319,0.4139,False
33320,0.418,False
33321,0.2437,False
33322,0.6217,True
33323,0.282,False
33324,0.1837,False
33325,0.4613,False
33326,1.1714,True
33327,0.7958,True
33328,0.2568,False
33329,0.1833,False
33330,1.0964,True
33331,0.2017,False
33332,0.9481,True
33333,0.351,False
33334,0.2626,False
33335,1.0659,True
33336,0.4663,False
33337,0.5105,True
33339,0.3479,False
33340,0.169,False
33341,0.5706,True
33342,0.6541,True
33343,0.2201,False
33344,0.4536,False
33345,0.7521,True
33346,0.2852,False
33347,0.2728,False
33348,0.1403,False
33349,0.2717,False
33350,0.6112,True
33351,0.1755,False
33352,0.2705,False
33353,0.0977,False
33354,0.1753,False
33355,0.1995,False
33356,0.9432,True
33357,0.3955,False
33358,0.3933,False
33359,0.8307,True
33360,1.0296,True
33361,0.2649,False
33362,0.4326,False
33363,0.2865,False
33364,0.3846,False
33365,0.1968,False
33366,1.1384,True
33367,0.6857,True
33368,0.4198,False
33369,0.2564,False
33370,0.9107,True
33371,0.3357,False
33372,0.3566,False
33373,0.2473,False
33374,0.2152,False
33375,0.2403,False
33376,0.1492,False
33377,0.0738,False
33378,1.0704,True
33379,0.7471,True
33380,0.1922,False
33381,0.8476,True
33382,0.6076,True
33383,0.6094,True
33384,0.5105,True
33385,0.9105,True
33386,0.2098,False
33387,0.8456,True
33388,0.2311,False
33389,0.8361,True
33390,0.1892,False
33391,0.3463,False
33392,0.2052,False
33393,0.5568,True
33394,0.2738,False
33395,0.414,False
33396,0.6131,True
33397,0.7518,True
33398,0.1871,False
33399,0.7071,True
33400,0.6139,True
33401,0.2315,False
33402,0.7251,True
33403,0.2294,False
33404,0.1701,False
33405,0.7354,True
33406,0.4843,False
33407,0.6387,True
33408,0.4074,False
33409,0.6887,True
33410,0.2968,False
33411,0.8065,True
33412,0.3129,False
33413,0.3579,False
33414,0.2285,False
33415,0.4019,False
33416,0.7415,True
33417,0.7216,True
33418,0.3512,False
33419,0.3007,False
33420,0.8318,True
33421,0.8392,True
33422,0.157,False
33423,0.7466,True
33424,0.8602,True
33425,0.2145,False
33426,0.7426,True
33427,0.1608,False
33428,0.1983,False
33429,0.2718,False
33430,0.3947,False
33431,0.9447,True
33432,0.3255,False
33433,0.165,False
33434,0.2635,False
33435,0.4855,False
33436,0.4572,False
33437,0.2596,False
33438,0.6383,True
33439,0.3154,False
33440,0.431,False
33441,0.3512,False
33442,0.3482,False
33443,0.3977,False
33444,0.7149,True
33445,0.3859,False
33446,0.2117,False
33447,0.4015,False
33448,0.2694,False
33449,0.8023,True
33450,0.2676,False
33451,0.2363,False
33452,0.3607,False
33453,0.3787,False
33454,0.238,False
33455,0.6369,True
33456,0.6929,True
33457,0.7704,True
33458,0.4493,False
33459,0.1831,False
33460,0.832,True
33461,0.8196,True
33462,0.4451,False
33463,0.5914,True
33464,0.2186,False
33465,0.7487,True
33466,0.9656,True
33467,0.3377,False
33468,0.4915,False
33469,0.2715,False
33470,0.1962,False
33471,0.4848,False
33472,0.2192,False
33473,0.0796,False
33474,0.6825,True
33475,1.3054,True
33476,0.1798,False
33477,0.3761,False
33478,0.3019,False
33479,0.4264,False
33480,0.2999,False
33481,0.2624,False
33482,0.604,True
33483,0.381,False
33484,0.4526,False
33485,0.3504,False
33486,0.3883,False
33487,0.1674,False
33488,0.2505,False
33489,0.4542,False
33490,0.3733,False
33491,0.3416,False
33492,0.8906,True
33493,0.3549,False
33494,0.3569,False
33495,0.8021,True
33496,0.0564,False
33497,0.1826,False
33498,0.1903,False
33499,0.162,False
33500,0.7821,True
33501,0.6543,True
33502,0.3206,False
33503,0.1714,False
33504,0.4466,False
33505,0.5532,True
33506,1.1302,True
33507,0.2459,False
33508,0.1868,False
33509,0.3339,False
33510,0.1599,False
33511,0.5852,True
33512,0.3066,False
33513,0.6704,True
33514,0.8884,True
33515,0.3164,False
33516,1.0506,True
33517,0.639,True
33518,0.6503,True
33519,0.1656,False
33520,0.2908,False
33521,0.5958,True
33522,0.7186,True
33523,0.9972,True
33524,0.7302,True
33525,0.1868,False
33526,0.8157,True
33527,0.5012,True
33528,0.1265,False
33529,0.287,False
33530,0.1815,False
33531,0.5165,True
33532,0.0859,False
33533,0.6807,True
33534,0.8285,True
33535,0.1828,False
33536,0.2626,False
33537,0.4198,False
33538,0.1504,False
33539,0.9853,True
33540,0.2724,False
33541,0.3827,False
33542,0.3078,False
33543,0.3938,False
33544,0.24,False
33545,0.3948,False
33546,0.8642,True
33547,0.9246,True
33548,0.8485,True
33549,0.1031,False
33550,0.7624,True
33551,0.3227,False
33552,0.8073,True
33553,0.6525,True
33554,0.8232,True
33555,0.1779,False
33556,0.7634,True
33557,0.4201,False
33558,0.2675,False
33559,0.5611,True
33560,0.2393,False
33561,0.8465,True
33562,1.0226,True
33563,0.1652,False
33564,0.4414,False
33565,0.3906,False
33566,0.1216,False
33567,0.4308,False
33568,0.8904,True
33569,0.2033,False
33570,0.2982,False
33571,0.4492,False
33572,0.5531,True
33573,0.1407,False
33574,0.1686,False
33575,0.1487,False
33576,0.1571,False
33577,0.2518,False
33578,0.2421,False
33579,0.6924,True
33580,0.576,True
33581,0.444,False
33582,0.4821,False
33583,0.207,False
33584,0.7483,True
33585,0.8057,True
33586,1.0081,True
33587,0.2122,False
33588,0.6357,True
33589,0.7927,True
33590,0.3957,False
33591,0.477,False
33592,0.8242,True
33593,0.2469,False
33594,0.9207,True
33595,0.2958,False
33596,0.1894,False
33597,0.7308,True
33598,0.2466,False
33599,0.585,True
33600,0.2345,False
33601,0.6755,True
33602,0.3441,False
33603,0.673,True
33604,0.8181,True
33605,0.1231,False
33606,0.3641,False
33607,0.61,True
33608,0.7878,True
33609,0.1566,False
33610,0.8517,True
33611,0.5538,True
33612,0.3293,False
33613,0.6963,True
33614,0.2392,False
33615,0.8416,True
33616,0.2002,False
33617,0.2157,False
33618,0.7831,True
33619,0.3085,False
33620,1.0493,True
33621,0.1917,False
33622,0.3167,False
33623,0.2412,False
33624,0.5625,True
33625,0.2109,False
33626,0.1695,False
33627,0.4298,False
33628,0.1024,False
33629,0.2778,False
33630,0.6753,True
33631,0.8374,True
33632,0.1877,False
33633,0.1896,False
33634,0.2047,False
33635,0.3632,False
33636,0.3314,False
33637,0.7842,True
33638,0.8197,True
33639,0.4014,False
33640,0.2812,False
33641,0.551,True
33642,0.6213,True
33643,0.4011,False
33644,0.2616,False
33645,0.91,True
33646,0.3837,False
33647,0.2976,False
33648,0.356,False
33649,0.2134,False
33650,0.6568,True
33651,0.256,False
33652,0.906,True
33653,0.3083,False
33654,0.2473,False
33655,0.449,False
33656,0.6927,True
33657,0.7094,True
33658,0.4789,False
33659,0.4993,False
33660,0.1394,False
33661,0.2056,False
33662,0.3378,False
33663,0.2548,False
33664,0.8592,True
33665,0.9204,True
33666,0.4704,False
33667,0.2016,False
33668,0.4076,False
33669,0.4849,False
33670,0.176,False
33671,0.1972,False
33672,0.1637,False
33673,0.2535,False
33674,0.2269,False
33675,0.1788,False
33676,0.7473,True
33677,0.3585,False
33678,0.4633,False
33679,0.0824,False
33680,0.1446,False
33681,1.0678,True
33682,0.2917,False
33683,0.3851,False
33684,0.3077,False
33685,0.3468,False
33686,0.1971,False
33687,0.834,True
33688,0.8115,True
33689,0.879,True
33690,0.4903,False
33691,0.4612,False
33692,0.2874,False
33693,0.6522,True
33694,0.9735,True
33695,0.1988,False
33696,0.2361,False
33697,0.1479,False
33698,0.6895,True
33699,0.9519,True
33700,0.2539,False
33701,0.488,False
33702,0.9159,True
33703,0.2803,False
33704,0.1938,False
33705,0.8421,True
33706,1.2122,True
33707,0.3404,False
33708,0.5022,True
33709,0.6429,True
33710,0.3696,False
33711,0.8826,True
33712,0.9866,True
33713,0.6472,True
33714,0.0933,False
33715,0.3613,False
33716,1.084,True
33717,0.4043,False
33718,0.3599,False
33719,0.4604,False
33720,0.7157,True
33721,0.1735,False
33722,0.3208,False
33723,0.3595,False
33724,0.5826,True
33725,0.2427,False
33726,1.0433,True
33727,0.2527,False
33728,0.814,True
33729,0.6525,True
33730,0.522,True
33731,0.1216,False
33732,0.3113,False
33733,0.403,False
33734,0.5454,True
33735,0.9297,True
33736,0.2799,False
33737,0.8149,True
33738,0.7072,True
33739,0.4396,False
33740,0.1926,False
33741,0.2967,False
33742,0.3106,False
33743,0.2825,False
33744,0.1879,False
33745,0.1796,False
33746,0.361,False
33747,0.2202,False
33748,0.2023,False
33749,0.9093,True
33750,0.4652,False
33751,1.0088,True
33752,1.0523,True
33753,0.2849,False
33754,0.077,False
33755,0.1697,False
33756,0.4251,False
33757,0.626,True
33758,0.8344,True
33759,0.3791,False
33760,0.1852,False
33761,0.3374,False
33762,0.9969,True
33763,0.4728,False
33764,0.4156,False
33765,0.6171,True
33766,0.1817,False
33767,0.1964,False
33768,0.2168,False
33769,0.5116,True
33770,0.7377,True
33771,0.7106,True
33772,0.3032,False
33773,0.4743,False
33774,0.5776,True
33775,0.7146,True
33776,0.4269,False
33777,0.5537,True
33778,0.1799,False
33779,0.5435,True
33780,0.2704,False
33781,0.4154,False
33782,0.3933,False
33783,0.9683,True
33784,0.105,False
33785,0.3272,False
33786,0.6721,True
33787,0.1433,False
33788,0.1543,False
33789,0.1262,False
33790,0.1831,False
33791,0.2275,False
33792,0.3468,False
33793,0.1912,False
33794,0.5044,True
33795,0.7013,True
33796,0.4111,False
33797,0.5192,True
33798,0.2984,False
33799,0.1481,False
33800,0.1933,False
33801,0.3507,False
33802,0.3443,False
33803,0.4348,False
33804,0.7843,True
33805,0.6405,True
33806,0.6518,True
33807,0.2161,False
33808,0.9564,True
33809,0.8116,True
33810,0.4745,False
33811,0.5444,True
33812,0.8496,True
33813,0.5873,True
33814,0.2408,False
33815,0.968,True
33816,0.7054,True
33817,0.5692,True
33818,0.1577,False
33819,0.6309,True
33820,0.7935,True
33821,0.3197,False
33822,0.9486,True
33823,0.931,True
33824,0.3331,False
33825,0.783,True
33826,1.012,True
33827,0.6192,True
33828,0.4127,False
33829,0.265,False
33830,0.6423,True
33831,0.7509,True
33832,0.6097,True
33833,0.3693,False
33834,0.1921,False
33835,0.2172,False
33836,0.1138,False
33837,0.9892,True
33838,0.852,True
33839,0.8644,True
33840,0.4998,False
33841,0.7189,True
33842,0.8181,True
33843,0.7801,True
33844,0.2205,False
33845,0.4923,False
33846,0.5076,True
33847,0.8026,True
33848,0.1033,False
33849,1.178,True
33850,0.4162,False
33851,0.4796,False
33852,0.9416,True
33853,0.4751,False
33854,0.825,True
33855,0.5162,True
33856,0.8417,True
33857,0.7931,True
33858,0.2085,False
33859,0.4175,False
33860,0.2311,False
33861,0.4023,False
33862,0.176,False
33863,0.3979,False
33864,0.4087,False
33865,0.4369,False
33866,0.4147,False
33867,0.1845,False
33868,0.5078,True
33869,0.2413,False
33870,0.4756,False
33871,0.5567,True
33872,0.572,True
33873,0.1275,False
33874,0.3067,False
33875,0.2804,False
33876,0.1712,False
33877,0.7371,True
33878,0.2064,False
33879,0.716,True
33880,0.1029,False
33881,0.7488,True
33882,0.7079,True
33883,0.1741,False
33884,0.2385,False
33885,0.8785,True
33886,0.5933,True
33887,0.6572,True
33888,0.7945,True
33889,0.4663,False
33890,0.1585,False
33891,0.5192,True
33892,0.1829,False
33893,0.2391,False
33894,0.2521,False
33895,0.2391,False
33896,0.6652,True
33897,0.0814,False
33898,0.5193,True
33899,0.1637,False
33900,0.9148,True
33901,0.3944,False
33902,0.1736,False
33903,0.2386,False
33904,0.276,False
33905,0.2423,False
33906,0.4218,False
33907,0.8261,True
33908,0.2265,False
33909,0.6822,True
33910,0.1482,False
33911,0.6166,True
33912,0.358,False
33913,0.7653,True
33914,0.1524,False
33915,0.2366,False
33916,0.4355,False
33917,0.9184,True
33918,0.6597,True
33919,0.6546,True
33920,0.3117,False
33921,0.6588,True
33922,0.1732,False
33923,0.1129,False
33924,0.3388,False
33925,0.7561,True
33926,0.3177,False
33927,0.7791,True
33928,0.2516,False
33929,0.6302,True
33930,0.3539,False
33931,1.0827,True
33932,0.8649,True
33933,0.6845,True
33934,0.6364,True
33935,0.192,False
33936,0.301,False
33937,0.3059,False
33938,0.1183,False
33939,0.8468,True
33940,0.4268,False
33941,0.7558,True
33942,0.2335,False
33943,0.2461,False
33944,0.3906,False
33945,0.217,False
33946,0.529,True
33947,0.3689,False
33948,0.5734,True
33949,0.2867,False
33950,0.4129,False
33951,0.2424,False
33952,0.3,False
33953,0.2021,False
33954,0.2803,False
33955,0.0986,False
33956,0.2603,False
33957,0.6953,True
33958,0.1817,False
33959,0.6043,True
33960,0.2985,False
33961,0.7567,True
33962,0.4554,False
33963,0.3023,False
33964,0.3954,False
33965,0.6397,True
33966,0.5124,True
33967,0.2723,False
33968,0.2746,False
33969,0.2516,False
33970,0.1348,False
33971,0.7297,True
33972,0.2946,False
33973,0.6716,True
33974,0.8402,True
33975,0.2163,False
33976,0.2083,False
33977,0.165,False
33978,0.3679,False
33979,1.0441,True
33980,0.1481,False
33981,0.1841,False
33982,0.2731,False
33983,0.1437,False
33984,0.1414,False
33985,0.7106,True
33986,0.5512,True
33987,0.1418,False
33988,0.3477,False
33989,0.4316,False
33990,0.3603,False
33991,0.6734,True
33992,0.6631,True
33993,0.2993,False
33994,0.1779,False
33995,0.2536,False
33996,0.3845,False
33997,0.2591,False
33998,0.12,False
33999,0.6662,True
34000,1.1574,True
34001,0.1095,False
34002,0.1176,False
34003,0.8499,True
34004,0.6362,True
34005,0.1453,False
34006,0.3938,False
34007,0.8187,True
34008,0.1925,False
34009,0.5021,True
34010,0.8229,True
34011,0.9141,True
34012,0.3207,False
34013,0.2372,False
34014,1.0186,True
34015,0.1421,False
34016,0.5469,True
34017,0.605,True
34018,0.5638,True
34019,0.4539,False
34020,0.7659,True
34021,0.6428,True
34022,0.2604,False
34023,0.3406,False
34024,0.0884,False
34025,0.4574,False
34026,0.4743,False
34027,0.4887,False
34028,0.3097,False
34029,0.2029,False
34030,0.2121,False
34031,0.5656,True
34032,0.2532,False
34033,0.5018,True
34034,0.3528,False
34035,0.4906,False
34036,0.4395,False
34037,0.2328,False
34038,0.2853,False
34039,0.2919,False
34040,0.9021,True
34041,0.5302,True
34042,0.8239,True
34043,0.3704,False
34044,0.2838,False
34045,0.8297,True
34046,0.2197,False
34047,0.158,False
34048,0.6973,True
34049,0.2185,False
34050,0.2404,False
34051,0.5065,True
34052,0.1167,False
34053,0.4669,False
34054,0.7748,True
34055,0.4867,False
34056,1.006,True
34057,0.3973,False
34058,0.5082,True
34059,0.9566,True
34060,0.5135,True
34061,0.947,True
34062,0.1547,False
34063,0.4031,False
34064,0.2252,False
34065,0.8145,True
34066,0.611,True
34067,0.8232,True
34068,0.9209,True
34069,0.1354,False
34070,0.217,False
34071,0.4136,False
34072,0.1514,False
34073,0.8472,True
34074,0.3019,False
34075,0.2606,False
34076,0.2399,False
34077,0.9025,True
34078,0.5816,True
34079,0.3282,False
34080,0.4154,False
34081,0.1798,False
34082,0.1724,False
34083,0.8285,True
34084,0.4338,False
34085,0.8506,True
34086,0.4726,False
34087,0.2451,False
34088,0.3398,False
34089,0.3955,False
34090,0.7289,True
34091,0.3445,False
34092,0.8043,True
34093,1.0364,True
34094,0.6051,True
34095,0.1587,False
34096,0.7531,True
34097,0.2047,False
34098,0.9451,True
34099,0.378,False
34100,0.6636,True
34101,0.2155,False
34102,0.6033,True
34103,1.0101,True
34104,0.122,False
34105,0.5746,True
34106,0.2981,False
34107,0.1357,False
34108,0.8754,True
34109,0.3813,False
34110,1.3566,True
34111,0.2134,False
34112,0.2762,False
34113,0.7346,True
34114,0.2817,False
34115,0.1416,False
34116,0.2539,False
34117,0.2092,False
34118,0.6962,True
34119,1.1476,True
34120,0.3823,False
34121,0.4561,False
34122,0.4696,False
34123,0.3621,False
34124,0.1631,False
34125,0.2278,False
34126,0.4468,False
34127,0.1912,False
34128,0.2485,False
34129,0.1121,False
34130,0.6521,True
34131,0.2002,False
34132,0.2324,False
34133,0.1709,False
34134,0.269,False
34135,0.3275,False
34136,0.2249,False
34137,0.3338,False
34138,0.4168,False
34139,0.7259,True
34140,0.9217,True
34141,0.8861,True
34142,0.1341,False
34143,0.4573,False
34144,0.9836,True
34145,1.1286,True
34146,0.6425,True
34147,1.0933,True
34148,0.2234,False
34149,0.1092,False
34150,0.1182,False
34151,0.7266,True
34152,0.5519,True
34153,0.1937,False
34154,0.3433,False
34155,0.8079,True
34156,0.1824,False
34157,0.1786,False
34158,0.2617,False
34159,0.7095,True
34160,0.529,True
34161,0.8057,True
34162,0.0835,False
34163,0.2599,False
34164,0.1121,False
34165,0.9844,True
34166,0.3964,False
34167,0.1865,False
34168,0.1652,False
34169,0.3213,False
34170,0.4921,False
34171,0.6591,True
34172,0.1719,False
34173,0.721,True
34174,0.1616,False
34175,0.1932,False
34176,0.2249,False
34177,0.1557,False
34178,0.3208,False
34179,0.2868,False
34180,0.466,False
34181,0.5805,True
34182,0.2521,False
34183,0.7513,True
34184,0.8894,True
34185,0.5206,True
34186,0.2546,False
34187,0.8037,True
34188,0.6539,True
34189,0.7107,True
34190,0.2499,False
34191,0.1523,False
34192,1.076,True
34193,0.65,True
34194,0.1465,False
34195,0.1085,False
34196,0.1752,False
34197,0.1856,False
34198,0.6862,True
34199,0.3542,False
34200,1.1222,True
34201,0.2342,False
34202,0.3683,False
34203,0.6401,True
34204,0.8677,True
34205,0.3305,False
34206,0.2112,False
34207,1.0351,True
34208,0.5375,True
34209,0.9246,True
34210,0.3812,False
34211,0.5217,True
34212,0.2572,False
34213,0.4193,False
34214,0.9344,True
34215,1.0017,True
34216,0.3829,False
34217,0.2644,False
34218,0.7642,True
34219,1.1202,True
34220,0.3653,False
34221,0.7535,True
34222,0.1444,False
34223,0.7061,True
34224,0.3617,False
34225,0.6491,True
34226,0.6397,True
34227,0.2211,False
34228,0.4219,False
34229,0.2952,False
34230,0.4649,False
34231,0.1691,False
34232,0.6646,True
34233,0.2815,False
34234,0.5728,True
34235,0.3905,False
34236,0.0868,False
34237,0.7714,True
34238,0.2601,False
34239,0.3379,False
34240,0.5576,True
34241,0.1088,False
34242,0.8881,True
34243,0.3864,False
34244,0.874,True
34245,0.753,True
34246,0.2455,False
34247,0.9618,True
34248,1.1166,True
34249,0.1845,False
34250,0.55,True
34251,0.3407,False
34252,0.1721,False
34253,0.1502,False
34254,0.4731,False
34255,1.0126,True
34256,0.4616,False
34257,0.4399,False
34258,0.5522,True
34259,0.3114,False
34260,0.8316,True
34261,0.4271,False
34262,0.1843,False
34263,0.1689,False
34264,0.4284,False
34265,0.2811,False
34266,0.4492,False
34267,0.2365,False
34268,0.3643,False
34269,0.603,True
34270,0.546,True
34271,0.5222,True
34272,0.9573,True
34273,0.237,False
34274,0.7682,True
34275,0.735,True
34276,0.5066,True
34277,0.6426,True
34278,0.8103,True
34279,0.28,False
34280,0.6826,True
34281,0.1726,False
34282,0.2334,False
34283,1.0564,True
34284,0.5846,True
34285,0.4882,False
34286,0.226,False
34287,0.3932,False
34288,0.2693,False
34289,0.4558,False
34290,0.197,False
34291,0.2138,False
34292,0.4606,False
34293,0.4867,False
34294,0.1296,False
34295,0.3121,False
34296,0.734,True
34297,0.3511,False
34298,1.0547,True
34299,0.272,False
34300,0.4079,False
34301,0.3627,False
34302,0.4663,False
34303,0.7669,True
34304,0.8024,True
34305,0.5631,True
34306,0.6736,True
34307,0.7453,True
34308,0.4073,False
34309,0.4466,False
34310,0.407,False
34311,0.393,False
34312,0.1767,False
34313,0.1749,False
34314,0.2229,False
34315,0.4222,False
34316,0.5128,True
34317,0.1713,False
34318,0.3945,False
34319,0.3541,False
34320,0.4654,False
34321,0.6726,True
34322,0.3829,False
34323,0.8263,True
34324,0.2556,False
34325,0.1859,False
34326,0.3869,False
34327,0.7159,True
34328,0.183,False
34329,0.4836,False
34330,0.9041,True
34331,0.3683,False
34332,0.3213,False
34333,0.6641,True
34334,0.2632,False
34335,0.3958,False
34336,0.6559,True
34337,0.729,True
34338,0.295,False
34339,0.3502,False
34340,0.288,False
34341,0.2395,False
34342,0.6231,True
34343,0.8277,True
34344,0.2788,False
34345,1.0355,True
34346,0.3877,False
34347,0.4924,False
34348,0.5307,True
34349,0.904,True
34350,1.0196,True
34351,1.2722,True
34352,0.0974,False
34353,0.5351,True
34354,0.1317,False
34355,0.3294,False
34356,0.4571,False
34357,0.238,False
34358,0.5113,True
34359,0.8991,True
34360,1.0701,True
34361,1.0781,True
34362,0.6971,True
34363,0.821,True
34364,0.5928,True
34365,0.3106,False
34366,0.3747,False
34367,0.269,False
34368,0.7003,True
34369,0.6549,True
34370,0.0988,False
34371,0.1262,False
34372,1.0322,True
34373,0.3084,False
34374,0.7723,True
34375,0.2022,False
34376,0.4574,False
34377,0.4022,False
34378,0.7164,True
34379,0.2135,False
34380,0.0504,False
34381,0.2163,False
34382,0.2457,False
34383,0.3448,False
34384,0.5659,True
34385,0.243,False
34386,0.548,True
34387,0.4425,False
34388,0.1381,False
34389,0.6095,True
34390,0.7826,True
34391,0.3209,False
34392,0.1576,False
34393,0.1731,False
34394,0.7017,True
34395,0.6499,True
34396,0.6558,True
34397,0.2498,False
34398,0.4426,False
34399,0.1477,False
34400,0.6403,True
34401,0.242,False
34402,0.283,False
34403,0.6874,True
34404,0.7814,True
34405,0.3113,False
34406,0.4372,False
34407,0.3231,False
34408,0.5744,True
34409,0.4216,False
34410,0.1161,False
34411,0.8161,True
34412,0.1469,False
34413,0.3883,False
34414,0.3363,False
34415,0.2281,False
34416,0.8265,True
34417,0.6601,True
34418,0.1684,False
34419,0.4619,False
34420,0.3222,False
34421,0.3732,False
34422,0.2298,False
34423,0.2799,False
34424,0.2054,False
34425,0.2555,False
34426,0.7594,True
34427,0.7038,True
34428,0.5047,True
34429,0.1606,False
34430,0.8268,True
34431,0.4916,False
34432,0.782,True
34433,1.0698,True
34434,0.2122,False
34435,0.9386,True
34436,0.9227,True
34437,0.4791,False
34438,0.1085,False
34439,0.3895,False
34440,0.9712,True
34441,1.1219,True
34442,0.4207,False
34443,0.5108,True
34444,0.5647,True
34445,0.1449,False
34446,0.2129,False
34447,0.4037,False
34448,0.3705,False
34449,0.2319,False
34450,0.3568,False
34451,1.0738,True
34452,0.1152,False
34453,0.9127,True
34454,0.2518,False
34455,0.2719,False
34456,0.1539,False
34457,0.1537,False
34458,0.245,False
34459,0.55,True
34460,0.4171,False
34461,0.2748,False
34462,0.9003,True
34463,0.389,False
34464,0.8757,True
34465,0.1953,False
34466,0.1459,False
34467,0.4127,False
34468,0.7064,True
34469,0.1262,False
34470,0.4612,False
34471,0.2739,False
34472,0.1853,False
34473,0.9075,True
34474,0.2268,False
34475,0.2429,False
34476,0.2139,False
34477,0.3854,False
34478,0.5912,True
34479,0.174,False
34480,0.2792,False
34481,0.2083,False
34482,0.5681,True
34483,0.2566,False
34484,0.9441,True
34485,0.8169,True
34486,0.7316,True
34487,0.7892,True
34488,0.6956,True
34489,0.5911,True
34490,0.4241,False
34491,0.3559,False
34492,0.3821,False
34493,0.186,False
34494,0.2346,False
34495,0.4423,False
34496,0.14,False
34497,0.1758,False
34498,0.3477,False
34499,0.5025,True
34500,0.1978,False
34501,0.1836,False
34502,0.6515,True
34503,0.324,False
34504,0.9973,True
34505,0.1299,False
34506,0.1771,False
34507,0.4703,False
34508,0.2282,False
34509,0.4198,False
34510,0.2615,False
34511,0.275,False
34512,0.1057,False
34513,0.2252,False
34514,0.2004,False
34515,0.2406,False
34516,0.6019,True
34517,0.437,False
34518,0.5938,True
34519,0.231,False
34520,0.3914,False
34521,0.6614,True
34522,0.6854,True
34523,0.4543,False
34524,0.5418,True
34525,0.9136,True
34526,0.441,False
34527,0.2091,False
34528,0.9245,True
34529,0.3737,False
34530,1.0952,True
34531,0.7763,True
34532,0.2869,False
34533,0.8972,True
34534,0.5822,True
34535,0.1597,False
34536,0.4115,False
34537,0.2043,False
34538,0.6535,True
34539,0.1566,False
34540,0.2812,False
34541,0.1295,False
34542,0.4773,False
34543,0.655,True
34544,0.8433,True
34545,0.351,False
34546,0.7862,True
34547,0.2861,False
34548,0.4234,False
34549,0.4759,False
34550,0.3092,False
34551,0.1626,False
34552,0.8859,True
34553,0.2524,False
34554,1.0981,True
34555,1.0507,True
34556,0.3001,False
34557,0.197,False
34558,0.5217,True
34559,0.7588,True
34560,0.6734,True
34561,0.6054,True
34562,0.7432,True
34563,0.2826,False
34564,0.7834,True
34565,0.5864,True
34566,0.3757,False
34567,0.4305,False
34568,0.5023,True
34569,0.8786,True
34570,0.7671,True
34571,0.8804,True
34572,0.7508,True
34573,0.764,True
34574,0.4317,False
34575,0.3837,False
34576,0.2092,False
34577,0.1797,False
34578,0.8599,True
34579,0.2483,False
34580,1.0418,True
34581,0.8828,True
34582,0.4293,False
34583,0.7615,True
34584,0.6782,True
34585,0.2976,False
34586,0.2178,False
34587,0.2361,False
34588,1.0011,True
34589,0.1873,False
34590,0.2619,False
34591,0.1222,False
34592,0.6396,True
34593,0.1317,False
34594,0.7648,True
34595,0.0861,False
34596,0.8698,True
34597,0.3456,False
34598,1.1244,True
34599,0.3681,False
34600,0.166,False
34601,0.2438,False
34602,0.1697,False
34603,0.2802,False
34604,0.4409,False
34605,0.7116,True
34606,0.3681,False
34607,1.0838,True
34608,0.3593,False
34609,0.5487,True
34610,0.475,False
34611,0.6324,True
34612,0.3901,False
34613,0.7622,True
34614,0.193,False
34615,0.166,False
34616,0.5121,True
34617,0.1765,False
34618,0.2825,False
34619,0.2242,False
34620,0.4815,False
34621,0.2149,False
34622,0.9399,True
34623,0.3836,False
34624,0.1287,False
34625,0.2339,False
34626,0.1122,False
34627,0.4256,False
34628,0.467,False
34629,0.2847,False
34630,0.2609,False
34631,0.2609,False
34632,0.1704,False
34633,0.4784,False
34634,0.5447,True
34635,0.9341,True
34636,0.1725,False
34637,0.1737,False
34638,0.7726,True
34639,0.1948,False
34640,0.2383,False
34641,0.7388,True
34642,0.4303,False
34643,0.8648,True
34644,0.9418,True
34645,0.8877,True
34646,0.8109,True
34647,0.3408,False
34648,0.9241,True
34649,0.7189,True
34650,0.8215,True
34651,0.2986,False
34652,0.2779,False
34653,0.9067,True
34654,0.1227,False
34655,0.6057,True
34656,0.2805,False
34657,0.8068,True
34658,0.5752,True
34659,0.3171,False
34660,0.3734,False
34661,0.3172,False
34662,0.105,False
34663,0.5723,True
34664,0.2533,False
34665,1.1462,True
34666,0.1194,False
34667,0.4044,False
34668,0.2231,False
34669,0.1362,False
34670,0.4167,False
34671,0.1575,False
34672,0.7321,True
34673,0.1698,False
34674,0.4027,False
34675,0.239,False
34676,0.7748,True
34677,0.2084,False
34678,0.3614,False
34679,0.2401,False
34680,0.2286,False
34681,0.2374,False
34682,0.3086,False
34683,0.8041,True
34684,0.6223,True
34685,0.3186,False
34686,0.2158,False
34687,0.3271,False
34688,0.7216,True
34689,0.298,False
34690,0.2024,False
34691,0.1458,False
34692,0.1924,False
34693,0.3865,False
34694,0.6857,True
34695,0.2523,False
34696,0.0918,False
34697,0.2547,False
34698,0.2937,False
34699,0.1549,False
34700,0.3512,False
34701,0.2273,False
34702,0.2497,False
34703,0.2216,False
34704,0.7048,True
34705,0.4687,False
34706,0.1769,False
34707,0.6884,True
34708,0.8187,True
34709,0.6834,True
34710,0.1749,False
34711,0.3634,False
34712,0.5796,True
34713,0.6088,True
34714,0.7319,True
34715,0.5335,True
34716,0.8087,True
34717,0.641,True
34718,0.4563,False
34719,0.5489,True
34720,0.7235,True
34721,0.4298,False
34722,0.4694,False
34723,0.3756,False
34724,0.5379,True
34725,0.9679,True
34726,0.7591,True
34727,0.264,False
34728,0.7165,True
34729,0.1863,False
34730,0.3421,False
34731,0.3988,False
34732,0.373,False
34733,0.7175,True
34734,1.1456,True
34735,0.1555,False
34736,0.8009,True
34737,0.2754,False
34738,0.6354,True
34739,0.4506,False
34740,0.2633,False
34741,0.3265,False
34742,0.1697,False
34743,0.1319,False
34744,0.1898,False
34745,0.4307,False
34746,0.2758,False
34747,0.2987,False
34748,0.8409,True
34749,0.7645,True
34750,0.1761,False
34751,0.2858,False
34752,0.6482,True
34753,0.1775,False
34754,1.0509,True
34755,0.1573,False
34756,0.1696,False
34757,0.9904,True
34758,0.3964,False
34759,0.3232,False
34760,0.8386,True
34761,0.1493,False
34762,0.1019,False
34763,0.279,False
34764,1.0418,True
34765,1.1648,True
34766,1.0464,True
34767,0.2976,False
34768,0.5449,True
34769,0.7047,True
34770,0.5333,True
34771,0.8278,True
34772,0.4211,False
34773,1.1192,True
34774,0.7047,True
34775,0.291,False
34776,0.2768,False
34777,0.9995,True
34778,0.1114,False
34779,0.1219,False
34780,0.1944,False
34781,0.2936,False
34782,0.6957,True
34783,0.1518,False
34784,0.1372,False
34785,0.481,False
34786,0.198,False
34787,0.5641,True
34788,0.1241,False
34789,0.6538,True
34790,0.8212,True
34791,0.3225,False
34792,0.3383,False
34793,0.5765,True
34794,0.5396,True
34795,0.2367,False
34796,0.3203,False
34797,0.3887,False
34798,0.6737,True
34799,0.3449,False
34800,0.5938,True
34801,0.2051,False
34802,0.7076,True
34803,0.6674,True
34804,0.2755,False
34805,0.1258,False
34806,0.1769,False
34807,0.5505,True
34808,0.6699,True
34809,0.3557,False
34810,0.4154,False
34811,0.6055,True
34812,0.7892,True
34813,0.1741,False
34814,0.588,True
34815,0.4709,False
34816,0.7068,True
34817,0.5018,True
34818,0.4247,False
34819,1.1423,True
34820,1.005,True
34821,1.1164,True
34822,0.4195,False
34823,0.6468,True
34824,0.204,False
34825,0.2219,False
34826,0.617,True
34827,0.1517,False
34828,0.4911,False
34829,0.8239,True
34830,0.2268,False
34831,0.6938,True
34832,0.6928,True
34833,0.3686,False
34834,0.4146,False
34835,0.6856,True
34836,0.1399,False
34837,0.5172,True
34838,0.927,True
34839,0.273,False
34840,0.4979,False
34841,0.7593,True
34842,0.9307,True
34843,0.3427,False
34844,0.5654,True
34845,0.2295,False
34846,0.2815,False
34847,0.8313,True
34848,0.9663,True
34849,0.2115,False
34850,0.1629,False
34851,0.5129,True
34852,1.055,True
34853,0.2038,False
34854,0.2523,False
34855,0.1112,False
34856,0.9455,True
34857,0.367,False
34858,0.7144,True
34859,0.6339,True
34860,0.3838,False
34861,0.3825,False
34862,0.7067,True
34863,0.2827,False
34864,0.8693,True
34865,0.2764,False
34866,0.211,False
34867,0.1337,False
34868,0.1689,False
34869,0.2375,False
34870,0.4438,False
34871,0.3002,False
34872,0.936,True
34873,0.8773,True
34874,0.4562,False
34875,0.1843,False
34876,0.2033,False
34877,1.187,True
34878,0.5287,True
34879,0.5408,True
34880,0.6754,True
34881,0.666,True
34882,0.6228,True
34883,0.4942,False
34884,0.7333,True
34885,0.1183,False
34886,0.1239,False
34887,0.5334,True
34888,0.7195,True
34889,0.7552,True
34890,0.333,False
34891,0.1489,False
34892,1.0439,True
34893,0.5631,True
34894,0.9251,True
34895,1.1615,True
34896,0.4844,False
34897,0.8866,True
34898,0.7354,True
34899,0.5005,True
34900,0.3692,False
34901,0.1828,False
34902,0.2241,False
34903,0.8652,True
34904,1.0195,True
34905,0.826,True
34906,0.441,False
34907,0.5444,True
34908,0.4239,False
34909,0.721,True
34910,0.2902,False
34911,0.2453,False
34912,0.2935,False
34913,0.8002,True
34914,0.5248,True
34915,0.8523,True
34916,0.5361,True
34917,0.1306,False
34918,0.7677,True
34919,0.5389,True
34920,0.2203,False
34921,0.5247,True
34922,0.1902,False
34923,0.1231,False
34924,0.106,False
34925,0.4137,False
34926,1.263,True
34927,0.5412,True
34928,0.765,True
34929,0.276,False
34930,0.4015,False
34931,0.6877,True
34932,0.2106,False
34933,0.1538,False
34934,0.468,False
34935,0.9604,True
34936,0.6987,True
34937,0.2438,False
34938,0.5529,True
34939,0.8762,True
34940,0.2018,False
34941,0.3494,False
34942,0.3299,False
34943,0.1765,False
34944,0.3307,False
34945,0.1617,False
34946,0.4256,False
34947,0.9637,True
34948,0.1927,False
34949,0.2071,False
34950,0.1778,False
34951,0.4316,False
34952,0.1285,False
34953,0.3356,False
34954,0.5784,True
34955,1.0025,True
34956,0.7359,True
34957,0.2805,False
34958,0.5716,True
34959,0.2494,False
34960,0.0064,False
34961,0.1483,False
34962,0.2569,False
34963,0.2905,False
34964,0.2069,False
34965,0.7261,True
34966,0.779,True
34967,0.3172,False
34968,0.3273,False
34969,0.7721,True
34970,1.0982,True
34971,0.7987,True
34972,0.3956,False
34973,0.3663,False
34974,0.2126,False
34975,0.2576,False
34976,0.3376,False
34977,0.5799,True
34978,0.1118,False
34979,0.9231,True
34980,0.463,False
34981,0.394,False
34982,0.2996,False
34983,1.0083,True
34984,0.2814,False
34985,0.4444,False
34986,0.2898,False
34987,0.1664,False
34988,1.2139,True
34989,1.0223,True
34990,0.9065,True
34991,0.1609,False
34992,0.4847,False
34993,0.3414,False
34994,0.5715,True
34995,0.5923,True
34996,0.7838,True
34997,0.3233,False
34998,0.6985,True
34999,0.3172,False
35000,0.6066,True
35001,0.1064,False
35002,0.4322,False
35003,0.2489,False
35004,0.8531,True
35005,0.6749,True
35006,1.2713,True
35007,0.9986,True
35008,0.9131,True
35009,0.0964,False
35010,0.2001,False
35011,0.5031,True
35012,0.274,False
35013,0.0805,False
35014,0.1397,False
35015,0.8084,True
35016,0.514,True
35017,0.1166,False
35018,0.8878,True
35019,0.1958,False
35020,0.1537,False
35021,0.2523,False
35022,0.4629,False
35023,0.2114,False
35024,0.8143,True
35025,0.6509,True
35026,0.1736,False
35027,1.0157,True
35028,0.7147,True
35029,1.0637,True
35030,0.2024,False
35031,0.7929,True
35032,0.9086,True
35033,0.5277,True
35034,0.2497,False
35035,1.268,True
35036,0.5382,True
35037,0.1918,False
35038,0.5177,True
35039,0.4851,False
35040,0.9037,True
35041,0.2203,False
35042,0.2831,False
35043,0.201,False
35044,0.8674,True
35045,0.7954,True
35046,0.2878,False
35047,0.2284,False
35048,0.4889,False
35049,0.1218,False
35050,0.621,True
35051,0.3929,False
35052,0.6617,True
35053,0.4034,False
35054,0.6544,True
35055,0.5996,True
35056,0.1816,False
35057,0.2162,False
35058,0.3692,False
35059,0.3242,False
35060,0.3895,False
35061,0.4096,False
35062,0.1601,False
35063,0.5486,True
35064,0.2487,False
35065,0.9553,True
35066,0.1656,False
35067,0.4467,False
35068,1.1274,True
35069,0.2096,False
35070,0.2074,False
35071,0.2953,False
35072,0.2689,False
35073,0.1356,False
35074,0.2049,False
35075,0.9256,True
35076,0.2567,False
35077,0.4663,False
35078,0.3912,False
35079,0.2155,False
35080,0.9053,True
35081,0.5632,True
35082,0.7053,True
35083,0.4693,False
35084,0.3366,False
35085,0.1211,False
35086,0.4831,False
35087,1.004,True
35088,0.6179,True
35089,0.1959,False
35090,0.8089,True
35091,0.6041,True
35092,0.2408,False
35093,0.1271,False
35094,0.8842,True
35095,1.0211,True
35096,0.7425,True
35097,0.5421,True
35098,0.1926,False
35099,0.8436,True
35100,0.1468,False
35101,0.971,True
35102,0.4282,False
35103,0.3604,False
35104,0.7068,True
35105,0.1896,False
35106,1.0997,True
35107,0.9136,True
35108,0.2914,False
35109,0.2565,False
35110,0.9281,True
35111,0.275,False
35112,0.2747,False
35113,0.4686,False
35114,0.4166,False
35115,0.7589,True
35116,0.3044,False
35117,0.1651,False
35118,0.49,False
35119,0.7723,True
35120,0.468,False
35121,0.5405,True
35122,0.1867,False
35123,0.3652,False
35124,0.5963,True
35125,0.7164,True
35126,0.3306,False
35127,0.2205,False
35128,0.3254,False
35129,0.5596,True
35130,0.3364,False
35131,0.1354,False
35132,0.8179,True
35133,0.625,True
35134,0.128,False
35135,0.8363,True
35136,0.4778,False
35137,1.2164,True
35138,0.3267,False
35139,0.3046,False
35140,0.2922,False
35141,0.7682,True
35142,0.8593,True
35143,0.4983,False
35144,0.0527,False
35145,1.0697,True
35146,1.085,True
35147,0.1875,False
35148,0.4884,False
35149,0.2675,False
35150,0.2946,False
35151,0.7228,True
35152,0.3142,False
35153,0.1793,False
35154,0.3841,False
35155,0.6923,True
35156,0.7044,True
35157,0.9692,True
35158,0.6512,True
35159,0.7131,True
35160,0.8513,True
35161,0.1957,False
35162,0.6847,True
35163,0.7846,True
35164,0.1497,False
35165,0.8117,True
35166,0.1596,False
35167,0.7301,True
35168,0.6384,True
35169,0.3633,False
35170,0.8745,True
35171,0.3996,False
35172,0.8802,True
35173,0.5441,True
35174,0.8422,True
35175,0.9684,True
35176,0.253,False
35177,0.7204,True
35178,1.0848,True
35179,0.6776,True
35180,0.458,False
35181,0.9481,True
35182,0.4304,False
35183,0.2122,False
35184,0.2833,False
35185,0.7844,True
35186,0.5758,True
35187,0.8427,True
35188,1.0227,True
35189,0.4315,False
35190,0.7954,True
35191,0.1922,False
35192,0.4455,False
35193,0.935,True
35194,0.5024,True
35195,0.6445,True
35196,0.2115,False
35197,0.3134,False
35198,0.176,False
35199,0.2539,False
35200,0.1557,False
35201,0.3493,False
35202,0.5899,True
35203,0.1647,False
35204,0.4026,False
35205,0.1923,False
35206,0.1789,False
35207,0.5925,True
35208,0.2334,False
35209,0.1354,False
35210,0.1833,False
35211,0.2695,False
35212,0.7636,True
35213,1.0555,True
35214,1.1267,True
35215,0.2106,False
35216,0.313,False
35217,0.1657,False
35218,0.3959,False
35219,0.5892,True
35220,0.2219,False
35221,0.2736,False
35222,0.1276,False
35223,0.5597,True
35224,0.8319,True
35225,0.116,False
35226,0.1592,False
35227,0.3041,False
35228,0.7745,True
35229,0.2023,False
35230,0.1328,False
35231,0.1664,False
35232,0.0826,False
35233,0.1997,False
35234,0.7059,True
35235,0.5423,True
35236,0.2367,False
35237,0.2551,False
35238,0.2633,False
35239,0.2156,False
35240,0.1273,False
35241,1.0741,True
35242,0.1862,False
35243,0.196,False
35244,0.2183,False
35245,0.1931,False
35246,0.1221,False
35247,0.6118,True
35248,0.8467,True
35249,0.3838,False
35250,0.7997,True
35251,0.2594,False
35252,0.6385,True
35253,0.2834,False
35254,0.246,False
35255,0.207,False
35256,0.3294,False
35257,0.1994,False
35258,0.2257,False
35259,0.504,True
35260,0.4238,False
35261,0.8942,True
35262,0.4704,False
35263,0.167,False
35264,0.5927,True
35265,0.291,False
35266,0.2133,False
35267,0.4775,False
35268,0.8401,True
35269,0.2431,False
35270,0.7156,True
35271,0.3484,False
35272,0.7317,True
35273,0.5498,True
35274,0.2333,False
35275,0.809,True
35276,0.5574,True
35277,0.2332,False
35278,0.2153,False
35279,0.4877,False
35280,1.0319,True
35281,0.8332,True
35282,0.2759,False
35283,0.5654,True
35284,0.8624,True
35285,0.376,False
35286,0.2401,False
35287,0.3166,False
35288,0.4097,False
35289,0.5451,True
35290,0.3842,False
35291,0.1867,False
35292,0.2606,False
35293,0.9057,True
35294,0.8954,True
35295,0.7079,True
35296,0.6412,True
35297,0.3733,False
35298,0.7598,True
35299,0.0844,False
35300,0.2806,False
35301,0.2956,False
35302,0.3626,False
35303,0.2855,False
35304,0.6131,True
35305,0.7968,True
35306,0.6327,True
35307,0.7668,True
35308,0.9295,True
35309,0.1679,False
35310,0.0909,False
35311,0.1839,False
35312,0.2519,False
35313,0.1833,False
35314,0.4673,False
35315,0.3554,False
35316,0.3451,False
35317,0.7953,True
35318,0.2768,False
35319,0.8569,True
35320,0.6178,True
35321,0.4598,False
35322,1.027,True
35323,0.8197,True
35324,0.7299,True
35325,0.6182,True
35326,0.4195,False
35327,0.548,True
35328,0.6226,True
35329,0.258,False
35330,0.2277,False
35331,0.3818,False
35332,0.4584,False
35333,0.4745,False
35334,0.3138,False
35335,1.0878,True
35336,0.8794,True
35337,0.3808,False
35338,0.7516,True
35339,0.5552,True
35340,1.0036,True
35341,0.3171,False
35342,0.1727,False
35343,0.4728,False
35344,0.2298,False
35345,0.2431,False
35346,0.2404,False
35347,0.6437,True
35348,0.2948,False
35349,0.1611,False
35350,0.5786,True
35351,0.1936,False
35352,0.7304,True
35353,0.2472,False
35354,0.7645,True
35355,1.0294,True
35356,0.3741,False
35357,0.545,True
35358,0.8178,True
35359,0.3374,False
35360,0.226,False
35361,0.8851,True
35362,0.826,True
35363,0.5243,True
35364,0.5856,True
35365,0.1858,False
35366,0.4706,False
35367,0.1511,False
35368,0.6838,True
35369,0.6534,True
35370,0.6028,True
35371,0.4956,False
35372,0.2726,False
35373,0.4294,False
35374,0.8007,True
35375,0.4446,False
35376,0.7987,True
35377,0.1765,False
35378,0.125,False
35379,1.2253,True
35380,0.6688,True
35381,0.1953,False
35382,0.1987,False
35383,0.5794,True
35384,0.1832,False
35385,0.7044,True
35386,0.2007,False
35387,0.2257,False
35388,1.0613,True
35389,0.973,True
35390,0.2022,False
35391,0.0749,False
35392,0.2884,False
35393,0.4288,False
35394,0.5489,True
35395,0.6596,True
35396,0.8398,True
35397,0.4879,False
35398,0.1774,False
35399,0.4762,False
35400,0.2854,False
35401,0.7412,True
35402,0.1756,False
35403,0.5735,True
35404,0.2022,False
35405,0.632,True
35406,0.5326,True
35407,0.6996,True
35408,0.2842,False
35409,0.3653,False
35410,0.9433,True
35411,0.0906,False
35412,0.2207,False
35413,0.8135,True
35414,0.817,True
35415,0.207,False
35416,0.9602,True
35417,0.6935,True
35418,0.294,False
35419,0.2135,False
35420,0.7581,True
35421,0.4066,False
35422,0.1969,False
35423,0.5919,True
35424,0.4703,False
35425,0.2149,False
35426,0.1968,False
35427,0.4801,False
35428,0.2172,False
35429,0.2534,False
35430,0.5311,True
35431,0.4131,False
35432,0.1069,False
35433,0.5698,True
35434,0.085,False
35435,0.3124,False
35436,0.6761,True
35437,0.7967,True
35438,0.5835,True
35439,0.577,True
35440,0.0853,False
35441,0.3772,False
35442,0.4565,False
35443,0.7555,True
35444,0.4249,False
35445,0.5151,True
35446,0.7368,True
35447,0.9482,True
35448,0.5826,True
35449,0.6234,True
35450,0.5073,True
35451,0.3359,False
35452,0.2524,False
35453,0.3371,False
35454,0.5506,True
35455,0.3808,False
35456,0.4161,False
35457,0.4405,False
35458,0.1233,False
35459,0.28,False
35460,0.7818,True
35461,0.1747,False
35462,0.9157,True
35463,0.5389,True
35464,0.8995,True
35465,0.2081,False
35466,0.8079,True
35467,0.4539,False
35468,0.5944,True
35469,0.6764,True
35470,0.1646,False
35471,0.3792,False
35472,0.2944,False
35473,0.8466,True
35474,0.2032,False
35475,0.319,False
35476,0.7136,True
35477,0.448,False
35478,0.3244,False
35479,0.4717,False
35480,0.8185,True
35481,0.7727,True
35482,0.8418,True
35483,0.189,False
35484,0.4863,False
35485,0.3026,False
35486,0.7905,True
35487,0.1052,False
35488,0.3174,False
35489,0.4168,False
35490,0.2275,False
35491,0.3635,False
35492,0.8502,True
35493,0.7911,True
35494,0.7788,True
35495,0.57,True
35496,0.3189,False
35497,0.7053,True
35498,0.5711,True
35499,0.2066,False
35500,0.8363,True
35501,0.5025,True
35502,0.5116,True
35503,0.1081,False
35504,0.0972,False
35505,0.3762,False
35506,0.9587,True
35507,0.1766,False
35508,1.0991,True
35509,0.3613,False
35510,0.1446,False
35511,0.1277,False
35512,0.4533,False
35513,0.5273,True
35514,0.9781,True
35515,0.5334,True
35516,0.5138,True
35517,0.3857,False
35518,0.6571,True
35519,0.6469,True
35520,0.3629,False
35521,1.0323,True
35522,0.1182,False
35523,0.802,True
35524,0.1534,False
35525,0.1885,False
35526,0.9101,True
35527,0.1804,False
35528,0.5117,True
35529,0.3206,False
35530,0.7654,True
35531,0.179,False
35532,0.6237,True
35533,0.2232,False
35534,0.6773,True
35535,0.5076,True
35536,0.2753,False
35537,0.4749,False
35538,0.2412,False
35539,0.3256,False
35540,1.0797,True
35541,0.3251,False
35542,1.1853,True
35543,0.4033,False
35544,0.8008,True
35545,0.9727,True
35546,0.1602,False
35547,0.2889,False
35548,1.0654,True
35549,0.8072,True
35550,0.63,True
35551,0.2783,False
35552,0.5185,True
35553,0.5844,True
35554,0.2552,False
35555,0.3221,False
35556,0.4893,False
35557,0.5012,True
35558,0.6318,True
35559,0.3074,False
35560,0.7819,True
35561,0.7289,True
35562,0.371,False
35563,0.3225,False
35564,0.882,True
35565,0.3892,False
35566,0.3419,False
35567,1.2229,True
35568,0.6286,True
35569,1.0589,True
35570,0.126,False
35571,0.1582,False
35572,0.5835,True
35573,0.8196,True
35574,0.4672,False
35575,0.4981,False
35576,0.8241,True
35577,0.5545,True
35578,0.9027,True
35579,0.5754,True
35580,0.6667,True
35581,0.218,False
35582,0.1951,False
35583,0.5951,True
35584,1.0922,True
35585,0.7925,True
35586,0.6407,True
35587,0.1024,False
35588,0.2351,False
35589,0.7799,True
35590,0.9325,True
35591,0.7049,True
35592,0.2845,False
35593,0.526,True
35594,0.1263,False
35595,0.211,False
35596,0.2776,False
35597,0.2903,False
35598,0.1823,False
35599,0.3818,False
35600,0.2872,False
35601,0.4921,False
35602,0.7394,True
35603,0.4602,False
35604,0.437,False
35605,0.2853,False
35606,0.4328,False
35607,0.1824,False
35608,0.2117,False
35609,0.2085,False
35610,0.5382,True
35611,0.2733,False
35612,0.6915,True
35613,0.3671,False
35614,0.3162,False
35615,0.616,True
35616,0.3057,False
35617,0.2498,False
35618,0.335,False
35619,0.3044,False
35620,0.8241,True
35621,0.2706,False
35622,1.0642,True
35623,0.5134,True
35624,0.9417,True
35625,0.5354,True
35626,0.1377,False
35627,0.7397,True
35628,0.9318,True
35629,0.4643,False
35630,0.2826,False
35631,1.0031,True
35632,0.1408,False
35633,0.14,False
35634,0.4678,False
35635,0.9193,True
35636,0.2714,False
35637,0.2531,False
35638,0.1949,False
35639,0.2738,False
35640,0.79,True
35641,0.4424,False
35642,0.227,False
35643,0.5169,True
35644,1.0208,True
35645,0.4712,False
35646,0.1561,False
35647,0.3704,False
35648,0.2203,False
35649,0.1273,False
35650,0.122,False
35651,0.3558,False
35652,0.7761,True
35653,0.2997,False
35654,0.2334,False
35655,0.1706,False
35656,0.1426,False
35657,0.2197,False
35658,0.5146,True
35659,0.8643,True
35660,0.5073,True
35661,0.8594,True
35662,0.5485,True
35663,0.3108,False
35664,0.6121,True
35665,0.5025,True
35666,0.4338,False
35667,0.8879,True
35668,0.1532,False
35669,0.3535,False
35670,0.3989,False
35671,0.2151,False
35672,0.5885,True
35673,0.6487,True
35674,0.7552,True
35675,0.3207,False
35676,0.2673,False
35677,0.188,False
35678,0.6384,True
35679,0.8243,True
35680,0.2153,False
35681,0.1374,False
35682,0.3436,False
35683,0.1139,False
35684,0.587,True
35685,0.3596,False
35686,0.2344,False
35687,0.2544,False
35688,0.2124,False
35689,0.1864,False
35690,0.204,False
35691,0.7788,True
35692,0.5298,True
35693,0.1999,False
35694,0.2635,False
35695,0.3092,False
35696,0.309,False
35697,0.3143,False
35698,0.3829,False
35699,0.348,False
35700,0.1915,False
35701,0.1183,False
35702,0.4096,False
35703,0.1892,False
35704,0.901,True
35705,0.3712,False
35706,1.1333,True
35707,0.2717,False
35708,0.5069,True
35709,0.4395,False
35710,0.3588,False
35711,0.469,False
35712,0.197,False
35713,0.1875,False
35714,0.2228,False
35715,0.7564,True
35716,0.0955,False
35717,0.6949,True
35718,0.3229,False
35719,0.4681,False
35720,0.8898,True
35721,1.1126,True
35722,0.1575,False
35723,0.4769,False
35724,0.3045,False
35725,0.2696,False
35726,1.006,True
35727,0.3141,False
35728,0.4463,False
35729,0.5504,True
35730,0.0751,False
35731,0.3106,False
35732,0.5031,True
35733,0.5291,True
35734,0.841,True
35735,0.1618,False
35736,0.2677,False
35737,0.3724,False
35738,0.5603,True
35739,0.1374,False
35740,0.3652,False
35741,0.5137,True
35742,0.1726,False
35743,0.2141,False
35744,0.2777,False
35745,0.4709,False
35746,0.6129,True
35747,0.1751,False
35748,0.7006,True
35749,0.1499,False
35750,0.2787,False
35751,0.735,True
35752,0.7634,True
35753,0.8296,True
35754,0.2371,False
35755,0.2196,False
35756,0.1591,False
35757,0.4987,False
35758,0.9126,True
35759,0.2123,False
35760,0.4925,False
35761,0.5086,True
35762,0.3248,False
35763,0.703,True
35764,0.2508,False
35765,0.3586,False
35766,0.6813,True
35767,0.4601,False
35768,0.3212,False
35769,0.6648,True
35770,0.2859,False
35771,0.4782,False
35772,0.313,False
35773,0.342,False
35774,0.8013,True
35775,0.4062,False
35776,0.7017,True
35777,0.7896,True
35778,0.2578,False
35779,0.7457,True
35780,0.7821,True
35781,1.0157,True
35782,0.2054,False
35783,0.1569,False
35784,0.3095,False
35785,0.2483,False
35786,0.2175,False
35787,0.2681,False
35788,1.1336,True
35789,0.3877,False
35790,0.1813,False
35791,0.3073,False
35792,0.3241,False
35793,0.6484,True
35794,0.2385,False
35795,0.7191,True
35796,0.504,True
35797,0.0956,False
35798,0.2127,False
35799,0.2841,False
35800,0.6733,True
35801,0.9054,True
35802,0.489,False
35803,0.4326,False
35804,0.35,False
35805,0.1871,False
35806,0.8135,True
35807,0.555,True
35808,0.6415,True
35809,0.3619,False
35810,0.2001,False
35811,0.0756,False
35812,0.8355,True
35813,0.8721,True
35814,0.0715,False
35815,0.6152,True
35816,0.3233,False
35817,0.2379,False
35818,0.2001,False
35819,0.6477,True
35820,0.1846,False
35821,0.7455,True
35822,0.6818,True
35823,0.4473,False
35824,0.2441,False
35825,0.8566,True
35826,0.7411,True
35827,1.0864,True
35828,0.6799,True
35829,0.119,False
35830,0.593,True
35831,0.394,False
35832,0.1668,False
35833,0.5108,True
35834,0.3613,False
35835,0.2071,False
35836,0.3324,False
35837,0.234,False
35838,0.3173,False
35839,0.2176,False
35840,0.1011,False
35841,0.9367,True
35842,0.5371,True
35843,0.3594,False
35844,0.4967,False
35845,0.6988,True
35846,1.1326,True
35847,0.8694,True
35848,0.3752,False
35849,0.7294,True
35850,0.2139,False
35851,0.2053,False
35852,0.4874,False
35853,0.3525,False
35854,0.4285,False
35855,0.1838,False
35856,0.338,False
35857,0.1872,False
35858,0.2376,False
35859,0.2419,False
35860,0.2767,False
35861,0.1904,False
35862,0.755,True
35863,0.1662,False
35864,0.2428,False
35865,0.6965,True
35866,0.1404,False
35867,0.2871,False
35868,0.6057,True
35869,0.2681,False
35870,0.217,False
35871,0.1254,False
35872,0.2084,False
35873,0.4349,False
35874,0.6826,True
35875,0.5516,True
35876,0.2161,False
35877,0.2983,False
35878,0.5733,True
35879,0.4056,False
35880,0.1565,False
35881,0.1702,False
35882,0.4366,False
35883,0.5532,True
35884,0.628,True
35885,0.7319,True
35886,0.4104,False
35887,1.0017,True
35888,0.8761,True
35889,0.2454,False
35890,0.1278,False
35891,0.8101,True
35892,0.6435,True
35893,0.4019,False
35894,0.3499,False
35895,0.3074,False
35896,0.9622,True
35897,0.2942,False
35898,0.327,False
35899,0.5359,True
35900,0.0991,False
35901,0.1663,False
35902,0.8768,True
35903,1.0433,True
35904,0.1512,False
35905,0.3349,False
35906,0.9036,True
35907,0.4716,False
35908,0.6018,True
35909,0.1814,False
35910,0.1448,False
35911,0.4645,False
35912,0.2864,False
35913,0.5825,True
35914,0.1702,False
35915,0.5772,True
35916,1.0685,True
35917,1.1031,True
35918,0.2277,False
35919,0.2278,False
35920,0.2204,False
35921,0.2348,False
35922,1.123,True
35923,0.6526,True
35924,1.408,True
35925,0.7015,True
35926,0.2399,False
35927,0.1787,False
35928,0.074,False
35929,0.6974,True
35930,0.6849,True
35931,0.1249,False
35932,0.1242,False
35933,0.1883,False
35934,0.1206,False
35935,0.682,True
35936,0.3664,False
35937,0.4256,False
35938,0.3274,False
35939,1.0835,True
35940,0.4792,False
35941,0.6832,True
35942,0.8498,True
35943,0.5435,True
35944,0.2024,False
35945,0.5407,True
35946,0.3458,False
35947,1.0744,True
35948,0.5843,True
35949,1.085,True
35950,0.2574,False
35951,0.1931,False
35952,0.7826,True
35953,0.2392,False
35954,0.5634,True
35955,0.3681,False
35956,0.3051,False
35957,0.2979,False
35958,0.3609,False
35959,0.4291,False
35960,0.1553,False
35961,0.3898,False
35962,0.4558,False
35963,0.1357,False
35964,0.1685,False
35965,1.017,True
35966,0.8663,True
35967,0.3391,False
35968,0.387,False
35969,0.1445,False
35970,0.2411,False
35971,0.5726,True
35972,0.2263,False
35973,0.1461,False
35974,0.5149,True
35975,0.2053,False
35976,0.9136,True
35977,0.2076,False
35978,0.29,False
35979,0.1905,False
35980,0.2006,False
35981,0.4805,False
35982,0.2924,False
35983,0.4978,False
35984,0.7506,True
35985,0.3584,False
35986,0.2689,False
35987,0.2684,False
35988,0.4404,False
35989,0.6123,True
35990,0.9591,True
35991,0.7891,True
35992,0.3882,False
35993,0.1395,False
35994,0.1521,False
35995,0.1791,False
35996,0.1305,False
35997,0.1589,False
35998,0.3155,False
35999,0.454,False
36000,0.3463,False
36001,0.481,False
36002,0.6855,True
36003,0.2309,False
36004,0.6022,True
36005,0.4115,False
36006,0.3427,False
36007,0.2251,False
36008,0.6622,True
36009,0.4726,False
36010,0.4389,False
36011,0.4437,False
36012,0.4775,False
36013,0.2417,False
36014,0.8538,True
36015,0.4879,False
36016,0.1537,False
36017,0.2576,False
36018,0.4121,False
36019,0.2884,False
36020,1.01,True
36021,0.2038,False
36022,0.5433,True
36023,0.5289,True
36024,0.8085,True
36025,1.1488,True
36026,0.1253,False
36027,0.6065,True
36028,0.1274,False
36029,0.1823,False
36030,0.2367,False
36031,0.5043,True
36032,0.9938,True
36033,0.5827,True
36034,0.4532,False
36035,0.5786,True
36036,0.4939,False
36037,0.1342,False
36038,0.2283,False
36039,0.2186,False
36040,0.2475,False
36041,0.3377,False
36042,0.2061,False
36043,0.2816,False
36044,0.1158,False
36045,0.4032,False
36046,0.7595,True
36047,0.1885,False
36048,0.2458,False
36049,0.3268,False
36050,0.1549,False
36051,0.4993,False
36052,0.2659,False
36053,0.3713,False
36054,0.2183,False
36055,0.7101,True
36056,0.478,False
36057,0.7696,True
36058,0.1565,False
36059,0.7319,True
36060,0.6649,True
36061,0.7872,True
36062,0.2682,False
36063,0.9033,True
36064,0.8347,True
36065,0.4375,False
36066,0.3379,False
36067,0.1458,False
36068,0.437,False
36069,1.0258,True
36070,0.2583,False
36071,0.2463,False
36072,0.1981,False
36073,0.3129,False
36074,0.1411,False
36075,0.5102,True
36076,0.2101,False
36077,0.118,False
36078,0.4184,False
36079,0.478,False
36080,0.4726,False
36081,0.2981,False
36082,0.6047,True
36083,0.4194,False
36084,0.7853,True
36085,0.118,False
36086,0.2564,False
36087,0.3441,False
36088,0.9209,True
36089,0.2005,False
36090,0.2324,False
36091,0.4701,False
36092,0.6555,True
36093,0.5343,True
36094,0.2799,False
36095,0.2477,False
36096,0.4451,False
36097,0.3765,False
36098,0.2724,False
36099,0.324,False
36100,0.9359,True
36101,0.7787,True
36102,0.4557,False
36103,0.2048,False
36104,0.7308,True
36105,0.7666,True
36106,0.7978,True
36107,0.7581,True
36108,0.3982,False
36109,0.3391,False
36110,0.2742,False
36111,0.2679,False
36112,0.4331,False
36113,0.1343,False
36114,0.7755,True
36115,0.4327,False
36116,0.6732,True
36117,0.3197,False
36118,0.3086,False
36119,0.293,False
36120,0.388,False
36121,0.4665,False
36122,0.8472,True
36123,0.2107,False
36124,0.2095,False
36125,0.7809,True
36126,0.1467,False
36127,0.4826,False
36128,0.5146,True
36129,0.2173,False
36130,0.4445,False
36131,0.249,False
36132,0.284,False
36133,0.4182,False
36134,0.2912,False
36135,0.4284,False
36136,0.5423,True
36137,0.1261,False
36138,0.2372,False
36139,0.3706,False
36140,0.8883,True
36141,0.2917,False
36142,0.2422,False
36143,0.2079,False
36144,0.4915,False
36145,0.124,False
36146,0.6424,True
36147,0.6489,True
36148,0.4002,False
36149,0.4546,False
36150,0.9066,True
36151,0.5767,True
36152,0.1691,False
36153,0.1577,False
36154,0.1918,False
36155,0.6123,True
36156,0.1943,False
36157,0.7711,True
36158,0.7429,True
36159,0.8669,True
36160,0.3956,False
36161,0.1748,False
36162,0.1616,False
36163,0.2265,False
36164,0.2834,False
36165,1.0773,True
36166,0.1451,False
36167,0.7605,True
36168,0.1374,False
36169,0.5952,True
36170,0.4364,False
36171,0.497,False
36172,0.2165,False
36173,0.2321,False
36174,0.123,False
36175,0.2202,False
36176,0.1643,False
36177,0.3338,False
36178,0.2793,False
36179,0.2743,False
36180,0.3163,False
36181,0.1944,False
36182,0.0872,False
36183,1.1882,True
36184,0.4309,False
36185,0.7777,True
36186,0.1738,False
36187,0.317,False
36188,0.935,True
36189,0.0684,False
36190,0.2747,False
36191,0.7386,True
36192,0.8102,True
36193,0.6008,True
36194,0.2744,False
36195,0.9645,True
36196,0.3718,False
36197,0.2912,False
36198,0.2479,False
36199,0.2434,False
36200,0.9825,True
36201,0.4144,False
36202,0.6968,True
36203,0.8071,True
36204,0.9202,True
36205,1.1837,True
36206,0.8269,True
36207,0.4525,False
36208,0.936,True
36209,0.184,False
36210,0.3623,False
36211,0.3505,False
36212,0.176,False
36213,0.1583,False
36214,0.1855,False
36215,0.2278,False
36216,0.4725,False
36217,0.3867,False
36218,0.5904,True
36219,0.2097,False
36220,0.7362,True
36221,0.224,False
36222,0.5461,True
36223,0.5629,True
36224,0.1937,False
36225,0.2323,False
36226,0.199,False
36227,0.3406,False
36228,0.2553,False
36229,0.3291,False
36230,0.3155,False
36231,0.1832,False
36232,0.263,False
36233,0.2758,False
36234,0.1998,False
36235,0.9573,True
36236,0.4101,False
36237,0.1419,False
36238,0.6686,True
36239,0.3502,False
36240,1.2727,True
36241,0.8521,True
36242,0.5244,True
36243,0.1647,False
36244,0.6865,True
36245,0.3023,False
36246,0.1456,False
36247,1.0868,True
36248,0.4352,False
36249,0.9498,True
36250,0.8036,True
36251,0.6893,True
36252,0.7842,True
36253,0.5419,True
36254,1.0965,True
36255,0.5381,True
36256,0.214,False
36257,0.2915,False
36258,0.3234,False
36259,0.3018,False
36260,0.9741,True
36261,0.2013,False
36262,0.1357,False
36263,0.1156,False
36264,0.4341,False
36265,0.2169,False
36266,0.1781,False
36267,0.3909,False
36268,0.1975,False
36269,0.1347,False
36270,0.5941,True
36271,0.895,True
36272,0.3314,False
36273,0.2446,False
36274,0.773,True
36275,0.3297,False
36276,0.127,False
36277,0.6038,True
36278,0.2776,False
36279,0.3017,False
36280,0.1632,False
36281,0.7257,True
36282,0.4843,False
36283,0.8184,True
36284,0.4886,False
36285,0.2997,False
36286,0.128,False
36287,0.2283,False
36288,0.8871,True
36289,0.6489,True
36290,0.36,False
36291,0.5761,True
36292,0.2579,False
36293,0.3389,False
36294,0.5603,True
36295,0.4157,False
36296,0.256,False
36297,0.8573,True
36298,0.2308,False
36299,0.3534,False
36300,0.3288,False
36301,1.1793,True
36302,0.9434,True
36303,0.4202,False
36304,0.1784,False
36305,0.5836,True
36306,0.1122,False
36307,0.4835,False
36308,0.4598,False
36309,0.1543,False
36310,0.2607,False
36312,0.9196,True
36313,0.3409,False
36314,0.2614,False
36315,0.485,False
36316,0.3311,False
36317,0.3885,False
36318,0.8003,True
36319,0.2941,False
36320,0.1638,False
36321,0.76,True
36322,1.0132,True
36323,0.4056,False
36324,0.2816,False
36325,0.7942,True
36326,0.1805,False
36327,0.2882,False
36328,1.0324,True
36329,0.8743,True
36330,0.823,True
36331,0.815,True
36332,0.1499,False
36333,0.7069,True
36334,0.9667,True
36335,0.3299,False
36336,0.5879,True
36337,0.737,True
36338,0.7676,True
36339,0.5943,True
36340,0.9851,True
36341,0.6561,True
36342,0.6584,True
36343,0.6335,True
36344,0.5964,True
36345,0.1842,False
36346,0.5253,True
36347,0.5448,True
36348,0.5722,True
36349,0.4316,False
36350,0.6544,True
36351,0.1538,False
36352,0.7623,True
36353,0.9898,True
36354,0.1563,False
36355,0.602,True
36356,0.656,True
36357,0.3548,False
36358,0.077,False
36359,0.2066,False
36360,0.7089,True
36361,0.6248,True
36362,0.9924,True
36363,0.959,True
36364,0.5936,True
36365,0.2315,False
36366,0.8255,True
36367,0.7277,True
36368,0.1609,False
36369,0.3421,False
36370,0.9362,True
36371,0.1993,False
36372,0.5165,True
36373,0.1102,False
36374,0.6785,True
36375,0.3557,False
36376,0.474,False
36377,0.4404,False
36378,0.14,False
36379,0.4232,False
36380,0.444,False
36381,0.809,True
36382,1.0307,True
36383,0.3586,False
36384,0.5689,True
36385,0.4438,False
36386,0.5114,True
36387,0.309,False
36388,0.2171,False
36389,0.5839,True
36390,0.6288,True
36391,0.567,True
36392,0.8785,True
36393,0.3225,False
36394,0.3294,False
36395,0.3342,False
36396,0.4511,False
36397,0.2541,False
36398,0.5323,True
36399,0.2633,False
36400,0.8384,True
36401,0.5848,True
36402,0.2737,False
36403,0.1701,False
36404,0.9734,True
36405,0.5778,True
36406,0.5864,True
36407,0.285,False
36408,0.5077,True
36409,0.2386,False
36410,0.8064,True
36411,0.2084,False
36412,0.7846,True
36413,0.497,False
36414,0.3746,False
36415,0.3163,False
36416,0.1404,False
36417,0.4169,False
36418,0.2623,False
36419,0.4756,False
36420,0.2969,False
36421,0.6047,True
36422,0.1827,False
36423,0.2027,False
36424,0.1811,False
36425,0.7731,True
36426,0.7985,True
36427,0.2033,False
36428,0.1828,False
36429,0.4824,False
36430,0.4055,False
36431,0.0965,False
36432,0.2839,False
36433,0.7899,True
36434,0.4989,False
36435,0.1128,False
36436,0.2093,False
36437,0.1146,False
36438,0.4638,False
36439,0.2393,False
36440,0.1994,False
36441,0.8395,True
36442,0.5888,True
36443,0.1947,False
36444,0.2569,False
36445,0.4208,False
36446,0.2189,False
36447,0.3536,False
36448,0.2028,False
36449,0.213,False
36450,0.7998,True
36451,0.7332,True
36452,0.1112,False
36453,0.8074,True
36454,0.4631,False
36455,0.1533,False
36456,0.097,False
36457,0.7209,True
36458,0.2505,False
36459,0.4776,False
36460,0.2536,False
36461,0.7845,True
36462,0.4108,False
36463,0.2709,False
36464,0.4219,False
36465,0.5584,True
36466,0.1676,False
36467,0.3514,False
36468,1.2515,True
36469,0.438,False
36470,0.2078,False
36471,0.1383,False
36472,0.6393,True
36473,0.1284,False
36474,0.6601,True
36475,0.3073,False
36476,0.4595,False
36477,0.3351,False
36478,0.3428,False
36479,0.5507,True
36480,0.3832,False
36481,0.7134,True
36482,0.252,False
36483,0.2206,False
36484,0.7576,True
36485,0.206,False
36486,0.5235,True
36487,0.4749,False
36488,0.7375,True
36489,0.9108,True
36490,0.158,False
36491,0.3247,False
36492,0.2731,False
36493,0.381,False
36494,0.176,False
36495,0.7757,True
36496,0.1755,False
36497,0.8251,True
36498,0.6936,True
36499,0.8407,True
36500,0.0305,False
36501,0.2648,False
36502,0.5364,True
36503,0.6035,True
36504,0.4165,False
36505,0.7033,True
36506,0.5629,True
36507,0.2402,False
36508,0.2667,False
36509,1.1675,True
36510,0.4225,False
36511,0.157,False
36512,0.1227,False
36513,0.1984,False
36514,0.4292,False
36515,0.1364,False
36516,0.0873,False
36517,0.827,True
36518,0.8914,True
36519,0.4527,False
36520,0.7329,True
36521,0.2749,False
36522,0.3677,False
36523,0.2988,False
36524,0.7175,True
36525,0.9902,True
36526,0.9037,True
36527,0.2324,False
36528,0.158,False
36529,0.2173,False
36530,0.7046,True
36531,0.7157,True
36532,0.7992,True
36533,0.3467,False
36534,0.9305,True
36535,0.237,False
36536,0.6839,True
36537,0.1408,False
36538,0.1139,False
36539,0.6262,True
36540,0.8737,True
36541,0.2143,False
36542,0.7467,True
36543,0.8956,True
36544,0.3387,False
36545,0.1354,False
36546,0.3711,False
36547,0.4769,False
36548,0.2608,False
36549,0.2147,False
36550,0.3446,False
36551,0.2384,False
36552,0.2201,False
36553,0.6713,True
36554,0.7532,True
36555,0.2546,False
36556,1.1289,True
36557,0.7469,True
36558,0.7758,True
36559,0.2304,False
36560,0.277,False
36561,0.5277,True
36562,0.6958,True
36563,0.1874,False
36564,0.7438,True
36565,0.1495,False
36566,0.4255,False
36567,0.659,True
36568,0.3853,False
36569,1.0782,True
36570,1.117,True
36571,0.5504,True
36572,0.2671,False
36573,0.3554,False
36574,0.9266,True
36575,0.249,False
36576,0.2851,False
36577,0.418,False
36578,0.2225,False
36579,0.6251,True
36580,0.1043,False
36581,0.5399,True
36582,0.1902,False
36583,0.5849,True
36584,0.4578,False
36585,0.398,False
36586,0.2895,False
36587,0.153,False
36588,0.2075,False
36589,0.1808,False
36590,0.158,False
36591,0.3641,False
36592,0.1835,False
36593,0.1113,False
36594,0.3014,False
36595,0.8616,True
36596,0.4265,False
36597,0.2938,False
36598,0.7974,True
36599,0.286,False
36600,0.2869,False
36601,0.2622,False
36602,0.4431,False
36603,0.7984,True
36604,0.2536,False
36605,0.9171,True
36606,0.5739,True
36607,0.3595,False
36608,0.1095,False
36609,0.6985,True
36610,0.2868,False
36611,0.2542,False
36612,0.4946,False
36613,0.8646,True
36614,0.1254,False
36615,0.4998,False
36616,0.9676,True
36617,0.1514,False
36618,0.4234,False
36619,0.0803,False
36620,0.9753,True
36621,0.53,True
36622,0.1962,False
36623,0.295,False
36624,0.4193,False
36625,0.182,False
36626,0.5496,True
36627,0.2357,False
36628,0.3859,False
36629,0.1285,False
36630,0.2131,False
36631,0.1824,False
36632,0.1787,False
36633,0.3063,False
36634,0.6522,True
36635,0.4081,False
36636,1.0694,True
36637,0.3376,False
36638,0.897,True
36639,0.6245,True
36640,0.7021,True
36641,0.5091,True
36642,0.2426,False
36643,0.1192,False
36644,1.0509,True
36645,0.5982,True
36646,0.3686,False
36647,0.7262,True
36648,0.6739,True
36649,0.3046,False
36650,0.4959,False
36651,0.2464,False
36652,0.2912,False
36653,0.4949,False
36654,0.4719,False
36655,0.1422,False
36656,0.8899,True
36657,0.1937,False
36658,0.303,False
36659,0.2867,False
36660,0.1456,False
36661,0.2536,False
36662,0.7131,True
36663,0.5021,True
36664,0.2789,False
36665,0.6208,True
36666,0.1694,False
36667,0.3569,False
36668,0.1392,False
36669,0.6312,True
36670,1.0262,True
36671,0.992,True
36672,0.5355,True
36673,0.8116,True
36674,0.6873,True
36675,0.2663,False
36676,0.1302,False
36677,0.8842,True
36678,0.5066,True
36679,0.2494,False
36680,0.4764,False
36681,0.5124,True
36682,0.8431,True
36683,0.2698,False
36684,0.1706,False
36685,0.1257,False
36686,0.469,False
36687,0.5984,True
36688,0.3679,False
36689,0.9488,True
36690,0.3567,False
36691,0.2987,False
36692,0.2483,False
36693,0.5245,True
36694,0.1519,False
36695,0.3701,False
36696,0.6887,True
36697,0.5272,True
36698,0.2435,False
36699,0.1915,False
36700,0.5735,True
36701,0.5992,True
36702,0.8816,True
36703,0.2708,False
36704,0.4333,False
36705,0.4876,False
36706,0.2133,False
36707,0.2417,False
36708,0.8009,True
36709,0.0899,False
36710,0.5303,True
36711,0.5213,True
36712,0.6608,True
36713,0.1285,False
36714,0.6304,True
36715,0.7182,True
36716,0.2154,False
36717,0.9886,True
36718,0.9113,True
36719,0.3041,False
36720,0.7887,True
36721,0.8503,True
36722,0.97,True
36723,0.116,False
36724,0.2191,False
36725,0.1964,False
36726,0.2029,False
36727,0.4583,False
36728,0.5144,True
36729,0.4766,False
36730,0.1323,False
36731,0.1656,False
36732,0.4021,False
36733,0.3589,False
36734,0.6092,True
36735,0.7371,True
36736,0.7528,True
36737,0.574,True
36738,0.5881,True
36739,0.8535,True
36740,0.1938,False
36741,1.0083,True
36742,0.5973,True
36743,0.2226,False
36744,0.3245,False
36745,0.3113,False
36746,0.2786,False
36747,0.2249,False
36748,0.5234,True
36749,1.1046,True
36750,0.4197,False
36751,0.2835,False
36752,0.7498,True
36753,0.7012,True
36754,0.2791,False
36755,0.1942,False
36756,0.6826,True
36757,0.529,True
36758,0.3319,False
36759,0.9151,True
36760,0.645,True
36761,0.7241,True
36762,0.8806,True
36763,0.1339,False
36764,0.8652,True
36765,0.4806,False
36766,0.2056,False
36767,0.8753,True
36768,0.1529,False
36769,0.6252,True
36770,0.3729,False
36771,0.9071,True
36772,0.9568,True
36773,0.2384,False
36774,0.3864,False
36775,0.2483,False
36776,0.1798,False
36777,0.2917,False
36778,0.2582,False
36779,0.8445,True
36780,0.5843,True
36781,0.5521,True
36782,0.456,False
36783,0.1557,False
36784,0.9334,True
36785,0.4526,False
36786,0.3265,False
36787,0.3823,False
36788,1.1492,True
36789,0.5125,True
36790,0.4283,False
36791,1.0402,True
36792,1.1178,True
36793,0.8013,True
36794,0.1382,False
36795,0.3312,False
36796,0.3798,False
36797,0.6624,True
36798,0.2387,False
36799,0.6033,True
36800,0.2989,False
36801,0.398,False
36802,0.3949,False
36803,0.7592,True
36804,0.4408,False
36805,0.449,False
36806,0.1961,False
36807,0.1945,False
36808,0.3394,False
36809,0.3901,False
36810,0.1661,False
36811,0.6298,True
36812,0.844,True
36813,0.1947,False
36814,0.3558,False
36815,0.3803,False
36816,0.104,False
36817,0.2539,False
36818,0.3846,False
36819,0.2371,False
36820,0.65,True
36821,0.194,False
36822,0.306,False
36823,0.8333,True
36824,0.6219,True
36825,0.7899,True
36826,0.7592,True
36827,0.4698,False
36828,0.8438,True
36829,0.3009,False
36830,0.3183,False
36831,0.6157,True
36832,0.8647,True
36833,0.5128,True
36834,0.1676,False
36835,0.612,True
36836,0.9187,True
36837,0.1702,False
36838,0.8464,True
36839,0.2196,False
36840,0.5448,True
36841,0.7289,True
36842,1.0317,True
36843,0.7686,True
36844,0.0496,False
36845,0.208,False
36846,0.2466,False
36847,0.6559,True
36848,0.1857,False
36849,0.2837,False
36850,0.5699,True
36851,0.1691,False
36852,0.8713,True
36853,0.2594,False
36854,0.1478,False
36855,0.1371,False
36856,0.3216,False
36857,0.3048,False
36858,0.4997,False
36859,0.0812,False
36860,0.0647,False
36861,0.6319,True
36862,0.1619,False
36863,0.56,True
36864,0.9077,True
36865,0.2848,False
36866,1.2864,True
36867,0.8413,True
36868,0.1311,False
36869,0.4024,False
36870,0.6919,True
36871,0.3401,False
36872,0.8317,True
36873,0.1919,False
36874,0.2335,False
36875,0.4724,False
36876,0.388,False
36877,0.1957,False
36878,0.4225,False
36879,0.1682,False
36880,0.1564,False
36881,0.8668,True
36882,0.3299,False
36883,0.2029,False
36884,0.7159,True
36885,0.1378,False
36886,0.1526,False
36887,0.3103,False
36888,0.4728,False
36889,0.7445,True
36890,0.5863,True
36891,0.8159,True
36892,0.3364,False
36893,0.6523,True
36894,0.8213,True
36895,0.4798,False
36896,0.3723,False
36897,0.7821,True
36898,0.6377,True
36899,0.7756,True
36900,0.3124,False
36901,0.352,False
36902,0.2749,False
36903,1.1018,True
36904,0.8436,True
36905,0.1549,False
36906,0.7093,True
36907,0.7669,True
36908,0.7716,True
36909,0.7617,True
36910,0.696,True
36911,0.3157,False
36912,0.406,False
36913,1.0478,True
36914,0.098,False
36915,0.5583,True
36916,0.1694,False
36917,0.4305,False
36918,0.8408,True
36919,0.6787,True
36920,0.4321,False
36921,0.5658,True
36922,0.6663,True
36923,0.2343,False
36924,0.4775,False
36925,0.225,False
36926,0.3377,False
36927,0.7218,True
36928,0.7148,True
36929,0.5957,True
36930,0.6102,True
36931,0.7309,True
36932,0.8255,True
36933,0.6789,True
36934,0.2081,False
36935,1.0244,True
36936,0.961,True
36937,0.3125,False
36938,0.1841,False
36939,0.7363,True
36940,0.2958,False
36941,0.91,True
36942,0.2417,False
36943,0.2491,False
36944,0.2707,False
36945,0.226,False
36946,0.2728,False
36947,0.4573,False
36948,0.3942,False
36949,0.245,False
36950,0.6063,True
36951,0.5276,True
36952,0.4569,False
36953,0.7235,True
36954,0.9352,True
36955,0.6432,True
36956,0.3821,False
36957,0.1614,False
36958,0.7033,True
36959,0.5353,True
36960,0.4442,False
36961,0.2796,False
36962,0.9572,True
36963,0.1998,False
36964,0.315,False
36965,0.4413,False
36966,0.3716,False
36967,0.4226,False
36968,0.3893,False
36969,0.2013,False
36970,0.5143,True
36971,0.6394,True
36972,0.7437,True
36973,0.3351,False
36974,0.2043,False
36975,0.5967,True
36976,0.6293,True
36977,0.4021,False
36978,0.4967,False
36979,0.1994,False
36980,0.7808,True
36981,0.2087,False
36982,1.0072,True
36983,0.9708,True
36984,0.7826,True
36985,0.4175,False
36986,0.1903,False
36987,0.3331,False
36988,0.7184,True
36989,0.2585,False
36990,0.189,False
36991,0.6359,True
36992,0.4464,False
36993,0.2894,False
36994,0.7455,True
36995,0.4686,False
36996,0.9706,True
36997,0.295,False
36998,0.7099,True
36999,0.2827,False
37000,0.3652,False
37001,0.1166,False
37002,0.1859,False
37003,1.0944,True
37004,0.3565,False
37005,0.3653,False
37006,0.7031,True
37007,0.5459,True
37008,0.713,True
37009,0.1732,False
37010,0.2885,False
37011,0.1458,False
37012,0.619,True
37013,0.2074,False
37014,0.4525,False
37015,0.4382,False
37016,0.9502,True
37017,0.8285,True
37018,0.1942,False
37019,0.9801,True
37020,0.729,True
37021,0.1455,False
37022,0.2341,False
37023,0.9874,True
37024,0.4134,False
37025,0.4955,False
37026,0.589,True
37027,0.2948,False
37028,0.319,False
37029,0.3658,False
37030,0.8347,True
37031,0.2946,False
37032,0.837,True
37033,0.3941,False
37034,0.7773,True
37035,0.1454,False
37036,1.077,True
37037,0.8602,True
37038,0.2671,False
37039,0.1636,False
37040,0.9135,True
37041,0.3059,False
37042,0.8481,True
37043,0.2965,False
37044,0.1912,False
37045,0.8419,True
37046,0.5106,True
37047,0.1575,False
37048,0.8475,True
37049,0.845,True
37050,0.1407,False
37051,0.9066,True
37052,0.2292,False
37053,0.0707,False
37054,0.2383,False
37055,0.7363,True
37056,0.3205,False
37057,0.303,False
37058,0.1731,False
37059,0.1913,False
37060,0.2894,False
37061,0.2812,False
37062,0.4861,False
37063,0.2432,False
37064,0.5977,True
37065,0.8726,True
37066,0.3186,False
37067,0.302,False
37068,0.9026,True
37069,0.1505,False
37070,0.7925,True
37071,1.1895,True
37072,0.8243,True
37073,0.4655,False
37074,0.7605,True
37075,0.3887,False
37076,0.2681,False
37077,0.4549,False
37078,0.5876,True
37079,0.3042,False
37080,0.4797,False
37081,0.4692,False
37082,0.5979,True
37083,0.1287,False
37084,0.359,False
37085,0.2448,False
37086,0.2664,False
37087,0.345,False
37088,0.5238,True
37089,1.0543,True
37090,0.4445,False
37091,0.2486,False
37092,0.2992,False
37093,0.3469,False
37094,0.486,False
37095,0.225,False
37096,0.3466,False
37097,0.2008,False
37098,0.7925,True
37099,0.523,True
37100,0.2642,False
37101,0.1755,False
37102,0.2801,False
37103,0.2514,False
37104,0.4093,False
37105,0.794,True
37106,0.4,False
37107,0.7256,True
37108,1.0119,True
37109,0.4554,False
37110,0.6233,True
37111,0.1814,False
37112,0.3056,False
37113,0.3274,False
37114,0.5916,True
37115,0.7716,True
37116,0.3535,False
37117,0.5443,True
37118,0.3467,False
37119,0.728,True
37120,0.8358,True
37121,0.2899,False
37122,0.3099,False
37123,0.3096,False
37124,0.3892,False
37125,0.7139,True
37126,0.2077,False
37127,0.1891,False
37128,0.4196,False
37129,0.5238,True
37130,0.8976,True
37131,0.6408,True
37132,0.2484,False
37133,0.4776,False
37134,0.238,False
37135,0.2643,False
37136,0.279,False
37137,0.2018,False
37138,0.5357,True
37139,0.1692,False
37140,0.9645,True
37141,0.7158,True
37142,0.9082,True
37143,0.2087,False
37144,0.7914,True
37145,0.4907,False
37146,0.317,False
37147,0.9478,True
37148,0.6811,True
37149,0.7081,True
37150,0.5293,True
37151,0.8179,True
37152,0.4673,False
37153,0.8994,True
37154,0.3442,False
37155,0.3237,False
37156,0.1667,False
37157,0.2219,False
37158,0.2248,False
37159,0.2299,False
37160,0.209,False
37161,0.5947,True
37162,0.2417,False
37163,0.3404,False
37164,0.22,False
37165,0.825,True
37166,0.1711,False
37167,0.6145,True
37168,0.2332,False
37169,0.5077,True
37170,0.3004,False
37171,0.2677,False
37172,0.2998,False
37173,0.1889,False
37174,0.2471,False
37175,0.3969,False
37176,0.4326,False
37177,0.7214,True
37178,0.525,True
37179,0.5144,True
37180,0.383,False
37181,0.799,True
37182,0.1388,False
37183,0.4888,False
37184,0.3122,False
37185,0.4661,False
37186,0.7147,True
37187,0.153,False
37188,0.3715,False
37189,0.2836,False
37190,0.5296,True
37191,0.1729,False
37192,0.2314,False
37193,0.6541,True
37194,0.4056,False
37195,0.1603,False
37196,0.3562,False
37197,0.1787,False
37198,0.9626,True
37199,0.8059,True
37200,0.3072,False
37201,1.0232,True
37202,0.8068,True
37203,0.2135,False
37204,0.7323,True
37205,0.4752,False
37206,0.735,True
37207,0.11,False
37208,0.6898,True
37209,0.7525,True
37210,0.2084,False
37211,0.0863,False
37212,0.8569,True
37213,0.6625,True
37214,0.1911,False
37215,0.2947,False
37216,0.2157,False
37217,0.1726,False
37218,0.773,True
37219,0.2174,False
37220,0.9279,True
37221,1.0746,True
37222,0.4654,False
37223,0.5404,True
37224,0.7342,True
37225,0.4039,False
37226,0.1051,False
37227,0.5917,True
37228,0.4063,False
37229,0.1781,False
37230,0.3331,False
37231,0.2068,False
37232,0.1477,False
37233,0.7354,True
37234,0.2964,False
37235,0.0813,False
37236,0.8339,True
37237,0.2328,False
37238,0.9096,True
37239,0.3934,False
37240,0.2096,False
37241,0.2492,False
37242,0.2448,False
37243,0.7467,True
37244,0.3568,False
37245,0.1081,False
37246,0.6795,True
37247,0.911,True
37248,0.3313,False
37249,0.4108,False
37250,1.0654,True
37251,0.9041,True
37252,0.3478,False
37253,0.5177,True
37254,0.2034,False
37255,1.0133,True
37256,0.7539,True
37257,0.8409,True
37258,0.462,False
37259,0.831,True
37260,0.9404,True
37261,0.0835,False
37262,0.8314,True
37263,0.4377,False
37264,0.2202,False
37265,0.9004,True
37266,0.6298,True
37267,0.2396,False
37268,0.8682,True
37269,0.5203,True
37270,0.3787,False
37271,0.2616,False
37272,0.344,False
37273,0.1911,False
37274,0.1336,False
37275,0.1392,False
37276,0.8509,True
37277,0.5473,True
37278,0.1854,False
37279,0.3636,False
37280,0.1646,False
37281,0.539,True
37282,0.4381,False
37283,0.2423,False
37284,0.3185,False
37285,0.2888,False
37286,0.2463,False
37287,0.2348,False
37288,0.5387,True
37289,0.6697,True
37290,0.4199,False
37291,0.8731,True
37292,0.61,True
37293,0.6536,True
37294,0.2561,False
37295,0.1478,False
37296,0.0982,False
37297,0.4225,False
37298,0.4632,False
37299,0.1915,False
37300,0.3101,False
37301,0.2178,False
37302,0.169,False
37303,0.8662,True
37304,0.6461,True
37305,0.4339,False
37306,0.3266,False
37307,0.1247,False
37308,0.4397,False
37309,0.7488,True
37310,0.8558,True
37311,0.1969,False
37312,0.248,False
37313,0.9786,True
37314,0.3883,False
37315,0.4315,False
37316,0.5458,True
37317,0.6894,True
37318,0.8457,True
37319,0.3762,False
37320,0.2871,False
37321,0.2817,False
37322,0.4043,False
37323,0.129,False
37324,0.7373,True
37325,0.0828,False
37326,0.1498,False
37327,0.3216,False
37328,0.7774,True
37329,0.8292,True
37330,0.5385,True
37331,0.2291,False
37332,0.5217,True
37333,0.731,True
37334,0.39,False
37335,0.1994,False
37336,0.7836,True
37337,0.903,True
37338,0.1203,False
37339,0.5938,True
37340,0.7513,True
37341,0.4758,False
37342,0.4431,False
37343,0.2474,False
37344,1.0712,True
37345,0.61,True
37346,0.3323,False
37347,0.4163,False
37348,0.4957,False
37349,0.2932,False
37350,0.5566,True
37351,0.9208,True
37352,0.4466,False
37353,0.9192,True
37354,0.5451,True
37355,0.1614,False
37356,0.3522,False
37357,0.7224,True
37358,0.4404,False
37359,0.2143,False
37360,0.5458,True
37361,0.4356,False
37362,0.4736,False
37363,0.3425,False
37364,0.4786,False
37365,0.4035,False
37366,0.1813,False
37367,0.831,True
37368,0.689,True
37369,0.1805,False
37370,0.2707,False
37371,0.984,True
37372,0.4437,False
37373,1.0871,True
37374,0.2301,False
37375,0.1882,False
37376,0.2498,False
37377,0.1173,False
37378,0.4553,False
37379,0.1463,False
37380,0.7062,True
37381,0.8848,True
37382,0.1293,False
37383,1.0392,True
37384,0.2579,False
37385,0.4409,False
37386,0.3015,False
37387,0.3037,False
37388,0.9277,True
37389,0.7326,True
37390,0.3451,False
37391,0.5682,True
37392,0.3218,False
37393,0.4835,False
37394,0.7056,True
37395,0.1566,False
37396,0.5178,True
37397,1.0191,True
37398,1.0668,True
37399,0.6697,True
37400,0.6274,True
37401,0.6312,True
37402,0.2268,False
37403,0.8991,True
37404,0.2292,False
37405,0.7043,True
37406,0.2589,False
37407,0.2825,False
37408,0.3295,False
37409,0.2705,False
37410,0.4932,False
37411,0.1505,False
37412,0.5828,True
37413,0.7161,True
37414,0.2435,False
37415,0.6284,True
37416,0.1708,False
37417,0.6862,True
37418,0.689,True
37419,0.1667,False
37420,0.4285,False
37421,1.1229,True
37422,0.6181,True
37423,0.3553,False
37424,0.7608,True
37425,0.2833,False
37426,0.6009,True
37427,0.2007,False
37428,0.8925,True
37429,0.4069,False
37430,0.7517,True
37431,0.1255,False
37432,0.2933,False
37433,1.0522,True
37434,0.9036,True
37435,0.3955,False
37436,0.7575,True
37437,0.3184,False
37438,0.4849,False
37439,0.2549,False
37440,0.4221,False
37441,0.1988,False
37442,0.1949,False
37443,0.1895,False
37444,0.3202,False
37445,0.7844,True
37446,0.79,True
37447,0.3567,False
37448,0.2255,False
37449,0.4022,False
37450,0.4381,False
37451,0.2797,False
37452,0.1436,False
37453,0.283,False
37454,0.458,False
37455,0.781,True
37456,0.8593,True
37457,0.3979,False
37458,0.1288,False
37459,0.2949,False
37460,0.6517,True
37461,0.9684,True
37462,0.3951,False
37463,0.3281,False
37464,1.0232,True
37465,0.3317,False
37466,0.5893,True
37467,0.8839,True
37468,0.181,False
37469,0.169,False
37470,0.2165,False
37471,0.5726,True
37472,0.4964,False
37473,0.407,False
37474,0.2099,False
37475,0.4577,False
37476,0.3245,False
37477,0.2988,False
37478,0.2459,False
37479,0.1635,False
37480,0.5971,True
37481,0.3854,False
37482,0.7803,True
37483,0.6387,True
37484,0.6489,True
37485,0.4277,False
37486,0.241,False
37487,0.2837,False
37488,0.2815,False
37489,0.8831,True
37490,0.1933,False
37491,0.2833,False
37492,0.33,False
37493,0.4687,False
37494,0.8716,True
37495,1.2149,True
37496,0.3594,False
37497,0.6956,True
37498,0.4766,False
37499,0.6781,True
37500,0.675,True
37501,0.3111,False
37502,0.3243,False
37503,0.2995,False
37504,0.1778,False
37505,0.3337,False
37506,0.35,False
37507,0.7683,True
37508,0.632,True
37509,1.1296,True
37510,0.876,True
37511,0.7618,True
37512,1.0115,True
37513,0.3792,False
37514,0.9247,True
37515,0.4599,False
37516,0.2326,False
37517,0.816,True
37518,1.097,True
37519,0.8054,True
37520,0.3203,False
37521,0.1867,False
37522,0.3912,False
37523,0.356,False
37524,0.4044,False
37525,0.9613,True
37526,1.0658,True
37527,1.0579,True
37528,0.3173,False
37529,0.4418,False
37530,0.3234,False
37531,0.5904,True
37532,0.202,False
37533,1.0231,True
37534,1.0807,True
37535,0.4569,False
37536,0.2773,False
37537,0.4201,False
37538,0.2844,False
37539,0.686,True
37540,0.3278,False
37541,0.2354,False
37542,0.86,True
37543,0.2655,False
37544,0.9397,True
37545,1.0178,True
37546,0.5603,True
37547,0.7979,True
37548,0.2012,False
37549,0.6879,True
37550,0.2205,False
37551,0.8419,True
37552,0.3862,False
37553,0.4875,False
37554,0.2343,False
37555,0.2393,False
37556,0.1624,False
37557,0.1686,False
37558,0.5955,True
37559,0.4926,False
37560,0.3354,False
37561,0.1826,False
37562,0.7162,True
37563,0.2592,False
37564,0.518,True
37565,0.3128,False
37566,0.3492,False
37567,0.1721,False
37568,0.323,False
37569,0.775,True
37570,0.6621,True
37571,0.5948,True
37572,0.1397,False
37573,0.5391,True
37574,0.6961,True
37575,0.9043,True
37576,0.2566,False
37577,0.281,False
37578,0.8682,True
37579,0.0838,False
37580,0.2022,False
37581,0.2199,False
37582,0.1582,False
37583,0.2882,False
37584,0.5455,True
37585,0.724,True
37586,0.7401,True
37587,0.4535,False
37588,0.0538,False
37589,0.9282,True
37590,0.1902,False
37591,0.9625,True
37592,0.4726,False
37593,0.8431,True
37594,0.4939,False
37595,0.6153,True
37596,0.3609,False
37597,0.8606,True
37598,1.0544,True
37599,0.3019,False
37600,0.3863,False
37601,1.1041,True
37602,0.8981,True
37603,0.5392,True
37604,0.7698,True
37605,1.0531,True
37606,0.5433,True
37607,0.5358,True
37608,0.1049,False
37609,0.5439,True
37610,0.6391,True
37611,0.2568,False
37612,0.4704,False
37613,0.2405,False
37614,0.4118,False
37615,0.8871,True
37616,0.7384,True
37617,0.1751,False
37618,0.344,False
37619,0.8073,True
37620,0.7604,True
37621,0.1803,False
37622,0.2153,False
37623,0.6048,True
37624,0.4374,False
37625,0.4983,False
37626,0.2432,False
37627,0.3466,False
37628,0.1579,False
37629,0.2551,False
37630,0.2891,False
37631,0.7673,True
37632,0.2368,False
37633,0.7318,True
37634,0.629,True
37635,0.6006,True
37636,0.3052,False
37637,0.642,True
37638,0.4476,False
37639,0.1539,False
37640,0.7103,True
37641,0.2355,False
37642,0.4272,False
37643,0.6779,True
37644,0.1752,False
37645,0.4676,False
37646,0.4512,False
37647,0.8338,True
37648,0.8054,True
37649,0.6574,True
37650,0.9044,True
37651,0.2345,False
37652,0.3093,False
37653,0.236,False
37654,0.3364,False
37655,0.8053,True
37656,0.1674,False
37657,0.5734,True
37658,0.8345,True
37659,0.6525,True
37660,1.1201,True
37661,1.0014,True
37662,0.8193,True
37663,0.7022,True
37664,0.1763,False
37665,0.6146,True
37666,0.155,False
37667,0.7094,True
37668,0.1374,False
37669,0.1826,False
37670,0.7037,True
37671,0.432,False
37672,0.3475,False
37673,0.3339,False
37674,0.3253,False
37675,0.8106,True
37676,0.981,True
37677,0.4625,False
37678,0.6692,True
37679,0.8409,True
37680,0.605,True
37681,0.4505,False
37682,0.1295,False
37683,0.9368,True
37684,0.9849,True
37685,0.3568,False
37686,0.388,False
37687,0.6581,True
37688,0.5888,True
37689,0.1548,False
37690,0.9594,True
37691,0.2101,False
37692,0.1817,False
37693,0.3058,False
37694,0.2886,False
37695,0.1483,False
37696,0.6837,True
37697,0.1356,False
37698,1.0795,True
37699,0.1836,False
37700,0.3581,False
37701,0.1683,False
37702,0.3158,False
37703,0.6928,True
37704,0.1519,False
37705,0.5873,True
37706,0.2331,False
37707,0.3916,False
37708,0.2221,False
37709,0.277,False
37710,0.323,False
37711,0.0936,False
37712,0.2224,False
37713,0.5618,True
37714,0.5671,True
37715,0.9623,True
37716,0.713,True
37717,0.6436,True
37718,0.273,False
37719,0.7192,True
37720,0.4119,False
37721,0.7594,True
37722,0.4572,False
37723,0.1622,False
37724,0.3003,False
37725,0.1889,False
37726,0.8236,True
37727,0.4646,False
37728,0.2068,False
37729,0.4902,False
37730,0.3852,False
37731,0.2383,False
37732,0.1371,False
37733,0.1861,False
37734,0.4228,False
37735,1.1806,True
37736,0.1362,False
37737,0.3249,False
37738,0.3584,False
37739,1.0103,True
37740,0.3708,False
37741,0.5045,True
37742,0.3382,False
37743,0.7777,True
37744,0.3099,False
37745,0.4589,False
37746,0.5,True
37747,0.6871,True
37748,0.3135,False
37749,0.2955,False
37750,0.3962,False
37751,0.383,False
37752,0.9374,True
37753,0.7137,True
37754,0.8254,True
37755,0.1599,False
37756,0.914,True
37757,1.2544,True
37758,0.4382,False
37759,0.6624,True
37760,1.1187,True
37761,0.2388,False
37762,0.4356,False
37763,0.4448,False
37764,0.6822,True
37765,1.0727,True
37766,0.2363,False
37767,0.2531,False
37768,0.2287,False
37769,0.4758,False
37770,0.3514,False
37771,0.7772,True
37772,0.9855,True
37773,0.1198,False
37774,0.3431,False
37775,0.3815,False
37776,0.2888,False
37777,0.4817,False
37778,0.7973,True
37779,0.2979,False
37780,0.7907,True
37781,0.3473,False
37782,0.4917,False
37783,0.1689,False
37784,0.386,False
37785,0.1566,False
37786,0.4038,False
37787,0.2697,False
37788,0.3878,False
37789,0.272,False
37790,0.3062,False
37791,0.943,True
37792,0.6381,True
37793,0.2407,False
37794,0.3117,False
37795,0.4482,False
37796,0.9604,True
37797,0.2962,False
37798,0.6665,True
37799,0.6793,True
37800,0.9103,True
37801,0.6833,True
37802,0.2583,False
37803,0.1405,False
37804,0.7579,True
37805,0.2439,False
37806,0.37,False
37807,0.1845,False
37808,0.8679,True
37809,0.375,False
37810,0.2632,False
37811,0.5908,True
37812,0.654,True
37813,0.7172,True
37814,0.9974,True
37815,0.2198,False
37816,0.4567,False
37817,0.6449,True
37818,0.2964,False
37819,0.3043,False
37820,0.6138,True
37821,0.8146,True
37822,0.2442,False
37823,0.9764,True
37824,0.4091,False
37825,0.0956,False
37826,0.6001,True
37827,0.9554,True
37828,0.2457,False
37829,0.7181,True
37830,0.1189,False
37831,0.2128,False
37832,0.7444,True
37833,0.1966,False
37834,0.313,False
37835,0.5206,True
37836,0.6531,True
37837,0.665,True
37838,0.1714,False
37839,0.5604,True
37840,0.1847,False
37841,0.7109,True
37842,0.3651,False
37843,0.146,False
37844,0.198,False
37845,0.1573,False
37846,0.4184,False
37847,0.1293,False
37848,0.28,False
37849,0.2419,False
37850,0.3055,False
37851,0.1419,False
37852,0.9344,True
37853,0.8173,True
37854,0.3968,False
37855,0.4333,False
37856,0.4043,False
37857,0.5391,True
37858,0.2195,False
37859,0.8689,True
37860,0.6004,True
37861,0.8376,True
37862,0.1107,False
37863,0.7322,True
37864,0.1461,False
37865,1.1856,True
37866,0.5204,True
37867,0.857,True
37868,0.4298,False
37869,0.2401,False
37870,0.4714,False
37871,0.7051,True
37872,0.1658,False
37873,0.3605,False
37874,0.4809,False
37875,0.179,False
37876,0.737,True
37877,0.1168,False
37878,0.6829,True
37879,0.9777,True
37880,0.2116,False
37881,0.4436,False
37882,0.1454,False
37883,0.4525,False
37884,0.8062,True
37885,0.2991,False
37886,1.0235,True
37887,0.2189,False
37888,0.1697,False
37889,0.3309,False
37890,0.467,False
37891,0.4117,False
37892,0.4836,False
37893,0.7386,True
37894,0.4075,False
37895,0.0535,False
37896,0.6444,True
37897,0.295,False
37898,0.2978,False
37899,0.2207,False
37900,0.7427,True
37901,0.0863,False
37902,0.8011,True
37903,0.7521,True
37904,0.135,False
37905,0.3337,False
37906,0.3236,False
37907,0.4359,False
37908,0.1897,False
37909,0.2391,False
37910,0.3723,False
37911,0.3599,False
37912,0.413,False
37913,0.5305,True
37914,0.7731,True
37915,0.8748,True
37916,0.9154,True
37917,0.2394,False
37918,0.4535,False
37919,0.414,False
37920,0.7074,True
37921,0.3741,False
37922,0.9288,True
37923,0.3715,False
37924,0.8876,True
37925,0.2796,False
37926,0.4381,False
37927,0.8676,True
37928,0.2193,False
37929,0.4643,False
37930,0.702,True
37931,0.1827,False
37932,0.2831,False
37933,0.6785,True
37934,0.448,False
37935,0.5282,True
37936,0.9225,True
37937,0.6042,True
37938,0.6949,True
37939,0.3804,False
37940,0.2008,False
37941,0.7746,True
37942,0.6012,True
37943,0.2047,False
37944,0.4248,False
37945,0.6125,True
37946,0.0887,False
37947,0.2037,False
37948,0.5339,True
37949,0.8534,True
37950,0.7694,True
37951,0.1304,False
37952,0.7179,True
37953,0.547,True
37954,0.3662,False
37955,0.1907,False
37956,0.2548,False
37957,0.1542,False
37958,0.105,False
37959,0.8777,True
37960,0.5725,True
37961,0.4756,False
37962,0.3145,False
37963,0.5958,True
37964,0.2708,False
37965,0.9059,True
37966,0.89,True
37967,0.1515,False
37968,0.4545,False
37969,0.669,True
37970,0.7904,True
37971,0.1937,False
37972,0.4141,False
37973,0.7422,True
37974,0.6853,True
37975,0.2257,False
37976,0.3063,False
37977,0.2096,False
37978,0.1302,False
37979,0.1572,False
37980,0.2382,False
37981,0.8267,True
37982,0.4605,False
37983,1.1153,True
37984,0.635,True
37985,0.3864,False
37986,0.1905,False
37987,0.1605,False
37988,0.3283,False
37989,0.8496,True
37990,0.27,False
37991,0.1855,False
37992,0.3778,False
37993,0.2507,False
37994,0.2808,False
37995,1.0372,True
37996,0.2714,False
37997,0.4774,False
37998,0.7103,True
37999,1.1391,True
38000,0.692,True
38001,0.2533,False
38002,0.171,False
38003,0.3915,False
38004,0.4167,False
38005,0.1341,False
38006,0.4867,False
38007,0.2345,False
38008,0.345,False
38009,0.8632,True
38010,0.2849,False
38011,0.225,False
38012,0.3458,False
38013,0.1811,False
38014,1.0409,True
38015,0.3181,False
38016,0.8682,True
38017,0.2045,False
38018,0.6506,True
38019,0.7999,True
38020,0.1907,False
38021,0.5186,True
38022,0.7571,True
38023,0.3689,False
38024,0.7189,True
38025,0.9857,True
38026,1.3601,True
38027,0.68,True
38028,0.6931,True
38029,0.3329,False
38030,0.1922,False
38031,0.6451,True
38032,0.6061,True
38033,0.267,False
38034,0.8992,True
38035,0.4077,False
38036,1.1909,True
38037,0.0884,False
38038,0.5088,True
38039,0.4956,False
38040,0.201,False
38041,0.178,False
38042,0.3198,False
38043,0.9438,True
38044,0.5873,True
38045,0.6212,True
38046,0.9078,True
38047,0.5284,True
38048,0.6008,True
38049,0.4413,False
38050,0.3906,False
38051,0.9499,True
38052,0.1875,False
38053,0.7673,True
38054,0.3755,False
38055,0.6379,True
38056,0.7295,True
38057,0.4129,False
38058,0.5639,True
38059,0.2949,False
38060,0.214,False
38061,0.443,False
38062,0.3823,False
38063,0.1608,False
38064,0.2707,False
38065,0.8512,True
38066,0.2233,False
38067,0.1752,False
38068,0.5238,True
38069,0.2162,False
38070,1.2412,True
38071,0.3211,False
38072,0.2847,False
38073,0.6714,True
38074,0.3517,False
38075,0.3109,False
38076,0.2134,False
38077,0.1699,False
38078,0.1861,False
38079,0.2381,False
38080,0.245,False
38081,0.146,False
38082,0.6343,True
38083,0.3705,False
38084,1.0346,True
38085,0.638,True
38086,0.7082,True
38087,0.1114,False
38088,0.6475,True
38089,0.5035,True
38090,0.8092,True
38091,0.7032,True
38092,1.2102,True
38093,0.1948,False
38094,0.4163,False
38095,0.2065,False
38096,1.223,True
38097,0.2535,False
38098,0.2187,False
38099,0.2661,False
38100,0.8364,True
38101,0.2405,False
38102,0.1212,False
38103,0.2157,False
38104,0.2704,False
38105,1.0415,True
38106,0.5116,True
38107,0.9733,True
38108,0.2669,False
38109,0.3509,False
38110,0.3255,False
38111,0.6088,True
38112,0.9745,True
38113,0.2798,False
38114,0.1562,False
38115,0.5846,True
38116,0.5967,True
38117,0.3018,False
38118,0.9347,True
38119,0.4024,False
38120,0.6963,True
38121,0.4379,False
38122,0.1741,False
38123,0.9529,True
38124,0.4423,False
38125,0.8776,True
38126,0.4852,False
38127,0.8382,True
38128,0.2378,False
38129,0.2441,False
38130,0.2665,False
38131,0.5936,True
38132,0.1512,False
38133,0.6135,True
38134,0.7767,True
38135,0.5256,True
38136,0.1963,False
38137,0.8097,True
38138,0.2975,False
38139,0.356,False
38140,0.3046,False
38141,0.3757,False
38142,0.1378,False
38143,1.06,True
38144,0.087,False
38145,0.371,False
38146,0.7955,True
38147,0.4601,False
38148,0.0225,False
38149,0.9573,True
38150,0.3982,False
38151,0.3561,False
38152,0.2604,False
38153,0.771,True
38154,0.6151,True
38155,0.2708,False
38156,0.4214,False
38157,0.1021,False
38158,0.9271,True
38159,0.7052,True
38160,0.3715,False
38161,0.3432,False
38162,0.4073,False
38163,0.503,True
38164,0.1916,False
38165,0.6345,True
38166,0.7214,True
38167,0.4503,False
38168,0.2515,False
38169,0.1063,False
38170,0.7168,True
38171,0.6779,True
38172,0.1343,False
38173,0.3583,False
38174,0.3028,False
38175,0.2146,False
38176,0.1364,False
38177,0.3863,False
38178,0.2472,False
38179,0.3512,False
38180,0.2652,False
38181,0.1766,False
38182,0.3003,False
38183,0.3335,False
38184,0.4241,False
38185,0.8449,True
38186,0.1827,False
38187,0.9318,True
38188,0.9383,True
38189,0.1434,False
38190,0.1153,False
38191,1.089,True
38192,0.2536,False
38193,0.2876,False
38194,0.9346,True
38195,0.7698,True
38196,0.2628,False
38197,0.247,False
38198,0.384,False
38199,0.8058,True
38200,0.6539,True
38201,0.3085,False
38202,0.3968,False
38203,0.1786,False
38204,0.5578,True
38205,1.0129,True
38206,0.8888,True
38207,0.4312,False
38208,0.1748,False
38209,0.4705,False
38210,0.7293,True
38211,0.245,False
38212,0.5202,True
38213,0.5922,True
38214,0.3073,False
38215,0.2333,False
38216,0.7886,True
38217,0.2636,False
38218,0.1644,False
38219,0.288,False
38220,0.2336,False
38221,0.2475,False
38222,0.7981,True
38223,0.3872,False
38224,0.1618,False
38225,0.3885,False
38226,0.6559,True
38227,0.2236,False
38228,0.4584,False
38229,0.1484,False
38230,0.5356,True
38231,0.2268,False
38232,0.1585,False
38233,0.1963,False
38234,0.6489,True
38235,0.3953,False
38236,0.4106,False
38237,0.2452,False
38238,0.2419,False
38239,0.2717,False
38240,0.0975,False
38241,0.8896,True
38242,0.3349,False
38243,0.9428,True
38244,0.4407,False
38245,0.4271,False
38246,0.2781,False
38247,0.956,True
38248,0.3793,False
38249,0.352,False
38250,0.1223,False
38251,0.7879,True
38252,0.4626,False
38253,0.3881,False
38254,0.4386,False
38255,0.6618,True
38256,0.6805,True
38257,0.2522,False
38258,0.4871,False
38259,1.0353,True
38260,0.229,False
38261,0.3589,False
38262,0.1953,False
38263,0.7041,True
38264,0.4524,False
38265,0.2655,False
38266,0.3031,False
38267,0.3615,False
38268,0.6833,True
38269,0.4422,False
38270,0.4958,False
38271,0.4355,False
38272,0.4636,False
38273,0.3233,False
38274,0.9675,True
38275,0.7927,True
38276,0.7629,True
38277,0.782,True
38278,0.604,True
38279,0.3272,False
38280,0.8721,True
38281,0.6498,True
38282,0.6486,True
38283,0.8196,True
38284,0.4587,False
38285,0.9297,True
38286,0.1941,False
38287,0.1305,False
38288,0.6222,True
38289,0.5814,True
38290,0.0474,False
38291,0.8791,True
38292,0.33,False
38293,0.3272,False
38294,0.8,True
38295,0.4081,False
38296,0.2739,False
38297,0.8566,True
38298,1.1013,True
38299,0.8981,True
38300,0.3879,False
38301,0.6556,True
38302,0.9453,True
38303,0.4398,False
38304,0.7867,True
38305,0.1894,False
38306,0.281,False
38307,0.747,True
38308,0.9672,True
38309,0.4988,False
38310,0.1855,False
38311,0.2855,False
38312,0.1645,False
38313,0.83,True
38314,0.3059,False
38315,0.3187,False
38316,0.1848,False
38317,0.7345,True
38318,0.7698,True
38319,0.4863,False
38320,0.2504,False
38321,0.8042,True
38322,0.3176,False
38323,0.5175,True
38324,0.3686,False
38325,0.2708,False
38326,0.5672,True
38327,0.2191,False
38328,0.678,True
38329,0.1548,False
38330,0.2479,False
38331,0.5599,True
38332,0.9347,True
38333,0.8012,True
38334,0.258,False
38335,0.4061,False
38336,0.6937,True
38337,0.4424,False
38338,0.3169,False
38339,0.2654,False
38340,0.1948,False
38341,0.4323,False
38342,0.5428,True
38343,0.5934,True
38344,0.227,False
38345,0.1414,False
38346,0.5975,True
38347,0.3297,False
38348,0.309,False
38349,0.5564,True
38350,0.7012,True
38351,0.1324,False
38352,0.3762,False
38353,0.2457,False
38354,0.2782,False
38355,0.5276,True
38356,0.6965,True
38357,0.2597,False
38358,0.7811,True
38359,0.7434,True
38360,0.1727,False
38361,0.216,False
38362,0.1801,False
38363,0.2796,False
38364,0.1263,False
38365,0.8699,True
38366,0.6427,True
38367,0.1665,False
38368,0.5369,True
38369,0.9564,True
38370,0.8718,True
38371,0.4538,False
38372,1.0207,True
38373,0.7142,True
38374,0.3422,False
38375,0.5553,True
38376,0.4908,False
38377,0.387,False
38378,0.45,False
38379,0.694,True
38380,0.7204,True
38381,0.3532,False
38382,0.4693,False
38383,0.3654,False
38384,0.199,False
38385,0.1487,False
38386,0.6148,True
38387,0.8685,True
38388,0.4498,False
38389,1.0609,True
38390,0.2998,False
38391,0.427,False
38392,0.6442,True
38393,0.332,False
38394,0.3881,False
38395,0.457,False
38396,0.3542,False
38397,0.6045,True
38398,0.7292,True
38399,0.3067,False
38400,0.5121,True
38401,0.2494,False
38402,0.1922,False
38403,0.3262,False
38404,0.2159,False
38405,0.7418,True
38406,0.1791,False
38407,0.1271,False
38408,0.5013,True
38409,0.4558,False
38410,0.3638,False
38411,0.3081,False
38412,0.2707,False
38413,0.707,True
38414,0.1882,False
38415,0.2437,False
38416,0.6647,True
38417,0.6497,True
38418,0.8467,True
38419,0.9728,True
38420,0.3053,False
38421,0.5655,True
38422,0.272,False
38423,0.2094,False
38424,0.2734,False
38425,0.7944,True
38426,0.5649,True
38427,0.1242,False
38428,0.1821,False
38429,0.6819,True
38430,0.1612,False
38431,0.7228,True
38432,0.2417,False
38433,0.0935,False
38434,0.3296,False
38435,0.7646,True
38436,0.316,False
38437,0.1883,False
38438,0.2328,False
38439,0.8019,True
38440,0.4812,False
38441,0.6933,True
38442,0.4635,False
38443,0.7087,True
38444,0.3117,False
38445,0.2177,False
38446,0.2412,False
38447,1.309,True
38448,0.2321,False
38449,0.3861,False
38450,0.2071,False
38451,0.5443,True
38452,0.2063,False
38453,0.2528,False
38454,0.3267,False
38455,0.3623,False
38456,0.6608,True
38457,0.4481,False
38458,0.9408,True
38459,0.2872,False
38460,0.8858,True
38461,0.3477,False
38462,0.1997,False
38463,0.2216,False
38464,0.9352,True
38465,0.5151,True
38466,0.7329,True
38467,1.0724,True
38468,0.1733,False
38469,0.4525,False
38470,0.886,True
38471,0.543,True
38472,0.696,True
38473,0.5266,True
38474,0.1515,False
38475,0.6288,True
38476,0.3074,False
38477,0.4116,False
38478,0.2567,False
38479,0.302,False
38480,0.2438,False
38481,0.5846,True
38482,0.6616,True
38483,0.3275,False
38484,1.032,True
38485,0.51,True
38486,0.1657,False
38487,0.8652,True
38488,0.144,False
38489,0.7523,True
38490,0.1951,False
38491,0.1868,False
38492,0.7235,True
38493,0.1541,False
38494,0.1823,False
38495,0.6748,True
38496,0.8626,True
38497,0.5732,True
38498,0.4135,False
38499,0.1485,False
38500,0.3485,False
38501,0.742,True
38502,0.4553,False
38503,0.9565,True
38504,0.1317,False
38505,0.2548,False
38506,0.2877,False
38507,0.6352,True
38508,0.3209,False
38509,0.1163,False
38510,0.6643,True
38511,0.355,False
38512,0.7641,True
38513,0.4969,False
38514,0.1995,False
38515,0.9042,True
38516,0.7423,True
38517,0.9775,True
38518,0.2001,False
38519,0.1706,False
38520,0.2607,False
38521,0.1619,False
38522,0.3172,False
38523,0.2365,False
38524,0.5027,True
38525,0.0906,False
38526,0.3615,False
38527,1.0033,True
38528,0.6989,True
38529,0.7788,True
38530,0.3052,False
38531,0.7631,True
38532,0.3407,False
38533,0.2515,False
38534,0.1251,False
38535,0.5293,True
38536,0.3605,False
38537,0.5094,True
38538,0.6624,True
38539,0.8756,True
38540,0.1968,False
38541,0.5618,True
38542,0.4159,False
38543,0.8379,True
38544,0.6537,True
38545,0.227,False
38546,0.5399,True
38547,0.2506,False
38548,1.1464,True
38549,0.2072,False
38550,0.8045,True
38551,0.2548,False
38552,0.1736,False
38553,0.8399,True
38554,0.621,True
38555,0.4433,False
38556,0.5653,True
38557,0.5602,True
38558,0.9977,True
38559,0.6344,True
38560,0.4508,False
38561,0.7708,True
38562,0.2581,False
38563,0.9162,True
38564,0.9811,True
38565,0.5874,True
38566,1.0271,True
38567,0.4436,False
38568,0.2056,False
38569,0.2194,False
38570,0.2118,False
38571,0.1589,False
38572,0.1852,False
38573,0.426,False
38574,0.6796,True
38575,0.2904,False
38576,0.2583,False
38577,0.2305,False
38578,0.163,False
38579,0.5764,True
38580,0.3918,False
38581,0.725,True
38582,0.8862,True
38583,0.8652,True
38584,0.7099,True
38585,0.8095,True
38586,0.217,False
38587,0.9973,True
38588,0.7472,True
38589,0.1513,False
38590,0.3972,False
38591,0.1883,False
38592,0.1429,False
38593,0.1799,False
38594,0.2459,False
38595,0.223,False
38596,0.2055,False
38597,0.4216,False
38598,0.3567,False
38599,0.3509,False
38600,0.2598,False
38601,0.1029,False
38602,0.9215,True
38603,0.1459,False
38604,0.2155,False
38605,0.3498,False
38606,0.2932,False
38607,0.5212,True
38608,1.0785,True
38609,0.8402,True
38610,0.5968,True
38611,0.275,False
38612,0.376,False
38613,0.2022,False
38614,0.149,False
38615,0.2557,False
38616,1.1009,True
38617,0.4178,False
38618,0.195,False
38619,0.1936,False
38620,0.4049,False
38621,1.2514,True
38622,0.3027,False
38623,0.4228,False
38624,0.1003,False
38625,0.4189,False
38626,0.3131,False
38627,0.3811,False
38628,0.747,True
38629,0.6706,True
38630,0.7497,True
38631,0.5633,True
38632,0.5161,True
38633,0.3239,False
38634,0.5794,True
38635,0.3946,False
38636,0.629,True
38637,0.268,False
38638,0.2753,False
38639,0.8914,True
38640,0.4124,False
38641,0.9551,True
38642,0.6088,True
38643,0.9365,True
38644,0.0555,False
38645,0.2433,False
38646,0.2315,False
38647,0.8239,True
38648,0.5646,True
38649,0.5218,True
38650,0.798,True
38651,0.1827,False
38652,0.438,False
38653,0.3186,False
38654,0.341,False
38655,0.417,False
38656,0.0941,False
38657,1.0003,True
38658,0.2229,False
38659,0.1722,False
38660,0.5214,True
38661,0.3341,False
38662,0.933,True
38663,0.245,False
38664,0.57,True
38665,0.3014,False
38666,0.1822,False
38667,0.2409,False
38668,0.189,False
38669,0.0828,False
38670,0.4616,False
38671,0.2013,False
38672,0.4086,False
38673,0.2342,False
38674,0.8002,True
38675,0.8679,True
38676,0.3679,False
38677,0.7014,True
38678,0.5316,True
38679,0.304,False
38680,0.5431,True
38681,0.621,True
38682,0.2581,False
38683,0.751,True
38684,0.1192,False
38685,0.9226,True
38686,0.7609,True
38687,0.1696,False
38688,0.1284,False
38689,0.3629,False
38690,0.4282,False
38691,0.8684,True
38692,0.602,True
38693,0.2548,False
38694,0.2108,False
38695,1.0231,True
38696,0.6997,True
38697,0.5373,True
38698,1.1934,True
38699,0.1463,False
38700,0.58,True
38701,0.4358,False
38702,0.6235,True
38703,0.2742,False
38704,0.9004,True
38705,0.3407,False
38706,0.76,True
38707,0.0975,False
38708,0.3663,False
38709,0.2574,False
38710,0.6131,True
38711,0.7933,True
38712,0.2832,False
38713,0.5922,True
38714,0.3523,False
38715,0.3825,False
38716,0.7951,True
38717,0.9787,True
38718,0.4858,False
38719,0.3067,False
38720,0.3116,False
38721,0.103,False
38722,0.2443,False
38723,0.3997,False
38724,0.2756,False
38725,0.3125,False
38726,0.8358,True
38727,0.7961,True
38728,0.9494,True
38729,0.8557,True
38730,0.1902,False
38731,0.2884,False
38732,0.2785,False
38733,0.1154,False
38734,0.5283,True
38735,0.465,False
38736,0.1588,False
38737,0.2684,False
38738,0.4374,False
38739,0.5779,True
38740,0.453,False
38741,0.6884,True
38742,0.4614,False
38743,0.239,False
38744,0.2342,False
38745,0.3666,False
38746,0.2857,False
38747,0.6046,True
38748,0.726,True
38749,0.7349,True
38750,0.8939,True
38751,0.758,True
38752,0.2282,False
38753,0.4987,False
38754,0.0871,False
38755,0.9347,True
38756,0.2416,False
38757,0.9959,True
38758,0.2412,False
38759,0.1438,False
38760,0.7809,True
38761,0.5022,True
38762,0.113,False
38763,0.3918,False
38764,0.2529,False
38765,0.3313,False
38766,0.5901,True
38767,0.7985,True
38768,0.7555,True
38769,0.4567,False
38770,1.1307,True
38771,0.4218,False
38772,0.4014,False
38773,0.197,False
38774,0.4903,False
38775,0.6581,True
38776,0.2403,False
38777,0.7453,True
38778,0.8332,True
38779,0.4843,False
38780,0.37,False
38781,0.6939,True
38782,0.3932,False
38783,0.3503,False
38784,0.3317,False
38785,0.6752,True
38786,0.5671,True
38787,0.1529,False
38788,0.3086,False
38789,0.2933,False
38790,0.2548,False
38791,0.3512,False
38792,0.3203,False
38793,0.288,False
38794,0.271,False
38795,0.7222,True
38796,0.1377,False
38797,1.0716,True
38798,0.1946,False
38799,0.1311,False
38800,0.7269,True
38801,0.311,False
38802,0.684,True
38803,1.003,True
38804,0.2825,False
38805,0.6278,True
38806,0.3506,False
38807,0.6073,True
38808,0.1951,False
38809,0.5018,True
38810,0.6332,True
38811,0.1067,False
38812,0.5532,True
38813,0.7059,True
38814,0.7342,True
38815,0.4659,False
38816,0.3936,False
38817,0.4065,False
38818,0.3504,False
38819,0.5612,True
38820,0.7472,True
38821,0.1852,False
38822,0.4955,False
38823,0.75,True
38824,0.7015,True
38825,0.36,False
38826,0.0904,False
38827,1.1146,True
38828,0.785,True
38829,0.7102,True
38830,0.3671,False
38831,0.7169,True
38832,0.9592,True
38833,0.1989,False
38834,0.2512,False
38835,0.3317,False
38836,0.5919,True
38837,0.6181,True
38838,0.2137,False
38839,0.696,True
38840,0.9463,True
38841,0.6225,True
38842,0.1955,False
38843,0.6885,True
38844,0.3072,False
38845,0.7456,True
38846,0.411,False
38847,0.1817,False
38848,0.2623,False
38849,0.3009,False
38850,0.896,True
38851,0.2237,False
38852,0.6904,True
38853,0.1319,False
38854,0.7471,True
38855,0.2149,False
38856,0.4466,False
38857,0.1359,False
38858,0.1191,False
38859,0.8873,True
38860,0.3247,False
38861,0.505,True
38862,0.5073,True
38863,0.4189,False
38864,0.5206,True
38865,0.17,False
38866,0.1249,False
38867,0.4219,False
38868,0.7163,True
38869,0.6946,True
38870,0.2587,False
38871,0.4212,False
38872,0.8759,True
38873,0.3241,False
38874,0.9159,True
38875,0.4384,False
38876,0.9631,True
38877,0.9348,True
38878,0.6621,True
38879,0.1008,False
38880,0.943,True
38881,0.3822,False
38882,0.5392,True
38883,0.4561,False
38884,0.5838,True
38885,0.1433,False
38886,0.6281,True
38887,0.8268,True
38888,0.1199,False
38889,0.3387,False
38890,0.1929,False
38891,0.2602,False
38892,0.5451,True
38893,0.6028,True
38894,0.2226,False
38895,0.2736,False
38896,0.3703,False
38897,0.4493,False
38898,0.1615,False
38899,0.2818,False
38900,0.0854,False
38901,0.8444,True
38902,0.6422,True
38903,0.4653,False
38904,0.12,False
38905,0.3701,False
38906,0.5556,True
38907,0.9032,True
38908,0.348,False
38909,0.2741,False
38910,0.4033,False
38911,0.6407,True
38912,0.5494,True
38913,0.1607,False
38914,0.5366,True
38915,0.7404,True
38916,0.2759,False
38917,0.2542,False
38918,0.446,False
38919,0.2373,False
38920,0.5116,True
38921,0.1666,False
38922,0.8097,True
38923,0.3606,False
38924,0.1712,False
38925,0.1624,False
38926,0.5281,True
38927,0.2048,False
38928,0.4624,False
38929,0.3432,False
38930,0.0998,False
38931,0.626,True
38932,0.3207,False
38933,0.9353,True
38934,0.8306,True
38935,0.6788,True
38936,0.511,True
38937,0.9636,True
38938,0.6865,True
38939,0.639,True
38940,0.2853,False
38941,0.3144,False
38942,0.2848,False
38943,0.7328,True
38944,1.0179,True
38945,0.6998,True
38946,0.1191,False
38947,0.5732,True
38948,0.2308,False
38949,0.9136,True
38950,0.2798,False
38951,0.3519,False
38952,0.9063,True
38953,0.7544,True
38954,0.104,False
38955,0.6707,True
38956,0.1572,False
38957,0.1681,False
38958,0.7055,True
38959,1.1959,True
38960,0.4993,False
38961,0.9529,True
38962,0.4367,False
38963,0.3819,False
38964,0.6633,True
38965,0.7422,True
38966,0.7085,True
38967,0.3055,False
38968,0.2251,False
38969,0.4319,False
38970,0.3936,False
38971,0.8869,True
38972,0.3422,False
38973,0.6433,True
38974,0.1689,False
38975,0.6548,True
38976,0.2854,False
38977,0.3905,False
38978,0.4724,False
38979,0.4551,False
38980,0.2756,False
38981,0.4328,False
38982,0.33,False
38983,0.5495,True
38984,1.0215,True
38985,0.1057,False
38986,0.2593,False
38987,0.4653,False
38988,0.8849,True
38989,0.3673,False
38990,0.2193,False
38991,0.3216,False
38992,0.308,False
38993,0.5285,True
38994,0.6157,True
38995,0.2748,False
38996,0.7196,True
38997,0.1533,False
38998,0.5127,True
38999,0.6879,True
39000,0.6347,True
39001,0.1209,False
39002,1.0426,True
39003,0.4383,False
39004,0.4981,False
39005,0.2671,False
39006,0.6549,True
39007,0.1668,False
39008,1.1538,True
39009,0.8374,True
39010,0.8064,True
39011,0.9111,True
39012,0.1853,False
39013,0.1834,False
39014,0.8538,True
39015,0.7802,True
39016,0.1861,False
39017,0.073,False
39018,0.441,False
39019,0.0847,False
39020,0.1463,False
39021,0.4354,False
39022,0.8302,True
39023,0.2943,False
39024,1.1039,True
39025,0.1117,False
39026,0.4895,False
39027,0.9023,True
39028,0.1826,False
39029,0.9546,True
39030,0.5964,True
39031,0.7402,True
39032,0.1782,False
39033,0.244,False
39034,0.2506,False
39035,0.2832,False
39036,0.2769,False
39037,1.2356,True
39038,0.2975,False
39039,0.6933,True
39040,1.0966,True
39041,0.1033,False
39042,0.4163,False
39043,0.1586,False
39044,0.4723,False
39045,0.2232,False
39046,0.3649,False
39047,0.1652,False
39048,1.0303,True
39049,0.4092,False
39050,0.8944,True
39051,0.8581,True
39052,0.2977,False
39053,0.0967,False
39054,0.6365,True
39055,0.3296,False
39056,0.3778,False
39057,0.8474,True
39058,0.6948,True
39059,0.5334,True
39060,0.1925,False
39061,0.4306,False
39062,0.1225,False
39063,0.0783,False
39064,0.8798,True
39065,0.7704,True
39066,0.6559,True
39067,0.6914,True
39068,0.4979,False
39069,0.5508,True
39070,0.4055,False
39071,0.4046,False
39072,0.6012,True
39073,0.3227,False
39074,0.477,False
39075,0.2827,False
39076,0.3961,False
39077,0.2807,False
39078,0.341,False
39079,0.6723,True
39080,1.1068,True
39081,0.1723,False
39082,0.4306,False
39083,0.3909,False
39084,0.7932,True
39085,0.8312,True
39086,0.3387,False
39087,0.3391,False
39088,0.3926,False
39089,0.4572,False
39090,0.5672,True
39091,0.7945,True
39092,0.0757,False
39093,0.1387,False
39094,0.1442,False
39095,0.4071,False
39096,0.3278,False
39097,0.7395,True
39098,0.3315,False
39099,0.7966,True
39100,0.2678,False
39101,0.4685,False
39102,0.4257,False
39103,0.3385,False
39104,0.7511,True
39105,0.1396,False
39106,0.4012,False
39107,0.9091,True
39108,0.7634,True
39109,0.1227,False
39110,0.345,False
39111,0.1908,False
39112,0.3435,False
39113,0.2918,False
39114,0.3543,False
39115,0.593,True
39116,0.2133,False
39117,0.9236,True
39118,0.4981,False
39119,0.9618,True
39120,0.3304,False
39121,0.5589,True
39122,0.9859,True
39123,0.3532,False
39124,0.6876,True
39125,0.297,False
39126,0.1951,False
39127,0.3287,False
39128,0.2986,False
39129,0.4979,False
39130,0.1517,False
39131,0.2331,False
39132,0.4735,False
39133,0.9441,True
39134,0.1835,False
39135,0.1432,False
39136,0.3236,False
39137,1.1154,True
39138,0.2116,False
39139,0.8375,True
39140,0.5728,True
39141,0.8852,True
39142,0.2085,False
39143,0.1702,False
39144,0.2899,False
39145,0.9301,True
39146,0.2051,False
39147,0.5234,True
39148,0.4059,False
39149,0.2034,False
39150,0.817,True
39151,0.2147,False
39152,0.3877,False
39153,0.1295,False
39154,0.212,False
39155,0.2715,False
39156,0.9537,True
39157,0.1854,False
39158,1.1116,True
39159,0.1822,False
39160,0.6135,True
39161,0.7496,True
39162,0.8197,True
39163,0.3275,False
39164,1.1403,True
39165,0.8908,True
39166,0.1348,False
39167,0.091,False
39168,0.2278,False
39169,1.0055,True
39170,0.3943,False
39171,0.183,False
39172,0.7968,True
39173,0.3257,False
39174,0.2686,False
39175,0.3652,False
39176,0.3424,False
39177,0.3793,False
39178,0.178,False
39179,0.1786,False
39180,1.2256,True
39181,0.8139,True
39182,0.5642,True
39183,0.3751,False
39184,0.6453,True
39185,0.6638,True
39186,0.2577,False
39187,0.4204,False
39188,0.1806,False
39189,0.9432,True
39190,0.6626,True
39191,1.1761,True
39192,0.1563,False
39193,0.4662,False
39194,0.3595,False
39195,0.8627,True
39196,1.0288,True
39197,0.648,True
39198,0.1884,False
39199,0.3296,False
39200,0.5808,True
39201,0.6792,True
39202,0.4232,False
39203,0.3549,False
39204,0.1317,False
39205,0.9634,True
39206,0.2402,False
39207,0.3455,False
39208,0.3269,False
39209,0.1775,False
39210,0.4726,False
39211,0.3634,False
39212,0.3749,False
39213,0.3753,False
39214,0.3651,False
39215,1.1201,True
39216,0.6579,True
39217,0.214,False
39218,0.7926,True
39219,0.7064,True
39220,0.4327,False
39221,0.2009,False
39222,0.3659,False
39223,0.7606,True
39224,0.2089,False
39225,0.2968,False
39226,0.8627,True
39227,0.9644,True
39228,0.2755,False
39229,0.4513,False
39230,0.3539,False
39231,0.8499,True
39232,0.2848,False
39233,0.1828,False
39234,0.5483,True
39235,0.1684,False
39236,0.1095,False
39237,0.3616,False
39238,0.1671,False
39239,0.5841,True
39240,0.2179,False
39241,0.2117,False
39242,0.3044,False
39243,0.1333,False
39244,0.1869,False
39245,0.2875,False
39246,1.0675,True
39247,0.3499,False
39248,0.7322,True
39249,0.2407,False
39250,0.863,True
39251,0.2884,False
39252,0.2556,False
39253,0.2097,False
39254,0.7731,True
39255,0.287,False
39256,0.2808,False
39257,0.1592,False
39258,0.2257,False
39259,0.7127,True
39260,0.2021,False
39261,0.2262,False
39262,0.3961,False
39263,0.2209,False
39264,0.7152,True
39265,0.5591,True
39266,0.9081,True
39267,0.1748,False
39268,0.757,True
39269,0.2275,False
39270,0.2036,False
39271,0.3692,False
39272,0.4049,False
39273,0.6009,True
39274,0.2701,False
39275,0.7033,True
39276,0.6246,True
39277,0.9684,True
39278,0.2958,False
39279,0.1315,False
39280,0.3818,False
39281,0.0742,False
39282,0.9932,True
39283,0.8441,True
39284,0.6039,True
39285,0.1963,False
39286,0.3463,False
39287,0.8264,True
39288,0.0966,False
39289,0.2417,False
39290,0.1746,False
39291,1.0624,True
39292,0.2056,False
39293,0.2209,False
39294,0.1602,False
39295,0.3943,False
39296,0.4351,False
39297,0.2948,False
39298,0.2188,False
39299,0.222,False
39300,0.2448,False
39301,0.3018,False
39302,0.9255,True
39303,0.3029,False
39304,0.8288,True
39305,0.1781,False
39306,0.4506,False
39307,0.4811,False
39308,0.4676,False
39309,0.7553,True
39310,1.0256,True
39311,0.1671,False
39312,0.4163,False
39313,0.4528,False
39314,0.1771,False
39315,0.7849,True
39316,0.4352,False
39317,0.9705,True
39318,0.2493,False
39319,0.6995,True
39320,0.4333,False
39321,0.2644,False
39322,0.3563,False
39323,0.835,True
39324,0.9682,True
39325,0.2234,False
39326,0.7229,True
39327,0.3235,False
39328,0.3023,False
39329,0.6627,True
39330,0.3348,False
39331,0.1102,False
39332,0.2934,False
39333,0.4583,False
39334,0.9382,True
39335,0.6886,True
39336,0.1142,False
39337,1.1043,True
39338,0.3619,False
39339,0.3247,False
39340,0.3487,False
39341,0.1458,False
39342,0.3746,False
39343,0.2815,False
39344,0.2653,False
39345,0.1841,False
39346,1.076,True
39347,0.1637,False
39348,0.2979,False
39349,1.1279,True
39350,0.6373,True
39351,0.1373,False
39352,0.3489,False
39353,0.8154,True
39354,0.1412,False
39355,0.3249,False
39356,0.3856,False
39357,0.7675,True
39358,0.6309,True
39359,0.2484,False
39360,0.105,False
39361,0.1091,False
39362,0.4248,False
39363,0.3368,False
39364,0.1893,False
39365,0.2163,False
39366,0.8178,True
39367,0.9331,True
39368,0.2745,False
39369,0.4292,False
39370,0.2481,False
39371,0.7472,True
39372,0.2012,False
39373,0.2057,False
39374,0.497,False
39375,0.4334,False
39376,0.1522,False
39377,1.0971,True
39378,0.2249,False
39379,0.1091,False
39380,0.7036,True
39381,0.1992,False
39382,0.8043,True
39383,0.1837,False
39384,0.8108,True
39385,0.2942,False
39386,0.2291,False
39387,0.2158,False
39388,0.3679,False
39389,0.1303,False
39390,0.2669,False
39391,0.634,True
39392,0.5413,True
39393,0.5831,True
39394,0.6943,True
39395,0.2103,False
39396,0.5842,True
39397,0.6944,True
39398,0.4072,False
39399,0.1773,False
39400,0.234,False
39401,0.8434,True
39402,0.4493,False
39403,0.6222,True
39404,0.7983,True
39405,0.6364,True
39406,0.1989,False
39407,0.4481,False
39408,0.3689,False
39409,0.2672,False
39410,0.2848,False
39411,0.2068,False
39412,0.1806,False
39413,0.3826,False
39414,0.1551,False
39415,0.7184,True
39416,0.6808,True
39417,0.5726,True
39418,0.7859,True
39419,0.5451,True
39420,0.9594,True
39421,0.815,True
39422,0.3096,False
39423,0.4551,False
39424,0.7133,True
39425,0.558,True
39426,0.8187,True
39427,0.9587,True
39428,0.2316,False
39429,0.8302,True
39430,0.2654,False
39431,0.3459,False
39432,0.241,False
39433,0.2859,False
39434,0.2246,False
39435,0.2687,False
39436,0.0355,False
39437,0.4916,False
39438,0.4311,False
39439,0.2337,False
39440,1.0489,True
39441,0.9649,True
39442,0.2184,False
39443,0.5581,True
39444,0.3464,False
39445,0.5944,True
39446,0.4884,False
39447,0.4246,False
39448,0.5098,True
39449,0.5131,True
39450,0.0867,False
39451,0.5256,True
39452,0.4892,False
39453,0.4466,False
39454,0.15,False
39455,0.6526,True
39456,0.3875,False
39457,0.1561,False
39458,0.2798,False
39459,0.9661,True
39460,0.7206,True
39461,0.3926,False
39462,0.2919,False
39463,0.5671,True
39464,0.3777,False
39465,0.2028,False
39466,0.3643,False
39467,0.1964,False
39468,0.9061,True
39469,0.1803,False
39470,0.625,True
39471,0.4048,False
39472,0.204,False
39473,0.2105,False
39474,0.7599,True
39475,0.8695,True
39476,0.36,False
39477,0.5813,True
39478,0.8776,True
39479,0.3609,False
39480,0.7352,True
39481,0.4238,False
39482,0.6716,True
39483,0.3849,False
39484,0.5524,True
39485,0.2113,False
39486,0.3776,False
39487,0.5112,True
39488,0.3603,False
39489,0.1709,False
39490,0.6676,True
39491,0.8101,True
39492,0.209,False
39493,0.0922,False
39494,0.3004,False
39495,0.4348,False
39496,0.5565,True
39497,0.8006,True
39498,0.2789,False
39499,0.1326,False
39500,0.9327,True
39501,0.399,False
39502,0.7219,True
39503,0.1036,False
39504,0.4019,False
39505,0.8737,True
39506,0.2111,False
39507,0.3808,False
39508,0.295,False
39509,0.5553,True
39510,0.2214,False
39511,0.2864,False
39512,0.2658,False
39513,0.8895,True
39514,0.691,True
39515,0.1477,False
39516,0.8608,True
39517,0.2961,False
39518,0.2286,False
39519,0.421,False
39520,0.5129,True
39521,0.7468,True
39522,0.6587,True
39523,0.7413,True
39524,0.2678,False
39525,0.6679,True
39526,0.8364,True
39527,0.6936,True
39528,0.9055,True
39529,0.1827,False
39530,0.463,False
39531,0.7992,True
39532,0.74,True
39533,0.4605,False
39534,0.2959,False
39535,0.1785,False
39536,0.7751,True
39537,0.9358,True
39538,0.7217,True
39539,0.2363,False
39540,0.3045,False
39541,0.3148,False
39542,0.5313,True
39543,0.9211,True
39544,0.9279,True
39545,0.3997,False
39546,0.8554,True
39547,0.5256,True
39548,0.4634,False
39549,0.2501,False
39550,0.2614,False
39551,0.736,True
39552,0.1751,False
39553,0.5303,True
39554,0.6869,True
39555,0.2777,False
39556,0.7198,True
39557,0.234,False
39558,0.6385,True
39559,0.7837,True
39560,0.2528,False
39561,0.5001,True
39562,0.2798,False
39563,0.3304,False
39564,0.4188,False
39565,0.1899,False
39566,0.5841,True
39567,0.45,False
39568,0.279,False
39569,0.3022,False
39570,0.6445,True
39571,0.7239,True
39572,0.9266,True
39573,0.2737,False
39574,0.6057,True
39575,0.2264,False
39576,0.3807,False
39577,0.2674,False
39578,0.5176,True
39579,0.8936,True
39580,0.4507,False
39581,0.138,False
39582,0.4174,False
39583,0.2112,False
39584,0.5292,True
39585,0.3531,False
39586,0.2018,False
39587,0.0751,False
39588,0.3156,False
39589,0.2598,False
39590,0.2642,False
39591,0.6012,True
39592,0.2727,False
39593,0.2626,False
39594,0.21,False
39595,0.1045,False
39596,0.1588,False
39597,0.6961,True
39598,0.1606,False
39599,0.1919,False
39600,0.3074,False
39601,0.5615,True
39602,0.323,False
39603,0.7293,True
39604,0.3055,False
39605,0.6185,True
39606,0.2092,False
39607,0.3663,False
39608,0.2462,False
39609,0.8989,True
39610,0.3201,False
39611,0.8729,True
39612,0.4251,False
39613,0.2656,False
39614,0.3915,False
39615,0.176,False
39616,0.8555,True
39617,0.9895,True
39618,0.3972,False
39619,0.3276,False
39620,0.9904,True
39621,0.2786,False
39622,0.1431,False
39623,0.3074,False
39624,0.2097,False
39625,0.2348,False
39626,0.5535,True
39627,0.2199,False
39628,0.1987,False
39629,0.3857,False
39630,0.1803,False
39631,0.9578,True
39632,0.6373,True
39633,0.291,False
39634,0.1535,False
39635,0.5079,True
39636,0.7328,True
39637,0.7082,True
39638,0.4117,False
39639,0.8325,True
39640,1.1228,True
39641,0.3325,False
39642,0.3666,False
39643,0.5287,True
39644,0.3973,False
39645,0.695,True
39646,0.3046,False
39647,0.6641,True
39648,0.1448,False
39649,0.0722,False
39650,0.1207,False
39651,0.3076,False
39652,0.4264,False
39653,0.2256,False
39654,0.9188,True
39655,0.9422,True
39656,0.1622,False
39657,0.5986,True
39658,0.3347,False
39659,0.9147,True
39660,0.2922,False
39661,0.1768,False
39662,0.2134,False
39663,0.3518,False
39664,0.8251,True
39665,0.2373,False
39666,0.1488,False
39667,0.7077,True
39668,0.2395,False
39669,0.3662,False
39670,0.5416,True
39671,0.8056,True
39672,0.0789,False
39673,0.5738,True
39674,0.4725,False
39675,0.4682,False
39676,0.2238,False
39677,0.1986,False
39678,0.5776,True
39679,0.1352,False
39680,0.3141,False
39681,0.3824,False
39682,0.3467,False
39683,0.8138,True
39684,0.1324,False
39685,0.1701,False
39686,0.1866,False
39687,0.3339,False
39688,0.1904,False
39689,1.0126,True
39690,0.8002,True
39691,0.8058,True
39692,0.5419,True
39693,0.5731,True
39694,0.387,False
39695,0.2395,False
39696,0.4309,False
39697,0.211,False
39698,0.6024,True
39699,0.9862,True
39700,0.3286,False
39701,0.2117,False
39702,0.6761,True
39703,0.3198,False
39704,0.8669,True
39705,1.0051,True
39706,0.3262,False
39707,0.5476,True
39708,0.1786,False
39709,0.3576,False
39710,0.658,True
39711,0.507,True
39712,0.8,True
39713,0.2876,False
39714,1.0057,True
39715,0.7323,True
39716,0.9036,True
39717,0.1702,False
39718,0.8005,True
39719,0.5586,True
39720,0.3477,False
39721,0.4272,False
39722,0.5674,True
39723,0.432,False
39724,0.5783,True
39725,0.2356,False
39726,0.6448,True
39727,0.3089,False
39728,0.189,False
39729,0.2806,False
39730,0.2747,False
39731,0.3255,False
39732,1.0233,True
39733,0.2138,False
39734,0.8152,True
39735,0.8399,True
39736,0.453,False
39737,0.3538,False
39738,0.8559,True
39739,0.5625,True
39740,0.9617,True
39741,0.5668,True
39742,0.2855,False
39743,0.7854,True
39744,0.3848,False
39745,0.488,False
39746,0.8136,True
39747,0.2306,False
39748,0.2424,False
39749,0.8345,True
39750,0.2567,False
39751,1.3373,True
39752,0.4668,False
39753,0.1259,False
39754,0.2254,False
39755,0.512,True
39756,0.2068,False
39757,0.3048,False
39758,0.3275,False
39759,0.0759,False
39760,0.7466,True
39761,0.6717,True
39762,0.2142,False
39763,0.7078,True
39764,0.208,False
39765,0.3992,False
39766,0.209,False
39767,0.5693,True
39768,0.5524,True
39769,0.7066,True
39770,0.3916,False
39771,0.3333,False
39772,0.1503,False
39773,0.3598,False
39774,0.4373,False
39775,0.2378,False
39776,0.1853,False
39777,0.8805,True
39778,0.2847,False
39779,1.0602,True
39780,0.7617,True
39781,0.573,True
39782,0.9674,True
39783,0.9893,True
39784,0.4719,False
39785,0.7131,True
39786,0.6794,True
39787,0.5624,True
39788,1.0236,True
39789,0.122,False
39790,0.4511,False
39791,0.3484,False
39792,0.3726,False
39793,0.6371,True
39794,0.3565,False
39795,0.945,True
39796,0.511,True
39797,0.1786,False
39798,0.5633,True
39799,0.2348,False
39800,0.3032,False
39801,1.1496,True
39802,0.4041,False
39803,0.249,False
39804,0.2062,False
39805,0.2431,False
39806,0.1478,False
39807,0.3099,False
39808,0.6964,True
39809,0.2411,False
39810,0.607,True
39811,0.7228,True
39812,0.4739,False
39813,0.6759,True
39814,0.1867,False
39815,0.4055,False
39816,0.1872,False
39817,0.262,False
39818,1.0633,True
39819,0.5555,True
39820,0.1255,False
39821,0.5634,True
39822,0.393,False
39823,0.2762,False
39824,0.9452,True
39825,0.3017,False
39826,0.3938,False
39827,0.5267,True
39828,0.7584,True
39829,0.2773,False
39830,0.3903,False
39831,0.9337,True
39832,0.2686,False
39833,0.2037,False
39834,0.985,True
39835,0.5913,True
39836,0.4458,False
39837,0.7657,True
39838,0.1606,False
39839,0.3273,False
39840,0.1474,False
39841,0.7555,True
39842,0.2188,False
39843,0.5738,True
39844,0.7778,True
39845,0.4236,False
39846,0.763,True
39847,0.1325,False
39848,0.3486,False
39849,0.3718,False
39850,0.1691,False
39851,0.3551,False
39852,0.8122,True
39853,1.3834,True
39854,0.8409,True
39855,0.4638,False
39856,0.572,True
39857,0.3388,False
39858,0.4894,False
39859,0.9059,True
39860,0.2307,False
39861,0.2381,False
39862,0.1573,False
39863,0.7679,True
39864,0.4156,False
39865,0.4506,False
39866,0.2898,False
39867,0.9235,True
39868,0.7053,True
39869,0.5089,True
39870,0.3334,False
39871,0.8116,True
39872,0.6896,True
39873,0.6347,True
39874,0.8636,True
39875,0.7323,True
39876,0.6232,True
39877,0.2541,False
39878,0.7954,True
39879,0.4238,False
39880,0.5428,True
39881,0.4747,False
39882,0.3914,False
39883,0.7837,True
39884,0.5974,True
39885,0.3495,False
39886,0.1655,False
39887,0.1999,False
39888,0.7928,True
39889,0.1998,False
39890,0.741,True
39891,0.749,True
39892,0.1107,False
39893,0.138,False
39894,0.3825,False
39895,0.6022,True
39896,0.1857,False
39897,0.6665,True
39898,0.1629,False
39899,0.5941,True
39900,0.313,False
39901,0.1877,False
39902,0.8676,True
39903,0.9884,True
39904,0.3943,False
39905,0.3128,False
39906,0.3049,False
39907,0.5919,True
39908,0.3996,False
39909,0.5231,True
39910,0.417,False
39911,0.5271,True
39912,0.4686,False
39913,0.2442,False
39914,0.3593,False
39915,0.4867,False
39916,0.1795,False
39917,0.4342,False
39918,0.8436,True
39919,0.8219,True
39920,0.408,False
39921,0.2508,False
39922,0.1702,False
39923,0.5563,True
39924,0.3316,False
39925,0.884,True
39926,0.2695,False
39927,0.4851,False
39928,0.2012,False
39929,0.6481,True
39930,0.7744,True
39931,0.1866,False
39932,0.5304,True
39933,0.5286,True
39934,0.4255,False
39935,0.39,False
39936,0.7664,True
39937,1.2292,True
39938,0.2025,False
39939,0.3445,False
39940,0.4994,False
39941,0.1056,False
39942,0.2002,False
39943,0.3863,False
39944,0.8534,True
39945,0.2747,False
39946,0.6296,True
39947,0.3529,False
39948,0.3558,False
39949,0.3026,False
39950,0.2178,False
39951,0.1759,False
39952,1.0859,True
39953,0.2071,False
39954,0.4021,False
39955,0.6135,True
39956,0.2294,False
39957,0.6398,True
39958,0.4867,False
39959,0.2818,False
39960,0.3415,False
39961,0.8442,True
39962,0.898,True
39963,0.6223,True
39964,0.4191,False
39965,0.443,False
39966,0.4652,False
39967,0.6747,True
39968,0.3023,False
39969,0.4042,False
39970,0.9457,True
39971,0.3973,False
39972,0.3586,False
39973,0.7329,True
39974,1.0011,True
39975,0.4625,False
39976,0.4309,False
39977,0.7599,True
39978,0.8281,True
39979,0.2782,False
39980,0.7689,True
39981,0.6638,True
39982,0.8922,True
39983,0.3485,False
39984,0.5296,True
39985,0.2955,False
39986,0.2863,False
39987,0.3265,False
39988,0.3151,False
39989,0.3729,False
39990,0.9987,True
39991,0.2687,False
39992,0.1269,False
39993,0.2249,False
39994,0.3805,False
39995,0.286,False
39996,0.1922,False
39997,0.5611,True
39998,0.5176,True
39999,0.2235,False
40000,0.2788,False
40001,0.3717,False
40002,0.411,False
40003,0.2578,False
40004,0.8088,True
40005,0.5926,True
40006,0.929,True
40007,0.2532,False
40008,0.8288,True
40009,0.2261,False
40010,0.8518,True
40011,0.2344,False
40012,0.5269,True
40013,0.1744,False
40014,0.4813,False
40015,0.1279,False
40016,0.4168,False
40017,0.8689,True
40018,0.318,False
40019,0.6828,True
40020,0.6154,True
40021,0.6981,True
40022,0.1954,False
40023,0.1851,False
40024,0.2238,False
40025,0.1713,False
40026,0.8402,True
40027,0.4457,False
40028,0.5847,True
40029,0.511,True
40030,0.6758,True
40031,0.3153,False
40032,0.3521,False
40033,0.199,False
40034,1.0055,True
40035,0.2455,False
40036,0.1753,False
40037,0.5435,True
40038,0.3871,False
40039,0.863,True
40040,0.2083,False
40041,0.7938,True
40042,0.3657,False
40043,0.2551,False
40044,0.3641,False
40045,0.719,True
40046,0.5108,True
40047,0.0938,False
40048,0.334,False
40049,0.2121,False
40050,0.947,True
40051,0.5703,True
40052,0.5319,True
40053,0.5107,True
40054,0.205,False
40055,0.2339,False
40056,0.1379,False
40057,0.9735,True
40058,0.8752,True
40059,0.447,False
40060,0.5346,True
40061,0.3934,False
40062,0.3631,False
40063,1.0681,True
40064,0.2284,False
40065,0.3107,False
40066,0.3334,False
40067,0.6015,True
40068,0.894,True
40069,0.1516,False
40070,0.704,True
40071,0.4573,False
40072,0.7827,True
40073,0.2862,False
40074,0.148,False
40075,0.3529,False
40076,0.2991,False
40077,0.4707,False
40078,0.3559,False
40079,0.1869,False
40080,0.2692,False
40081,0.453,False
40082,0.1516,False
40083,0.8638,True
40084,1.0095,True
40085,0.6377,True
40086,0.8946,True
40087,0.7047,True
40088,0.2275,False
40089,0.2242,False
40090,0.5982,True
40091,0.2053,False
40092,0.5639,True
40093,0.7814,True
40094,0.3631,False
40095,0.1197,False
40096,0.3011,False
40097,0.3604,False
40098,0.4182,False
40099,0.6937,True
40100,1.0916,True
40101,0.2433,False
40102,0.5389,True
40103,0.4086,False
40104,0.4885,False
40105,0.2379,False
40106,0.5493,True
40107,0.3823,False
40108,0.4263,False
40109,0.6264,True
40110,0.2404,False
40111,0.7732,True
40112,1.0003,True
40113,0.6014,True
40114,1.1158,True
40115,0.3647,False
40116,0.2489,False
40117,0.1738,False
40118,0.564,True
40119,0.1466,False
40120,0.0782,False
40121,0.1655,False
40122,0.7943,True
40123,0.6742,True
40124,0.4527,False
40125,0.5496,True
40126,0.7324,True
40127,1.0015,True
40128,1.2379,True
40129,0.1904,False
40130,0.9698,True
40131,0.5205,True
40132,0.8419,True
40133,0.5913,True
40134,0.1331,False
40135,0.6173,True
40136,0.2635,False
40137,0.7826,True
40138,0.4322,False
40139,0.3789,False
40140,1.0749,True
40141,0.7471,True
40142,0.7873,True
40143,0.2118,False
40144,0.4648,False
40145,0.3121,False
40146,0.2863,False
40147,0.4413,False
40148,0.1723,False
40149,0.9847,True
40150,0.6229,True
40151,0.6803,True
40152,0.5419,True
40153,0.2624,False
40154,0.9009,True
40155,0.8505,True
40156,0.3032,False
40157,0.7809,True
40158,0.1644,False
40159,1.0209,True
40160,0.8952,True
40161,0.2073,False
40162,0.7127,True
40163,1.0604,True
40164,0.2201,False
40165,0.3902,False
40166,0.6762,True
40167,0.7718,True
40168,0.783,True
40169,0.6972,True
40170,0.5311,True
40171,0.1816,False
40172,1.0089,True
40173,0.7715,True
40174,0.3632,False
40175,0.2621,False
40176,0.2216,False
40177,0.36,False
40178,0.9549,True
40179,0.2574,False
40180,0.126,False
40181,0.4829,False
40182,0.2754,False
40183,0.3652,False
40184,0.1666,False
40185,0.3934,False
40186,0.4269,False
40187,0.3065,False
40188,0.1747,False
40189,0.1407,False
40190,0.3718,False
40191,0.1004,False
40192,0.6811,True
40193,0.9156,True
40194,0.2688,False
40195,0.1895,False
40196,0.6844,True
40197,0.2163,False
40198,0.1749,False
40199,0.113,False
40200,0.6952,True
40201,0.8599,True
40202,0.6284,True
40203,0.7263,True
40204,0.3215,False
40205,0.6749,True
40206,0.2832,False
40207,0.126,False
40208,0.517,True
40209,0.1766,False
40210,1.0017,True
40211,0.7236,True
40212,0.422,False
40213,0.2012,False
40214,0.4038,False
40215,1.0059,True
40216,0.1247,False
40217,0.1143,False
40218,0.0683,False
40219,0.2584,False
40220,0.2233,False
40221,0.9581,True
40222,0.987,True
40223,0.8466,True
40224,0.2129,False
40225,0.3851,False
40226,0.0857,False
40227,1.1138,True
40228,0.4571,False
40229,0.63,True
40230,0.2699,False
40231,0.2856,False
40232,0.8111,True
40233,0.2783,False
40234,0.9666,True
40235,1.1954,True
40236,0.2503,False
40237,0.1714,False
40238,0.2983,False
40239,1.0796,True
40240,0.4802,False
40241,0.3339,False
40242,0.1156,False
40243,0.4047,False
40244,0.2053,False
40245,0.2651,False
40246,0.3479,False
40247,0.5953,True
40248,0.8292,True
40249,0.8128,True
40250,0.3907,False
40251,0.5439,True
40252,0.3045,False
40253,0.1852,False
40254,0.565,True
40255,0.2445,False
40256,0.1496,False
40257,0.2177,False
40258,0.1937,False
40259,0.2446,False
40260,0.3156,False
40261,0.5561,True
40262,0.6669,True
40263,1.0107,True
40264,1.1124,True
40265,0.4514,False
40266,0.8682,True
40267,0.8353,True
40268,0.5611,True
40269,0.8105,True
40270,0.2649,False
40271,0.2605,False
40272,0.2611,False
40273,0.7284,True
40274,0.4522,False
40275,1.0062,True
40276,0.0753,False
40277,0.1026,False
40278,1.1169,True
40279,0.401,False
40280,0.3449,False
40281,0.3322,False
40282,0.3177,False
40283,0.5414,True
40284,0.2962,False
40285,0.6862,True
40286,0.3916,False
40287,0.3872,False
40288,0.4166,False
40289,0.1295,False
40290,0.6698,True
40291,0.2613,False
40292,0.9666,True
40293,0.7346,True
40294,0.1834,False
40295,0.5255,True
40296,0.3206,False
40297,0.2551,False
40298,0.3761,False
40299,0.136,False
40300,0.1255,False
40301,0.1602,False
40302,0.378,False
40303,0.8117,True
40304,0.6479,True
40305,0.7038,True
40306,0.8248,True
40307,0.3809,False
40308,0.3204,False
40309,0.9843,True
40310,0.3,False
40311,0.9415,True
40312,0.2938,False
40313,0.6005,True
40314,0.5337,True
40315,0.5844,True
40316,0.2018,False
40317,0.3256,False
40318,0.2457,False
40319,0.7808,True
40320,0.1697,False
40321,0.4891,False
40322,1.0237,True
40323,0.8651,True
40324,0.4844,False
40325,0.7722,True
40326,0.4466,False
40327,1.0239,True
40328,0.4774,False
40329,0.2479,False
40330,0.2472,False
40331,0.8736,True
40332,0.4395,False
40333,0.213,False
40334,0.1615,False
40335,0.5573,True
40336,0.4202,False
40337,0.4515,False
40338,0.2407,False
40339,1.0931,True
40340,0.745,True
40341,0.9176,True
40342,0.3478,False
40343,0.5305,True
40344,0.8239,True
40345,0.3686,False
40346,0.2622,False
40347,0.2179,False
40348,0.8293,True
40349,0.4411,False
40350,0.2294,False
40351,0.3506,False
40352,0.5783,True
40353,0.3079,False
40354,0.155,False
40355,0.1483,False
40356,0.8875,True
40357,0.3897,False
40358,0.5952,True
40359,0.892,True
40360,0.2507,False
40361,0.5408,True
40362,0.5541,True
40363,0.7418,True
40364,0.8765,True
40365,0.17,False
40366,0.6049,True
40367,0.694,True
40368,0.3231,False
40369,0.8172,True
40370,0.5515,True
40371,0.3532,False
40372,0.4376,False
40373,0.7707,True
40374,0.4657,False
40375,0.3402,False
40376,0.231,False
40377,0.8457,True
40378,0.1804,False
40379,1.1737,True
40380,0.368,False
40381,0.8355,True
40382,0.3639,False
40383,0.3612,False
40384,0.1516,False
40385,0.8351,True
40386,1.0019,True
40387,0.997,True
40388,0.7113,True
40389,0.6233,True
40390,0.9047,True
40391,0.6706,True
40392,0.4343,False
40393,0.647,True
40394,0.4793,False
40395,0.4463,False
40396,0.4201,False
40397,0.2844,False
40398,0.0639,False
40399,1.0201,True
40400,0.8662,True
40401,0.6997,True
40402,0.4565,False
40403,0.449,False
40404,0.9488,True
40405,0.7188,True
40406,0.9547,True
40407,0.9258,True
40408,0.9471,True
40409,0.9578,True
40410,0.9422,True
40411,0.8929,True
40412,0.9074,True
40413,0.9178,True
40414,1.0042,True
40415,0.983,True
40416,1.0088,True
40417,1.004,True
40418,0.9392,True
40419,0.9412,True
40420,0.8154,True
40421,0.7596,True
40422,0.9849,True
40423,0.9202,True
40424,0.9391,True
40425,0.876,True
40426,0.9193,True
40427,0.8903,True
40428,0.9893,True
40429,1.0046,True
40430,0.8917,True
40431,0.8761,True
40432,0.9901,True
40433,0.8773,True
40434,0.9369,True
40435,0.9532,True
40436,1.0223,True
40437,0.8306,True
40438,0.8546,True
40439,0.9355,True
40440,0.8462,True
40441,0.9891,True
40442,0.9598,True
40443,0.9086,True
40444,0.8399,True
40445,0.9496,True
40446,0.9296,True
40447,0.9544,True
40448,0.8863,True
40449,0.9956,True
40450,0.9392,True
40451,0.9505,True
40452,0.8834,True
40453,1.0651,True
40454,0.8564,True
40455,0.8912,True
40456,0.7433,True
40457,0.9059,True
40458,0.8578,True
40459,1.0358,True
40460,0.5653,True
40461,0.9016,True
40462,0.8812,True
40463,0.918,True
40464,0.8971,True
40465,0.6588,True
40466,0.8341,True
40467,0.8135,True
40468,0.9613,True
40469,1.004,True
40470,0.7397,True
40471,0.9683,True
40472,0.9446,True
40473,0.81,True
40474,0.7279,True
40475,0.9337,True
40476,0.9135,True
40477,0.921,True
40478,0.8466,True
40479,0.8502,True
40480,0.8603,True
40481,0.9107,True
40482,0.9139,True
40483,0.9744,True
40484,0.7656,True
40485,0.969,True
40486,0.9836,True
40487,0.7773,True
40488,0.9017,True
40489,0.9007,True
40490,0.6251,True
40491,0.7698,True
40492,0.9422,True
40493,0.755,True
40494,0.7887,True
40495,0.8906,True
40496,0.8056,True
40497,0.9411,True
40498,0.8976,True
40499,0.7131,True
40500,0.7955,True
40501,0.8454,True
40502,0.8454,True
40503,0.7745,True
40504,0.8757,True
40505,1.1117,True
40506,0.9741,True
40507,1.0504,True
40508,0.9439,True
40509,0.9131,True
40510,0.9483,True
40511,0.9197,True
40512,0.8418,True
40513,0.8075,True
40514,0.9555,True
40515,0.8308,True
40516,0.9554,True
40517,0.7963,True
40518,0.9273,True
40519,0.9269,True
40520,0.9724,True
40521,0.8738,True
40522,0.8139,True
40523,0.917,True
40524,0.9574,True
40525,0.882,True
40526,1.0001,True
40527,0.8893,True
40528,0.9092,True
40529,0.9895,True
40530,0.9414,True
40531,0.8178,True
40532,0.8975,True
40533,0.8426,True
40534,0.8612,True
40535,0.9372,True
40536,0.9201,True
40537,1.0221,True
40538,0.8534,True
40539,0.8677,True
40540,1.0727,True
40541,0.8545,True
40542,0.8745,True
40543,0.8822,True
40544,0.9942,True
40545,0.9094,True
40546,0.8317,True
40547,0.9795,True
40548,0.9336,True
40549,0.965,True
40550,0.954,True
40551,1.0678,True
40552,0.8387,True
40553,0.8921,True
40554,0.816,True
40555,1.0177,True
40556,0.85,True
40557,0.9611,True
40558,0.7832,True
40559,0.9135,True
40560,0.8659,True
40561,0.9026,True
40562,0.7946,True
40563,0.9072,True
40564,0.8476,True
40565,0.8768,True
40566,0.8312,True
40567,0.7922,True
40568,0.8269,True
40569,0.9623,True
40570,0.8629,True
40571,0.8726,True
40572,0.8194,True
40573,0.9006,True
40574,0.8977,True
40575,0.9502,True
40576,0.7922,True
40577,0.9765,True
40578,0.8478,True
40579,0.9167,True
40580,0.8619,True
40581,0.7755,True
40582,0.957,True
40583,0.873,True
40584,0.5445,True
40585,0.8043,True
40586,0.8013,True
40587,0.9249,True
40588,0.8352,True
40589,0.9635,True
40590,0.5803,True
40591,0.9362,True
40592,0.9613,True
40593,0.9371,True
40594,1.0545,True
40595,0.7983,True
40596,0.7195,True
40597,0.878,True
40598,0.8611,True
40599,0.9638,True
40600,0.8559,True
40601,0.9238,True
40602,0.7292,True
40603,0.8191,True
40604,1.1332,True
40605,0.8559,True
40606,0.9134,True
40607,0.8652,True
40608,0.9216,True
40609,0.9056,True
40610,0.8818,True
40611,0.8319,True
40612,0.923,True
40613,0.8892,True
40614,0.8995,True
40615,1.0317,True
40616,0.8276,True
40617,0.7986,True
40618,0.9221,True
40619,1.0165,True
40620,0.837,True
40621,0.9713,True
40622,0.937,True
40623,0.9172,True
40624,0.8648,True
40625,0.887,True
40626,0.9729,True
40627,0.8928,True
40628,0.9211,True
40629,0.8285,True
40630,0.8397,True
40631,0.774,True
40632,0.9525,True
40633,0.94,True
40634,0.8078,True
40635,0.8569,True
40636,0.8787,True
40637,0.8409,True
40638,0.9225,True
40639,0.8933,True
40640,0.985,True
40641,0.9628,True
40642,0.9474,True
40643,0.9944,True
40644,0.8691,True
40645,0.945,True
40646,0.8972,True
40647,0.822,True
40648,0.9687,True
40649,1.0627,True
40650,0.9318,True
40651,0.684,True
40652,0.91,True
40653,0.957,True
40654,1.0009,True
40655,1.0503,True
40656,0.95,True
40657,0.9797,True
40658,0.8292,True
40659,0.8015,True
40660,0.9182,True
40661,0.8628,True
40662,0.7248,True
40663,0.7355,True
40664,0.9848,True
40665,1.015,True
40666,0.8604,True
40667,0.9189,True
40668,0.8748,True
40669,1.0007,True
40670,0.9593,True
40671,0.9416,True
40672,1.0361,True
40673,0.7834,True
40674,0.8137,True
40675,0.9825,True
40676,0.719,True
40677,0.9494,True
40678,0.7776,True
40679,0.8535,True
40680,0.9411,True
40681,0.7931,True
40682,0.8692,True
40683,1.0153,True
40684,0.9182,True
40685,0.832,True
40686,0.9799,True
40687,0.8695,True
40688,0.7831,True
40689,0.7854,True
40690,0.581,True
40691,0.7255,True
40692,0.7605,True
40693,1.037,True
40694,1.1282,True
40695,0.8512,True
40696,0.8398,True
40697,0.9042,True
40698,0.9014,True
40699,0.9741,True
40700,1.002,True
40701,0.8745,True
40702,0.856,True
40703,1.0131,True
40704,0.8743,True
40705,0.7363,True
40706,0.9205,True
40707,1.0757,True
40708,0.8943,True
40709,0.745,True
40710,1.0106,True
40711,0.8726,True
40712,0.9246,True
40713,0.9095,True
40714,0.8577,True
40715,1.0009,True
40716,0.887,True
40717,0.744,True
40718,0.9918,True
40719,0.9532,True
40720,0.9509,True
40721,0.8238,True
40722,0.8224,True
40723,0.9125,True
40724,0.93,True
40725,0.8602,True
40726,0.8814,True
40727,0.9471,True
40728,0.9136,True
40729,0.9766,True
40730,0.9684,True
40731,0.8904,True
40732,0.9587,True
40733,0.8136,True
40734,0.8811,True
40735,0.8087,True
40736,0.8293,True
40737,0.8983,True
40738,0.9127,True
40739,1.0539,True
40740,0.8791,True
40741,0.8461,True
40742,0.9754,True
40743,0.8937,True
40744,0.6574,True
40745,0.9729,True
40746,0.9322,True
40747,0.8582,True
40748,0.9766,True
40749,0.9574,True
40750,0.8161,True
40751,0.7795,True
40752,0.8085,True
40753,0.9664,True
40754,0.8247,True
40755,0.8878,True
40756,0.7305,True
40757,1.0455,True
40758,0.8398,True
40759,0.8208,True
40760,0.8269,True
40761,0.9369,True
40762,0.9472,True
40763,0.9099,True
40764,0.8755,True
40765,0.8333,True
40766,0.5884,True
40767,0.8604,True
40768,0.8501,True
40769,1.0114,True
40770,0.8367,True
40771,0.9145,True
40772,0.969,True
40773,0.7936,True
40774,0.9046,True
40775,0.9309,True
40776,0.9107,True
40777,0.9279,True
40778,0.9936,True
40779,0.7932,True
40780,0.8437,True
40781,0.9668,True
40782,0.8579,True
40783,0.8927,True
40784,0.9653,True
40785,0.884,True
40786,0.783,True
40787,0.9325,True
40788,1.0083,True
40789,0.9286,True
40790,0.8508,True
40791,1.0155,True
40792,0.9008,True
40793,0.8738,True
40794,0.8985,True
40795,0.9644,True
40796,0.8392,True
40797,0.9683,True
40798,0.9688,True
40799,0.8372,True
40800,0.9979,True
40801,0.9353,True
40802,0.8754,True
40803,0.9366,True
40804,0.8524,True
40805,0.8928,True
40806,0.9344,True
40807,0.9187,True
40808,0.8188,True
40809,0.9563,True
40810,0.8216,True
40811,0.9627,True
40812,1.011,True
40813,0.8868,True
40814,0.86,True
40815,0.8753,True
40816,0.6392,True
40817,1.0261,True
40818,0.903,True
40819,0.8478,True
40820,0.787,True
40821,0.9061,True
40822,0.8109,True
40823,0.963,True
40824,0.6293,True
40825,1.0419,True
40826,0.9465,True
40827,0.9825,True
40828,0.982,True
40829,0.8498,True
40830,0.9265,True
40831,0.9829,True
40832,0.8374,True
40833,1.0571,True
40834,0.9521,True
40835,0.9846,True
40836,0.9773,True
40837,0.9005,True
40838,0.9335,True
40839,0.9823,True
40840,0.9473,True
40841,0.8794,True
40842,1.1043,True
40843,0.6468,True
40844,0.9065,True
40845,0.7976,True
40846,0.9157,True
40847,0.8291,True
40848,0.9926,True
40849,0.9351,True
40850,0.775,True
40851,0.8285,True
40852,0.9033,True
40853,0.6587,True
40854,0.9004,True
40855,1.0099,True
40856,0.9918,True
40857,1.0021,True
40858,1.0427,True
40859,1.0242,True
40860,0.9859,True
40861,1.0225,True
40862,0.7911,True
40863,0.8154,True
40864,0.9457,True
40865,0.9464,True
40866,1.0334,True
40867,0.8845,True
40868,1.0114,True
40869,0.9539,True
40870,1.0672,True
40871,1.1395,True
40872,0.9907,True
40873,0.8843,True
40874,0.9972,True
40875,1.0921,True
40876,1.035,True
40877,1.0194,True
40878,0.891,True
40879,1.0849,True
40880,0.9219,True
40881,0.974,True
40882,0.9749,True
40883,0.8348,True
40884,1.0908,True
40885,0.9211,True
40886,0.9369,True
40887,0.8432,True
40888,0.9117,True
40889,1.0124,True
40890,0.9817,True
40891,0.9969,True
40892,0.967,True
40893,0.8265,True
40894,1.041,True
40895,0.9244,True
40896,0.889,True
40897,1.1194,True
40898,0.9223,True
40899,1.0148,True
40900,0.9451,True
40901,0.907,True
40902,0.7993,True
40903,0.9966,True
40904,1.0164,True
40905,0.8414,True
40906,0.9779,True
40907,0.9033,True
40908,0.9472,True
40909,1.0006,True
40910,0.8956,True
40911,0.848,True
40912,0.9301,True
40913,1.0127,True
40914,0.6778,True
40915,0.868,True
40916,0.7881,True
40917,0.8995,True
40918,0.9494,True
40919,0.8039,True
40920,0.6235,True
40921,0.9906,True
40922,0.8369,True
40923,0.8773,True
40924,0.9907,True
40925,1.0195,True
40926,1.0321,True
40927,0.8575,True
40928,0.8691,True
40929,0.8158,True
40930,0.8216,True
40931,0.6425,True
40932,0.9622,True
40933,0.8102,True
40934,1.0537,True
40935,0.8134,True
40936,0.989,True
40937,0.8626,True
40938,0.82,True
40939,0.8312,True
40940,0.9801,True
40941,0.9333,True
40942,0.8249,True
40943,0.9817,True
40944,0.8822,True
40945,0.8006,True
40946,0.9413,True
40947,0.9395,True
40948,0.9212,True
40949,0.7807,True
40950,0.9453,True
40951,0.8389,True
40952,0.9301,True
40953,0.8417,True
40954,0.7971,True
40955,1.0061,True
40956,0.9194,True
40957,1.0003,True
40958,0.8289,True
40959,0.9207,True
40960,0.9719,True
40961,1.0136,True
40962,0.8724,True
40963,0.9412,True
40964,0.9941,True
40965,0.9818,True
40966,0.8883,True
40967,1.0377,True
40968,1.0043,True
40969,0.8716,True
40970,1.0435,True
40971,0.9629,True
40972,0.8919,True
40973,0.8935,True
40974,0.8888,True
40975,1.079,True
40976,1.0546,True
40977,0.9731,True
40978,0.9313,True
40979,1.1534,True
40980,1.08,True
40981,0.9376,True
40982,1.002,True
40983,1.006,True
40984,0.8505,True
40985,0.8947,True
40986,1.0113,True
40987,0.9957,True
40988,0.8339,True
40989,0.8933,True
40990,0.9722,True
40991,0.9335,True
40992,0.9234,True
40993,0.8959,True
40994,1.0574,True
40995,1.0062,True
40996,1.1716,True
40997,0.8719,True
40998,0.908,True
40999,0.7555,True
41000,0.9242,True
41001,1.0589,True
41002,0.9685,True
41003,0.9817,True
41004,0.7955,True
41005,0.9396,True
41006,0.6664,True
41007,0.993,True
41008,1.0125,True
41009,0.9195,True
41010,0.9533,True
41011,0.985,True
41012,0.8716,True
41013,1.0401,True
41014,0.9362,True
41015,0.7447,True
41016,0.9113,True
41017,0.9882,True
41018,0.8437,True
41019,0.926,True
41020,1.0303,True
41021,0.9033,True
41022,0.9745,True
41023,0.9122,True
41024,1.0181,True
41025,0.881,True
41026,0.8018,True
41027,0.9601,True
41028,0.6673,True
41029,0.7343,True
41030,0.9516,True
41031,0.7534,True
41032,1.0351,True
41033,0.757,True
41034,1.0156,True
41035,0.907,True
41036,0.8525,True
41037,0.9312,True
41038,0.8776,True
41039,0.9337,True
41040,0.8858,True
41041,1.003,True
41042,0.804,True
41043,1.0369,True
41044,0.9015,True
41045,0.9119,True
41046,1.0654,True
41047,1.0132,True
41048,0.7516,True
41049,0.823,True
41050,0.7657,True
41051,0.8357,True
41052,0.9096,True
41053,0.972,True
41054,1.0149,True
41055,0.8794,True
41056,0.9199,True
41057,0.8927,True
41058,1.1689,True
41059,0.8748,True
41060,0.886,True
41061,0.8204,True
41062,0.9288,True
41063,0.8355,True
41064,1.1192,True
41065,0.6572,True
41066,0.9386,True
41067,0.9988,True
41068,1.0316,True
41069,0.9825,True
41070,0.909,True
41071,1.1528,True
41072,0.9263,True
41073,0.9411,True
41074,0.7875,True
41075,0.9688,True
41076,0.8836,True
41077,0.9934,True
41078,0.9553,True
41079,0.9106,True
41080,0.9529,True
41081,1.0242,True
41082,0.7983,True
41083,1.015,True
41084,1.0282,True
41085,0.9693,True
41086,0.866,True
41087,1.0811,True
41088,0.8378,True
41089,0.8286,True
41090,0.8691,True
41091,0.9888,True
41092,0.9161,True
41093,0.9225,True
41094,0.9627,True
41095,0.9175,True
41096,0.804,True
41097,0.8781,True
41098,0.9944,True
41099,0.968,True
41100,0.9427,True
41101,0.9167,True
41102,0.9865,True
41103,0.9741,True
41104,1.1258,True
41105,1.0778,True
41106,0.9278,True
41107,0.7611,True
41108,0.7128,True
41109,0.921,True
41110,0.6366,True
41111,1.1194,True
41112,0.8414,True
41113,0.8676,True
41114,0.7747,True
41115,0.9283,True
41116,0.9394,True
41117,0.9494,True
41118,0.8437,True
41119,0.9535,True
41120,0.982,True
41121,0.7628,True
41122,0.8445,True
41123,0.9298,True
41124,0.9869,True
41125,0.9778,True
41126,0.7391,True
41127,0.8618,True
41128,1.0954,True
41129,0.8418,True
41130,0.8767,True
41131,0.7298,True
41132,0.8488,True
41133,0.9002,True
41134,0.9735,True
41135,0.9078,True
41136,0.8571,True
41137,0.7595,True
41138,0.8207,True
41139,0.842,True
41140,1.0125,True
41141,1.0481,True
41142,0.9237,True
41143,1.0255,True
41144,0.8941,True
41145,0.7052,True
41146,0.8881,True
41147,0.9738,True
41148,0.8483,True
41149,0.7085,True
41150,0.9766,True
41151,0.9475,True
41152,0.8823,True
41153,0.88,True
41154,0.974,True
41155,0.9754,True
41156,1.0677,True
41157,0.922,True
41158,0.7732,True
41159,0.8303,True
41160,0.8753,True
41161,0.7661,True
41162,0.9268,True
41163,0.917,True
41164,0.8424,True
41165,1.0155,True
41166,0.6293,True
41167,0.4145,False
41168,0.9519,True
41169,0.8542,True
41170,0.8481,True
41171,0.9293,True
41172,0.9218,True
41173,0.9455,True
41174,0.9742,True
41175,0.8613,True
41176,1.1141,True
41177,0.9567,True
41178,1.0688,True
41179,1.0116,True
41180,0.8372,True
41181,1.0197,True
41182,0.9563,True
41183,0.8788,True
41184,0.8434,True
41185,0.8992,True
41186,1.0368,True
41187,0.8641,True
41188,1.0363,True
41189,1.0085,True
41190,1.0114,True
41191,1.0603,True
41192,0.9839,True
41193,0.9748,True
41194,0.9719,True
41195,0.8948,True
41196,1.0526,True
41197,0.903,True
41198,1.0146,True
41199,1.2443,True
41200,0.8275,True
41201,1.0038,True
41202,0.9082,True
41203,0.9803,True
41204,1.0451,True
41205,0.8725,True
41206,1.0073,True
41207,0.9993,True
41208,0.9345,True
41209,0.8764,True
41210,0.8424,True
41211,0.9374,True
41212,0.9998,True
41213,0.9954,True
41214,0.8492,True
41215,0.8518,True
41216,0.847,True
41217,0.9555,True
41218,0.9499,True
41219,0.8455,True
41220,0.9118,True
41221,0.9821,True
41222,0.7949,True
41223,1.0037,True
41224,0.8232,True
41225,0.8072,True
41226,0.8225,True
41227,0.9389,True
41228,0.8954,True
41229,0.9452,True
41230,0.8404,True
41231,0.7873,True
41232,0.9322,True
41233,0.7905,True
41234,0.9606,True
41235,1.0366,True
41236,1.0234,True
41237,0.9583,True
41238,0.9433,True
41239,0.873,True
41240,0.9858,True
41241,0.8887,True
41242,0.9661,True
41243,0.9748,True
41244,1.0215,True
41245,1.0145,True
41246,1.1513,True
41247,0.9872,True
41248,0.8667,True
41249,0.783,True
41250,0.3676,False
41251,0.7729,True
41252,0.9976,True
41253,0.8766,True
41254,0.709,True
41255,0.6868,True
41256,0.87,True
41257,0.9688,True
41258,0.7613,True
41259,0.7065,True
41260,0.5981,True
41261,0.6924,True
41262,0.686,True
41263,0.7285,True
41264,0.7806,True
41265,0.8705,True
41266,0.7453,True
41267,0.8172,True
41268,0.6829,True
41269,0.8983,True
41270,0.7685,True
41271,0.6538,True
41272,0.8729,True
41273,0.8992,True
41274,0.7905,True
41275,0.8304,True
41276,0.6731,True
41277,0.8575,True
41278,0.653,True
41279,0.646,True
41280,0.811,True
41281,0.7532,True
41282,0.6697,True
41283,0.8013,True
41284,0.6647,True
41285,0.7743,True
41286,0.7687,True
41287,0.829,True
41288,0.7445,True
41289,0.792,True
41290,0.6505,True
41291,0.7084,True
41292,0.6243,True
41293,0.7316,True
41294,0.6123,True
41295,0.8567,True
41296,0.7737,True
41297,0.7287,True
41298,0.7965,True
41299,0.907,True
41300,0.7978,True
41301,0.8074,True
41302,0.6622,True
41303,0.8067,True
41304,0.6866,True
41305,0.855,True
41306,0.9129,True
41307,0.8747,True
41308,1.0309,True
41309,0.8637,True
41310,0.9799,True
41311,0.7316,True
41312,0.7261,True
41313,0.7756,True
41314,0.8602,True
41315,0.8665,True
41316,0.9424,True
41317,0.8933,True
41318,0.8789,True
41319,0.8897,True
41320,1.1068,True
41321,1.1263,True
41322,0.894,True
41323,0.8862,True
41324,0.9783,True
41325,0.8721,True
41326,0.8473,True
41327,0.9602,True
41328,0.8441,True
41329,0.8526,True
41330,0.9543,True
41331,1.0042,True
41332,0.8788,True
41333,0.9341,True
41334,0.9087,True
41335,0.8337,True
41336,0.725,True
41337,0.9163,True
41338,0.8673,True
41339,0.6933,True
41340,0.7888,True
41341,0.9369,True
41342,0.9001,True
41343,0.9538,True
41344,1.0252,True
41345,0.9474,True
41346,0.7946,True
41347,1.0438,True
41348,0.8684,True
41349,1.0833,True
41350,1.0105,True
41351,0.8249,True
41352,0.9362,True
41353,1.0158,True
41354,1.0016,True
41355,0.9297,True
41356,1.0774,True
41357,0.9465,True
41358,0.8433,True
41359,1.3415,True
41360,0.9165,True
41361,0.8661,True
41362,0.9747,True
41363,0.8799,True
41364,0.9302,True
41365,0.8817,True
41366,0.981,True
41367,1.1891,True
41368,1.0796,True
41369,1.0712,True
41370,1.0941,True
41371,1.154,True
41372,1.1802,True
41373,1.1857,True
41374,1.0412,True
41375,0.8926,True
41376,0.8412,True
41377,0.9228,True
41378,0.9207,True
41379,0.9241,True
41380,1.0572,True
41381,0.9768,True
41382,0.9416,True
41383,1.001,True
41384,0.9621,True
41385,1.0589,True
41386,1.002,True
41387,1.0332,True
41388,1.0816,True
41389,1.0145,True
41390,1.0217,True
41391,0.8513,True
41392,0.9655,True
41393,0.9914,True
41394,0.9466,True
41395,1.081,True
41396,0.894,True
41397,1.0737,True
41398,1.0827,True
41399,0.9961,True
41400,1.0319,True
41401,0.8932,True
41402,1.1355,True
41403,1.0397,True
41404,0.8598,True
41405,0.8615,True
41406,0.7582,True
41407,0.82,True
41408,0.8297,True
41409,0.7938,True
41410,0.6855,True
41411,0.6238,True
41412,0.6596,True
41413,0.6375,True
41414,0.7788,True
41415,0.6579,True
41416,0.7419,True
41417,0.754,True
41418,0.7138,True
41419,0.6982,True
41420,1.0652,True
41421,0.8329,True
41422,0.7194,True
41423,0.8711,True
41424,0.8257,True
41425,0.7598,True
41426,0.7498,True
41427,0.7345,True
41428,0.6467,True
41429,0.8381,True
41430,0.6704,True
41431,0.7056,True
41432,0.8864,True
41433,0.6902,True
41434,0.7595,True
41435,0.6437,True
41436,0.6635,True
41437,0.7117,True
41438,0.7062,True
41439,0.6648,True
41440,0.6846,True
41441,0.6421,True
41442,0.6529,True
41443,0.6938,True
41444,0.6498,True
41445,0.9984,True
41446,0.722,True
41447,0.8967,True
41448,0.8251,True
41449,0.9333,True
41450,0.8286,True
41451,0.792,True
41452,0.8449,True
41453,0.78,True
41454,0.8787,True
41455,0.8168,True
41456,0.8854,True
41457,0.8376,True
41458,0.7948,True
41459,0.8773,True
41460,0.7286,True
41461,0.8796,True
41462,0.7356,True
41463,0.8017,True
41464,0.8903,True
41465,0.9442,True
41466,0.7776,True
41467,0.7743,True
41468,0.7799,True
41469,0.833,True
41470,0.8135,True
41471,0.7993,True
41472,0.7972,True
41473,0.8906,True
41474,0.822,True
41475,0.8699,True
41476,0.7822,True
41477,0.7716,True
41478,0.8437,True
41479,0.7997,True
41480,0.7639,True
41481,0.8618,True
41482,0.8276,True
41483,0.7851,True
41484,0.9125,True
41485,0.953,True
41486,0.8179,True
41487,0.6422,True
41488,0.8799,True
41489,0.7663,True
41490,0.835,True
41491,0.7968,True
41492,0.7946,True
41493,0.7993,True
41494,0.685,True
41495,0.9052,True
41496,0.8816,True
41497,1.0285,True
41498,0.8315,True
41499,0.9544,True
41500,0.8898,True
41501,0.9094,True
41502,0.924,True
41503,0.8176,True
41504,0.9,True
41505,0.8972,True
41506,0.995,True
41507,0.8394,True
41508,0.8052,True
41509,0.8373,True
41510,0.9544,True
41511,0.8935,True
41512,0.8952,True
41513,0.8178,True
41514,0.8268,True
41515,0.9951,True
41516,1.025,True
41517,0.8502,True
41518,1.0074,True
41519,0.8565,True
41520,0.9838,True
41521,1.1343,True
41522,1.0051,True
41523,0.8758,True
41524,1.1586,True
41525,0.9369,True
41526,1.0082,True
41527,0.8881,True
41528,0.8753,True
41529,0.9352,True
41530,0.8839,True
41531,0.9793,True
41532,0.7978,True
41533,0.8132,True
41534,0.7785,True
41535,1.0538,True
41536,0.9045,True
41537,1.033,True
41538,1.0047,True
41539,0.8877,True
41540,0.8673,True
41541,0.9847,True
41542,1.0638,True
41543,0.9416,True
41544,0.9638,True
41545,0.963,True
41546,1.0466,True
41547,1.015,True
41548,0.8494,True
41549,0.9158,True
41550,0.8115,True
41551,1.0978,True
41552,0.8949,True
41553,0.8722,True
41554,0.9287,True
41555,0.7262,True
41556,0.9505,True
41557,0.7125,True
41558,0.8903,True
41559,0.5973,True
41560,0.8045,True
41561,0.6701,True
41562,0.7634,True
41563,0.8107,True
41564,0.9862,True
41565,0.8579,True
41566,0.9634,True
41567,0.7571,True
41568,0.7751,True
41569,0.9302,True
41570,1.0287,True
41571,1.1218,True
41572,0.8257,True
41573,0.7895,True
41574,0.9125,True
41575,0.8219,True
41576,0.791,True
41577,0.7977,True
41578,0.7846,True
41579,0.6473,True
41580,0.8153,True
41581,0.7623,True
41582,0.8203,True
41583,0.8275,True
41584,0.7542,True
41585,0.7172,True
41586,0.7387,True
41587,0.7473,True
41588,0.7794,True
41589,0.8094,True
41590,0.8092,True
41591,0.8452,True
41592,0.7462,True
41593,0.7734,True
41594,0.8632,True
41595,0.8125,True
41596,0.7815,True
41597,1.0082,True
41598,0.8634,True
41599,0.5093,True
41600,0.7291,True
41601,0.6008,True
41602,0.6093,True
41603,0.1343,False
41604,0.7243,True
41605,0.7576,True
41606,0.6904,True
41607,0.7597,True
41608,0.8819,True
41609,0.8276,True
41610,0.7547,True
41611,0.7118,True
41612,0.7173,True
41613,0.5992,True
41614,0.7583,True
41615,0.6978,True
41616,0.8248,True
41617,0.6118,True
41618,0.6522,True
41619,0.8442,True
41620,0.7375,True
41621,0.8464,True
41622,0.8403,True
41623,0.7091,True
41624,0.8481,True
41625,0.7377,True
41626,0.7384,True
41627,0.767,True
41628,0.8585,True
41629,0.7259,True
41630,0.7416,True
41631,0.7845,True
41632,0.7808,True
41633,0.8022,True
41634,0.767,True
41635,0.8047,True
41636,0.8164,True
41637,0.8636,True
41638,0.7718,True
41639,0.9554,True
41640,0.7454,True
41641,1.0578,True
41642,0.8276,True
41643,0.8666,True
41644,0.8923,True
41645,0.7174,True
41646,0.8089,True
41647,0.7473,True
41648,0.6691,True
41649,0.5499,True
41650,0.4872,False
41651,0.7843,True
41652,0.5127,True
41653,0.527,True
41654,0.7394,True
41655,0.9562,True
41656,0.9026,True
41657,0.8319,True
41658,0.681,True
41659,0.7999,True
41660,0.818,True
41661,0.8258,True
41662,0.7358,True
41663,0.7701,True
41664,0.8979,True
41665,0.8374,True
41666,0.8402,True
41667,0.8044,True
41668,0.8307,True
41669,1.0007,True
41670,0.9865,True
41671,0.9186,True
41672,1.0138,True
41673,1.0706,True
41674,0.8999,True
41675,0.9267,True
41676,0.9389,True
41677,0.8831,True
41678,0.8483,True
41679,0.7604,True
41680,0.7248,True
41681,0.9944,True
41682,0.7379,True
41683,0.8105,True
41684,0.8476,True
41685,0.9671,True
41686,0.8715,True
41687,0.8602,True
41688,0.8744,True
41689,0.7088,True
41690,0.7716,True
41691,0.7956,True
41692,0.7916,True
41693,0.8792,True
41694,1.0009,True
41695,0.9654,True
41696,1.1047,True
41697,0.8208,True
41698,0.934,True
41699,0.79,True
41700,0.6081,True
41701,0.9539,True
41702,0.934,True
41703,0.9258,True
41704,1.1487,True
41705,1.0996,True
41706,0.8327,True
41707,1.2341,True
41708,0.9539,True
41709,1.013,True
41710,0.8607,True
41711,0.9554,True
41712,0.9329,True
41713,0.8346,True
41714,0.9189,True
41715,0.8553,True
41716,0.8625,True
41717,0.8156,True
41718,0.801,True
41719,0.9591,True
41720,1.1461,True
41721,0.9077,True
41722,0.9708,True
41723,1.4436,True
41724,0.6448,True
41725,0.7945,True
41726,0.8155,True
41727,0.8327,True
41728,0.9854,True
41729,0.7933,True
41730,0.9328,True
41731,1.0117,True
41732,0.864,True
41733,0.8842,True
41734,0.6313,True
41735,0.8881,True
41736,0.811,True
41737,0.7006,True
41738,0.9754,True
41739,0.7681,True
41740,0.7868,True
41741,0.7699,True
41742,0.815,True
41743,0.7614,True
41744,1.1291,True
41745,0.9717,True
41746,1.0835,True
41747,0.9635,True
41748,0.8303,True
41749,0.8931,True
41750,0.794,True
41751,0.7993,True
41752,0.8024,True
41753,0.7002,True
41754,0.7505,True
41755,0.6912,True
41756,0.6655,True
41757,0.7525,True
41758,0.8851,True
41759,0.7226,True
41760,0.5644,True
41761,0.5545,True
41762,0.5682,True
41763,0.7562,True
41764,0.6894,True
41765,0.7001,True
41766,0.561,True
41767,0.8349,True
41768,0.6444,True
41769,0.785,True
41770,0.7676,True
41771,0.7209,True
41772,0.8523,True
41773,0.7528,True
41774,0.7302,True
41775,0.6314,True
41776,0.7662,True
41777,0.8042,True
41778,0.8329,True
41779,0.7788,True
41780,0.7708,True
41781,0.7398,True
41782,0.7712,True
41783,0.7866,True
41784,0.8383,True
41785,0.839,True
41786,0.9668,True
41787,0.8901,True
41788,0.5539,True
41789,0.7544,True
41790,0.7023,True
41791,0.7206,True
41792,0.8306,True
41793,0.8427,True
41794,0.7827,True
41795,0.691,True
41796,0.6329,True
41797,0.6886,True
41798,0.6631,True
41799,0.5779,True
41800,0.678,True
41801,0.7554,True
41802,0.6619,True
41803,0.6089,True
41804,0.7494,True
41805,0.8009,True
41806,0.7644,True
41807,0.9929,True
41808,0.8382,True
41809,0.5893,True
41810,0.6415,True
41811,0.6156,True
41812,0.6714,True
41813,0.5199,True
41814,0.6142,True
41815,0.6769,True
41816,0.7019,True
41817,0.8001,True
41818,0.7713,True
41819,0.9862,True
41820,0.9093,True
41821,0.8847,True
41822,0.8661,True
41823,0.7545,True
41824,0.6887,True
41825,0.6053,True
41826,0.5346,True
41827,0.6797,True
41828,0.7341,True
41829,0.5475,True
41830,0.5715,True
41831,0.5806,True
41832,0.5092,True
41833,0.6018,True
41834,0.5879,True
41835,0.6976,True
41836,0.5787,True
41837,0.5613,True
41838,0.6872,True
41839,0.5762,True
41840,0.5389,True
41841,0.4777,False
41842,0.7727,True
41843,0.5374,True
41844,0.7852,True
41845,0.8274,True
41846,0.7909,True
41847,0.8029,True
41848,0.8727,True
41849,0.7582,True
41850,0.7589,True
41851,0.7375,True
41852,0.5867,True
41853,0.6879,True
41854,0.8435,True
41855,0.8977,True
41856,0.8548,True
41857,0.7843,True
41858,1.035,True
41859,0.6967,True
41860,0.8224,True
41861,0.7315,True
41862,0.7774,True
41863,0.74,True
41864,0.8833,True
41865,0.8676,True
41866,1.0475,True
41867,0.8514,True
41868,1.0132,True
41869,0.9737,True
41870,1.1714,True
41871,1.07,True
41872,1.0246,True
41873,1.1778,True
41874,0.7606,True
41875,0.8957,True
41876,0.7397,True
41877,0.8974,True
41878,0.8771,True
41879,0.7472,True
41880,0.8088,True
41881,0.8584,True
41882,0.8831,True
41883,0.7475,True
41884,0.8728,True
41885,0.8515,True
41886,0.8357,True
41887,0.9079,True
41888,0.7419,True
41889,0.7286,True
41890,0.7212,True
41891,0.7935,True
41892,0.8139,True
41893,0.9126,True
41894,0.5657,True
41895,0.8663,True
41896,0.6467,True
41897,0.9852,True
41898,0.7656,True
41899,0.8956,True
41900,0.9128,True
41901,0.5762,True
41902,1.0857,True
41903,0.6556,True
41904,0.9434,True
41905,0.8973,True
41906,0.8932,True
41907,0.8264,True
41908,0.806,True
41909,0.8049,True
41910,0.9779,True
41911,0.9662,True
41912,0.8524,True
41913,0.8645,True
41914,0.7865,True
41915,0.7349,True
41916,0.9141,True
41917,0.8545,True
41918,0.8104,True
41919,0.8767,True
41920,0.8741,True
41921,0.9065,True
41922,0.8918,True
41923,0.9287,True
41924,0.8825,True
41925,0.9323,True
41926,0.8839,True
41927,1.016,True
41928,0.8267,True
41929,0.9112,True
41930,0.8099,True
41931,0.855,True
41932,0.969,True
41933,0.9125,True
41934,0.7528,True
41935,0.817,True
41936,0.8527,True
41937,0.797,True
41938,0.9855,True
41939,0.8315,True
41940,0.8782,True
41941,0.8048,True
41942,0.8073,True
41943,0.8007,True
41944,0.7764,True
41945,0.9622,True
41946,0.8377,True
41947,0.8334,True
41948,0.8719,True
41949,0.8108,True
41950,0.774,True
41951,0.8654,True
41952,0.8244,True
41953,0.8428,True
41954,0.8524,True
41955,0.8512,True
41956,0.767,True
41957,0.8599,True
41958,0.8346,True
41959,0.7586,True
41960,0.7981,True
41961,0.8539,True
41962,0.8607,True
41963,0.8749,True
41964,0.9139,True
41965,0.9574,True
41966,0.8267,True
41967,0.8867,True
41968,0.7919,True
41969,0.9993,True
41970,0.9192,True
41971,0.732,True
41972,0.8175,True
41973,0.7576,True
41974,0.7847,True
41975,0.7673,True
41976,0.8161,True
41977,0.7734,True
41978,0.8461,True
41979,0.8182,True
41980,0.7714,True
41981,0.8895,True
41982,0.8566,True
41983,0.8999,True
41984,0.9782,True
41985,0.8817,True
41986,0.8035,True
41987,1.0504,True
41988,0.8514,True
41989,0.9395,True
41990,0.9309,True
41991,0.8204,True
41992,0.9243,True
41993,0.8714,True
41994,0.9931,True
41995,0.8684,True
41996,0.9264,True
41997,0.7676,True
41998,0.8835,True
41999,0.8304,True
42000,0.9009,True
42001,0.6882,True
42002,0.8118,True
42003,0.8346,True
42004,0.8396,True
42005,0.7501,True
42006,0.7972,True
42007,0.7518,True
42008,0.6511,True
42009,0.7679,True
42010,0.7926,True
42011,0.7848,True
42012,0.6618,True
42013,0.7445,True
42014,0.6775,True
42015,0.7593,True
42016,0.7174,True
42017,0.7157,True
42018,0.6388,True
42019,0.8304,True
42020,0.7661,True
42021,0.6593,True
42022,0.7284,True
42023,0.7091,True
42024,0.7785,True
42025,0.7148,True
42026,0.6408,True
42027,0.7938,True
42028,0.7886,True
42029,0.6945,True
42030,0.7878,True
42031,0.7006,True
42032,0.7784,True
42033,0.7401,True
42034,0.7742,True
42035,0.6517,True
42036,0.6925,True
42037,0.6266,True
42038,0.7162,True
42039,0.6934,True
42040,0.7799,True
42041,0.7855,True
42042,0.6673,True
42043,0.9655,True
42044,0.7926,True
42045,0.6604,True
42046,0.9653,True
42047,0.6628,True
42048,0.7548,True
42049,0.7075,True
42050,0.7555,True
42051,0.7357,True
42052,0.7209,True
42053,0.6842,True
42054,0.7266,True
42055,0.7201,True
42056,0.673,True
42057,0.7029,True
42058,0.8251,True
42059,0.7731,True
42060,0.8327,True
42061,0.6608,True
42062,0.8047,True
42063,0.6189,True
42064,0.7128,True
42065,0.6432,True
42066,0.8173,True
42067,0.7054,True
42068,0.586,True
42069,0.6973,True
42070,0.7329,True
42071,0.7926,True
42072,0.7714,True
42073,0.6704,True
42074,0.8029,True
42075,0.8748,True
42076,0.7859,True
42077,0.8053,True
42078,0.8061,True
42079,0.7103,True
42080,0.6852,True
42081,0.6952,True
42082,0.6761,True
42083,0.6076,True
42084,0.7577,True
42085,0.6275,True
42086,0.6852,True
42087,0.6846,True
42088,0.7361,True
42089,0.7444,True
42090,0.5733,True
42091,0.7899,True
42092,0.734,True
42093,0.766,True
42094,0.6958,True
42095,0.6963,True
42096,0.8742,True
42097,0.8092,True
42098,0.7743,True
42099,0.874,True
42100,0.7175,True
42101,0.7544,True
42102,0.8203,True
42103,0.8688,True
42104,1.2664,True
42105,0.9303,True
42106,0.8869,True
42107,1.0837,True
42108,1.1866,True
42109,1.0598,True
42110,1.0953,True
42111,1.1718,True
42112,1.0513,True
42113,1.0586,True
42114,1.0387,True
42115,1.1485,True
42116,0.8886,True
42117,1.0589,True
42118,1.0732,True
42119,1.1284,True
42120,0.9695,True
42121,0.7065,True
42122,1.2453,True
42123,1.0279,True
42124,1.015,True
42125,0.7143,True
42126,1.0057,True
42127,1.0276,True
42128,0.9829,True
42129,1.1269,True
42130,1.1076,True
42131,1.0179,True
42132,1.0926,True
42133,1.1877,True
42134,0.9531,True
42135,0.8842,True
42136,1.0803,True
42137,0.8233,True
42138,0.9903,True
42139,0.9987,True
42140,0.983,True
42141,1.073,True
42142,1.1501,True
42143,1.0153,True
42144,0.7393,True
42145,1.1326,True
42146,0.8593,True
42147,1.0353,True
42148,1.1329,True
42149,0.967,True
42150,1.0343,True
42151,1.0741,True
42152,1.1645,True
42153,0.9366,True
42154,0.8111,True
42155,0.822,True
42156,0.9389,True
42157,1.0844,True
42158,1.0169,True
42159,1.1855,True
42160,1.1427,True
42161,1.1109,True
42162,1.2003,True
42163,1.1058,True
42164,0.8852,True
42165,1.0279,True
42166,1.0993,True
42167,0.64,True
42168,1.071,True
42169,1.165,True
42170,0.6369,True
42171,1.4101,True
42172,1.0785,True
42173,1.2047,True
42174,1.2834,True
42175,0.7605,True
42176,0.9399,True
42177,1.2663,True
42178,1.1292,True
42179,0.6732,True
42180,0.9072,True
42181,1.1122,True
42182,1.0327,True
42183,0.9324,True
42184,1.2476,True
42185,1.0129,True
42186,1.0216,True
42187,0.7862,True
42188,1.1262,True
42189,1.0046,True
42190,0.8555,True
42191,1.2136,True
42192,0.9683,True
42193,1.1296,True
42194,0.8473,True
42195,1.0078,True
42196,1.0421,True
42197,1.0778,True
42198,1.144,True
42199,1.1772,True
42200,1.0531,True
42201,0.7769,True
42202,0.9495,True
42203,0.9942,True
42204,1.161,True
42205,1.0026,True
42206,0.8915,True
42207,1.0164,True
42208,1.1197,True
42209,0.9692,True
42210,1.2047,True
42211,1.1697,True
42212,1.0377,True
42213,0.9556,True
42214,1.0224,True
42215,1.0157,True
42216,0.8634,True
42217,0.8473,True
42218,0.9871,True
42219,0.9447,True
42220,0.8744,True
42221,0.8937,True
42222,0.9711,True
42223,0.7915,True
42224,0.9658,True
42225,1.1832,True
42226,1.1195,True
42227,1.096,True
42228,1.1432,True
42229,1.0653,True
42230,0.9846,True
42231,1.0809,True
42232,0.9123,True
42233,1.0473,True
42234,1.0154,True
42235,0.9913,True
42236,1.0922,True
42237,1.0704,True
42238,1.3029,True
42239,1.0888,True
42240,1.1231,True
42241,1.0102,True
42242,1.1195,True
42243,1.1393,True
42244,1.069,True
42245,1.1897,True
42246,1.0342,True
42247,0.9932,True
42248,0.9191,True
42249,0.9241,True
42250,0.7991,True
42251,0.7341,True
42252,1.1495,True
42253,1.0159,True
42254,1.1058,True
42255,1.1444,True
42256,0.9104,True
42257,1.1532,True
42258,0.7785,True
42259,1.0379,True
42260,0.7581,True
42261,0.95,True
42262,1.0019,True
42263,0.6955,True
42264,0.866,True
42265,0.8631,True
42266,1.0649,True
42267,0.9726,True
42268,1.0137,True
42269,1.0645,True
42270,1.0545,True
42271,1.0583,True
42272,1.0112,True
42273,1.0777,True
42274,1.1611,True
42275,1.0975,True
42276,1.2503,True
42277,1.1989,True
42278,1.1853,True
42279,1.1553,True
42280,1.0446,True
42281,1.095,True
42282,1.0374,True
42283,1.1018,True
42284,1.0231,True
42285,0.2751,False
42286,1.0672,True
42287,1.0658,True
42288,0.8771,True
42289,1.0147,True
42290,1.1296,True
42291,0.7174,True
42292,0.9929,True
42293,1.3197,True
42294,1.176,True
42295,1.2719,True
42296,1.095,True
42297,1.0367,True
42298,0.9937,True
42299,0.8457,True
42300,0.8994,True
42301,0.9305,True
42302,0.9514,True
42303,1.0159,True
42304,1.1722,True
42305,0.9932,True
42306,0.9222,True
42307,0.9409,True
42308,0.8233,True
42309,1.1902,True
42310,1.2187,True
42311,1.0959,True
42312,1.0021,True
42313,0.7471,True
42314,0.93,True
42315,0.8442,True
42316,0.4913,False
42317,1.1257,True
42318,0.9835,True
42319,0.9903,True
42320,1.2664,True
42321,1.0232,True
42322,1.0634,True
42323,1.3553,True
42324,0.9861,True
42325,0.9286,True
42326,1.0842,True
42327,0.96,True
42328,1.1232,True
42329,1.0075,True
42330,0.9132,True
42331,1.1444,True
42332,0.9809,True
42333,1.0294,True
42334,1.1999,True
42335,0.7799,True
42336,1.167,True
42337,0.5555,True
42338,1.0608,True
42339,0.8875,True
42340,1.0611,True
42341,1.1708,True
42342,0.6919,True
42343,1.1434,True
42344,1.2004,True
42345,1.0278,True
42346,1.0627,True
42347,1.0263,True
42348,1.0511,True
42349,0.8515,True
42350,1.1477,True
42351,0.9149,True
42352,1.0544,True
42353,1.2418,True
42354,0.9663,True
42355,0.9528,True
42356,1.0707,True
42357,0.7776,True
42358,1.086,True
42359,1.2937,True
42360,0.9855,True
42361,1.0886,True
42362,1.1871,True
42363,1.1326,True
42364,0.779,True
42365,0.8849,True
42366,0.9449,True
42367,1.0345,True
42368,1.0521,True
42369,0.9781,True
42370,0.9436,True
42371,0.9131,True
42372,1.0799,True
42373,1.1004,True
42374,1.1184,True
42375,0.9393,True
42376,0.8267,True
42377,0.9974,True
42378,1.1958,True
42379,1.1839,True
42380,1.1953,True
42381,1.1872,True
42382,0.9856,True
42383,1.0567,True
42384,1.1268,True
42385,0.8802,True
42386,1.1006,True
42387,0.9902,True
42388,0.8944,True
42389,1.0079,True
42390,1.182,True
42391,1.1335,True
42392,0.7244,True
42393,1.3015,True
42394,0.986,True
42395,0.8866,True
42396,1.09,True
42397,0.6475,True
42398,0.9271,True
42399,0.9916,True
42400,0.9584,True
42401,0.9763,True
42402,1.0495,True
42403,0.7799,True
42404,0.7928,True
42405,1.1516,True
42406,1.0792,True
42407,0.9054,True
42408,1.0373,True
42409,1.1633,True
42410,0.9103,True
42411,1.0686,True
42412,1.1074,True
42413,1.1545,True
42414,1.0005,True
42415,0.9153,True
42416,0.9919,True
42417,1.0592,True
42418,0.7003,True
42419,1.1427,True
42420,1.09,True
42421,0.715,True
42422,0.3315,False
42423,0.9101,True
42424,1.2848,True
42425,0.8458,True
42426,0.8154,True
42427,1.0694,True
42428,0.7983,True
42429,0.9328,True
42430,1.2028,True
42431,1.0466,True
42432,1.0668,True
42433,1.1202,True
42434,0.8328,True
42435,1.0578,True
42436,0.7317,True
42437,1.249,True
42438,0.942,True
42439,0.771,True
42440,0.9792,True
42441,0.9819,True
42442,1.3353,True
42443,0.8158,True
42444,0.3313,False
42445,1.1786,True
42446,0.8099,True
42447,0.9986,True
42448,1.0483,True
42449,1.128,True
42450,1.2691,True
42451,0.9818,True
42452,1.1462,True
42453,1.0476,True
42454,1.0554,True
42455,1.0029,True
42456,1.2142,True
42457,1.0414,True
42458,1.1231,True
42459,0.9922,True
42460,0.9443,True
42461,0.8149,True
42462,1.0776,True
42463,1.0764,True
42464,1.3336,True
42465,1.0979,True
42466,0.8806,True
42467,1.0534,True
42468,0.8007,True
42469,0.8956,True
42470,0.9367,True
42471,0.8644,True
42472,1.2073,True
42473,1.0088,True
42474,0.8724,True
42475,0.9518,True
42476,1.1254,True
42477,1.251,True
42478,1.0891,True
42479,1.0382,True
42480,1.0141,True
42481,0.9356,True
42482,0.8854,True
42483,1.0068,True
42484,1.082,True
42485,0.9772,True
42486,1.1637,True
42487,0.9724,True
42488,1.1201,True
42489,1.0959,True
42490,1.042,True
42491,0.9129,True
42492,0.9755,True
42493,1.0425,True
42494,0.7838,True
42495,1.023,True
42496,0.9953,True
42497,0.8614,True
42498,1.046,True
42499,1.0795,True
42500,0.6981,True
42501,1.0528,True
42502,1.1204,True
42503,1.127,True
42504,0.2664,False
42505,0.9626,True
42506,0.9476,True
42507,1.1311,True
42508,1.048,True
42509,1.2612,True
42510,1.0839,True
42511,1.0848,True
42512,1.0651,True
42513,1.0688,True
42514,1.2374,True
42515,1.1213,True
42516,0.8227,True
42517,0.9261,True
42518,0.8686,True
42519,1.0981,True
42520,1.015,True
42521,0.8422,True
42522,1.0961,True
42523,1.081,True
42524,0.9223,True
42525,1.1594,True
42526,1.1395,True
42527,0.6805,True
42528,1.1388,True
42529,1.0581,True
42530,0.8155,True
42531,1.3213,True
42532,1.2083,True
42533,0.7691,True
42534,1.0561,True
42535,1.2555,True
42536,1.0205,True
42537,1.1762,True
42538,0.9926,True
42539,1.022,True
42540,1.1673,True
42541,1.2599,True
42542,1.3276,True
42543,0.3507,False
42544,0.7955,True
42545,1.025,True
42546,1.0848,True
42547,1.0469,True
42548,1.2008,True
42549,1.0799,True
42550,0.8785,True
42551,1.1142,True
42552,0.9832,True
42553,0.8511,True
42554,0.9506,True
42555,0.8404,True
42556,0.9782,True
42557,1.0824,True
42558,0.9328,True
42559,1.0661,True
42560,0.9957,True
42561,1.0235,True
42562,1.182,True
42563,0.8762,True
42564,1.1071,True
42565,0.7448,True
42566,0.8824,True
42567,1.0964,True
42568,1.2081,True
42569,0.7204,True
42570,1.1844,True
42571,1.2018,True
42572,1.0927,True
42573,0.8745,True
42574,1.0503,True
42575,1.07,True
42576,1.0234,True
42577,1.0568,True
42578,1.1244,True
42579,1.0666,True
42580,1.0721,True
42581,1.214,True
42582,0.8309,True
42583,1.1193,True
42584,1.1347,True
42585,0.9271,True
42586,0.7146,True
42587,1.042,True
42588,1.1236,True
42589,1.0791,True
42590,1.0733,True
42591,1.2284,True
42592,1.2557,True
42593,1.0615,True
42594,0.9724,True
42595,0.7095,True
42596,0.7802,True
42597,0.9,True
42598,1.1621,True
42599,0.853,True
42600,0.9361,True
42601,1.2035,True
42602,1.0016,True
42603,1.0279,True
42604,1.0604,True
42605,1.1983,True
42606,1.1045,True
42607,0.9936,True
42608,0.9954,True
42609,1.2162,True
42610,1.3195,True
42611,1.1504,True
42612,1.2717,True
42613,1.0687,True
42614,1.0021,True
42615,0.91,True
42616,1.1383,True
42617,1.1301,True
42618,1.0304,True
42619,1.3555,True
42620,1.0637,True
42621,0.9705,True
42622,1.0165,True
42623,0.893,True
42624,1.0298,True
42625,1.0353,True
42626,0.8825,True
42627,1.0914,True
42628,1.2072,True
42629,1.1758,True
42630,0.8073,True
42631,0.981,True
42632,0.9453,True
42633,1.088,True
42634,1.2622,True
42635,0.7714,True
42636,1.2943,True
42637,0.8752,True
42638,0.9357,True
42639,0.8431,True
42640,1.0042,True
42641,1.1016,True
42642,0.9839,True
42643,1.0667,True
42644,0.9328,True
42645,1.1085,True
42646,1.0774,True
42647,1.1097,True
42648,1.2282,True
42649,1.2255,True
42650,1.0828,True
42651,1.0339,True
42652,1.1516,True
42653,1.0612,True
42654,1.2685,True
42655,0.8427,True
42656,1.0774,True
42657,0.7125,True
42658,1.1163,True
42659,1.3312,True
42660,0.9937,True
42661,0.6935,True
42662,1.1074,True
42663,1.0326,True
42664,0.8593,True
42665,0.9956,True
42666,1.194,True
42667,1.1726,True
42668,0.9564,True
42669,0.904,True
42670,1.0579,True
42671,1.0351,True
42672,1.0351,True
42673,1.0908,True
42674,1.1602,True
42675,1.1515,True
42676,0.9609,True
42677,1.1595,True
42678,1.0677,True
42679,0.8997,True
42680,1.0209,True
42681,0.8532,True
42682,1.1418,True
42683,1.1968,True
42684,1.0222,True
42685,1.0045,True
42686,1.2335,True
42687,1.107,True
42688,1.152,True
42689,1.1416,True
42690,1.0688,True
42691,1.2517,True
42692,1.1253,True
42693,0.6586,True
42694,1.0525,True
42695,0.9721,True
42696,1.0433,True
42697,0.9783,True
42698,1.0258,True
42699,1.1213,True
42700,1.0124,True
42701,1.1196,True
42702,1.0726,True
42703,1.0405,True
42704,0.9817,True
42705,1.0874,True
42706,1.041,True
42707,1.1802,True
42708,0.9301,True
42709,1.1162,True
42710,1.42,True
42711,0.9506,True
42712,1.2031,True
42713,1.0216,True
42714,1.0982,True
42715,1.1048,True
42716,1.1296,True
42717,0.8103,True
42718,0.8997,True
42719,0.9441,True
42720,0.873,True
42721,0.8332,True
42722,0.915,True
42723,1.0832,True
42724,1.0239,True
42725,1.1814,True
42726,0.7927,True
42727,1.0482,True
42728,0.9364,True
42729,1.1947,True
42730,1.1806,True
42731,1.0327,True
42732,1.1924,True
42733,1.0473,True
42734,1.037,True
42735,1.0162,True
42736,0.908,True
42737,1.0721,True
42738,0.8611,True
42739,0.9439,True
42740,1.1935,True
42741,0.9113,True
42742,0.8541,True
42743,0.8908,True
42744,1.0127,True
42745,0.8323,True
42746,0.8045,True
42747,1.1016,True
42748,1.0273,True
42749,1.1598,True
42750,1.1368,True
42751,1.2568,True
42752,0.9337,True
42753,1.0054,True
42754,0.88,True
42755,0.9856,True
42756,0.7558,True
42757,0.9363,True
42758,0.9184,True
42759,1.0988,True
42760,0.5707,True
42761,1.1543,True
42762,0.8421,True
42763,1.1228,True
42764,1.2653,True
42765,1.3048,True
42766,1.1427,True
42767,1.0881,True
42768,1.1441,True
42769,0.8734,True
42770,0.928,True
42771,0.8924,True
42772,0.7364,True
42773,0.9756,True
42774,1.2041,True
42775,0.9986,True
42776,1.1181,True
42777,0.7755,True
42778,0.9972,True
42779,0.8863,True
42780,1.0832,True
42781,0.8155,True
42782,1.0014,True
42783,1.164,True
42784,1.1925,True
42785,1.0784,True
42786,1.2688,True
42787,1.19,True
42788,0.8052,True
42789,1.0915,True
42790,1.0492,True
42791,1.128,True
42792,1.131,True
42793,1.0898,True
42794,0.9726,True
42795,1.1395,True
42796,0.9816,True
42797,0.6949,True
42798,1.027,True
42799,1.0187,True
42800,0.8469,True
42801,1.0018,True
42802,1.1621,True
42803,1.1248,True
42804,1.3692,True
42805,1.1793,True
42806,0.7047,True
42807,0.9554,True
42808,0.824,True
42809,0.5563,True
42810,1.0387,True
42811,1.0977,True
42812,0.9872,True
42813,0.9233,True
42814,1.0644,True
42815,0.96,True
42816,1.1525,True
42817,0.944,True
42818,0.9317,True
42819,1.1986,True
42820,1.0589,True
42821,0.9548,True
42822,0.8844,True
42823,0.9804,True
42824,1.1931,True
42825,0.837,True
42826,0.9717,True
42827,0.9903,True
42828,0.947,True
42829,1.2278,True
42830,1.1917,True
42831,1.1026,True
42832,0.897,True
42833,0.9828,True
42834,0.9701,True
42835,1.0332,True
42836,1.0297,True
42837,0.7644,True
42838,0.9643,True
42839,0.9573,True
42840,1.0871,True
42841,1.0584,True
42842,0.9014,True
42843,0.9435,True
42844,1.0512,True
42845,1.2303,True
42846,0.9451,True
42847,1.0625,True
42848,0.9802,True
42849,1.0056,True
42850,1.0644,True
42851,0.9456,True
42852,1.0805,True
42853,0.8271,True
42854,1.2721,True
42855,1.0013,True
42856,0.9198,True
42857,0.8986,True
42858,1.0032,True
42859,1.0573,True
42860,1.1596,True
42861,1.1112,True
42862,1.2029,True
42863,0.8837,True
42864,0.7592,True
42865,1.084,True
42866,1.1165,True
42867,1.0663,True
42868,0.9729,True
42869,1.1427,True
42870,1.077,True
42871,1.0599,True
42872,0.7303,True
42873,1.3226,True
42874,1.0939,True
42875,1.2326,True
42876,0.8278,True
42877,0.9746,True
42878,1.2406,True
42879,1.0512,True
42880,1.0347,True
42881,1.2374,True
42882,0.9914,True
42883,1.0584,True
42884,0.648,True
42885,0.8376,True
42886,1.0349,True
42887,1.0179,True
42888,1.0916,True
42889,1.0606,True
42890,0.9409,True
42891,0.8836,True
42892,1.2165,True
42893,1.2202,True
42894,1.0888,True
42895,1.083,True
42896,0.9021,True
42897,0.9473,True
42898,1.046,True
42899,0.9807,True
42900,0.9496,True
42901,1.1656,True
42902,1.2607,True
42903,0.9748,True
42904,1.0268,True
42905,0.9831,True
42906,1.0828,True
42907,1.0404,True
42908,1.0086,True
42909,0.9497,True
42910,1.0393,True
42911,1.1818,True
42912,1.1472,True
42913,1.0501,True
42914,1.156,True
42915,0.947,True
42916,1.0224,True
42917,0.5587,True
42918,0.3725,False
42919,1.0256,True
42920,1.1333,True
42921,0.9532,True
42922,1.051,True
42923,1.0015,True
42924,0.9413,True
42925,0.375,False
42926,0.7538,True
42927,0.6668,True
42928,1.1037,True
42929,1.0766,True
42930,1.006,True
42931,0.8065,True
42932,0.9981,True
42933,1.1901,True
42934,0.78,True
42935,1.1145,True
42936,1.1286,True
42937,1.0661,True
42938,1.1984,True
42939,0.9415,True
42940,1.0713,True
42941,1.074,True
42942,0.8384,True
42943,1.0828,True
42944,1.0943,True
42945,1.0723,True
42946,0.933,True
42947,1.051,True
42948,1.3866,True
42949,0.8955,True
42950,1.2465,True
42951,1.1426,True
42952,0.9838,True
42953,1.2598,True
42954,1.2335,True
42955,1.1758,True
42956,0.7573,True
42957,0.8355,True
42958,1.0866,True
42959,0.9777,True
42960,0.9751,True
42961,1.0201,True
42962,0.749,True
42963,1.0525,True
42964,0.9948,True
42965,0.8012,True
42966,1.0007,True
42967,0.9456,True
42968,1.1473,True
42969,0.8859,True
42970,1.0009,True
42971,1.0384,True
42972,0.9399,True
42973,1.1451,True
42974,0.9647,True
42975,0.9358,True
42976,0.833,True
42977,0.8898,True
42978,0.6791,True
42979,0.9997,True
42980,1.0652,True
42981,1.2581,True
42982,1.0061,True
42983,0.9296,True
42984,0.9185,True
42985,1.0983,True
42986,0.8878,True
42987,1.1681,True
42988,0.6144,True
42989,1.0957,True
42990,1.179,True
42991,1.0469,True
42992,1.2256,True
42993,0.8698,True
42994,1.1098,True
42995,1.0177,True
42996,1.1741,True
42997,1.1543,True
42998,1.222,True
42999,1.1746,True
43000,1.163,True
43001,0.756,True
43002,1.1605,True
43003,1.1788,True
43004,1.1179,True
43005,0.7662,True
43006,1.0328,True
43007,0.7952,True
43008,1.1537,True
43009,0.7025,True
43010,1.099,True
43011,1.1573,True
43012,0.8757,True
43013,0.909,True
43014,0.8511,True
43015,0.8432,True
43016,0.7498,True
43017,1.1269,True
43018,1.0754,True
43019,0.9971,True
43020,0.8749,True
43021,1.1708,True
43022,0.9971,True
43023,1.012,True
43024,1.0536,True
43025,0.5896,True
43026,0.6221,True
43027,0.912,True
43028,1.1318,True
43029,0.8673,True
43030,0.5693,True
43031,0.8358,True
43032,1.0559,True
43033,0.9556,True
43034,1.0767,True
43035,0.815,True
43036,0.852,True
43037,1.0555,True
43038,1.0251,True
43039,0.9931,True
43040,1.2185,True
43041,0.9403,True
43042,1.0453,True
43043,1.0126,True
43044,0.8814,True
43045,0.855,True
43046,1.0445,True
43047,1.1392,True
43048,0.6972,True
43049,0.9649,True
43050,1.0196,True
43051,0.9349,True
43052,1.0154,True
43053,1.0935,True
43054,1.1838,True
43055,0.879,True
43056,1.1089,True
43057,0.937,True
43058,0.9773,True
43059,1.2406,True
43060,0.8577,True
43061,0.9503,True
43062,0.8204,True
43063,1.1297,True
43064,0.8672,True
43065,0.8467,True
43066,1.2186,True
43067,0.8645,True
43068,0.923,True
43069,1.0606,True
43070,1.2536,True
43071,0.8215,True
43072,1.0853,True
43073,1.2715,True
43074,1.1096,True
43075,0.744,True
43076,0.9852,True
43077,1.0348,True
43078,1.1456,True
43079,1.1121,True
43080,1.0853,True
43081,0.9365,True
43082,0.8324,True
43083,0.6832,True
43084,1.0467,True
43085,0.9664,True
43086,1.1649,True
43087,0.9389,True
43088,0.9761,True
43089,1.0229,True
43090,0.8309,True
43091,0.8578,True
43092,1.0581,True
43093,1.0246,True
43094,1.1326,True
43095,0.9894,True
43096,1.0777,True
43097,1.1763,True
43098,1.1121,True
43099,0.9988,True
43100,0.9375,True
43101,1.0648,True
43102,1.0327,True
43103,1.2108,True
43104,0.9231,True
43105,1.1414,True
43106,1.0641,True
43107,0.9923,True
43108,0.9746,True
43109,0.9361,True
43110,0.862,True
43111,0.8103,True
43112,0.7415,True
43113,0.9944,True
43114,0.6932,True
43115,0.8827,True
43116,1.065,True
43117,1.0085,True
43118,1.1258,True
43119,0.8867,True
43120,1.1781,True
43121,0.9466,True
43122,0.8715,True
43123,1.0029,True
43124,0.9775,True
43125,0.7479,True
43126,0.8753,True
43127,1.2353,True
43128,1.0566,True
43129,1.1315,True
43130,1.0183,True
43131,1.0385,True
43132,1.0618,True
43133,0.8023,True
43134,1.0865,True
43135,1.0115,True
43136,0.8487,True
43137,1.1049,True
43138,0.5917,True
43139,1.0739,True
43140,1.1946,True
43141,1.0067,True
43142,0.9754,True
43143,1.106,True
43144,0.6922,True
43145,1.3216,True
43146,0.9848,True
43147,0.9841,True
43148,1.0697,True
43149,0.8178,True
43150,1.1389,True
43151,0.7624,True
43152,0.8574,True
43153,1.0891,True
43154,1.3212,True
43155,1.0908,True
43156,1.1303,True
43157,1.1582,True
43158,1.035,True
43159,1.0162,True
43160,1.199,True
43161,1.1189,True
43162,0.9496,True
43163,1.1267,True
43164,0.8578,True
43165,0.8844,True
43166,0.7689,True
43167,1.1304,True
43168,1.1494,True
43169,0.8953,True
43170,1.1035,True
43171,0.9255,True
43172,0.926,True
43173,0.9453,True
43174,1.0028,True
43175,0.9916,True
43176,0.9867,True
43177,0.9416,True
43178,0.8147,True
43179,0.9879,True
43180,0.7913,True
43181,1.0832,True
43182,1.0809,True
43183,1.2115,True
43184,1.0983,True
43185,1.0474,True
43186,1.0495,True
43187,1.0944,True
43188,0.9221,True
43189,1.1192,True
43190,1.1465,True
43191,1.0556,True
43192,1.1483,True
43193,0.9719,True
43194,0.9155,True
43195,1.0845,True
43196,1.0231,True
43197,0.8614,True
43198,1.2389,True
43199,1.2335,True
43200,0.9796,True
43201,1.0356,True
43202,0.9535,True
43203,1.0762,True
43204,1.0055,True
43205,1.181,True
43206,0.822,True
43207,0.9917,True
43208,0.9628,True
43209,0.9456,True
43210,1.2114,True
43211,1.0978,True
43212,1.0569,True
43213,1.2218,True
43214,0.9201,True
43215,0.8912,True
43216,0.996,True
43217,0.8801,True
43218,1.1261,True
43219,0.7971,True
43220,1.0607,True
43221,1.0031,True
43222,1.236,True
43223,1.2584,True
43224,1.1457,True
43225,0.7982,True
43226,1.0331,True
43227,1.0384,True
43228,1.1288,True
43229,0.9354,True
43230,0.7544,True
43231,0.9415,True
43232,1.1838,True
43233,1.0679,True
43234,1.1711,True
43235,1.0032,True
43236,1.144,True
43237,0.8701,True
43238,1.0534,True
43239,1.1321,True
43240,1.0755,True
43241,1.1016,True
43242,1.131,True
43243,1.1082,True
43244,0.6669,True
43245,1.0556,True
43246,1.088,True
43247,1.0914,True
43248,0.9824,True
43249,1.1644,True
43250,0.8032,True
43251,0.9662,True
43252,1.0219,True
43253,1.2101,True
43254,0.8653,True
43255,1.0753,True
43256,1.1315,True
43257,1.032,True
43258,0.9973,True
43259,1.1285,True
43260,1.1148,True
43261,1.2166,True
43262,1.0068,True
43263,1.0245,True
43264,0.2952,False
43265,1.1767,True
43266,1.0754,True
43267,1.1419,True
43268,1.1301,True
43269,0.9261,True
43270,1.2835,True
43271,1.1462,True
43272,1.0087,True
43273,1.1169,True
43274,0.963,True
43275,1.0663,True
43276,0.8678,True
43277,1.0539,True
43278,1.0608,True
43279,1.1276,True
43280,0.8999,True
43281,0.7961,True
43282,1.0966,True
43283,0.9574,True
43284,1.1239,True
43285,1.1118,True
43286,1.0319,True
43287,1.0813,True
43288,1.0606,True
43289,1.1515,True
43290,1.0651,True
43291,0.6696,True
43292,1.0545,True
43293,0.9848,True
43294,1.0717,True
43295,0.8996,True
43296,1.0584,True
43297,0.8553,True
43298,1.1202,True
43299,1.2257,True
43300,1.0351,True
43301,0.8135,True
43302,1.2015,True
43303,1.1074,True
43304,1.1855,True
43305,0.9158,True
43306,1.2745,True
43307,0.9458,True
43308,0.9235,True
43309,0.9929,True
43310,1.3613,True
43311,1.2194,True
43312,1.1963,True
43313,0.9798,True
43314,0.629,True
43315,1.0061,True
43316,1.1468,True
43317,0.9364,True
43318,1.0115,True
43319,1.0057,True
43320,0.9966,True
43321,0.7423,True
43322,0.886,True
43323,1.0847,True
43324,1.1527,True
43325,1.0481,True
43326,0.9726,True
43327,1.0487,True
43328,0.8897,True
43329,1.0772,True
43330,0.9721,True
43331,1.0966,True
43332,0.9302,True
43333,0.9195,True
43334,1.1615,True
43335,1.0075,True
43336,1.0907,True
43337,1.1501,True
43338,0.9054,True
43339,1.1202,True
43340,1.1628,True
43341,1.2082,True
43342,1.0831,True
43343,0.8883,True
43344,0.8649,True
43345,1.0852,True
43346,1.0174,True
43347,1.0019,True
43348,1.0339,True
43349,0.9857,True
43350,1.0479,True
43351,1.1245,True
43352,1.1123,True
43353,0.9613,True
43354,1.2908,True
43355,0.9461,True
43356,1.0711,True
43357,0.959,True
43358,1.0055,True
43359,0.7854,True
43360,0.9066,True
43361,0.9569,True
43362,1.0131,True
43363,0.8311,True
43364,1.1994,True
43365,0.9608,True
43366,0.6278,True
43367,0.9788,True
43368,0.8091,True
43369,0.963,True
43370,1.1915,True
43371,0.7934,True
43372,0.7426,True
43373,1.0291,True
43374,1.0159,True
43375,0.7176,True
43376,0.8938,True
43377,0.6967,True
43378,1.0505,True
43379,1.1249,True
43380,0.9199,True
43381,0.973,True
43382,1.0327,True
43383,0.9653,True
43384,1.1395,True
43385,0.7239,True
43386,1.0381,True
43387,0.941,True
43388,1.1087,True
43389,1.149,True
43390,0.8482,True
43391,1.0724,True
43392,1.1648,True
43393,0.8864,True
43394,0.9707,True
43395,0.9228,True
43396,0.9843,True
43397,0.9604,True
43398,0.658,True
43399,0.798,True
43400,0.931,True
43401,0.9222,True
43402,0.9887,True
43403,1.0128,True
43404,1.0892,True
43405,0.7904,True
43406,1.1536,True
43407,0.9448,True
43408,0.8695,True
43409,0.8442,True
43410,1.1167,True
43411,1.1456,True
43412,0.9583,True
43413,1.1422,True
43414,1.2189,True
43415,1.1918,True
43416,1.1076,True
43417,0.7386,True
43418,1.038,True
43419,0.9751,True
43420,0.7271,True
43421,0.9157,True
43422,0.9052,True
43423,1.1266,True
43424,0.9177,True
43425,1.1454,True
43426,1.2473,True
43427,1.1287,True
43428,0.9506,True
43429,1.0705,True
43430,1.1303,True
43431,1.1157,True
43432,0.9073,True
43433,1.075,True
43434,0.8103,True
43435,0.7747,True
43436,1.0572,True
43437,0.9826,True
43438,0.9895,True
43439,0.9621,True
43440,1.0717,True
43441,1.0029,True
43442,1.1411,True
43443,1.0496,True
43444,0.9608,True
43445,1.1128,True
43446,0.9948,True
43447,0.9575,True
43448,0.9826,True
43449,1.0273,True
43450,0.8343,True
43451,0.8915,True
43452,1.1371,True
43453,1.0769,True
43454,1.1153,True
43455,1.1967,True
43456,0.9703,True
43457,1.201,True
43458,0.7636,True
43459,0.9385,True
43460,0.91,True
43461,0.677,True
43462,1.0276,True
43463,1.2876,True
43464,1.1096,True
43465,1.1636,True
43466,0.9534,True
43467,0.9297,True
43468,1.0507,True
43469,1.1123,True
43470,1.2096,True
43471,1.1413,True
43472,1.0381,True
43473,0.9571,True
43474,1.0093,True
43475,0.9473,True
43476,1.0302,True
43477,0.9539,True
43478,1.1315,True
43479,0.9778,True
43480,1.1753,True
43481,1.0227,True
43482,1.0047,True
43483,0.7987,True
43484,0.9237,True
43485,0.9458,True
43486,0.7698,True
43487,0.9573,True
43488,0.8501,True
43489,0.8983,True
43490,0.9562,True
43491,0.9905,True
43492,0.8934,True
43493,0.9749,True
43494,0.9843,True
43495,1.046,True
43496,0.9978,True
43497,0.8802,True
43498,1.047,True
43499,1.0657,True
43500,1.0503,True
43501,1.0523,True
43502,0.9935,True
43503,0.8528,True
43504,1.0227,True
43505,0.8163,True
43506,1.0994,True
43507,1.0437,True
43508,0.846,True
43509,0.9889,True
43510,0.9387,True
43511,0.8337,True
43512,1.0019,True
43513,0.9189,True
43514,0.8892,True
43515,0.8937,True
43516,0.9063,True
43517,1.1265,True
43518,0.963,True
43519,1.0246,True
43520,0.9452,True
43521,1.0419,True
43522,0.8055,True
43523,0.8642,True
43524,1.0273,True
43525,1.0151,True
43526,0.9714,True
43527,0.9877,True
43528,0.9612,True
43529,0.9636,True
43530,0.9075,True
43531,0.8995,True
43532,1.0494,True
43533,0.9767,True
43534,1.0304,True
43535,0.942,True
43536,0.9652,True
43537,0.9905,True
43538,1.0166,True
43539,0.9169,True
43540,1.0068,True
43541,1.0051,True
43542,0.9719,True
43543,0.9806,True
43544,0.9074,True
43545,1.0137,True
43546,1.006,True
43547,0.9452,True
43548,0.9205,True
43549,0.9454,True
43550,1.0501,True
43551,0.9989,True
43552,0.8425,True
43553,0.8851,True
43554,1.0043,True
43555,0.9812,True
43556,0.921,True
43557,1.0756,True
43558,0.8309,True
43559,0.9617,True
43560,0.9075,True
43561,0.9601,True
43562,0.866,True
43563,1.0172,True
43564,0.7371,True
43565,1.1092,True
43566,0.982,True
43567,1.056,True
43568,0.9969,True
43569,1.0569,True
43570,1.0327,True
43571,0.9167,True
43572,0.7496,True
43573,1.0025,True
43574,1.0526,True
43575,0.9995,True
43576,0.9306,True
43577,1.026,True
43578,0.9728,True
43579,0.9566,True
43580,1.0202,True
43581,1.099,True
43582,0.9033,True
43583,0.8835,True
43584,0.8016,True
43585,0.8867,True
43586,1.1512,True
43587,0.8814,True
43588,0.8924,True
43589,0.9009,True
43590,1.0092,True
43591,0.8719,True
43592,0.8777,True
43593,0.8159,True
43594,0.9023,True
43595,0.7637,True
43596,0.9206,True
43597,0.8762,True
43598,0.9695,True
43599,1.0205,True
43600,1.0232,True
43601,0.9865,True
43602,1.0076,True
43603,1.0393,True
43604,0.8361,True
43605,0.9946,True
43606,0.9647,True
43607,1.0486,True
43608,0.8477,True
43609,0.9824,True
43610,1.0158,True
43611,1.0134,True
43612,1.0262,True
43613,0.8534,True
43614,0.883,True
43615,1.0948,True
43616,0.9919,True
43617,1.0584,True
43618,0.852,True
43619,0.8878,True
43620,1.0759,True
43621,0.866,True
43622,1.0056,True
43623,0.8928,True
43624,0.7886,True
43625,0.9678,True
43626,0.8037,True
43627,0.9976,True
43628,0.8729,True
43629,0.8553,True
43630,1.1719,True
43631,0.9869,True
43632,0.9266,True
43633,0.9491,True
43634,0.8225,True
43635,0.9594,True
43636,0.9441,True
43637,0.8908,True
43638,1.0449,True
43639,1.0194,True
43640,0.9727,True
43641,0.9103,True
43642,1.0374,True
43643,0.9403,True
43644,0.8601,True
43645,0.8888,True
43646,0.8996,True
43647,1.0431,True
43648,0.9681,True
43649,0.8663,True
43650,0.8879,True
43651,0.9435,True
43652,0.8639,True
43653,1.0239,True
43654,0.9324,True
43655,0.989,True
43656,0.841,True
43657,0.9147,True
43658,0.963,True
43659,0.8812,True
43660,0.7711,True
43661,1.1132,True
43662,0.837,True
43663,0.9495,True
43664,0.9694,True
43665,0.9177,True
43666,0.897,True
43667,0.9943,True
43668,1.0005,True
43669,0.8359,True
43670,0.9086,True
43671,0.8328,True
43672,0.7805,True
43673,0.8446,True
43674,1.0124,True
43675,0.9658,True
43676,0.9107,True
43677,0.7675,True
43678,1.0272,True
43679,1.0031,True
43680,0.8589,True
43681,0.9121,True
43682,0.9088,True
43683,0.8335,True
43684,0.9324,True
43685,0.992,True
43686,1.0013,True
43687,0.9047,True
43688,0.8625,True
43689,0.9818,True
43690,1.0211,True
43691,1.0426,True
43692,1.0127,True
43693,0.9426,True
43694,0.9354,True
43695,0.8953,True
43696,0.8821,True
43697,0.9277,True
43698,0.8927,True
43699,0.9248,True
43700,0.8872,True
43701,0.9417,True
43702,0.8841,True
43703,0.9358,True
43704,1.0633,True
43705,0.9128,True
43706,0.9419,True
43707,1.0593,True
43708,1.018,True
43709,0.9194,True
43710,0.9441,True
43711,0.9419,True
43712,1.0772,True
43713,0.9743,True
43714,1.004,True
43715,0.7508,True
43716,0.9639,True
43717,0.9333,True
43718,0.9855,True
43719,0.9214,True
43720,0.9781,True
43721,1.0566,True
43722,1.0979,True
43723,1.0568,True
43724,0.8866,True
43725,1.0042,True
43726,0.9086,True
43727,0.8652,True
43728,1.0181,True
43729,0.7487,True
43730,0.9817,True
43731,1.0138,True
43732,0.8208,True
43733,1.0547,True
43734,0.9413,True
43735,0.9576,True
43736,1.0309,True
43737,0.9947,True
43738,0.9347,True
43739,0.9946,True
43740,1.0478,True
43741,0.8854,True
43742,0.829,True
43743,0.9731,True
43744,0.9269,True
43745,0.8869,True
43746,0.8273,True
43747,0.9263,True
43748,0.9708,True
43749,0.9039,True
43750,0.8401,True
43751,0.9712,True
43752,0.9493,True
43753,1.0478,True
43754,0.9836,True
43755,1.0292,True
43756,0.9062,True
43757,0.8735,True
43758,0.9662,True
43759,0.8919,True
43760,0.9812,True
43761,0.9646,True
43762,1.0907,True
43763,0.9617,True
43764,0.8501,True
43765,1.0344,True
43766,0.8821,True
43767,0.8597,True
43768,1.0346,True
43769,0.9032,True
43770,1.0414,True
43771,0.8322,True
43772,1.0288,True
43773,0.974,True
43774,1.0433,True
43775,0.9831,True
43776,0.8412,True
43777,0.8208,True
43778,0.9559,True
43779,0.9363,True
43780,1.0186,True
43781,1.0316,True
43782,1.0657,True
43783,0.9198,True
43784,0.9417,True
43785,1.0031,True
43786,0.9404,True
43787,1.0392,True
43788,1.0289,True
43789,0.9256,True
43790,0.6951,True
43791,0.8584,True
43792,0.9807,True
43793,0.9302,True
43794,1.0045,True
43795,0.954,True
43796,0.985,True
43797,0.9681,True
43798,0.9061,True
43799,0.9269,True
43800,1.0058,True
43801,1.0375,True
43802,0.831,True
43803,1.044,True
43804,0.9883,True
43805,0.833,True
43806,0.8687,True
43807,0.9131,True
43808,1.066,True
43809,0.8987,True
43810,1.0379,True
43811,0.8665,True
43812,0.9064,True
43813,0.9642,True
43814,0.9875,True
43815,0.9416,True
43816,0.8638,True
43817,1.0162,True
43818,1.0565,True
43819,1.0675,True
43820,0.7844,True
43821,0.9165,True
43822,1.037,True
43823,0.9717,True
43824,0.9841,True
43825,0.8232,True
43826,0.858,True
43827,0.8981,True
43828,1.1261,True
43829,0.855,True
43830,0.9139,True
43831,0.9206,True
43832,0.8884,True
43833,0.9183,True
43834,1.0033,True
43835,1.0265,True
43836,0.8049,True
43837,0.9663,True
43838,0.9207,True
43839,0.8802,True
43840,0.9812,True
43841,0.9573,True
43842,1.0083,True
43843,1.0234,True
43844,0.932,True
43845,0.9578,True
43846,0.9753,True
43847,0.8665,True
43848,1.0084,True
43849,0.9824,True
43850,0.9698,True
43851,1.0515,True
43852,0.8528,True
43853,0.9927,True
43854,0.9639,True
43855,0.8061,True
43856,0.8537,True
43857,0.905,True
43858,1.043,True
43859,0.9284,True
43860,1.0405,True
43861,0.983,True
43862,0.9148,True
43863,0.8772,True
43864,0.9693,True
43865,0.8984,True
43866,1.0608,True
43867,0.8927,True
43868,1.1113,True
43869,1.0795,True
43870,0.855,True
43871,0.9387,True
43872,1.0226,True
43873,1.0076,True
43874,0.8268,True
43875,0.9428,True
43876,0.9888,True
43877,0.9056,True
43878,0.9991,True
43879,0.9393,True
43880,1.0287,True
43881,0.9403,True
43882,0.9668,True
43883,0.9513,True
43884,0.992,True
43885,0.8988,True
43886,0.7629,True
43887,0.7982,True
43888,0.9689,True
43889,0.9833,True
43890,0.9498,True
43891,0.9124,True
43892,1.0383,True
43893,1.0884,True
43894,0.8785,True
43895,0.7777,True
43896,1.1924,True
43897,0.954,True
43898,0.8831,True
43899,0.8965,True
43900,0.8865,True
43901,0.9516,True
43902,0.9279,True
43903,0.9328,True
43904,1.0961,True
43905,0.8985,True
43906,1.1565,True
43907,1.0345,True
43908,0.8711,True
43909,0.8823,True
43910,0.9684,True
43911,1.0759,True
43912,0.8802,True
43913,0.9101,True
43914,1.0,True
43915,0.9404,True
43916,0.8456,True
43917,0.9153,True
43918,0.8528,True
43919,0.9808,True
43920,1.0643,True
43921,0.952,True
43922,0.9799,True
43923,0.9428,True
43924,0.9833,True
43925,1.0458,True
43926,0.9084,True
43927,1.0827,True
43928,0.9259,True
43929,0.8363,True
43930,1.1151,True
43931,0.9973,True
43932,1.063,True
43933,1.0413,True
43934,1.0502,True
43935,0.9295,True
43936,0.9949,True
43937,0.8518,True
43938,0.879,True
43939,0.9884,True
43940,1.0099,True
43941,1.0499,True
43942,0.889,True
43943,0.9117,True
43944,1.0002,True
43945,1.0277,True
43946,0.8565,True
43947,0.8008,True
43948,0.9864,True
43949,0.9502,True
43950,0.9714,True
43951,0.8794,True
43952,0.9246,True
43953,0.8597,True
43954,0.9433,True
43955,0.9309,True
43956,1.1076,True
43957,1.0659,True
43958,0.9355,True
43959,0.8922,True
43960,0.9305,True
43961,0.8302,True
43962,1.007,True
43963,0.8404,True
43964,0.9021,True
43965,0.9545,True
43966,1.0119,True
43967,0.989,True
43968,1.0918,True
43969,0.9748,True
43970,0.9268,True
43971,0.9233,True
43972,1.0572,True
43973,1.1043,True
43974,0.9634,True
43975,1.0264,True
43976,0.8911,True
43977,0.7852,True
43978,0.9751,True
43979,1.0293,True
43980,0.9462,True
43981,1.0667,True
43982,0.9226,True
43983,0.9525,True
43984,1.0837,True
43985,0.9857,True
43986,0.8792,True
43987,1.0159,True
43988,0.9511,True
43989,0.9836,True
43990,1.0214,True
43991,1.0354,True
43992,0.8978,True
43993,0.9799,True
43994,0.9999,True
43995,0.9334,True
43996,0.876,True
43997,0.9823,True
43998,1.0017,True
43999,0.9528,True
44000,0.9419,True
44001,0.9223,True
44002,0.8667,True
44003,0.919,True
44004,1.0605,True
44005,0.9662,True
44006,0.7938,True
44007,0.9387,True
44008,0.963,True
44009,0.9872,True
44010,0.9375,True
44011,0.8907,True
44012,0.9229,True
44013,0.9176,True
44014,0.9644,True
44015,0.949,True
44016,0.9942,True
44017,1.0055,True
44018,1.0143,True
44019,0.7909,True
44020,0.8678,True
44021,0.9971,True
44022,0.9441,True
44023,1.0526,True
44024,0.9787,True
44025,0.9297,True
44026,0.9092,True
44027,0.9595,True
44028,0.9281,True
44029,1.0326,True
44030,1.0736,True
44031,0.9109,True
44032,0.9698,True
44033,0.8868,True
44034,0.9152,True
44035,0.965,True
44036,0.918,True
44037,0.7856,True
44038,0.9392,True
44039,1.0023,True
44040,0.8361,True
44041,1.0069,True
44042,0.8492,True
44043,1.0309,True
44044,1.0258,True
44045,0.9883,True
44046,0.8922,True
44047,0.9774,True
44048,0.9552,True
44049,0.9631,True
44050,1.0317,True
44051,0.8547,True
44052,1.0465,True
44053,0.8885,True
44054,0.969,True
44055,0.8745,True
44056,0.8778,True
44057,1.0021,True
44058,1.0191,True
44059,1.0816,True
44060,0.9112,True
44061,0.8085,True
44062,0.9634,True
44063,1.0098,True
44064,0.9457,True
44065,0.8686,True
44066,0.9989,True
44067,0.9157,True
44068,1.0723,True
44069,1.0506,True
44070,0.9943,True
44071,0.9322,True
44072,1.0502,True
44073,0.9648,True
44074,0.9141,True
44075,1.0393,True
44076,1.0102,True
44077,0.8162,True
44078,0.795,True
44079,0.9126,True
44080,1.0552,True
44081,0.8787,True
44082,1.004,True
44083,0.9025,True
44084,0.9995,True
44085,1.0682,True
44086,0.9597,True
44087,0.9681,True
44088,0.9471,True
44089,0.7432,True
44090,0.9678,True
44091,0.9514,True
44092,0.8584,True
44093,1.0406,True
44094,0.7845,True
44095,1.034,True
44096,0.9132,True
44097,0.987,True
44098,0.9761,True
44099,1.033,True
44100,0.9041,True
44101,1.0172,True
44102,1.0343,True
44103,1.099,True
44104,1.0691,True
44105,0.9806,True
44106,1.0771,True
44107,0.9925,True
44108,1.0052,True
44109,0.7958,True
44110,0.9713,True
44111,1.0381,True
44112,1.0056,True
44113,0.9246,True
44114,0.9193,True
44115,1.0148,True
44116,0.9045,True
44117,1.0296,True
44118,0.9589,True
44119,1.0272,True
44120,1.0266,True
44121,0.8271,True
44122,0.9237,True
44123,1.0597,True
44124,1.0386,True
44125,0.9745,True
44126,0.8723,True
44127,0.8999,True
44128,0.8752,True
44129,0.9675,True
44130,1.0183,True
44131,1.0199,True
44132,0.8986,True
44133,0.9744,True
44134,0.9879,True
44135,1.0837,True
44136,0.8192,True
44137,0.879,True
44138,0.9588,True
44139,0.9382,True
44140,0.9094,True
44141,0.9366,True
44142,1.0263,True
44143,0.9574,True
44144,1.0247,True
44145,0.9638,True
44146,1.0352,True
44147,0.9684,True
44148,0.8917,True
44149,1.0118,True
44150,1.0347,True
44151,0.7626,True
44152,0.8744,True
44153,0.9541,True
44154,0.8999,True
44155,1.0224,True
44156,0.8627,True
44157,0.9613,True
44158,1.0089,True
44159,0.9293,True
44160,0.9696,True
44161,1.0957,True
44162,1.0223,True
44163,0.9895,True
44164,0.7944,True
44165,0.8569,True
44166,0.944,True
44167,0.9157,True
44168,0.9955,True
44169,1.0718,True
44170,0.8935,True
44171,0.9087,True
44172,0.9614,True
44173,0.8828,True
44174,0.9529,True
44175,1.0602,True
44176,1.0044,True
44177,0.9011,True
44178,0.9309,True
44179,0.9627,True
44180,1.0366,True
44181,0.9654,True
44182,0.9134,True
44183,0.9531,True
44184,0.8188,True
44185,0.7822,True
44186,1.0081,True
44187,0.844,True
44188,1.0569,True
44189,0.8788,True
44190,0.9583,True
44191,0.9536,True
44192,0.9339,True
44193,0.9982,True
44194,0.9612,True
44195,0.9673,True
44196,0.9784,True
44197,0.9885,True
44198,1.0139,True
44199,1.0605,True
44200,0.8938,True
44201,1.0297,True
44202,1.1603,True
44203,0.9637,True
44204,0.8741,True
44205,0.9283,True
44206,1.1071,True
44207,0.968,True
44208,0.9336,True
44209,1.1248,True
44210,0.9512,True
44211,0.9531,True
44212,0.9263,True
44213,0.8957,True
44214,0.9024,True
44215,0.9275,True
44216,0.9036,True
44217,0.9547,True
44218,1.0961,True
44219,1.0419,True
44220,0.9382,True
44221,1.0058,True
44222,0.9031,True
44223,1.0854,True
44224,1.0024,True
44225,0.9822,True
44226,1.0116,True
44227,0.9303,True
44228,0.8413,True
44229,0.8786,True
44230,0.9153,True
44231,0.9234,True
44232,0.8441,True
44233,1.095,True
44234,0.9718,True
44235,1.0416,True
44236,1.0289,True
44237,1.0108,True
44238,0.9051,True
44239,0.9188,True
44240,1.0062,True
44241,1.0195,True
44242,1.0793,True
44243,0.9539,True
44244,1.1068,True
44245,0.952,True
44246,0.958,True
44247,0.9812,True
44248,1.0022,True
44249,1.051,True
44250,1.0868,True
44251,1.0165,True
44252,1.0003,True
44253,1.0506,True
44254,1.0461,True
44255,1.0123,True
44256,0.8633,True
44257,1.0334,True
44258,1.0934,True
44259,0.9073,True
44260,1.045,True
44261,1.0181,True
44262,0.9388,True
44263,1.135,True
44264,0.8103,True
44265,0.9569,True
44266,1.0775,True
44267,1.0499,True
44268,0.9796,True
44269,0.9256,True
44270,1.1113,True
44271,1.0564,True
44272,1.0178,True
44273,1.0706,True
44274,1.034,True
44275,1.0456,True
44276,0.7936,True
44277,0.9355,True
44278,0.8756,True
44279,0.9889,True
44280,0.9237,True
44281,0.9913,True
44282,1.0422,True
44283,0.9264,True
44284,0.9499,True
44285,0.9619,True
44286,0.9754,True
44287,0.9822,True
44288,0.9016,True
44289,1.1213,True
44290,0.9499,True
44291,0.9031,True
44292,0.9206,True
44293,0.9531,True
44294,1.0362,True
44295,1.015,True
44296,0.9913,True
44297,0.8589,True
44298,0.9333,True
44299,0.9731,True
44300,1.1046,True
44301,0.9206,True
44302,0.9876,True
44303,1.0039,True
44304,0.8639,True
44305,0.9344,True
44306,1.001,True
44307,0.9818,True
44308,1.1306,True
44309,0.9518,True
44310,0.9822,True
44311,1.0982,True
44312,0.9503,True
44313,0.9975,True
44314,0.9191,True
44315,0.9929,True
44316,0.9641,True
44317,1.0624,True
44318,0.9832,True
44319,0.988,True
44320,0.9424,True
44321,1.0492,True
44322,0.9761,True
44323,0.9671,True
44324,1.0658,True
44325,0.8758,True
44326,1.1346,True
44327,0.9606,True
44328,0.9661,True
44329,1.0022,True
44330,0.9369,True
44331,0.8668,True
44332,1.0378,True
44333,1.0023,True
44334,1.1264,True
44335,1.127,True
44336,0.9549,True
44337,0.9789,True
44338,0.888,True
44339,1.0694,True
44340,0.966,True
44341,0.952,True
44342,1.053,True
44343,0.9607,True
44344,0.9194,True
44345,1.0953,True
44346,1.042,True
44347,1.0296,True
44348,1.0021,True
44349,1.1211,True
44350,0.924,True
44351,1.0697,True
44352,0.9392,True
44353,0.9465,True
44354,1.0285,True
44355,0.9199,True
44356,0.9189,True
44357,0.8283,True
44358,0.9014,True
44359,1.0781,True
44360,1.0132,True
44361,0.9052,True
44362,0.9169,True
44363,1.0397,True
44364,0.9608,True
44365,0.9277,True
44366,1.0256,True
44367,0.8888,True
44368,0.9914,True
44369,0.9552,True
44370,1.0924,True
44371,1.0229,True
44372,1.0073,True
44373,1.0032,True
44374,1.0622,True
44375,0.9375,True
44376,0.9894,True
44377,1.0308,True
44378,0.958,True
44379,1.1484,True
44380,1.024,True
44381,0.9662,True
44382,0.8647,True
44383,1.0177,True
44384,0.9646,True
44385,0.9636,True
44386,1.0268,True
44387,1.0071,True
44388,1.0233,True
44389,0.8031,True
44390,0.9778,True
44391,0.964,True
44392,1.0225,True
44393,0.9756,True
44394,1.0631,True
44395,1.0,True
44396,1.0013,True
44397,1.0875,True
44398,0.9528,True
44399,0.9602,True
44400,0.9998,True
44401,1.0991,True
44402,0.9683,True
44403,1.1085,True
44404,0.9648,True
44405,1.0071,True
44406,0.9963,True
44407,0.8737,True
44408,0.9807,True
44409,0.9522,True
44410,0.8895,True
44411,0.9315,True
44412,0.9784,True
44413,1.0188,True
44414,1.0622,True
44415,0.943,True
44416,0.9182,True
44417,1.0048,True
44418,1.0658,True
44419,1.0908,True
44420,0.937,True
44421,1.0204,True
44422,1.0225,True
44423,1.0202,True
44424,0.9036,True
44425,0.9914,True
44426,0.9482,True
44427,0.9031,True
44428,1.0088,True
44429,0.9258,True
44430,0.9568,True
44431,1.0118,True
44432,1.0098,True
44433,0.9516,True
44434,1.0088,True
44435,0.933,True
44436,0.9887,True
44437,0.9743,True
44438,1.023,True
44439,0.9189,True
44440,0.9281,True
44441,0.9922,True
44442,0.9827,True
44443,1.0118,True
44444,0.9447,True
44445,0.9761,True
44446,1.0632,True
44447,0.788,True
44448,1.0101,True
44449,1.0219,True
44450,0.9375,True
44451,0.8346,True
44452,0.9831,True
44453,1.0027,True
44454,0.9876,True
44455,1.0065,True
44456,1.0083,True
44457,1.1208,True
44458,0.8439,True
44459,1.0311,True
44460,0.8632,True
44461,0.8725,True
44462,0.993,True
44463,1.1582,True
44464,0.8643,True
44465,0.8588,True
44466,0.9117,True
44467,0.9547,True
44468,0.8925,True
44469,0.8607,True
44470,0.72,True
44471,0.883,True
44472,1.0349,True
44473,0.8066,True
44474,0.9424,True
44475,0.9768,True
44476,1.1012,True
44477,0.9717,True
44478,0.9614,True
44479,1.0444,True
44480,0.9558,True
44481,0.9497,True
44482,1.0014,True
44483,1.0749,True
44484,1.0126,True
44485,1.0821,True
44486,0.9832,True
44487,0.9818,True
44488,0.9122,True
44489,1.0043,True
44490,0.9449,True
44491,0.8254,True
44492,0.8725,True
44493,0.8531,True
44494,0.9331,True
44495,1.1108,True
44496,0.8992,True
44497,1.0693,True
44498,1.0963,True
44499,0.9529,True
44500,1.0345,True
44501,1.057,True
44502,1.0596,True
44503,0.993,True
44504,0.936,True
44505,0.8698,True
44506,0.9029,True
44507,1.0924,True
44508,0.9327,True
44509,1.007,True
44510,1.0816,True
44511,1.0871,True
44512,1.0154,True
44513,1.0399,True
44514,0.7923,True
44515,1.0019,True
44516,0.9953,True
44517,1.0292,True
44518,0.9071,True
44519,1.026,True
44520,1.0501,True
44521,1.0652,True
44522,0.8932,True
44523,0.9523,True
44524,1.0263,True
44525,0.9606,True
44526,0.9818,True
44527,0.9968,True
44528,0.9702,True
44529,0.9635,True
44530,0.9645,True
44531,0.9587,True
44532,0.9929,True
44533,1.0567,True
44534,1.0172,True
44535,0.9518,True
44536,0.9643,True
44537,0.9959,True
44538,0.9075,True
44539,0.9978,True
44540,1.0028,True
44541,0.9484,True
44542,0.9869,True
44543,1.0159,True
44544,0.8742,True
44545,0.9426,True
44546,0.9373,True
44547,1.1286,True
44548,1.0386,True
44549,0.9633,True
44550,1.0977,True
44551,0.9875,True
44552,0.9457,True
44553,0.9459,True
44554,0.9882,True
44555,1.0253,True
44556,1.0179,True
44557,0.9487,True
44558,0.9224,True
44559,1.0504,True
44560,0.9926,True
44561,0.9666,True
44562,0.9646,True
44563,0.9847,True
44564,1.0223,True
44565,0.9077,True
44566,0.9692,True
44567,1.0738,True
44568,1.0129,True
44569,0.9779,True
44570,1.0012,True
44571,1.0233,True
44572,1.0311,True
44573,0.9568,True
44574,0.9154,True
44575,1.0364,True
44576,1.1173,True
44577,1.1129,True
44578,0.9029,True
44579,1.0307,True
44580,0.9956,True
44581,0.9276,True
44582,0.9244,True
44583,0.968,True
44584,0.9339,True
44585,0.9356,True
44586,0.8483,True
44587,1.1145,True
44588,0.9499,True
44589,1.0102,True
44590,1.0112,True
44591,1.0558,True
44592,0.9967,True
44593,0.8801,True
44594,1.0407,True
44595,1.0578,True
44596,0.9676,True
44597,1.0103,True
44598,0.897,True
44599,0.9429,True
44600,0.9929,True
44601,1.0171,True
44602,1.054,True
44603,0.9647,True
44604,1.0197,True
44605,1.1957,True
44606,0.9907,True
44607,0.9177,True
44608,0.8977,True
44609,0.9234,True
44610,0.9986,True
44611,1.0415,True
44612,0.9611,True
44613,0.89,True
44614,1.0115,True
44615,0.8968,True
44616,1.0291,True
44617,0.911,True
44618,1.0105,True
44619,1.0127,True
44620,1.0238,True
44621,0.9045,True
44622,0.8625,True
44623,1.0596,True
44624,0.9365,True
44625,0.9814,True
44626,0.8846,True
44627,1.019,True
44628,0.883,True
44629,1.0487,True
44630,1.0969,True
44631,0.821,True
44632,0.9381,True
44633,1.0571,True
44634,0.927,True
44635,0.9572,True
44636,1.0151,True
44637,0.9911,True
44638,0.8895,True
44639,0.9375,True
44640,1.0104,True
44641,0.9677,True
44642,0.9384,True
44643,0.8388,True
44644,0.9832,True
44645,0.8441,True
44646,0.9884,True
44647,1.0074,True
44648,1.0884,True
44649,0.9345,True
44650,1.0439,True
44651,0.984,True
44652,1.0516,True
44653,1.0419,True
44654,0.9947,True
44655,1.0561,True
44656,0.9216,True
44657,1.111,True
44658,0.8546,True
44659,0.9004,True
44660,0.8767,True
44661,0.8941,True
44662,0.9392,True
44663,0.9881,True
44664,1.0246,True
44665,1.0267,True
44666,1.1162,True
44667,0.9754,True
44668,0.964,True
44669,0.8333,True
44670,0.9106,True
44671,0.9736,True
44672,0.8805,True
44673,1.12,True
44674,0.9519,True
44675,0.9562,True
44676,1.0053,True
44677,0.9376,True
44678,0.8664,True
44679,1.0173,True
44680,0.914,True
44681,1.0048,True
44682,0.8941,True
44683,0.9995,True
44684,1.0523,True
44685,1.0239,True
44686,0.8854,True
44687,1.0365,True
44688,0.943,True
44689,0.9385,True
44690,0.9601,True
44691,1.0203,True
44692,1.0963,True
44693,1.0463,True
44694,0.8034,True
44695,0.9724,True
44696,0.9012,True
44697,1.1719,True
44698,1.0147,True
44699,1.0692,True
44700,0.9232,True
44701,0.9979,True
44702,0.8919,True
44703,0.8543,True
44704,1.0109,True
44705,0.8818,True
44706,0.852,True
44707,0.9261,True
44708,1.0143,True
44709,0.9394,True
44710,1.0589,True
44711,1.0604,True
44712,0.9987,True
44713,1.0542,True
44714,0.9778,True
44715,0.9736,True
44716,0.9519,True
44717,0.9826,True
44718,0.8707,True
44719,1.109,True
44720,0.9845,True
44721,0.9436,True
44722,0.9167,True
44723,1.0982,True
44724,0.9085,True
44725,0.9154,True
44726,0.9699,True
44727,1.0996,True
44728,1.0653,True
44729,1.0165,True
44730,0.9819,True
44731,1.0246,True
44732,0.9105,True
44733,0.9711,True
44734,0.9374,True
44735,0.9731,True
44736,0.9716,True
44737,0.7362,True
44738,0.8441,True
44739,1.0923,True
44740,0.8512,True
44741,1.0641,True
44742,0.9255,True
44743,0.8736,True
44744,1.044,True
44745,0.8889,True
44746,0.945,True
44747,0.9204,True
44748,1.1085,True
44749,0.9818,True
44750,0.9623,True
44751,0.9434,True
44752,1.1589,True
44753,0.9256,True
44754,1.0064,True
44755,1.0982,True
44756,1.0116,True
44757,1.13,True
44758,1.0271,True
44759,0.9472,True
44760,1.0378,True
44761,1.0348,True
44762,1.0607,True
44763,1.0341,True
44764,1.0598,True
44765,0.8939,True
44766,1.0697,True
44767,1.0426,True
44768,0.9531,True
44769,1.0399,True
44770,0.9348,True
44771,1.0777,True
44772,0.9901,True
44773,0.8843,True
44774,1.1315,True
44775,0.9345,True
44776,0.8623,True
44777,1.1234,True
44778,1.0421,True
44779,0.9879,True
44780,1.0707,True
44781,1.0719,True
44782,0.8731,True
44783,1.0596,True
44784,0.9331,True
44785,0.9686,True
44786,1.0613,True
44787,0.9164,True
44788,0.8736,True
44789,0.9626,True
44790,0.9826,True
44791,1.0163,True
44792,1.0555,True
44793,1.004,True
44794,0.7737,True
44795,0.9907,True
44796,0.9336,True
44797,0.9627,True
44798,0.9939,True
44799,0.9155,True
44800,0.9712,True
44801,1.0655,True
44802,1.036,True
44803,0.9932,True
44804,0.9782,True
44805,1.0751,True
44806,0.9966,True
44807,0.9576,True
44808,0.9646,True
44809,0.9574,True
44810,0.948,True
44811,1.0297,True
44812,0.8977,True
44813,0.9979,True
44814,0.979,True
44815,1.0359,True
44816,0.8988,True
44817,1.0567,True
44818,1.0745,True
44819,1.1116,True
44820,1.0127,True
44821,0.9256,True
44822,1.0342,True
44823,0.9913,True
44824,1.1463,True
44825,0.9909,True
44826,0.9539,True
44827,1.0863,True
44828,0.8592,True
44829,0.9397,True
44830,1.0362,True
44831,0.935,True
44832,0.9897,True
44833,0.8771,True
44834,1.0263,True
44835,0.9562,True
44836,1.0375,True
44837,1.0233,True
44838,0.9365,True
44839,0.9955,True
44840,1.0044,True
44841,1.0444,True
44842,0.7581,True
44843,0.976,True
44844,1.0059,True
44845,0.8959,True
44846,0.951,True
44847,0.9704,True
44848,0.9717,True
44849,1.0206,True
44850,1.0001,True
44851,0.9429,True
44852,1.0721,True
44853,1.0318,True
44854,0.9473,True
44855,1.0931,True
44856,1.0096,True
44857,1.1713,True
44858,0.8762,True
44859,0.9602,True
44860,0.8483,True
44861,0.9735,True
44862,0.9442,True
44863,0.9369,True
44864,0.9155,True
44865,0.8834,True
