row_id,split
0,test
1,train
2,train
3,train
4,train
5,train
6,train
7,train
8,train
9,train
10,train
11,train
12,train
13,val
14,train
15,train
16,train
17,train
18,train
19,train
20,train
21,train
22,train
23,val
24,test
25,train
26,train
27,train
28,train
29,train
30,train
31,train
32,train
33,train
34,train
35,train
36,val
37,test
38,train
39,train
40,train
41,train
42,train
43,train
44,train
45,val
46,train
47,test
48,train
49,test
50,train
51,train
52,train
53,train
54,train
55,train
56,val
57,train
58,train
59,val
60,train
61,train
62,train
63,train
64,train
65,train
66,val
67,train
68,train
69,test
70,train
71,train
72,train
73,train
74,test
75,train
76,train
77,train
78,train
79,train
80,train
81,test
82,train
83,train
84,train
85,train
86,val
87,train
88,val
89,train
90,test
91,train
92,train
93,train
94,val
95,test
96,val
97,test
98,train
99,train
100,train
101,test
102,train
103,train
104,train
105,val
106,test
107,train
108,train
109,train
110,val
111,train
112,train
113,train
114,test
115,train
116,train
117,train
118,train
119,train
120,train
121,train
122,train
123,train
124,val
125,train
126,train
127,train
128,train
129,train
130,train
131,train
132,train
133,train
134,val
135,train
136,train
137,train
138,train
139,train
140,train
141,train
142,train
143,val
144,val
145,train
146,train
147,val
148,train
149,train
150,train
151,train
152,train
153,train
154,train
155,train
156,train
157,train
158,val
159,train
160,train
161,train
162,val
163,train
164,train
165,train
166,train
167,train
168,train
169,train
170,train
171,val
172,test
173,val
174,train
175,train
176,train
177,test
178,train
179,train
180,train
181,train
182,train
183,train
184,train
185,test
186,val
187,train
188,train
189,train
190,train
191,train
192,train
193,train
194,val
195,train
196,train
197,train
198,train
199,val
200,test
201,train
202,val
203,train
204,train
205,train
206,train
207,train
208,train
209,train
210,val
211,val
212,train
213,train
214,test
215,train
216,train
217,train
218,train
219,train
220,train
221,train
222,train
223,train
224,train
225,train
226,val
227,train
228,train
229,train
230,train
231,train
232,test
233,train
234,train
235,train
236,train
237,train
238,train
239,train
240,train
241,train
242,train
243,train
244,test
245,train
246,train
247,test
248,train
249,train
250,train
251,train
252,test
253,train
254,train
255,train
256,val
257,train
258,train
259,train
260,test
261,train
262,train
263,train
264,train
265,train
266,train
267,train
268,test
269,train
270,train
271,train
272,train
273,train
274,train
275,val
276,train
277,train
278,train
279,train
280,train
281,train
282,train
283,train
284,train
285,train
286,val
287,train
288,train
289,train
290,test
291,train
292,train
293,train
294,train
295,val
296,train
297,test
298,train
299,train
300,train
301,train
302,test
303,train
304,train
305,train
306,train
307,train
308,test
309,train
310,val
311,train
312,train
313,test
314,train
315,train
316,val
317,train
318,test
319,train
320,train
321,val
322,train
323,train
324,val
325,train
326,train
327,train
328,train
329,train
330,train
331,train
332,test
333,train
334,train
335,train
336,train
337,val
338,train
339,train
340,train
341,train
342,val
343,train
344,train
345,train
346,train
347,train
348,train
349,train
350,train
351,train
352,val
353,train
354,test
355,val
356,train
357,val
358,val
359,train
360,train
361,train
362,train
363,train
364,val
365,train
366,train
367,train
368,train
369,train
370,train
371,train
372,test
373,test
374,train
375,train
376,train
377,train
378,train
379,train
380,train
381,val
382,val
383,train
384,train
385,val
386,train
387,train
388,train
389,train
390,train
391,test
392,train
393,train
394,train
395,val
396,train
397,train
398,train
399,train
400,val
401,train
402,test
403,train
404,train
405,train
406,test
407,train
408,train
409,train
410,train
411,train
412,train
413,train
414,train
415,test
416,train
417,train
418,train
419,val
420,train
421,train
422,test
423,train
424,test
425,test
426,train
427,train
428,val
429,train
430,train
431,train
432,train
433,train
434,train
435,val
436,train
437,train
438,test
439,test
440,train
441,test
442,train
443,val
444,train
445,train
446,test
447,train
448,train
449,train
450,test
451,train
452,train
453,train
454,train
455,train
456,train
457,train
458,train
459,train
460,test
461,test
462,test
463,train
464,train
465,train
466,test
467,test
468,train
469,val
470,train
471,train
472,train
473,test
474,train
475,train
476,train
477,train
478,train
479,train
480,train
481,train
482,test
483,train
484,val
485,train
486,train
487,train
488,train
489,train
490,test
491,train
492,train
493,test
494,train
495,val
496,train
497,train
498,train
499,train
500,train
501,train
502,train
503,train
504,train
505,train
506,test
507,train
508,train
509,train
510,train
511,train
512,train
513,train
514,train
515,train
516,train
517,train
518,test
519,train
520,train
521,train
522,train
523,test
524,train
525,train
526,test
527,test
528,train
529,train
530,val
531,train
532,train
533,train
534,train
535,train
536,train
537,train
538,train
539,train
540,train
541,train
542,test
543,train
544,val
545,train
546,train
547,train
548,train
549,train
550,train
551,train
552,train
553,val
554,train
555,train
556,train
557,train
558,train
559,train
560,train
561,train
562,val
563,train
564,train
565,train
566,test
567,train
568,train
569,train
570,val
571,test
572,train
573,val
574,train
575,train
576,train
577,val
578,train
579,train
580,train
581,train
582,train
583,train
584,train
585,train
586,train
587,train
588,train
589,train
590,train
591,test
592,train
593,test
594,train
595,train
596,train
597,train
598,train
599,test
600,test
601,train
602,train
603,val
604,val
605,train
606,test
607,val
608,train
609,train
610,val
611,train
612,train
613,train
614,train
615,val
616,train
617,val
618,train
619,val
620,train
621,val
622,train
623,train
624,train
625,train
626,train
627,train
628,train
629,train
630,train
631,train
632,train
633,train
634,val
635,train
636,train
637,train
638,train
639,train
640,train
641,train
642,train
643,test
644,val
645,test
646,val
647,val
648,train
649,train
650,train
651,train
652,train
653,train
654,train
655,test
656,train
657,train
658,train
659,train
660,train
661,train
662,train
663,test
664,train
665,train
666,test
667,train
668,train
669,train
670,train
671,train
672,train
673,train
674,train
675,train
676,train
677,train
678,val
679,val
680,train
681,train
682,val
683,train
684,val
685,train
686,train
687,train
688,train
689,train
690,train
691,val
692,train
693,train
694,train
695,train
696,train
697,train
698,train
699,train
700,train
701,val
702,train
703,train
704,train
705,train
706,train
707,train
708,train
709,train
710,train
711,train
712,train
713,train
714,train
715,train
716,test
717,train
718,train
719,train
720,train
721,train
722,train
723,val
724,train
725,train
726,train
727,val
728,test
729,train
730,train
731,train
732,train
733,val
734,train
735,val
736,train
737,train
738,train
739,val
740,train
741,val
742,train
743,train
744,train
745,test
746,train
747,train
748,train
749,train
750,train
751,train
752,val
753,test
754,val
755,train
756,train
757,test
758,train
759,train
760,train
761,train
762,train
763,val
764,test
765,train
766,val
767,train
768,train
769,train
770,train
771,test
772,test
773,train
774,val
775,train
776,train
777,train
778,val
779,train
780,train
781,train
782,train
783,train
784,train
785,train
786,train
787,train
788,test
789,val
790,val
791,train
792,train
793,train
794,test
795,train
796,train
797,train
798,val
799,train
800,test
801,val
802,train
803,train
804,train
805,train
806,train
807,train
808,train
809,train
810,val
811,train
812,train
813,train
814,val
815,test
816,train
817,train
818,train
819,train
820,val
821,test
822,train
823,train
824,train
825,train
826,train
827,train
828,test
829,train
830,val
831,train
832,train
833,train
834,train
835,test
836,train
837,train
838,val
839,train
840,train
841,train
842,train
843,train
844,test
845,val
846,train
847,train
848,train
849,train
850,train
851,train
852,train
853,train
854,train
855,train
856,val
857,train
858,train
859,test
860,train
861,test
862,train
863,train
864,train
865,train
866,val
867,train
868,train
869,val
870,train
871,train
872,train
873,train
874,train
875,train
876,test
877,train
878,train
879,test
880,test
881,test
882,train
883,train
884,train
885,train
886,train
887,train
888,train
889,train
890,train
891,train
892,train
893,train
894,test
895,test
896,train
897,train
898,train
899,test
900,train
901,val
902,val
903,val
904,train
905,test
906,train
907,train
908,val
909,train
910,train
911,train
912,train
913,train
914,train
915,train
916,train
917,train
918,train
919,train
920,train
921,train
922,train
923,train
924,train
925,train
926,train
927,train
928,train
929,train
930,train
931,train
932,train
933,test
934,train
935,train
936,train
937,train
938,train
939,train
940,val
941,train
942,train
943,train
944,train
945,train
946,train
947,val
948,train
949,train
950,train
951,train
952,train
953,train
954,test
955,train
956,train
957,test
958,train
959,train
960,train
961,train
962,train
963,val
964,train
965,train
966,test
967,test
968,train
969,train
970,train
971,train
972,train
973,train
974,val
975,train
976,train
977,train
978,train
979,train
980,train
981,train
982,val
983,train
984,train
985,train
986,test
987,train
988,test
989,train
990,train
991,train
992,train
993,train
994,train
995,val
996,train
997,train
998,train
999,test
1000,train
1001,train
1002,train
1003,train
1004,train
1005,train
1006,train
1007,train
1008,train
1009,train
1010,train
1011,train
1012,train
1013,train
1014,train
1015,train
1016,train
1017,train
1018,train
1019,train
1020,train
1021,train
1022,val
1023,train
1024,train
1025,train
1026,train
1027,train
1028,train
1029,train
1030,train
1031,val
1032,train
1033,train
1034,train
1035,train
1036,val
1037,train
1038,val
1039,train
1040,train
1041,train
1042,train
1043,train
1044,val
1045,train
1046,val
1047,train
1048,train
1049,train
1050,val
1051,train
1052,test
1053,train
1054,train
1055,train
1056,train
1057,test
1058,train
1059,train
1060,train
1061,test
1062,train
1063,train
1064,test
1065,train
1066,train
1067,train
1068,train
1069,train
1070,test
1071,train
1072,test
1073,train
1074,train
1075,train
1076,train
1077,train
1078,val
1079,train
1080,test
1081,train
1082,val
1083,val
1084,train
1085,train
1086,val
1087,train
1088,train
1089,train
1090,train
1091,train
1092,train
1093,train
1094,train
1095,val
1096,train
1097,train
1098,train
1099,train
1100,train
1101,train
1102,val
1103,test
1104,train
1105,train
1106,val
1107,train
1108,test
1109,train
1110,val
1111,train
1112,train
1113,test
1114,train
1115,train
1116,train
1117,train
1118,train
1119,train
1120,train
1121,train
1122,test
1123,train
1124,train
1125,val
1126,train
1127,train
1128,train
1129,test
1130,train
1131,val
1132,train
1133,train
1134,test
1135,train
1136,train
1137,train
1138,train
1139,train
1140,train
1141,train
1142,test
1143,train
1144,test
1145,train
1146,test
1147,train
1148,train
1149,train
1150,test
1151,test
1152,val
1153,test
1154,train
1155,train
1156,train
1157,test
1158,train
1159,train
1160,val
1161,train
1162,train
1163,train
1164,train
1165,val
1166,train
1167,val
1168,train
1169,train
1170,train
1171,train
1172,train
1173,train
1174,train
1175,train
1176,test
1177,train
1178,train
1179,train
1180,test
1181,train
1182,val
1183,train
1184,train
1185,train
1186,train
1187,train
1188,train
1189,train
1190,val
1191,train
1192,train
1193,test
1194,train
1195,train
1196,train
1197,train
1198,train
1199,train
1200,train
1201,train
1202,train
1203,train
1204,train
1205,train
1206,train
1207,test
1208,train
1209,train
1210,test
1211,train
1212,train
1213,train
1214,train
1215,test
1216,test
1217,train
1218,train
1219,train
1220,test
1221,train
1222,train
1223,test
1224,train
1225,train
1226,test
1227,train
1228,train
1229,test
1230,train
1231,train
1232,train
1233,train
1234,train
1235,train
1236,train
1237,train
1238,train
1239,train
1240,train
1241,train
1242,val
1243,val
1244,train
1245,val
1246,train
1247,train
1248,test
1249,train
1250,train
1251,train
1252,train
1253,train
1254,train
1255,train
1256,train
1257,val
1258,train
1259,train
1260,train
1261,train
1262,train
1263,test
1264,train
1265,train
1266,train
1267,train
1268,train
1269,train
1270,train
1271,train
1272,train
1273,train
1274,train
1275,train
1276,test
1277,train
1278,train
1279,train
1280,train
1281,train
1282,train
1283,train
1284,train
1285,train
1286,train
1287,train
1288,train
1289,train
1290,train
1291,train
1292,train
1293,train
1294,train
1295,train
1296,train
1297,val
1298,train
1299,train
1300,train
1301,train
1302,train
1303,train
1304,train
1305,train
1306,train
1307,train
1308,train
1309,train
1310,train
1311,train
1312,train
1313,train
1314,train
1315,train
1316,train
1317,test
1318,train
1319,train
1320,train
1321,test
1322,val
1323,val
1324,train
1325,test
1326,train
1327,train
1328,val
1329,train
1330,train
1331,train
1332,train
1333,train
1334,train
1335,train
1336,train
1337,train
1338,train
1339,train
1340,train
1341,test
1342,val
1343,train
1344,train
1345,train
1346,val
1347,train
1348,train
1349,val
1350,test
1351,train
1352,train
1353,test
1354,train
1355,train
1356,val
1357,train
1358,train
1359,train
1360,train
1361,train
1362,train
1363,val
1364,train
1365,val
1366,train
1367,train
1368,train
1369,train
1370,train
1371,train
1372,train
1373,train
1374,train
1375,train
1376,train
1377,train
1378,train
1379,train
1380,train
1381,train
1382,train
1383,train
1384,train
1385,train
1386,train
1387,train
1388,train
1389,test
1390,val
1391,train
1392,train
1393,train
1394,train
1395,train
1396,train
1397,train
1398,train
1399,val
1400,test
1401,val
1402,train
1403,test
1404,train
1405,train
1406,train
1407,train
1408,train
1409,train
1410,train
1411,train
1412,train
1413,train
1414,train
1415,train
1416,train
1417,train
1418,train
1419,train
1420,val
1421,test
1422,train
1423,train
1424,train
1425,train
1426,train
1427,train
1428,val
1429,train
1430,train
1431,train
1432,train
1433,val
1434,train
1435,train
1436,test
1437,train
1438,train
1439,train
1440,train
1441,train
1442,train
1443,train
1444,train
1445,train
1446,test
1447,train
1448,train
1449,train
1450,train
1451,train
1452,train
1453,train
1454,val
1455,train
1456,train
1457,train
1458,val
1459,train
1460,train
1461,train
1462,train
1463,train
1464,val
1465,train
1466,train
1467,train
1468,train
1469,val
1470,train
1471,train
1472,train
1473,train
1474,train
1475,train
1476,test
1477,train
1478,train
1479,train
1480,train
1481,train
1482,train
1483,train
1484,train
1485,train
1486,train
1487,train
1488,train
1489,train
1490,train
1491,train
1492,train
1493,train
1494,val
1495,val
1496,train
1497,train
1498,train
1499,train
1500,train
1501,train
1502,train
1503,train
1504,val
1505,train
1506,train
1507,train
1508,train
1509,train
1510,train
1511,train
1512,test
1513,train
1514,train
1515,train
1516,train
1517,train
1518,train
1519,train
1520,train
1521,train
1522,train
1523,val
1524,train
1525,test
1526,train
1527,train
1528,train
1529,train
1530,train
1531,test
1532,train
1533,train
1534,train
1535,train
1536,train
1537,test
1538,train
1539,test
1540,train
1541,val
1542,test
1543,train
1544,train
1545,train
1546,train
1547,train
1548,train
1549,val
1550,val
1551,train
1552,train
1553,train
1554,train
1555,train
1556,test
1557,test
1558,train
1559,train
1560,train
1561,train
1562,train
1563,train
1564,train
1565,test
1566,train
1567,test
1568,train
1569,train
1570,train
1571,train
1572,train
1573,val
1574,train
1575,val
1576,test
1577,val
1578,test
1579,train
1580,train
1581,train
1582,train
1583,test
1584,train
1585,train
1586,train
1587,val
1588,train
1589,train
1590,val
1591,val
1592,train
1593,test
1594,train
1595,train
1596,train
1597,train
1598,train
1599,train
1600,train
1601,train
1602,test
1603,train
1604,val
1605,train
1606,val
1607,train
1608,train
1609,train
1610,train
1611,train
1612,val
1613,train
1614,test
1615,train
1616,train
1617,train
1618,train
1619,train
1620,train
1621,val
1622,train
1623,train
1624,train
1625,train
1626,train
1627,test
1628,train
1629,train
1630,train
1631,train
1632,train
1633,train
1634,train
1635,train
1636,train
1637,val
1638,train
1639,val
1640,train
1641,train
1642,train
1643,train
1644,train
1645,val
1646,train
1647,train
1648,train
1649,val
1650,train
1651,train
1652,train
1653,val
1654,train
1655,train
1656,train
1657,train
1658,train
1659,train
1660,train
1661,train
1662,train
1663,train
1664,train
1665,train
1666,train
1667,train
1668,test
1669,train
1670,train
1671,train
1672,train
1673,train
1674,train
1675,train
1676,train
1677,train
1678,train
1679,train
1680,train
1681,train
1682,train
1683,val
1684,val
1685,train
1686,train
1687,train
1688,train
1689,test
1690,train
1691,test
1692,train
1693,train
1694,train
1695,val
1696,train
1697,train
1698,train
1699,train
1700,val
1701,train
1702,train
1703,train
1704,train
1705,train
1706,train
1707,train
1708,train
1709,train
1710,train
1711,test
1712,train
1713,train
1714,train
1715,test
1716,train
1717,train
1718,train
1719,train
1720,train
1721,val
1722,train
1723,train
1724,train
1725,train
1726,train
1727,train
1728,train
1729,train
1730,test
1731,train
1732,train
1733,val
1734,train
1735,train
1736,train
1737,train
1738,val
1739,test
1740,train
1741,train
1742,train
1743,test
1744,train
1745,train
1746,train
1747,train
1748,train
1749,train
1750,train
1751,train
1752,train
1753,train
1754,train
1755,train
1756,val
1757,train
1758,val
1759,train
1760,train
1761,train
1762,train
1763,train
1764,train
1765,train
1766,test
1767,train
1768,val
1769,train
1770,train
1771,train
1772,train
1773,train
1774,test
1775,train
1776,train
1777,train
1778,val
1779,val
1780,test
1781,train
1782,train
1783,train
1784,train
1785,test
1786,train
1787,train
1788,train
1789,test
1790,train
1791,train
1792,train
1793,train
1794,train
1795,train
1796,train
1797,train
1798,train
1799,train
1800,train
1801,val
1802,train
1803,train
1804,val
1805,train
1806,train
1807,train
1808,train
1809,train
1810,train
1811,train
1812,train
1813,train
1814,train
1815,train
1816,test
1817,train
1818,train
1819,train
1820,val
1821,train
1822,train
1823,train
1824,train
1825,train
1826,train
1827,train
1828,train
1829,train
1830,test
1831,train
1832,train
1833,train
1834,train
1835,train
1836,train
1837,val
1838,train
1839,train
1840,train
1841,val
1842,train
1843,train
1844,val
1845,test
1846,train
1847,val
1848,train
1849,train
1850,test
1851,train
1852,train
1853,val
1854,train
1855,train
1856,train
1857,test
1858,train
1859,train
1860,train
1861,train
1862,val
1863,test
1864,train
1865,train
1866,train
1867,val
1868,train
1869,train
1870,train
1871,train
1872,train
1873,train
1874,train
1875,train
1876,train
1877,train
1878,train
1879,train
1880,train
1881,train
1882,train
1883,train
1884,train
1885,train
1886,train
1887,train
1888,train
1889,test
1890,train
1891,train
1892,train
1893,train
1894,train
1895,train
1896,train
1897,val
1898,test
1899,train
1900,train
1901,train
1902,train
1903,test
1904,train
1905,train
1906,train
1907,train
1908,val
1909,train
1910,train
1911,test
1912,train
1913,train
1914,test
1915,train
1916,train
1917,train
1918,train
1919,test
1920,train
1921,test
1922,val
1923,test
1924,train
1925,train
1926,train
1927,train
1928,train
1929,train
1930,train
1931,train
1932,train
1933,train
1934,train
1935,val
1936,val
1937,train
1938,train
1939,train
1940,train
1941,train
1942,train
1943,train
1944,train
1945,train
1946,test
1947,train
1948,val
1949,train
1950,train
1951,train
1952,train
1953,train
1954,train
1955,train
1956,train
1957,val
1958,val
1959,test
1960,train
1961,train
1962,train
1963,train
1964,train
1965,train
1966,val
1967,train
1968,train
1969,train
1970,val
1971,train
1972,train
1973,train
1974,train
1975,train
1976,train
1977,val
1978,train
1979,train
1980,train
1981,train
1982,train
1983,train
1984,train
1985,train
1986,train
1987,train
1988,train
1989,val
1990,train
1991,train
1992,train
1993,train
1994,val
1995,val
1996,val
1997,train
1998,test
1999,test
2000,train
2001,train
2002,train
2003,train
2004,test
2005,train
2006,train
2007,train
2008,train
2009,train
2010,train
2011,train
2012,val
2013,train
2014,train
2015,test
2016,train
2017,val
2018,train
2019,train
2020,val
2021,train
2022,test
2023,train
2024,train
2025,train
2026,train
2027,val
2028,train
2029,val
2030,train
2031,train
2032,train
2033,train
2034,train
2035,train
2036,train
2037,train
2038,train
2039,val
2040,train
2041,train
2042,train
2043,val
2044,train
2045,train
2046,train
2047,train
2048,train
2049,train
2050,train
2051,val
2052,train
2053,train
2054,val
2055,train
2056,train
2057,train
2058,train
2059,train
2060,val
2061,val
2062,train
2063,train
2064,train
2065,train
2066,train
2067,train
2068,train
2069,test
2070,train
2071,train
2072,test
2073,train
2074,train
2075,train
2076,train
2077,train
2078,train
2079,train
2080,train
2081,train
2082,train
2083,train
2084,train
2085,train
2086,val
2087,train
2088,train
2089,train
2090,train
2091,train
2092,val
2093,train
2094,train
2095,train
2096,train
2097,val
2098,test
2099,train
2100,train
2101,test
2102,train
2103,train
2104,train
2105,train
2106,train
2107,train
2108,train
2109,train
2110,train
2111,train
2112,val
2113,train
2114,test
2115,train
2116,train
2117,train
2118,train
2119,train
2120,train
2121,train
2122,train
2123,train
2124,train
2125,train
2126,train
2127,train
2128,train
2129,val
2130,train
2131,train
2132,train
2133,test
2134,val
2135,train
2136,train
2137,test
2138,train
2139,train
2140,train
2141,train
2142,test
2143,test
2144,val
2145,train
2146,test
2147,train
2148,train
2149,train
2150,val
2151,train
2152,val
2153,test
2154,train
2155,train
2156,train
2157,train
2158,train
2159,test
2160,train
2161,train
2162,train
2163,test
2164,train
2165,train
2166,train
2167,train
2168,val
2169,val
2170,train
2171,train
2172,test
2173,train
2174,val
2175,train
2176,train
2177,train
2178,train
2179,train
2180,val
2181,train
2182,train
2183,train
2184,train
2185,train
2186,train
2187,test
2188,train
2189,train
2190,test
2191,train
2192,train
2193,train
2194,train
2195,train
2196,train
2197,test
2198,val
2199,train
2200,train
2201,test
2202,val
2203,train
2204,train
2205,test
2206,train
2207,train
2208,train
2209,train
2210,train
2211,val
2212,train
2213,train
2214,train
2215,train
2216,train
2217,train
2218,test
2219,train
2220,train
2221,train
2222,train
2223,train
2224,test
2225,train
2226,train
2227,train
2228,train
2229,train
2230,train
2231,train
2232,train
2233,train
2234,train
2235,train
2236,train
2237,train
2238,train
2239,train
2240,train
2241,train
2242,train
2243,train
2244,train
2245,train
2246,test
2247,test
2248,train
2249,train
2250,val
2251,train
2252,val
2253,train
2254,train
2255,train
2256,train
2257,train
2258,train
2259,train
2260,test
2261,val
2262,train
2263,val
2264,train
2265,train
2266,train
2267,train
2268,val
2269,train
2270,train
2271,train
2272,train
2273,test
2274,train
2275,val
2276,train
2277,train
2278,train
2279,train
2280,train
2281,train
2282,train
2283,train
2284,train
2285,train
2286,train
2287,train
2288,train
2289,test
2290,train
2291,val
2292,train
2293,train
2294,train
2295,test
2296,train
2297,val
2298,train
2299,train
2300,test
2301,test
2302,train
2303,train
2304,train
2305,train
2306,train
2307,train
2308,train
2309,train
2310,train
2311,train
2312,train
2313,train
2314,train
2315,train
2316,train
2317,train
2318,train
2319,train
2320,train
2321,train
2322,train
2323,train
2324,test
2325,train
2326,val
2327,test
2328,val
2329,train
2330,train
2331,test
2332,train
2333,train
2334,train
2335,train
2336,val
2337,train
2338,train
2339,train
2340,train
2341,train
2342,test
2343,train
2344,train
2345,val
2346,train
2347,train
2348,train
2349,train
2350,val
2351,train
2352,train
2353,train
2354,test
2355,train
2356,train
2357,train
2358,train
2359,train
2360,train
2361,train
2362,train
2363,test
2364,train
2365,train
2366,train
2367,test
2368,train
2369,train
2370,train
2371,train
2372,train
2373,train
2374,val
2375,train
2376,train
2377,train
2378,val
2379,train
2380,train
2381,test
2382,train
2383,train
2384,test
2385,train
2386,train
2387,test
2388,test
2389,train
2390,train
2391,train
2392,train
2393,train
2394,train
2395,train
2396,val
2397,train
2398,train
2399,test
2400,train
2401,val
2402,train
2403,train
2404,train
2405,train
2406,train
2407,val
2408,train
2409,train
2410,train
2411,train
2412,train
2413,test
2414,train
2415,train
2416,train
2417,val
2418,val
2419,train
2420,test
2421,train
2422,train
2423,train
2424,val
2425,train
2426,train
2427,train
2428,val
2429,val
2430,val
2431,train
2432,train
2433,train
2434,train
2435,train
2436,train
2437,train
2438,train
2439,val
2440,train
2441,train
2442,train
2443,train
2444,val
2445,train
2446,test
2447,train
2448,train
2449,train
2450,train
2451,train
2452,train
2453,train
2454,test
2455,train
2456,train
2457,train
2458,train
2459,train
2460,train
2461,train
2462,test
2463,train
2464,train
2465,train
2466,train
2467,train
2468,train
2469,train
2470,train
2471,val
2472,test
2473,val
2474,train
2475,train
2476,train
2477,val
2478,train
2479,train
2480,train
2481,train
2482,train
2483,test
2484,test
2485,train
2486,test
2487,train
2488,train
2489,train
2490,train
2491,val
2492,train
2493,train
2494,train
2495,train
2496,test
2497,train
2498,test
2499,train
2500,train
2501,train
2502,train
2503,train
2504,train
2505,train
2506,test
2507,train
2508,train
2509,train
2510,train
2511,train
2512,train
2513,train
2514,train
2515,train
2516,val
2517,val
2518,train
2519,train
2520,train
2521,val
2522,train
2523,train
2524,train
2525,test
2526,val
2527,val
2528,train
2529,train
2530,val
2531,train
2532,train
2533,train
2534,train
2535,train
2536,train
2537,train
2538,val
2539,train
2540,train
2541,train
2542,test
2543,val
2544,val
2545,train
2546,train
2547,test
2548,train
2549,train
2550,train
2551,test
2552,train
2553,train
2554,train
2555,train
2556,val
2557,train
2558,train
2559,train
2560,test
2561,val
2562,train
2563,train
2564,train
2565,train
2566,test
2567,val
2568,train
2569,train
2570,test
2571,train
2572,train
2573,train
2574,train
2575,train
2576,train
2577,train
2578,train
2579,train
2580,train
2581,train
2582,test
2583,val
2584,train
2585,train
2586,train
2587,train
2588,train
2589,train
2590,train
2591,test
2592,train
2593,val
2594,val
2595,train
2596,train
2597,train
2598,train
2599,train
2600,train
2601,train
2602,val
2603,train
2604,train
2605,train
2606,train
2607,val
2608,val
2609,train
2610,train
2611,train
2612,train
2613,train
2614,train
2615,val
2616,train
2617,train
2618,train
2619,train
2620,train
2621,train
2622,train
2623,train
2624,train
2625,test
2626,train
2627,train
2628,train
2629,train
2630,train
2631,train
2632,train
2633,val
2634,train
2635,train
2636,train
2637,test
2638,train
2639,train
2640,train
2641,train
2642,train
2643,train
2644,train
2645,val
2646,val
2647,test
2648,train
2649,train
2650,train
2651,val
2652,train
2653,test
2654,train
2655,train
2656,val
2657,train
2658,train
2659,train
2660,train
2661,train
2662,val
2663,train
2664,train
2665,val
2666,train
2667,train
2668,test
2669,train
2670,train
2671,train
2672,train
2673,test
2674,train
2675,train
2676,train
2677,train
2678,train
2679,train
2680,train
2681,train
2682,train
2683,train
2684,train
2685,train
2686,train
2687,train
2688,train
2689,train
2690,test
2691,train
2692,train
2693,train
2694,train
2695,train
2696,train
2697,train
2698,train
2699,train
2700,train
2701,train
2702,train
2703,train
2704,train
2705,train
2706,train
2707,train
2708,train
2709,train
2710,test
2711,train
2712,test
2713,train
2714,train
2715,train
2716,train
2717,train
2718,train
2719,train
2720,train
2721,train
2722,train
2723,train
2724,test
2725,train
2726,train
2727,train
2728,val
2729,train
2730,train
2731,train
2732,train
2733,train
2734,train
2735,train
2736,train
2737,train
2738,train
2739,train
2740,val
2741,val
2742,train
2743,train
2744,test
2745,val
2746,train
2747,train
2748,train
2749,train
2750,train
2751,val
2752,train
2753,train
2754,val
2755,train
2756,train
2757,train
2758,train
2759,train
2760,train
2761,val
2762,train
2763,train
2764,train
2765,train
2766,train
2767,train
2768,train
2769,train
2770,train
2771,train
2772,train
2773,train
2774,train
2775,train
2776,train
2777,train
2778,train
2779,train
2780,val
2781,train
2782,train
2783,train
2784,train
2785,train
2786,train
2787,test
2788,train
2789,train
2790,train
2791,train
2792,train
2793,train
2794,train
2795,train
2796,val
2797,val
2798,train
2799,train
2800,train
2801,test
2802,val
2803,train
2804,val
2805,test
2806,train
2807,train
2808,train
2809,val
2810,train
2811,train
2812,train
2813,train
2814,train
2815,train
2816,test
2817,test
2818,val
2819,train
2820,val
2821,test
2822,val
2823,train
2824,train
2825,train
2826,train
2827,val
2828,train
2829,test
2830,val
2831,train
2832,train
2833,test
2834,train
2835,train
2836,train
2837,train
2838,train
2839,train
2840,train
2841,train
2842,val
2843,train
2844,train
2845,train
2846,train
2847,val
2848,train
2849,train
2850,train
2851,val
2852,train
2853,train
2854,train
2855,train
2856,train
2857,train
2858,train
2859,test
2860,val
2861,train
2862,train
2863,train
2864,train
2865,train
2866,train
2867,train
2868,train
2869,train
2870,train
2871,train
2872,train
2873,train
2874,train
2875,train
2876,train
2877,test
2878,val
2879,train
2880,train
2881,train
2882,train
2883,train
2884,train
2885,train
2886,train
2887,train
2888,train
2889,train
2890,train
2891,val
2892,test
2893,train
2894,train
2895,train
2896,train
2897,train
2898,train
2899,train
2900,test
2901,train
2902,test
2903,train
2904,train
2905,train
2906,train
2907,train
2908,train
2909,train
2910,val
2911,train
2912,train
2913,train
2914,val
2915,train
2916,train
2917,train
2918,train
2919,val
2920,train
2921,train
2922,train
2923,val
2924,train
2925,val
2926,val
2927,train
2928,train
2929,train
2930,val
2931,train
2932,train
2933,val
2934,train
2935,train
2936,train
2937,val
2938,train
2939,train
2940,train
2941,val
2942,train
2943,train
2944,train
2945,train
2946,train
2947,train
2948,train
2949,train
2950,val
2951,val
2952,train
2953,train
2954,train
2955,train
2956,test
2957,train
2958,train
2959,train
2960,train
2961,train
2962,val
2963,train
2964,train
2965,train
2966,train
2967,train
2968,train
2969,val
2970,train
2971,train
2972,train
2973,train
2974,train
2975,train
2976,train
2977,test
2978,train
2979,train
2980,train
2981,train
2982,train
2983,train
2984,train
2985,train
2986,test
2987,test
2988,train
2989,train
2990,train
2991,train
2992,train
2993,train
2994,train
2995,train
2996,train
2997,train
2998,train
2999,train
3000,train
3001,train
3002,train
3003,train
3004,val
3005,test
3006,train
3007,train
3008,train
3009,train
3010,test
3011,train
3012,train
3013,val
3014,train
3015,test
3016,train
3017,train
3018,train
3019,train
3020,val
3021,train
3022,train
3023,train
3024,train
3025,test
3026,test
3027,train
3028,train
3029,train
3030,train
3031,val
3032,train
3033,train
3034,train
3035,train
3036,train
3037,train
3038,train
3039,train
3040,train
3041,train
3042,train
3043,val
3044,train
3045,train
3046,train
3047,train
3048,train
3049,train
3050,train
3051,train
3052,train
3053,train
3054,test
3055,test
3056,train
3057,train
3058,train
3059,train
3060,train
3061,train
3062,test
3063,val
3064,train
3065,train
3066,train
3067,train
3068,test
3069,train
3070,train
3071,val
3072,test
3073,test
3074,val
3075,test
3076,train
3077,train
3078,train
3079,train
3080,test
3081,train
3082,train
3083,train
3084,train
3085,train
3086,test
3087,train
3088,train
3089,train
3090,test
3091,train
3092,val
3093,train
3094,train
3095,train
3096,train
3097,train
3098,val
3099,train
3100,test
3101,train
3102,train
3103,train
3104,train
3105,train
3106,train
3107,train
3108,val
3109,train
3110,train
3111,train
3112,train
3113,test
3114,train
3115,train
3116,train
3117,train
3118,train
3119,train
3120,train
3121,train
3122,train
3123,train
3124,train
3125,val
3126,train
3127,heldout_prompt
3128,heldout_prompt
3129,heldout_prompt
3130,heldout_prompt
3131,heldout_prompt
3132,heldout_prompt
3133,heldout_prompt
3134,heldout_prompt
3135,heldout_prompt
3136,heldout_prompt
3137,heldout_prompt
3138,heldout_prompt
3139,heldout_prompt
3140,heldout_prompt
3141,heldout_prompt
3142,heldout_prompt
3143,heldout_prompt
3144,heldout_prompt
3145,heldout_prompt
3146,heldout_prompt
3147,heldout_prompt
3148,heldout_prompt
3149,heldout_prompt
3150,heldout_prompt
3151,heldout_prompt
3152,heldout_prompt
3153,heldout_prompt
3154,heldout_prompt
3155,heldout_prompt
3156,heldout_prompt
3157,heldout_prompt
3158,heldout_prompt
3159,heldout_prompt
3160,heldout_prompt
3161,heldout_prompt
3162,heldout_prompt
3163,heldout_prompt
3164,heldout_prompt
3165,heldout_prompt
3166,heldout_prompt
3167,heldout_prompt
3168,heldout_prompt
3169,heldout_prompt
3170,heldout_prompt
3171,heldout_prompt
3172,heldout_prompt
3173,heldout_prompt
3174,heldout_prompt
3175,heldout_prompt
3176,heldout_prompt
3177,heldout_prompt
3178,heldout_prompt
3179,heldout_prompt
3180,heldout_prompt
3181,heldout_prompt
3182,heldout_prompt
3183,heldout_prompt
3184,heldout_prompt
3185,heldout_prompt
3186,heldout_prompt
3187,heldout_prompt
3188,heldout_prompt
3189,heldout_prompt
3190,heldout_prompt
3191,heldout_prompt
3192,heldout_prompt
3193,heldout_prompt
3194,heldout_prompt
3195,heldout_prompt
3196,heldout_prompt
3197,heldout_prompt
3198,heldout_prompt
3199,heldout_prompt
3200,heldout_prompt
3201,heldout_prompt
3202,heldout_prompt
3203,heldout_prompt
3204,heldout_prompt
3205,heldout_prompt
3206,heldout_prompt
3207,heldout_prompt
3208,heldout_prompt
3209,heldout_prompt
3210,heldout_prompt
3211,heldout_prompt
3212,heldout_prompt
3213,heldout_prompt
3214,heldout_prompt
3215,heldout_prompt
3216,heldout_prompt
3217,heldout_prompt
3218,heldout_prompt
3219,heldout_prompt
3220,heldout_prompt
3221,heldout_prompt
3222,heldout_prompt
3223,heldout_prompt
3224,heldout_prompt
3225,heldout_prompt
3226,heldout_prompt
3227,heldout_prompt
3228,heldout_prompt
3229,heldout_prompt
3230,heldout_prompt
3231,heldout_prompt
3232,heldout_prompt
3233,heldout_prompt
3234,heldout_prompt
3235,heldout_prompt
3236,heldout_prompt
3237,heldout_prompt
3238,heldout_prompt
3239,heldout_prompt
3240,heldout_prompt
3241,heldout_prompt
3242,heldout_prompt
3243,heldout_prompt
3244,heldout_prompt
3245,heldout_prompt
3246,heldout_prompt
3247,heldout_prompt
3248,heldout_prompt
3249,heldout_prompt
3250,heldout_prompt
3251,heldout_prompt
3252,heldout_prompt
3253,heldout_prompt
3254,heldout_prompt
3255,heldout_prompt
3256,heldout_prompt
3257,heldout_prompt
3258,heldout_prompt
3259,heldout_prompt
3260,heldout_prompt
3261,heldout_prompt
3262,heldout_prompt
3263,heldout_prompt
3264,heldout_prompt
3265,heldout_prompt
3266,heldout_prompt
3267,heldout_prompt
3268,heldout_prompt
3269,heldout_prompt
3270,heldout_prompt
3271,heldout_prompt
3272,heldout_prompt
3273,heldout_prompt
3274,heldout_prompt
3275,heldout_prompt
3276,heldout_prompt
3277,heldout_prompt
3278,heldout_prompt
3279,heldout_prompt
3280,heldout_prompt
3281,heldout_prompt
3282,heldout_prompt
3283,heldout_prompt
3284,heldout_prompt
3285,heldout_prompt
3286,heldout_prompt
3287,heldout_prompt
3288,heldout_prompt
3289,heldout_prompt
3290,heldout_prompt
3291,heldout_prompt
3292,heldout_prompt
3293,heldout_prompt
3294,heldout_prompt
3295,heldout_prompt
3296,heldout_prompt
3297,heldout_prompt
3298,heldout_prompt
3299,heldout_prompt
3300,heldout_prompt
3301,heldout_prompt
3302,heldout_prompt
3303,heldout_prompt
3304,heldout_prompt
3305,heldout_prompt
3306,heldout_prompt
3307,heldout_prompt
3308,heldout_prompt
3309,heldout_prompt
3310,heldout_prompt
3311,heldout_prompt
3312,heldout_prompt
3313,heldout_prompt
3314,heldout_prompt
3315,heldout_prompt
3316,heldout_prompt
3317,heldout_prompt
3318,heldout_prompt
3319,heldout_prompt
3320,heldout_prompt
3321,heldout_prompt
3322,heldout_prompt
3323,heldout_prompt
3324,heldout_prompt
3325,heldout_prompt
3326,heldout_prompt
3327,heldout_prompt
3328,heldout_prompt
3329,heldout_prompt
3330,heldout_prompt
3331,heldout_prompt
3332,heldout_prompt
3333,heldout_prompt
3334,heldout_prompt
3335,heldout_prompt
3336,heldout_prompt
3337,heldout_prompt
3338,heldout_prompt
3339,heldout_prompt
3340,heldout_prompt
3341,heldout_prompt
3342,heldout_prompt
3343,heldout_prompt
3344,heldout_prompt
3345,heldout_prompt
3346,heldout_prompt
3347,heldout_prompt
3348,heldout_prompt
3349,heldout_prompt
3350,heldout_prompt
3351,heldout_prompt
3352,heldout_prompt
3353,heldout_prompt
3354,heldout_prompt
3355,heldout_prompt
3356,heldout_prompt
3357,heldout_prompt
3358,heldout_prompt
3359,heldout_prompt
3360,heldout_prompt
3361,heldout_prompt
3362,heldout_prompt
3363,heldout_prompt
3364,heldout_prompt
3365,heldout_prompt
3366,heldout_prompt
3367,heldout_prompt
3368,heldout_prompt
3369,heldout_prompt
3370,heldout_prompt
3371,heldout_prompt
3372,heldout_prompt
3373,heldout_prompt
3374,heldout_prompt
3375,heldout_prompt
3376,heldout_prompt
3377,heldout_prompt
3378,heldout_prompt
3379,heldout_prompt
3380,heldout_prompt
3381,heldout_prompt
3382,heldout_prompt
3383,heldout_prompt
3384,heldout_prompt
3385,heldout_prompt
3386,heldout_prompt
3387,heldout_prompt
3388,heldout_prompt
3389,heldout_prompt
3390,heldout_prompt
3391,heldout_prompt
3392,heldout_prompt
3393,heldout_prompt
3394,heldout_prompt
3395,heldout_prompt
3396,heldout_prompt
3397,heldout_prompt
3398,heldout_prompt
3399,heldout_prompt
3400,heldout_prompt
3401,heldout_prompt
3402,heldout_prompt
3403,heldout_prompt
3404,heldout_prompt
3405,heldout_prompt
3406,heldout_prompt
3407,heldout_prompt
3408,heldout_prompt
3409,heldout_prompt
3410,heldout_prompt
3411,heldout_prompt
3412,heldout_prompt
3413,heldout_prompt
3414,heldout_prompt
3415,heldout_prompt
3416,heldout_prompt
3417,heldout_prompt
3418,heldout_prompt
3419,heldout_prompt
3420,heldout_prompt
3421,heldout_prompt
3422,heldout_prompt
3423,heldout_prompt
3424,heldout_prompt
3425,heldout_prompt
3426,heldout_prompt
3427,heldout_prompt
3428,heldout_prompt
3429,heldout_prompt
3430,heldout_prompt
3431,heldout_prompt
3432,heldout_prompt
3433,heldout_prompt
3434,heldout_prompt
3435,heldout_prompt
3436,heldout_prompt
3437,heldout_prompt
3438,heldout_prompt
3439,heldout_prompt
3440,heldout_prompt
3441,heldout_prompt
3442,heldout_prompt
3443,heldout_prompt
3444,heldout_prompt
3445,heldout_prompt
3446,heldout_prompt
3447,heldout_prompt
3448,heldout_prompt
3449,heldout_prompt
3450,heldout_prompt
3451,heldout_prompt
3452,heldout_prompt
3453,heldout_prompt
3454,heldout_prompt
3455,heldout_prompt
3456,heldout_prompt
3457,heldout_prompt
3458,heldout_prompt
3459,heldout_prompt
3460,heldout_prompt
3461,heldout_prompt
3462,heldout_prompt
3463,heldout_prompt
3464,heldout_prompt
3465,heldout_prompt
3466,heldout_prompt
3467,heldout_prompt
3468,heldout_prompt
3469,heldout_prompt
3470,heldout_prompt
3471,heldout_prompt
3472,heldout_prompt
3473,heldout_prompt
3474,heldout_prompt
3475,heldout_prompt
3476,heldout_prompt
3477,heldout_prompt
3478,heldout_prompt
3479,heldout_prompt
3480,heldout_prompt
3481,heldout_prompt
3482,heldout_prompt
3483,heldout_prompt
3484,heldout_prompt
3485,heldout_prompt
3486,heldout_prompt
3487,heldout_prompt
3488,heldout_prompt
3489,heldout_prompt
3490,heldout_prompt
3491,heldout_prompt
3492,heldout_prompt
3493,heldout_prompt
3494,heldout_prompt
3495,heldout_prompt
3496,heldout_prompt
3497,heldout_prompt
3498,heldout_prompt
3499,heldout_prompt
3500,heldout_prompt
3501,heldout_prompt
3502,heldout_prompt
3503,heldout_prompt
3504,heldout_prompt
3505,heldout_prompt
3506,heldout_prompt
3507,heldout_prompt
3508,heldout_prompt
3509,heldout_prompt
3510,heldout_prompt
3511,heldout_prompt
3512,heldout_prompt
3513,heldout_prompt
3514,heldout_prompt
3515,heldout_prompt
3516,heldout_prompt
3517,heldout_prompt
3518,heldout_prompt
3519,heldout_prompt
3520,heldout_prompt
3521,heldout_prompt
3522,heldout_prompt
3523,heldout_prompt
3524,heldout_prompt
3525,heldout_prompt
3526,heldout_prompt
3527,heldout_prompt
3528,heldout_prompt
3529,heldout_prompt
3530,heldout_prompt
3531,heldout_prompt
3532,heldout_prompt
3533,heldout_prompt
3534,heldout_prompt
3535,heldout_prompt
3536,heldout_prompt
3537,heldout_prompt
3538,heldout_prompt
3539,heldout_prompt
3540,heldout_prompt
3541,heldout_prompt
3542,heldout_prompt
3543,heldout_prompt
3544,heldout_prompt
3545,heldout_prompt
3546,heldout_prompt
3547,heldout_prompt
3548,heldout_prompt
3549,heldout_prompt
3550,heldout_prompt
3551,heldout_prompt
3552,heldout_prompt
3553,heldout_prompt
3554,heldout_prompt
3555,heldout_prompt
3556,heldout_prompt
3557,heldout_prompt
3558,heldout_prompt
3559,heldout_prompt
3560,heldout_prompt
3561,heldout_prompt
3562,heldout_prompt
3563,heldout_prompt
3564,heldout_prompt
3565,heldout_prompt
3566,heldout_prompt
3567,heldout_prompt
3568,heldout_prompt
3569,heldout_prompt
3570,heldout_prompt
3571,heldout_prompt
3572,heldout_prompt
3573,heldout_prompt
3574,heldout_prompt
3575,heldout_prompt
3576,heldout_prompt
3577,heldout_prompt
3578,heldout_prompt
3579,heldout_prompt
3580,heldout_prompt
3581,heldout_prompt
3582,heldout_prompt
3583,heldout_prompt
3584,heldout_prompt
3585,heldout_prompt
3586,heldout_prompt
3587,heldout_prompt
3588,heldout_prompt
3589,heldout_prompt
3590,heldout_prompt
3591,heldout_prompt
3592,heldout_prompt
3593,heldout_prompt
3594,heldout_prompt
3595,heldout_prompt
3596,heldout_prompt
3597,heldout_prompt
3598,heldout_prompt
3599,heldout_prompt
3600,heldout_prompt
3601,heldout_prompt
3602,heldout_prompt
3603,heldout_prompt
3604,heldout_prompt
3605,heldout_prompt
3606,heldout_prompt
3607,heldout_prompt
3608,heldout_prompt
3609,heldout_prompt
3610,heldout_prompt
3611,heldout_prompt
3612,heldout_prompt
3613,heldout_prompt
3614,heldout_prompt
3615,heldout_prompt
3616,heldout_prompt
3617,heldout_prompt
3618,heldout_prompt
3619,heldout_prompt
3620,heldout_prompt
3621,heldout_prompt
3622,heldout_prompt
3623,heldout_prompt
3624,heldout_prompt
3625,heldout_prompt
3626,heldout_prompt
3627,heldout_prompt
3628,heldout_prompt
3629,heldout_prompt
3630,heldout_prompt
3631,heldout_prompt
3632,heldout_prompt
3633,heldout_prompt
3634,heldout_prompt
3635,heldout_prompt
3636,heldout_prompt
3637,heldout_prompt
3638,heldout_prompt
3639,heldout_prompt
3640,heldout_prompt
3641,heldout_prompt
3642,heldout_prompt
3643,heldout_prompt
3644,heldout_prompt
3645,heldout_prompt
3646,heldout_prompt
3647,heldout_prompt
3648,heldout_prompt
3649,heldout_prompt
3650,heldout_prompt
3651,heldout_prompt
3652,heldout_prompt
3653,heldout_prompt
3654,heldout_prompt
3655,heldout_prompt
3656,heldout_prompt
3657,heldout_prompt
3658,heldout_prompt
3659,heldout_prompt
3660,heldout_prompt
3661,heldout_prompt
3662,heldout_prompt
3663,heldout_prompt
3664,heldout_prompt
3665,heldout_prompt
3666,heldout_prompt
3667,heldout_prompt
3668,heldout_prompt
3669,heldout_prompt
3670,heldout_prompt
3671,heldout_prompt
3672,heldout_prompt
3673,heldout_prompt
3674,heldout_prompt
3675,heldout_prompt
3676,heldout_prompt
3677,heldout_prompt
3678,heldout_prompt
3679,heldout_prompt
3680,heldout_prompt
3681,heldout_prompt
3682,heldout_prompt
3683,heldout_prompt
3684,heldout_prompt
3685,heldout_prompt
3686,heldout_prompt
3687,heldout_prompt
3688,heldout_prompt
3689,heldout_prompt
3690,heldout_prompt
3691,heldout_prompt
3692,heldout_prompt
3693,heldout_prompt
3694,heldout_prompt
3695,heldout_prompt
3696,heldout_prompt
3697,heldout_prompt
3698,heldout_prompt
3699,heldout_prompt
3700,heldout_prompt
3701,heldout_prompt
3702,heldout_prompt
3703,heldout_prompt
3704,heldout_prompt
3705,heldout_prompt
3706,heldout_prompt
3707,heldout_prompt
3708,heldout_prompt
3709,heldout_prompt
3710,heldout_prompt
3711,heldout_prompt
3712,heldout_prompt
3713,heldout_prompt
3714,heldout_prompt
3715,heldout_prompt
3716,heldout_prompt
3717,heldout_prompt
3718,heldout_prompt
3719,heldout_prompt
3720,heldout_prompt
3721,heldout_prompt
3722,heldout_prompt
3723,heldout_prompt
3724,heldout_prompt
3725,heldout_prompt
3726,heldout_prompt
3727,heldout_prompt
3728,heldout_prompt
3729,heldout_prompt
3730,heldout_prompt
3731,heldout_prompt
3732,heldout_prompt
3733,heldout_prompt
3734,heldout_prompt
3735,heldout_prompt
3736,heldout_prompt
3737,heldout_prompt
3738,heldout_prompt
3739,heldout_prompt
3740,heldout_prompt
3741,heldout_prompt
3742,heldout_prompt
3743,heldout_prompt
3744,heldout_prompt
3745,heldout_prompt
3746,heldout_prompt
3747,heldout_prompt
3748,heldout_prompt
3749,heldout_prompt
3750,heldout_prompt
3751,heldout_prompt
3752,heldout_prompt
3753,heldout_prompt
3754,heldout_prompt
3755,heldout_prompt
3756,heldout_prompt
3757,heldout_prompt
3758,heldout_prompt
3759,heldout_prompt
3760,heldout_prompt
3761,heldout_prompt
3762,heldout_prompt
3763,heldout_prompt
3764,heldout_prompt
3765,heldout_prompt
3766,heldout_prompt
3767,heldout_prompt
3768,heldout_prompt
3769,heldout_prompt
3770,heldout_prompt
3771,heldout_prompt
3772,heldout_prompt
3773,heldout_prompt
3774,heldout_prompt
3775,heldout_prompt
3776,heldout_prompt
3777,heldout_prompt
3778,heldout_prompt
3779,heldout_prompt
3780,heldout_prompt
3781,heldout_prompt
3782,heldout_prompt
3783,heldout_prompt
3784,heldout_prompt
3785,heldout_prompt
3786,heldout_prompt
3787,heldout_prompt
3788,heldout_prompt
3789,heldout_prompt
3790,heldout_prompt
3791,heldout_prompt
3792,heldout_prompt
3793,heldout_prompt
3794,heldout_prompt
3795,heldout_prompt
3796,heldout_prompt
3797,heldout_prompt
3798,heldout_prompt
3799,heldout_prompt
3800,heldout_prompt
3801,heldout_prompt
3802,heldout_prompt
3803,heldout_prompt
3804,heldout_prompt
3805,heldout_prompt
3806,heldout_prompt
3807,heldout_prompt
3808,heldout_prompt
3809,heldout_prompt
3810,heldout_prompt
3811,heldout_prompt
3812,heldout_prompt
3813,heldout_prompt
3814,heldout_prompt
3815,heldout_prompt
3816,heldout_prompt
3817,heldout_prompt
3818,heldout_prompt
3819,heldout_prompt
3820,heldout_prompt
3821,heldout_prompt
3822,heldout_prompt
3823,heldout_prompt
3824,heldout_prompt
3825,heldout_prompt
3826,heldout_prompt
3827,heldout_prompt
3828,heldout_prompt
3829,heldout_prompt
3830,heldout_prompt
3831,heldout_prompt
3832,heldout_prompt
3833,heldout_prompt
3834,heldout_prompt
3835,heldout_prompt
3836,heldout_prompt
3837,heldout_prompt
3838,heldout_prompt
3839,heldout_prompt
3840,heldout_prompt
3841,heldout_prompt
3842,heldout_prompt
3843,heldout_prompt
3844,heldout_prompt
3845,heldout_prompt
3846,heldout_prompt
3847,heldout_prompt
3848,heldout_prompt
3849,heldout_prompt
3850,heldout_prompt
3851,heldout_prompt
3852,heldout_prompt
3853,heldout_prompt
3854,heldout_prompt
3855,heldout_prompt
3856,heldout_prompt
3857,heldout_prompt
3858,heldout_prompt
3859,heldout_prompt
3860,heldout_prompt
3861,heldout_prompt
3862,heldout_prompt
3863,heldout_prompt
3864,heldout_prompt
3865,heldout_prompt
3866,heldout_prompt
3867,heldout_prompt
3868,heldout_prompt
3869,heldout_prompt
3870,heldout_prompt
3871,heldout_prompt
3872,heldout_prompt
3873,heldout_prompt
3874,heldout_prompt
3875,heldout_prompt
3876,heldout_prompt
3877,heldout_prompt
3878,heldout_prompt
3879,heldout_prompt
3880,heldout_prompt
3881,heldout_prompt
3882,heldout_prompt
3883,heldout_prompt
3884,heldout_prompt
3885,heldout_prompt
3886,heldout_prompt
3887,heldout_prompt
3888,heldout_prompt
3889,heldout_prompt
3890,heldout_prompt
3891,heldout_prompt
3892,heldout_prompt
3893,heldout_prompt
3894,heldout_prompt
3895,heldout_prompt
3896,heldout_prompt
3897,heldout_prompt
3898,heldout_prompt
3899,heldout_prompt
3900,heldout_prompt
3901,heldout_prompt
3902,heldout_prompt
3903,heldout_prompt
3904,heldout_prompt
3905,heldout_prompt
3906,heldout_prompt
3907,heldout_prompt
3908,heldout_prompt
3909,heldout_prompt
3910,heldout_prompt
3911,heldout_prompt
3912,heldout_prompt
3913,heldout_prompt
3914,heldout_prompt
3915,heldout_prompt
3916,heldout_prompt
3917,heldout_prompt
3918,heldout_prompt
3919,heldout_prompt
3920,heldout_prompt
3921,heldout_prompt
3922,heldout_prompt
3923,heldout_prompt
3924,heldout_prompt
3925,heldout_prompt
3926,heldout_prompt
3927,heldout_prompt
3928,heldout_prompt
3929,heldout_prompt
3930,heldout_prompt
3931,heldout_prompt
3932,heldout_prompt
3933,heldout_prompt
3934,heldout_prompt
3935,heldout_prompt
3936,heldout_prompt
3937,heldout_prompt
3938,heldout_prompt
3939,heldout_prompt
3940,heldout_prompt
3941,heldout_prompt
3942,heldout_prompt
3943,heldout_prompt
3944,heldout_prompt
3945,heldout_prompt
3946,heldout_prompt
3947,heldout_prompt
3948,heldout_prompt
3949,heldout_prompt
3950,heldout_prompt
3951,heldout_prompt
3952,heldout_prompt
3953,heldout_prompt
3954,heldout_prompt
3955,heldout_prompt
3956,heldout_prompt
3957,heldout_prompt
3958,heldout_prompt
3959,heldout_prompt
3960,heldout_prompt
3961,heldout_prompt
3962,heldout_prompt
3963,heldout_prompt
3964,heldout_prompt
3965,heldout_prompt
3966,heldout_prompt
3967,heldout_prompt
3968,heldout_prompt
3969,heldout_prompt
3970,heldout_prompt
3971,heldout_prompt
3972,heldout_prompt
3973,heldout_prompt
3974,heldout_prompt
3975,heldout_prompt
3976,heldout_prompt
3977,heldout_prompt
3978,heldout_prompt
3979,heldout_prompt
3980,heldout_prompt
3981,heldout_prompt
3982,heldout_prompt
3983,heldout_prompt
3984,heldout_prompt
3985,heldout_prompt
3986,heldout_prompt
3987,heldout_prompt
3988,heldout_prompt
3989,heldout_prompt
3990,heldout_prompt
3991,heldout_prompt
3992,heldout_prompt
3993,heldout_prompt
3994,heldout_prompt
3995,heldout_prompt
3996,heldout_prompt
3997,heldout_prompt
3998,heldout_prompt
3999,heldout_prompt
4000,heldout_prompt
4001,heldout_prompt
4002,heldout_prompt
4003,heldout_prompt
4004,heldout_prompt
4005,heldout_prompt
4006,heldout_prompt
4007,heldout_prompt
4008,heldout_prompt
4009,heldout_prompt
4010,heldout_prompt
4011,heldout_prompt
4012,heldout_prompt
4013,heldout_prompt
4014,heldout_prompt
4015,heldout_prompt
4016,heldout_prompt
4017,heldout_prompt
4018,heldout_prompt
4019,heldout_prompt
4020,heldout_prompt
4021,heldout_prompt
4022,heldout_prompt
4023,heldout_prompt
4024,heldout_prompt
4025,heldout_prompt
4026,heldout_prompt
4027,heldout_prompt
4028,heldout_prompt
4029,heldout_prompt
4030,heldout_prompt
4031,heldout_prompt
4032,heldout_prompt
4033,heldout_prompt
4034,heldout_prompt
4035,heldout_prompt
4036,heldout_prompt
4037,heldout_prompt
4038,heldout_prompt
4039,heldout_prompt
4040,heldout_prompt
4041,heldout_prompt
4042,heldout_prompt
4043,heldout_prompt
4044,heldout_prompt
4045,heldout_prompt
4046,heldout_prompt
4047,heldout_prompt
4048,heldout_prompt
4049,heldout_prompt
4050,heldout_prompt
4051,heldout_prompt
4052,heldout_prompt
4053,heldout_prompt
4054,heldout_prompt
4055,heldout_prompt
4056,heldout_prompt
4057,heldout_prompt
4058,heldout_prompt
4059,heldout_prompt
4060,heldout_prompt
4061,heldout_prompt
4062,heldout_prompt
4063,heldout_prompt
4064,heldout_prompt
4065,heldout_prompt
4066,heldout_prompt
4067,heldout_prompt
4068,heldout_prompt
4069,heldout_prompt
4070,heldout_prompt
4071,heldout_prompt
4072,heldout_prompt
4073,heldout_prompt
4074,heldout_prompt
4075,heldout_prompt
4076,heldout_prompt
4077,heldout_prompt
4078,heldout_prompt
4079,heldout_prompt
4080,heldout_prompt
4081,heldout_prompt
4082,heldout_prompt
4083,heldout_prompt
4084,heldout_prompt
4085,heldout_prompt
4086,heldout_prompt
4087,heldout_prompt
4088,heldout_prompt
4089,heldout_prompt
4090,heldout_prompt
4091,heldout_prompt
4092,heldout_prompt
4093,heldout_prompt
4094,heldout_prompt
4095,heldout_prompt
4096,heldout_prompt
4097,heldout_prompt
4098,heldout_prompt
4099,heldout_prompt
4100,heldout_prompt
4101,heldout_prompt
4102,heldout_prompt
4103,heldout_prompt
4104,heldout_prompt
4105,heldout_prompt
4106,heldout_prompt
4107,heldout_prompt
4108,heldout_prompt
4109,heldout_prompt
4110,heldout_prompt
4111,heldout_prompt
4112,heldout_prompt
4113,heldout_prompt
4114,heldout_prompt
4115,heldout_prompt
4116,heldout_prompt
4117,heldout_prompt
4118,heldout_prompt
4119,heldout_prompt
4120,heldout_prompt
4121,heldout_prompt
4122,heldout_prompt
4123,heldout_prompt
4124,heldout_prompt
4125,heldout_prompt
4126,heldout_prompt
4127,heldout_prompt
4128,heldout_prompt
4129,heldout_prompt
4130,heldout_prompt
4131,heldout_prompt
4132,heldout_prompt
4133,heldout_prompt
4134,heldout_prompt
4135,heldout_prompt
4136,heldout_prompt
4137,heldout_prompt
4138,heldout_prompt
4139,heldout_prompt
4140,heldout_prompt
4141,heldout_prompt
4142,heldout_prompt
4143,heldout_prompt
4144,heldout_prompt
4145,heldout_prompt
4146,heldout_prompt
4147,heldout_prompt
4148,heldout_prompt
4149,heldout_prompt
4150,heldout_prompt
4151,heldout_prompt
4152,heldout_prompt
4153,heldout_prompt
4154,heldout_prompt
4155,heldout_prompt
4156,heldout_prompt
4157,heldout_prompt
4158,heldout_prompt
4159,heldout_prompt
4160,heldout_prompt
4161,heldout_prompt
4162,heldout_prompt
4163,heldout_prompt
4164,heldout_prompt
4165,heldout_prompt
4166,heldout_prompt
4167,heldout_prompt
4168,heldout_prompt
4169,heldout_prompt
4170,heldout_prompt
4171,heldout_prompt
4172,heldout_prompt
4173,heldout_prompt
4174,heldout_prompt
4175,heldout_prompt
4176,heldout_prompt
4177,heldout_prompt
4178,heldout_prompt
4179,heldout_prompt
4180,heldout_prompt
4181,heldout_prompt
4182,heldout_prompt
4183,heldout_prompt
4184,heldout_prompt
4185,heldout_prompt
4186,heldout_prompt
4187,heldout_prompt
4188,heldout_prompt
4189,heldout_prompt
4190,heldout_prompt
4191,heldout_prompt
4192,heldout_prompt
4193,heldout_prompt
4194,heldout_prompt
4195,heldout_prompt
4196,heldout_prompt
4197,heldout_prompt
4198,heldout_prompt
4199,heldout_prompt
4200,heldout_prompt
4201,heldout_prompt
4202,heldout_prompt
4203,heldout_prompt
4204,heldout_prompt
4205,heldout_prompt
4206,heldout_prompt
4207,heldout_prompt
4208,heldout_prompt
4209,heldout_prompt
4210,heldout_prompt
4211,heldout_prompt
4212,heldout_prompt
4213,heldout_prompt
4214,heldout_prompt
4215,heldout_prompt
4216,heldout_prompt
4217,heldout_prompt
4218,heldout_prompt
4219,heldout_prompt
4220,heldout_prompt
4221,heldout_prompt
4222,heldout_prompt
4223,heldout_prompt
4224,heldout_prompt
4225,heldout_prompt
4226,heldout_prompt
4227,heldout_prompt
4228,heldout_prompt
4229,heldout_prompt
4230,heldout_prompt
4231,heldout_prompt
4232,heldout_prompt
4233,heldout_prompt
4234,heldout_prompt
4235,heldout_prompt
4236,heldout_prompt
4237,heldout_prompt
4238,heldout_prompt
4239,heldout_prompt
4240,heldout_prompt
4241,heldout_prompt
4242,heldout_prompt
4243,heldout_prompt
4244,heldout_prompt
4245,heldout_prompt
4246,heldout_prompt
4247,heldout_prompt
4248,heldout_prompt
4249,heldout_prompt
4250,heldout_prompt
4251,heldout_prompt
4252,heldout_prompt
4253,heldout_prompt
4254,heldout_prompt
4255,heldout_prompt
4256,heldout_prompt
4257,heldout_prompt
4258,heldout_prompt
4259,heldout_prompt
4260,heldout_prompt
4261,heldout_prompt
4262,heldout_prompt
4263,heldout_prompt
4264,heldout_prompt
4265,heldout_prompt
4266,heldout_prompt
4267,heldout_prompt
4268,heldout_prompt
4269,heldout_prompt
4270,heldout_prompt
4271,heldout_prompt
4272,heldout_prompt
4273,heldout_prompt
4274,heldout_prompt
4275,heldout_prompt
4276,heldout_prompt
4277,heldout_prompt
4278,heldout_prompt
4279,heldout_prompt
4280,heldout_prompt
4281,heldout_prompt
4282,heldout_prompt
4283,heldout_prompt
4284,heldout_prompt
4285,heldout_prompt
4286,heldout_prompt
4287,heldout_prompt
4288,heldout_prompt
4289,heldout_prompt
4290,heldout_prompt
4291,heldout_prompt
4292,heldout_prompt
4293,heldout_prompt
4294,heldout_prompt
4295,heldout_prompt
4296,heldout_prompt
4297,heldout_prompt
4298,heldout_prompt
4299,heldout_prompt
4300,heldout_prompt
4301,heldout_prompt
4302,heldout_prompt
4303,heldout_prompt
4304,heldout_prompt
4305,heldout_prompt
4306,heldout_prompt
4307,heldout_prompt
4308,heldout_prompt
4309,heldout_prompt
4310,heldout_prompt
4311,heldout_prompt
4312,heldout_prompt
4313,heldout_prompt
4314,heldout_prompt
4315,heldout_prompt
4316,heldout_prompt
4317,heldout_prompt
4318,heldout_prompt
4319,heldout_prompt
4320,heldout_prompt
4321,heldout_prompt
4322,heldout_prompt
4323,heldout_prompt
4324,heldout_prompt
4325,heldout_prompt
4326,heldout_prompt
4327,heldout_prompt
4328,heldout_prompt
4329,heldout_prompt
4330,heldout_prompt
4331,heldout_prompt
4332,heldout_prompt
4333,heldout_prompt
4334,heldout_prompt
4335,heldout_prompt
4336,heldout_prompt
4337,heldout_prompt
4338,heldout_prompt
4339,heldout_prompt
4340,heldout_prompt
4341,heldout_prompt
4342,heldout_prompt
4343,heldout_prompt
4344,heldout_prompt
4345,heldout_prompt
4346,heldout_prompt
4347,heldout_prompt
4348,heldout_prompt
4349,heldout_prompt
4350,heldout_prompt
4351,heldout_prompt
4352,heldout_prompt
4353,heldout_prompt
4354,heldout_prompt
4355,heldout_prompt
4356,heldout_prompt
4357,heldout_prompt
4358,heldout_prompt
4359,heldout_prompt
4360,heldout_prompt
4361,heldout_prompt
4362,heldout_prompt
4363,heldout_prompt
4364,heldout_prompt
4365,heldout_prompt
4366,heldout_prompt
4367,heldout_prompt
4368,heldout_prompt
4369,heldout_prompt
4370,heldout_prompt
4371,heldout_prompt
4372,heldout_prompt
4373,heldout_prompt
4374,heldout_prompt
4375,heldout_prompt
4376,heldout_prompt
4377,heldout_prompt
4378,heldout_prompt
4379,heldout_prompt
4380,heldout_prompt
4381,heldout_prompt
4382,heldout_prompt
4383,heldout_prompt
4384,heldout_prompt
4385,heldout_prompt
4386,heldout_prompt
4387,heldout_prompt
4388,heldout_prompt
4389,heldout_prompt
4390,heldout_prompt
4391,heldout_prompt
4392,heldout_prompt
4393,heldout_prompt
4394,heldout_prompt
4395,heldout_prompt
4396,heldout_prompt
4397,heldout_prompt
4398,heldout_prompt
4399,heldout_prompt
4400,heldout_prompt
4401,heldout_prompt
4402,heldout_prompt
4403,heldout_prompt
4404,heldout_prompt
4405,heldout_prompt
4406,heldout_prompt
4407,heldout_prompt
4408,heldout_prompt
4409,heldout_prompt
4410,heldout_prompt
4411,heldout_prompt
4412,heldout_prompt
4413,heldout_prompt
4414,heldout_prompt
4415,heldout_prompt
4416,heldout_prompt
4417,heldout_prompt
4418,heldout_prompt
4419,heldout_prompt
4420,heldout_prompt
4421,heldout_prompt
4422,heldout_prompt
4423,heldout_prompt
4424,heldout_prompt
4425,heldout_prompt
4426,heldout_prompt
4427,heldout_prompt
4428,heldout_prompt
4429,heldout_prompt
4430,heldout_prompt
4431,heldout_prompt
4432,heldout_prompt
4433,heldout_prompt
4434,heldout_prompt
4435,heldout_prompt
4436,heldout_prompt
4437,heldout_prompt
4438,heldout_prompt
4439,heldout_prompt
4440,heldout_prompt
4441,heldout_prompt
4442,heldout_prompt
4443,heldout_prompt
4444,heldout_prompt
4445,heldout_prompt
4446,heldout_prompt
4447,heldout_prompt
4448,heldout_prompt
4449,heldout_prompt
4450,heldout_prompt
4451,heldout_prompt
4452,heldout_prompt
4453,heldout_prompt
4454,heldout_prompt
4455,heldout_prompt
4456,heldout_prompt
4457,heldout_prompt
4458,heldout_prompt
4459,heldout_prompt
4460,heldout_prompt
4461,heldout_prompt
4462,heldout_prompt
4463,heldout_prompt
4464,heldout_prompt
4465,heldout_prompt
4466,heldout_prompt
4467,heldout_prompt
4468,heldout_prompt
4469,heldout_prompt
4470,heldout_prompt
4471,heldout_prompt
4472,heldout_prompt
4473,heldout_prompt
4474,heldout_prompt
4475,heldout_prompt
4476,heldout_prompt
4477,heldout_prompt
4478,heldout_prompt
4479,heldout_prompt
4480,heldout_prompt
4481,heldout_prompt
4482,heldout_prompt
4483,heldout_prompt
4484,heldout_prompt
4485,heldout_prompt
4486,heldout_prompt
4487,heldout_prompt
4488,heldout_prompt
4489,heldout_prompt
4490,heldout_prompt
4491,heldout_prompt
4492,heldout_prompt
4493,heldout_prompt
4494,heldout_prompt
4495,heldout_prompt
4496,heldout_prompt
4497,heldout_prompt
4498,heldout_prompt
4499,heldout_prompt
4500,heldout_prompt
4501,heldout_prompt
4502,heldout_prompt
4503,heldout_prompt
4504,heldout_prompt
4505,heldout_prompt
4506,heldout_prompt
4507,heldout_prompt
4508,heldout_prompt
4509,heldout_prompt
4510,heldout_prompt
4511,heldout_prompt
4512,heldout_prompt
4513,heldout_prompt
4514,heldout_prompt
4515,heldout_prompt
4516,heldout_prompt
4517,heldout_prompt
4518,heldout_prompt
4519,heldout_prompt
4520,heldout_prompt
4521,heldout_prompt
4522,heldout_prompt
4523,heldout_prompt
4524,heldout_prompt
4525,heldout_prompt
4526,heldout_prompt
4527,heldout_prompt
4528,heldout_prompt
4529,heldout_prompt
4530,heldout_prompt
4531,heldout_prompt
4532,heldout_prompt
4533,heldout_prompt
4534,heldout_prompt
4535,heldout_prompt
4536,heldout_prompt
4537,heldout_prompt
4538,heldout_prompt
4539,heldout_prompt
4540,heldout_prompt
4541,heldout_prompt
4542,heldout_prompt
4543,heldout_prompt
4544,heldout_prompt
4545,heldout_prompt
4546,heldout_prompt
4547,heldout_prompt
4548,heldout_prompt
4549,heldout_prompt
4550,heldout_prompt
4551,heldout_prompt
4552,heldout_prompt
4553,heldout_prompt
4554,heldout_prompt
4555,heldout_prompt
4556,heldout_prompt
4557,heldout_prompt
4558,heldout_prompt
4559,heldout_prompt
4560,heldout_prompt
4561,heldout_prompt
4562,heldout_prompt
4563,heldout_prompt
4564,heldout_prompt
4565,heldout_prompt
4566,heldout_prompt
4567,heldout_prompt
4568,heldout_prompt
4569,heldout_prompt
4570,heldout_prompt
4571,heldout_prompt
4572,heldout_prompt
4573,heldout_prompt
4574,heldout_prompt
4575,heldout_prompt
4576,heldout_prompt
4577,heldout_prompt
4578,heldout_prompt
4579,heldout_prompt
4580,heldout_prompt
4581,heldout_prompt
4582,heldout_prompt
4583,heldout_prompt
4584,heldout_prompt
4585,heldout_prompt
4586,heldout_prompt
4587,heldout_prompt
4588,heldout_prompt
4589,heldout_prompt
4590,heldout_prompt
4591,heldout_prompt
4592,heldout_prompt
4593,heldout_prompt
4594,heldout_prompt
4595,heldout_prompt
4596,heldout_prompt
4597,heldout_prompt
4598,heldout_prompt
4599,heldout_prompt
4600,heldout_prompt
4601,heldout_prompt
4602,heldout_prompt
4603,heldout_prompt
4604,heldout_prompt
4605,heldout_prompt
4606,heldout_prompt
4607,heldout_prompt
4608,heldout_prompt
4609,heldout_prompt
4610,heldout_prompt
4611,heldout_prompt
4612,heldout_prompt
4613,heldout_prompt
4614,heldout_prompt
4615,heldout_prompt
4616,heldout_prompt
4617,heldout_prompt
4618,heldout_prompt
4619,heldout_prompt
4620,heldout_prompt
4621,heldout_prompt
4622,heldout_prompt
4623,heldout_prompt
4624,heldout_prompt
4625,heldout_prompt
4626,heldout_prompt
4627,heldout_prompt
4628,heldout_prompt
4629,heldout_prompt
4630,heldout_prompt
4631,heldout_prompt
4632,heldout_prompt
4633,heldout_prompt
4634,heldout_prompt
4635,heldout_prompt
4636,heldout_prompt
4637,heldout_prompt
4638,heldout_prompt
4639,heldout_prompt
4640,heldout_prompt
4641,heldout_prompt
4642,heldout_prompt
4643,heldout_prompt
4644,heldout_prompt
4645,heldout_prompt
4646,heldout_prompt
4647,heldout_prompt
4648,heldout_prompt
4649,heldout_prompt
4650,heldout_prompt
4651,heldout_prompt
4652,heldout_prompt
4653,heldout_prompt
4654,heldout_prompt
4655,heldout_prompt
4656,heldout_prompt
4657,heldout_prompt
4658,heldout_prompt
4659,heldout_prompt
4660,heldout_prompt
4661,heldout_prompt
4662,heldout_prompt
4663,heldout_prompt
4664,heldout_prompt
4665,heldout_prompt
4666,heldout_prompt
4667,heldout_prompt
4668,heldout_prompt
4669,heldout_prompt
4670,heldout_prompt
4671,heldout_prompt
4672,heldout_prompt
4673,heldout_prompt
4674,heldout_prompt
4675,heldout_prompt
4676,heldout_prompt
4677,heldout_prompt
4678,heldout_prompt
4679,heldout_prompt
4680,heldout_prompt
4681,heldout_prompt
4682,heldout_prompt
4683,heldout_prompt
4684,heldout_prompt
4685,heldout_prompt
4686,heldout_prompt
4687,heldout_prompt
4688,heldout_prompt
4689,heldout_prompt
4690,heldout_prompt
4691,heldout_prompt
4692,heldout_prompt
4693,heldout_prompt
4694,heldout_prompt
4695,heldout_prompt
4696,heldout_prompt
4697,heldout_prompt
4698,heldout_prompt
4699,heldout_prompt
4700,heldout_prompt
4701,heldout_prompt
4702,heldout_prompt
4703,heldout_prompt
4704,heldout_prompt
4705,heldout_prompt
4706,heldout_prompt
4707,heldout_prompt
4708,heldout_prompt
4709,heldout_prompt
4710,heldout_prompt
4711,heldout_prompt
4712,heldout_prompt
4713,heldout_prompt
4714,heldout_prompt
4715,heldout_prompt
4716,heldout_prompt
4717,heldout_prompt
4718,heldout_prompt
4719,heldout_prompt
4720,heldout_prompt
4721,heldout_prompt
4722,heldout_prompt
4723,heldout_prompt
4724,heldout_prompt
4725,heldout_prompt
4726,heldout_prompt
4727,heldout_prompt
4728,heldout_prompt
4729,heldout_prompt
4730,heldout_prompt
4731,heldout_prompt
4732,heldout_prompt
4733,heldout_prompt
4734,heldout_prompt
4735,heldout_prompt
4736,heldout_prompt
4737,heldout_prompt
4738,heldout_prompt
4739,heldout_prompt
4740,heldout_prompt
4741,heldout_prompt
4742,heldout_prompt
4743,heldout_prompt
4744,heldout_prompt
4745,heldout_prompt
4746,heldout_prompt
4747,heldout_prompt
4748,heldout_prompt
4749,heldout_prompt
4750,heldout_prompt
4751,heldout_prompt
4752,heldout_prompt
4753,heldout_prompt
4754,heldout_prompt
4755,heldout_prompt
4756,heldout_prompt
4757,heldout_prompt
4758,heldout_prompt
4759,heldout_prompt
4760,heldout_prompt
4761,heldout_prompt
4762,heldout_prompt
4763,heldout_prompt
4764,heldout_prompt
4765,heldout_prompt
4766,heldout_prompt
4767,heldout_prompt
4768,heldout_prompt
4769,heldout_prompt
4770,heldout_prompt
4771,heldout_prompt
4772,heldout_prompt
4773,heldout_prompt
4774,heldout_prompt
4775,heldout_prompt
4776,heldout_prompt
4777,heldout_prompt
4778,heldout_prompt
4779,heldout_prompt
4780,heldout_prompt
4781,heldout_prompt
4782,heldout_prompt
4783,heldout_prompt
4784,heldout_prompt
4785,heldout_prompt
4786,heldout_prompt
4787,heldout_prompt
4788,heldout_prompt
4789,heldout_prompt
4790,heldout_prompt
4791,heldout_prompt
4792,heldout_prompt
4793,heldout_prompt
4794,heldout_prompt
4795,heldout_prompt
4796,heldout_prompt
4797,heldout_prompt
4798,heldout_prompt
4799,heldout_prompt
4800,heldout_prompt
4801,heldout_prompt
4802,heldout_prompt
4803,heldout_prompt
4804,heldout_prompt
4805,heldout_prompt
4806,heldout_prompt
4807,heldout_prompt
4808,heldout_prompt
4809,heldout_prompt
4810,heldout_prompt
4811,heldout_prompt
4812,heldout_prompt
4813,heldout_prompt
4814,heldout_prompt
4815,heldout_prompt
4816,heldout_prompt
4817,heldout_prompt
4818,heldout_prompt
4819,heldout_prompt
4820,heldout_prompt
4821,heldout_prompt
4822,heldout_prompt
4823,heldout_prompt
4824,heldout_prompt
4825,heldout_prompt
4826,heldout_prompt
4827,heldout_prompt
4828,heldout_prompt
4829,heldout_prompt
4830,heldout_prompt
4831,heldout_prompt
4832,heldout_prompt
4833,heldout_prompt
4834,heldout_prompt
4835,heldout_prompt
4836,heldout_prompt
4837,heldout_prompt
4838,heldout_prompt
4839,heldout_prompt
4840,heldout_prompt
4841,heldout_prompt
4842,heldout_prompt
4843,heldout_prompt
4844,heldout_prompt
4845,heldout_prompt
4846,heldout_prompt
4847,heldout_prompt
4848,heldout_prompt
4849,heldout_prompt
4850,heldout_prompt
4851,heldout_prompt
4852,heldout_prompt
4853,heldout_prompt
4854,heldout_prompt
4855,heldout_prompt
4856,heldout_prompt
4857,heldout_prompt
4858,heldout_prompt
4859,heldout_prompt
4860,heldout_prompt
4861,heldout_prompt
4862,heldout_prompt
4863,heldout_prompt
4864,heldout_prompt
4865,heldout_prompt
4866,heldout_prompt
4867,heldout_prompt
4868,heldout_prompt
4869,heldout_prompt
4870,heldout_prompt
4871,heldout_prompt
4872,heldout_prompt
4873,heldout_prompt
4874,heldout_prompt
4875,heldout_prompt
4876,heldout_prompt
4877,train
4878,train
4879,train
4880,train
4881,train
4882,train
4883,train
4884,test
4885,val
4886,train
4887,train
4888,test
4889,val
4890,val
4891,train
4892,train
4893,train
4894,train
4895,train
4896,train
4897,train
4898,test
4899,train
4900,train
4901,train
4902,train
4903,val
4904,train
4905,test
4906,test
4907,train
4908,train
4909,train
4910,train
4911,train
4912,train
4913,train
4914,train
4915,val
4916,train
4917,train
4918,train
4919,train
4920,train
4921,train
4922,train
4923,val
4924,val
4925,test
4926,train
4927,train
4928,train
4929,train
4930,train
4931,train
4932,train
4933,train
4934,train
4935,train
4936,train
4937,train
4938,test
4939,train
4940,test
4941,train
4942,train
4943,train
4944,train
4945,train
4946,val
4947,train
4948,train
4949,train
4950,train
4951,train
4952,train
4953,train
4954,train
4955,train
4956,train
4957,train
4958,train
4959,train
4960,train
4961,train
4962,train
4963,test
4964,val
4965,train
4966,train
4967,train
4968,train
4969,train
4970,train
4971,train
4972,train
4973,train
4974,train
4975,train
4976,train
4977,train
4978,train
4979,train
4980,train
4981,train
4982,train
4983,train
4984,train
4985,val
4986,train
4987,train
4988,train
4989,test
4990,train
4991,train
4992,test
4993,train
4994,train
4995,train
4996,train
4997,train
4998,test
4999,train
5000,train
5001,train
5002,train
5003,train
5004,train
5005,train
5006,val
5007,val
5008,train
5009,train
5010,train
5011,test
5012,train
5013,val
5014,test
5015,train
5016,train
5017,train
5018,test
5019,train
5020,train
5021,train
5022,train
5023,train
5024,train
5025,train
5026,val
5027,train
5028,train
5029,train
5030,train
5031,train
5032,test
5033,train
5034,train
5035,train
5036,test
5037,train
5038,train
5039,train
5040,train
5041,train
5042,train
5043,train
5044,train
5045,train
5046,train
5047,train
5048,val
5049,train
5050,val
5051,train
5052,train
5053,train
5054,train
5055,test
5056,train
5057,train
5058,train
5059,train
5060,train
5061,train
5062,train
5063,train
5064,train
5065,train
5066,train
5067,train
5068,train
5069,train
5070,train
5071,train
5072,train
5073,train
5074,train
5075,train
5076,train
5077,train
5078,train
5079,train
5080,val
5081,train
5082,train
5083,train
5084,train
5085,train
5086,train
5087,train
5088,val
5089,train
5090,train
5091,train
5092,test
5093,test
5094,train
5095,train
5096,test
5097,train
5098,train
5099,val
5100,train
5101,train
5102,train
5103,train
5104,train
5105,train
5106,train
5107,test
5108,train
5109,train
5110,train
5111,train
5112,train
5113,train
5114,val
5115,train
5116,train
5117,val
5118,train
5119,train
5120,train
5121,train
5122,train
5123,train
5124,train
5125,train
5126,train
5127,train
5128,test
5129,val
5130,train
5131,train
5132,train
5133,train
5134,train
5135,train
5136,train
5137,train
5138,train
5139,train
5140,train
5141,test
5142,test
5143,test
5144,train
5145,train
5146,train
5147,train
5148,train
5149,test
5150,train
5151,val
5152,test
5153,train
5154,train
5155,train
5156,train
5157,train
5158,train
5159,val
5160,train
5161,train
5162,train
5163,train
5164,train
5165,train
5166,train
5167,train
5168,train
5169,train
5170,train
5171,train
5172,train
5173,train
5174,train
5175,train
5176,test
5177,train
5178,train
5179,train
5180,train
5181,val
5182,train
5183,train
5184,train
5185,train
5186,train
5187,train
5188,train
5189,train
5190,train
5191,train
5192,train
5193,train
5194,train
5195,train
5196,train
5197,train
5198,train
5199,train
5200,train
5201,train
5202,train
5203,train
5204,train
5205,train
5206,test
5207,train
5208,val
5209,train
5210,test
5211,train
5212,train
5213,train
5214,train
5215,train
5216,train
5217,train
5218,train
5219,train
5220,train
5221,val
5222,train
5223,train
5224,train
5225,train
5226,train
5227,val
5228,test
5229,val
5230,test
5231,train
5232,train
5233,train
5234,train
5235,train
5236,train
5237,train
5238,test
5239,train
5240,train
5241,train
5242,train
5243,train
5244,val
5245,train
5246,train
5247,train
5248,train
5249,train
5250,train
5251,train
5252,train
5253,train
5254,train
5255,train
5256,train
5257,train
5258,val
5259,train
5260,train
5261,val
5262,train
5263,train
5264,train
5265,train
5266,train
5267,train
5268,train
5269,train
5270,train
5271,train
5272,val
5273,train
5274,train
5275,train
5276,train
5277,train
5278,train
5279,train
5280,train
5281,val
5282,train
5283,train
5284,train
5285,train
5286,train
5287,train
5288,train
5289,train
5290,train
5291,train
5292,test
5293,test
5294,train
5295,train
5296,train
5297,train
5298,train
5299,train
5300,train
5301,train
5302,train
5303,train
5304,train
5305,train
5306,train
5307,train
5308,train
5309,train
5310,val
5311,train
5312,train
5313,train
5314,train
5315,train
5316,val
5317,train
5318,train
5319,val
5320,train
5321,test
5322,train
5323,train
5324,val
5325,val
5326,train
5327,train
5328,train
5329,train
5330,train
5331,train
5332,train
5333,val
5334,train
5335,val
5336,val
5337,train
5338,train
5339,train
5340,train
5341,train
5342,train
5343,train
5344,val
5345,train
5346,test
5347,val
5348,train
5349,train
5350,train
5351,train
5352,train
5353,train
5354,test
5355,train
5356,test
5357,val
5358,train
5359,test
5360,train
5361,train
5362,train
5363,train
5364,val
5365,val
5366,train
5367,train
5368,train
5369,train
5370,train
5371,train
5372,train
5373,test
5374,train
5375,train
5376,train
5377,train
5378,val
5379,train
5380,train
5381,train
5382,val
5383,train
5384,train
5385,train
5386,train
5387,val
5388,val
5389,train
5390,val
5391,train
5392,train
5393,train
5394,train
5395,train
5396,train
5397,train
5398,train
5399,train
5400,train
5401,train
5402,train
5403,val
5404,val
5405,train
5406,train
5407,train
5408,train
5409,train
5410,train
5411,train
5412,train
5413,train
5414,train
5415,test
5416,train
5417,train
5418,train
5419,train
5420,train
5421,train
5422,test
5423,train
5424,train
5425,val
5426,test
5427,val
5428,train
5429,test
5430,train
5431,val
5432,train
5433,train
5434,test
5435,train
5436,train
5437,train
5438,train
5439,train
5440,train
5441,train
5442,train
5443,val
5444,train
5445,train
5446,test
5447,val
5448,train
5449,val
5450,train
5451,train
5452,val
5453,train
5454,train
5455,train
5456,val
5457,train
5458,val
5459,test
5460,train
5461,train
5462,val
5463,train
5464,train
5465,test
5466,train
5467,train
5468,train
5469,train
5470,train
5471,train
5472,train
5473,train
5474,val
5475,val
5476,val
5477,train
5478,train
5479,train
5480,train
5481,train
5482,train
5483,train
5484,train
5485,train
5486,train
5487,train
5488,train
5489,train
5490,train
5491,test
5492,train
5493,train
5494,train
5495,test
5496,train
5497,train
5498,train
5499,test
5500,train
5501,train
5502,train
5503,train
5504,train
5505,val
5506,train
5507,train
5508,train
5509,train
5510,test
5511,train
5512,train
5513,test
5514,train
5515,train
5516,train
5517,train
5518,train
5519,train
5520,train
5521,train
5522,train
5523,train
5524,train
5525,train
5526,train
5527,val
5528,train
5529,train
5530,train
5531,train
5532,train
5533,train
5534,train
5535,train
5536,train
5537,train
5538,train
5539,train
5540,train
5541,train
5542,val
5543,train
5544,val
5545,train
5546,train
5547,train
5548,test
5549,train
5550,train
5551,train
5552,val
5553,train
5554,train
5555,train
5556,train
5557,train
5558,train
5559,train
5560,test
5561,train
5562,val
5563,train
5564,test
5565,train
5566,train
5567,val
5568,train
5569,train
5570,train
5571,train
5572,train
5573,train
5574,train
5575,train
5576,train
5577,train
5578,train
5579,train
5580,train
5581,train
5582,train
5583,train
5584,train
5585,val
5586,train
5587,train
5588,train
5589,train
5590,train
5591,train
5592,train
5593,train
5594,train
5595,train
5596,train
5597,val
5598,train
5599,train
5600,val
5601,train
5602,test
5603,train
5604,train
5605,train
5606,train
5607,train
5608,test
5609,train
5610,train
5611,train
5612,train
5613,train
5614,train
5615,train
5616,train
5617,train
5618,train
5619,train
5620,train
5621,train
5622,train
5623,test
5624,train
5625,train
5626,train
5627,train
5628,train
5629,train
5630,train
5631,train
5632,test
5633,train
5634,train
5635,train
5636,test
5637,train
5638,train
5639,val
5640,train
5641,test
5642,val
5643,train
5644,test
5645,train
5646,train
5647,train
5648,test
5649,train
5650,train
5651,train
5652,train
5653,train
5654,val
5655,val
5656,train
5657,train
5658,train
5659,test
5660,test
5661,train
5662,train
5663,test
5664,train
5665,train
5666,train
5667,train
5668,train
5669,test
5670,train
5671,train
5672,train
5673,train
5674,train
5675,train
5676,train
5677,train
5678,train
5679,val
5680,train
5681,test
5682,train
5683,train
5684,test
5685,val
5686,train
5687,train
5688,train
5689,train
5690,train
5691,train
5692,train
5693,train
5694,test
5695,test
5696,train
5697,val
5698,train
5699,train
5700,train
5701,train
5702,train
5703,train
5704,train
5705,train
5706,train
5707,train
5708,train
5709,train
5710,val
5711,test
5712,train
5713,train
5714,train
5715,train
5716,train
5717,train
5718,train
5719,train
5720,train
5721,train
5722,train
5723,train
5724,train
5725,train
5726,train
5727,val
5728,train
5729,train
5730,train
5731,train
5732,train
5733,train
5734,test
5735,train
5736,train
5737,train
5738,train
5739,test
5740,train
5741,train
5742,train
5743,train
5744,train
5745,train
5746,train
5747,train
5748,test
5749,train
5750,train
5751,train
5752,train
5753,val
5754,test
5755,test
5756,val
5757,train
5758,train
5759,train
5760,train
5761,train
5762,train
5763,train
5764,train
5765,train
5766,train
5767,train
5768,train
5769,train
5770,val
5771,train
5772,train
5773,test
5774,train
5775,val
5776,train
5777,test
5778,train
5779,train
5780,train
5781,train
5782,val
5783,train
5784,train
5785,train
5786,train
5787,val
5788,val
5789,train
5790,train
5791,train
5792,val
5793,train
5794,train
5795,test
5796,train
5797,train
5798,train
5799,train
5800,train
5801,train
5802,train
5803,train
5804,train
5805,train
5806,train
5807,train
5808,train
5809,train
5810,train
5811,train
5812,val
5813,train
5814,train
5815,train
5816,train
5817,train
5818,test
5819,train
5820,train
5821,test
5822,train
5823,val
5824,train
5825,train
5826,train
5827,train
5828,test
5829,train
5830,train
5831,train
5832,train
5833,val
5834,train
5835,train
5836,val
5837,train
5838,train
5839,train
5840,train
5841,val
5842,train
5843,test
5844,train
5845,train
5846,train
5847,train
5848,train
5849,train
5850,test
5851,train
5852,val
5853,test
5854,train
5855,train
5856,train
5857,train
5858,train
5859,test
5860,val
5861,train
5862,train
5863,train
5864,train
5865,val
5866,train
5867,train
5868,train
5869,train
5870,test
5871,val
5872,train
5873,val
5874,train
5875,train
5876,val
5877,train
5878,train
5879,train
5880,train
5881,test
5882,train
5883,train
5884,train
5885,test
5886,train
5887,test
5888,train
5889,train
5890,train
5891,train
5892,train
5893,train
5894,train
5895,train
5896,train
5897,train
5898,train
5899,val
5900,train
5901,train
5902,test
5903,train
5904,train
5905,train
5906,train
5907,train
5908,train
5909,train
5910,train
5911,test
5912,train
5913,train
5914,train
5915,train
5916,val
5917,test
5918,val
5919,val
5920,train
5921,train
5922,train
5923,train
5924,train
5925,train
5926,train
5927,train
5928,test
5929,train
5930,train
5931,val
5932,train
5933,train
5934,train
5935,train
5936,train
5937,train
5938,train
5939,train
5940,train
5941,train
5942,train
5943,train
5944,train
5945,test
5946,train
5947,train
5948,train
5949,train
5950,train
5951,train
5952,train
5953,train
5954,train
5955,val
5956,train
5957,train
5958,train
5959,train
5960,train
5961,train
5962,train
5963,test
5964,train
5965,test
5966,train
5967,test
5968,train
5969,train
5970,train
5971,train
5972,train
5973,train
5974,val
5975,train
5976,train
5977,train
5978,train
5979,train
5980,train
5981,train
5982,train
5983,train
5984,train
5985,train
5986,train
5987,train
5988,train
5989,train
5990,val
5991,train
5992,test
5993,train
5994,train
5995,train
5996,train
5997,train
5998,test
5999,val
6000,test
6001,train
6002,train
6003,train
6004,train
6005,test
6006,train
6007,train
6008,train
6009,val
6010,test
6011,train
6012,test
6013,train
6014,train
6015,test
6016,train
6017,train
6018,val
6019,train
6020,train
6021,train
6022,train
6023,train
6024,train
6025,train
6026,train
6027,test
6028,train
6029,test
6030,train
6031,train
6032,train
6033,train
6034,train
6035,train
6036,train
6037,train
6038,train
6039,train
6040,train
6041,train
6042,test
6043,train
6044,train
6045,train
6046,train
6047,train
6048,train
6049,train
6050,train
6051,val
6052,train
6053,train
6054,train
6055,train
6056,train
6057,train
6058,train
6059,train
6060,train
6061,val
6062,train
6063,train
6064,train
6065,train
6066,train
6067,train
6068,train
6069,test
6070,train
6071,train
6072,train
6073,train
6074,train
6075,train
6076,train
6077,train
6078,train
6079,val
6080,train
6081,train
6082,train
6083,train
6084,train
6085,test
6086,test
6087,train
6088,train
6089,train
6090,train
6091,test
6092,train
6093,train
6094,train
6095,train
6096,train
6097,val
6098,train
6099,train
6100,val
6101,train
6102,train
6103,test
6104,train
6105,train
6106,train
6107,val
6108,val
6109,val
6110,test
6111,val
6112,train
6113,train
6114,train
6115,train
6116,train
6117,val
6118,test
6119,test
6120,train
6121,train
6122,train
6123,train
6124,train
6125,train
6126,test
6127,train
6128,train
6129,train
6130,train
6131,train
6132,train
6133,train
6134,train
6135,train
6136,train
6137,train
6138,train
6139,val
6140,test
6141,train
6142,train
6143,train
6144,train
6145,train
6146,train
6147,train
6148,train
6149,test
6150,val
6151,train
6152,train
6153,train
6154,train
6155,train
6156,test
6157,train
6158,train
6159,train
6160,train
6161,test
6162,train
6163,train
6164,val
6165,train
6166,train
6167,train
6168,train
6169,val
6170,train
6171,train
6172,train
6173,train
6174,val
6175,val
6176,train
6177,train
6178,train
6179,val
6180,train
6181,train
6182,train
6183,test
6184,test
6185,train
6186,train
6187,train
6188,train
6189,train
6190,train
6191,train
6192,train
6193,train
6194,train
6195,train
6196,train
6197,train
6198,train
6199,test
6200,train
6201,train
6202,train
6203,train
6204,val
6205,train
6206,train
6207,train
6208,train
6209,train
6210,train
6211,train
6212,train
6213,train
6214,val
6215,train
6216,train
6217,train
6218,train
6219,train
6220,train
6221,train
6222,train
6223,test
6224,train
6225,train
6226,train
6227,train
6228,train
6229,test
6230,train
6231,train
6232,train
6233,train
6234,train
6235,train
6236,test
6237,train
6238,train
6239,train
6240,train
6241,train
6242,val
6243,train
6244,train
6245,val
6246,test
6247,test
6248,test
6249,train
6250,train
6251,train
6252,train
6253,val
6254,train
6255,train
6256,train
6257,train
6258,train
6259,train
6260,train
6261,train
6262,train
6263,test
6264,train
6265,train
6266,train
6267,train
6268,train
6269,train
6270,train
6271,val
6272,train
6273,train
6274,train
6275,train
6276,test
6277,train
6278,train
6279,train
6280,val
6281,test
6282,val
6283,val
6284,train
6285,train
6286,train
6287,val
6288,train
6289,train
6290,train
6291,train
6292,train
6293,train
6294,train
6295,train
6296,train
6297,train
6298,train
6299,train
6300,train
6301,train
6302,train
6303,train
6304,train
6305,test
6306,train
6307,train
6308,train
6309,train
6310,train
6311,train
6312,train
6313,val
6314,train
6315,train
6316,test
6317,train
6318,train
6319,train
6320,test
6321,train
6322,train
6323,train
6324,train
6325,train
6326,train
6327,train
6328,train
6329,train
6330,train
6331,train
6332,test
6333,val
6334,train
6335,train
6336,train
6337,train
6338,train
6339,train
6340,val
6341,train
6342,train
6343,train
6344,train
6345,train
6346,train
6347,train
6348,train
6349,train
6350,train
6351,train
6352,train
6353,val
6354,train
6355,train
6356,train
6357,train
6358,train
6359,train
6360,train
6361,test
6362,train
6363,test
6364,train
6365,test
6366,test
6367,val
6368,train
6369,train
6370,val
6371,train
6372,train
6373,test
6374,val
6375,train
6376,test
6377,train
6378,train
6379,train
6380,train
6381,train
6382,train
6383,train
6384,train
6385,train
6386,train
6387,train
6388,train
6389,test
6390,train
6391,train
6392,train
6393,train
6394,train
6395,train
6396,train
6397,train
6398,train
6399,train
6400,train
6401,train
6402,train
6403,val
6404,train
6405,test
6406,train
6407,test
6408,test
6409,train
6410,train
6411,train
6412,train
6413,train
6414,train
6415,train
6416,train
6417,train
6418,train
6419,train
6420,train
6421,train
6422,train
6423,val
6424,train
6425,val
6426,train
6427,train
6428,train
6429,val
6430,test
6431,train
6432,val
6433,train
6434,train
6435,train
6436,test
6437,train
6438,test
6439,train
6440,train
6441,train
6442,train
6443,test
6444,train
6445,train
6446,val
6447,train
6448,train
6449,val
6450,train
6451,train
6452,train
6453,train
6454,train
6455,test
6456,train
6457,train
6458,train
6459,train
6460,train
6461,train
6462,train
6463,train
6464,test
6465,test
6466,train
6467,train
6468,train
6469,val
6470,train
6471,train
6472,train
6473,train
6474,train
6475,val
6476,train
6477,train
6478,train
6479,train
6480,val
6481,train
6482,val
6483,test
6484,train
6485,train
6486,test
6487,train
6488,train
6489,val
6490,train
6491,val
6492,val
6493,test
6494,train
6495,train
6496,train
6497,train
6498,train
6499,train
6500,val
6501,train
6502,test
6503,train
6504,train
6505,train
6506,test
6507,train
6508,train
6509,test
6510,train
6511,train
6512,test
6513,val
6514,train
6515,train
6516,train
6517,train
6518,train
6519,train
6520,train
6521,train
6522,train
6523,train
6524,train
6525,train
6526,train
6527,train
6528,train
6529,val
6530,train
6531,train
6532,train
6533,val
6534,test
6535,test
6536,test
6537,test
6538,train
6539,test
6540,train
6541,train
6542,train
6543,train
6544,train
6545,train
6546,train
6547,train
6548,train
6549,train
6550,val
6551,train
6552,train
6553,train
6554,train
6555,train
6556,val
6557,train
6558,train
6559,train
6560,test
6561,train
6562,test
6563,train
6564,train
6565,val
6566,train
6567,train
6568,train
6569,train
6570,test
6571,train
6572,train
6573,train
6574,test
6575,train
6576,train
6577,train
6578,train
6579,test
6580,train
6581,test
6582,train
6583,train
6584,train
6585,train
6586,train
6587,train
6588,train
6589,train
6590,train
6591,train
6592,train
6593,train
6594,train
6595,train
6596,train
6597,train
6598,train
6599,train
6600,train
6601,train
6602,test
6603,train
6604,train
6605,train
6606,val
6607,train
6608,train
6609,train
6610,val
6611,train
6612,train
6613,train
6614,train
6615,train
6616,train
6617,train
6618,train
6619,train
6620,train
6621,train
6622,train
6623,train
6624,test
6625,train
6626,train
6627,train
6628,train
6629,train
6630,test
6631,val
6632,val
6633,train
6634,train
6635,train
6636,train
6637,train
6638,train
6639,train
6640,train
6641,val
6642,train
6643,train
6644,train
6645,train
6646,train
6647,train
6648,val
6649,train
6650,train
6651,train
6652,train
6653,train
6654,train
6655,val
6656,val
6657,train
6658,val
6659,train
6660,train
6661,train
6662,train
6663,val
6664,train
6665,train
6666,test
6667,train
6668,val
6669,train
6670,train
6671,val
6672,train
6673,train
6674,train
6675,train
6676,train
6677,train
6678,train
6679,val
6680,train
6681,train
6682,train
6683,train
6684,val
6685,train
6686,train
6687,train
6688,train
6689,train
6690,train
6691,train
6692,train
6693,val
6694,train
6695,train
6696,train
6697,train
6698,train
6699,train
6700,train
6701,val
6702,train
6703,val
6704,train
6705,train
6706,train
6707,train
6708,train
6709,train
6710,train
6711,train
6712,train
6713,train
6714,train
6715,train
6716,train
6717,train
6718,train
6719,train
6720,train
6721,test
6722,train
6723,train
6724,train
6725,train
6726,train
6727,train
6728,train
6729,train
6730,test
6731,train
6732,train
6733,train
6734,train
6735,train
6736,test
6737,train
6738,train
6739,train
6740,train
6741,train
6742,train
6743,test
6744,train
6745,train
6746,train
6747,train
6748,train
6749,train
6750,train
6751,train
6752,train
6753,train
6754,train
6755,val
6756,test
6757,train
6758,train
6759,train
6760,train
6761,train
6762,train
6763,test
6764,train
6765,train
6766,train
6767,train
6768,train
6769,train
6770,val
6771,val
6772,train
6773,train
6774,train
6775,train
6776,train
6777,test
6778,train
6779,train
6780,train
6781,test
6782,train
6783,test
6784,train
6785,train
6786,train
6787,train
6788,train
6789,train
6790,train
6791,train
6792,train
6793,train
6794,train
6795,test
6796,test
6797,train
6798,train
6799,test
6800,train
6801,train
6802,train
6803,train
6804,train
6805,train
6806,train
6807,train
6808,train
6809,val
6810,train
6811,train
6812,train
6813,val
6814,train
6815,train
6816,train
6817,train
6818,train
6819,train
6820,test
6821,train
6822,val
6823,train
6824,train
6825,train
6826,val
6827,train
6828,train
6829,train
6830,train
6831,test
6832,val
6833,train
6834,val
6835,train
6836,train
6837,train
6838,train
6839,train
6840,train
6841,train
6842,train
6843,train
6844,train
6845,train
6846,train
6847,train
6848,train
6849,train
6850,train
6851,train
6852,test
6853,train
6854,train
6855,train
6856,train
6857,train
6858,train
6859,train
6860,train
6861,train
6862,train
6863,train
6864,val
6865,test
6866,train
6867,train
6868,test
6869,train
6870,val
6871,train
6872,train
6873,train
6874,train
6875,train
6876,train
6877,train
6878,test
6879,train
6880,train
6881,train
6882,train
6883,train
6884,train
6885,train
6886,train
6887,train
6888,train
6889,test
6890,train
6891,train
6892,train
6893,train
6894,test
6895,train
6896,train
6897,train
6898,train
6899,train
6900,train
6901,val
6902,train
6903,train
6904,train
6905,train
6906,train
6907,train
6908,train
6909,train
6910,train
6911,train
6912,val
6913,train
6914,train
6915,train
6916,train
6917,train
6918,train
6919,train
6920,val
6921,train
6922,train
6923,train
6924,train
6925,train
6926,train
6927,train
6928,train
6929,train
6930,train
6931,train
6932,train
6933,train
6934,train
6935,train
6936,train
6937,train
6938,train
6939,test
6940,train
6941,train
6942,train
6943,val
6944,val
6945,train
6946,train
6947,val
6948,train
6949,train
6950,train
6951,test
6952,train
6953,train
6954,val
6955,train
6956,val
6957,train
6958,train
6959,train
6960,train
6961,train
6962,train
6963,train
6964,val
6965,train
6966,train
6967,train
6968,train
6969,train
6970,train
6971,train
6972,train
6973,train
6974,train
6975,train
6976,train
6977,train
6978,train
6979,train
6980,train
6981,train
6982,test
6983,train
6984,val
6985,train
6986,train
6987,train
6988,train
6989,train
6990,train
6991,train
6992,test
6993,test
6994,train
6995,train
6996,val
6997,train
6998,train
6999,train
7000,train
7001,train
7002,train
7003,train
7004,val
7005,train
7006,val
7007,train
7008,train
7009,train
7010,val
7011,train
7012,test
7013,train
7014,train
7015,val
7016,val
7017,test
7018,train
7019,train
7020,train
7021,train
7022,train
7023,train
7024,train
7025,test
7026,train
7027,train
7028,train
7029,train
7030,train
7031,train
7032,train
7033,train
7034,train
7035,train
7036,train
7037,train
7038,train
7039,train
7040,train
7041,test
7042,train
7043,train
7044,train
7045,train
7046,train
7047,train
7048,train
7049,train
7050,train
7051,train
7052,train
7053,train
7054,train
7055,val
7056,train
7057,train
7058,train
7059,train
7060,train
7061,train
7062,train
7063,train
7064,train
7065,train
7066,train
7067,train
7068,train
7069,train
7070,train
7071,train
7072,train
7073,test
7074,val
7075,test
7076,train
7077,train
7078,train
7079,train
7080,train
7081,train
7082,train
7083,train
7084,train
7085,train
7086,val
7087,train
7088,train
7089,train
7090,train
7091,train
7092,train
7093,test
7094,val
7095,train
7096,train
7097,train
7098,train
7099,test
7100,train
7101,test
7102,train
7103,val
7104,train
7105,train
7106,train
7107,train
7108,train
7109,train
7110,test
7111,train
7112,train
7113,train
7114,train
7115,train
7116,train
7117,train
7118,train
7119,train
7120,test
7121,test
7122,train
7123,val
7124,train
7125,train
7126,test
7127,test
7128,train
7129,train
7130,train
7131,train
7132,train
7133,val
7134,train
7135,train
7136,test
7137,train
7138,val
7139,train
7140,train
7141,train
7142,train
7143,test
7144,train
7145,train
7146,train
7147,train
7148,train
7149,train
7150,train
7151,train
7152,train
7153,train
7154,train
7155,train
7156,train
7157,train
7158,train
7159,train
7160,train
7161,train
7162,train
7163,train
7164,train
7165,train
7166,train
7167,train
7168,val
7169,train
7170,train
7171,train
7172,train
7173,test
7174,train
7175,train
7176,val
7177,train
7178,test
7179,val
7180,train
7181,train
7182,train
7183,train
7184,train
7185,train
7186,train
7187,val
7188,test
7189,train
7190,train
7191,test
7192,train
7193,train
7194,train
7195,train
7196,train
7197,val
7198,train
7199,train
7200,train
7201,test
7202,test
7203,train
7204,train
7205,val
7206,train
7207,train
7208,train
7209,train
7210,val
7211,train
7212,train
7213,val
7214,train
7215,train
7216,train
7217,train
7218,train
7219,train
7220,train
7221,train
7222,test
7223,train
7224,train
7225,test
7226,train
7227,test
7228,train
7229,val
7230,train
7231,train
7232,train
7233,train
7234,train
7235,train
7236,train
7237,test
7238,train
7239,train
7240,train
7241,train
7242,train
7243,test
7244,train
7245,train
7246,train
7247,train
7248,train
7249,train
7250,train
7251,train
7252,val
7253,train
7254,train
7255,train
7256,train
7257,train
7258,test
7259,train
7260,val
7261,train
7262,train
7263,train
7264,train
7265,train
7266,test
7267,test
7268,train
7269,train
7270,train
7271,train
7272,train
7273,train
7274,train
7275,train
7276,train
7277,train
7278,train
7279,train
7280,train
7281,train
7282,train
7283,test
7284,test
7285,train
7286,train
7287,train
7288,test
7289,test
7290,train
7291,test
7292,train
7293,train
7294,train
7295,train
7296,train
7297,train
7298,train
7299,val
7300,val
7301,train
7302,train
7303,train
7304,train
7305,train
7306,train
7307,train
7308,train
7309,val
7310,train
7311,train
7312,train
7313,train
7314,train
7315,test
7316,train
7317,train
7318,val
7319,train
7320,train
7321,val
7322,train
7323,train
7324,train
7325,val
7326,train
7327,val
7328,test
7329,train
7330,test
7331,train
7332,val
7333,train
7334,train
7335,train
7336,test
7337,val
7338,train
7339,train
7340,train
7341,train
7342,train
7343,train
7344,train
7345,val
7346,train
7347,train
7348,test
7349,train
7350,train
7351,train
7352,train
7353,val
7354,train
7355,train
7356,train
7357,train
7358,train
7359,val
7360,train
7361,val
7362,train
7363,train
7364,train
7365,train
7366,train
7367,train
7368,train
7369,train
7370,train
7371,train
7372,train
7373,test
7374,train
7375,train
7376,train
7377,train
7378,train
7379,train
7380,train
7381,test
7382,train
7383,train
7384,train
7385,train
7386,test
7387,train
7388,train
7389,train
7390,train
7391,train
7392,train
7393,train
7394,train
7395,train
7396,train
7397,train
7398,train
7399,train
7400,val
7401,train
7402,train
7403,test
7404,train
7405,train
7406,train
7407,train
7408,test
7409,train
7410,train
7411,train
7412,train
7413,train
7414,test
7415,train
7416,train
7417,train
7418,train
7419,test
7420,train
7421,train
7422,train
7423,train
7424,train
7425,test
7426,train
7427,test
7428,train
7429,train
7430,train
7431,train
7432,val
7433,train
7434,train
7435,test
7436,train
7437,train
7438,train
7439,val
7440,train
7441,val
7442,train
7443,test
7444,train
7445,train
7446,train
7447,val
7448,train
7449,train
7450,val
7451,train
7452,test
7453,train
7454,train
7455,val
7456,train
7457,train
7458,train
7459,val
7460,train
7461,train
7462,train
7463,train
7464,train
7465,train
7466,train
7467,train
7468,train
7469,train
7470,train
7471,train
7472,train
7473,test
7474,train
7475,train
7476,train
7477,train
7478,train
7479,train
7480,train
7481,test
7482,val
7483,train
7484,val
7485,train
7486,train
7487,train
7488,train
7489,train
7490,train
7491,val
7492,test
7493,train
7494,train
7495,train
7496,train
7497,train
7498,train
7499,train
7500,val
7501,train
7502,train
7503,train
7504,train
7505,test
7506,train
7507,val
7508,train
7509,val
7510,train
7511,test
7512,train
7513,test
7514,train
7515,train
7516,test
7517,train
7518,train
7519,train
7520,train
7521,val
7522,train
7523,train
7524,train
7525,test
7526,train
7527,val
7528,train
7529,train
7530,val
7531,test
7532,train
7533,train
7534,train
7535,test
7536,train
7537,train
7538,train
7539,train
7540,train
7541,train
7542,train
7543,train
7544,train
7545,train
7546,train
7547,val
7548,train
7549,train
7550,train
7551,train
7552,train
7553,val
7554,val
7555,train
7556,val
7557,train
7558,train
7559,train
7560,train
7561,train
7562,train
7563,val
7564,train
7565,train
7566,train
7567,train
7568,train
7569,test
7570,train
7571,train
7572,test
7573,train
7574,train
7575,test
7576,train
7577,train
7578,test
7579,train
7580,train
7581,train
7582,train
7583,train
7584,val
7585,train
7586,train
7587,train
7588,train
7589,train
7590,test
7591,train
7592,test
7593,test
7594,train
7595,test
7596,train
7597,train
7598,train
7599,val
7600,train
7601,train
7602,train
7603,train
7604,train
7605,train
7606,train
7607,train
7608,train
7609,train
7610,test
7611,train
7612,train
7613,train
7614,test
7615,val
7616,train
7617,train
7618,test
7619,val
7620,train
7621,train
7622,train
7623,test
7624,val
7625,train
7626,train
7627,val
7628,train
7629,train
7630,train
7631,train
7632,train
7633,val
7634,train
7635,train
7636,test
7637,test
7638,train
7639,train
7640,train
7641,train
7642,val
7643,train
7644,train
7645,train
7646,train
7647,train
7648,train
7649,train
7650,train
7651,train
7652,train
7653,train
7654,train
7655,train
7656,train
7657,train
7658,test
7659,val
7660,train
7661,train
7662,train
7663,train
7664,train
7665,train
7666,train
7667,train
7668,train
7669,val
7670,train
7671,train
7672,train
7673,test
7674,train
7675,val
7676,test
7677,train
7678,val
7679,train
7680,train
7681,test
7682,train
7683,val
7684,train
7685,val
7686,train
7687,train
7688,val
7689,train
7690,test
7691,train
7692,train
7693,test
7694,train
7695,train
7696,train
7697,train
7698,test
7699,train
7700,train
7701,train
7702,train
7703,train
7704,val
7705,train
7706,train
7707,train
7708,train
7709,train
7710,train
7711,train
7712,train
7713,val
7714,train
7715,train
7716,train
7717,test
7718,test
7719,val
7720,test
7721,test
7722,train
7723,train
7724,train
7725,val
7726,train
7727,val
7728,train
7729,train
7730,val
7731,val
7732,train
7733,train
7734,train
7735,train
7736,train
7737,val
7738,val
7739,train
7740,train
7741,train
7742,train
7743,val
7744,train
7745,val
7746,train
7747,train
7748,train
7749,train
7750,train
7751,train
7752,train
7753,train
7754,train
7755,train
7756,val
7757,train
7758,train
7759,train
7760,train
7761,train
7762,val
7763,train
7764,train
7765,train
7766,train
7767,train
7768,train
7769,train
7770,val
7771,train
7772,test
7773,train
7774,val
7775,train
7776,train
7777,train
7778,train
7779,train
7780,train
7781,train
7782,train
7783,train
7784,train
7785,train
7786,train
7787,train
7788,train
7789,train
7790,test
7791,train
7792,train
7793,train
7794,train
7795,train
7796,val
7797,train
7798,train
7799,train
7800,train
7801,train
7802,train
7803,train
7804,train
7805,train
7806,train
7807,train
7808,train
7809,train
7810,train
7811,train
7812,test
7813,train
7814,train
7815,train
7816,train
7817,test
7818,train
7819,val
7820,train
7821,train
7822,train
7823,val
7824,test
7825,train
7826,train
7827,train
7828,train
7829,val
7830,train
7831,train
7832,train
7833,train
7834,train
7835,train
7836,train
7837,train
7838,val
7839,train
7840,train
7841,train
7842,train
7843,val
7844,train
7845,train
7846,test
7847,train
7848,train
7849,val
7850,train
7851,train
7852,train
7853,train
7854,train
7855,train
7856,train
7857,train
7858,train
7859,train
7860,train
7861,train
7862,train
7863,train
7864,test
7865,train
7866,train
7867,test
7868,val
7869,train
7870,test
7871,train
7872,train
7873,val
7874,train
7875,train
7876,train
7877,train
7878,train
7879,train
7880,train
7881,val
7882,train
7883,train
7884,train
7885,train
7886,train
7887,train
7888,train
7889,train
7890,val
7891,train
7892,test
7893,train
7894,train
7895,train
7896,train
7897,train
7898,train
7899,train
7900,test
7901,train
7902,train
7903,train
7904,train
7905,train
7906,train
7907,train
7908,train
7909,train
7910,train
7911,train
7912,val
7913,train
7914,train
7915,train
7916,train
7917,train
7918,train
7919,train
7920,train
7921,train
7922,train
7923,train
7924,train
7925,train
7926,train
7927,train
7928,val
7929,train
7930,train
7931,train
7932,train
7933,train
7934,train
7935,train
7936,train
7937,val
7938,train
7939,train
7940,train
7941,train
7942,train
7943,train
7944,train
7945,train
7946,val
7947,train
7948,train
7949,train
7950,train
7951,train
7952,val
7953,train
7954,train
7955,train
7956,train
7957,train
7958,train
7959,val
7960,train
7961,train
7962,test
7963,train
7964,train
7965,test
7966,train
7967,train
7968,train
7969,train
7970,train
7971,test
7972,train
7973,val
7974,train
7975,train
7976,train
7977,train
7978,test
7979,train
7980,train
7981,test
7982,train
7983,train
7984,train
7985,val
7986,val
7987,train
7988,test
7989,train
7990,train
7991,train
7992,train
7993,train
7994,train
7995,val
7996,train
7997,test
7998,train
7999,train
8000,train
8001,train
8002,train
8003,train
8004,train
8005,train
8006,train
8007,train
8008,train
8009,train
8010,train
8011,train
8012,train
8013,train
8014,train
8015,train
8016,val
8017,train
8018,val
8019,train
8020,train
8021,train
8022,val
8023,train
8024,train
8025,train
8026,test
8027,test
8028,train
8029,test
8030,train
8031,train
8032,train
8033,test
8034,train
8035,train
8036,test
8037,train
8038,train
8039,test
8040,train
8041,train
8042,train
8043,train
8044,train
8045,train
8046,train
8047,train
8048,val
8049,train
8050,train
8051,train
8052,val
8053,train
8054,val
8055,train
8056,train
8057,train
8058,train
8059,train
8060,val
8061,train
8062,train
8063,test
8064,train
8065,test
8066,val
8067,train
8068,train
8069,train
8070,train
8071,train
8072,train
8073,train
8074,train
8075,train
8076,train
8077,train
8078,val
8079,train
8080,train
8081,train
8082,train
8083,train
8084,test
8085,train
8086,train
8087,val
8088,train
8089,train
8090,val
8091,train
8092,train
8093,train
8094,train
8095,train
8096,train
8097,val
8098,train
8099,test
8100,val
8101,val
8102,train
8103,train
8104,train
8105,train
8106,train
8107,train
8108,train
8109,train
8110,train
8111,train
8112,train
8113,train
8114,train
8115,train
8116,test
8117,train
8118,train
8119,test
8120,train
8121,train
8122,train
8123,train
8124,val
8125,train
8126,train
8127,train
8128,train
8129,train
8130,train
8131,train
8132,train
8133,train
8134,train
8135,train
8136,train
8137,train
8138,train
8139,train
8140,train
8141,val
8142,train
8143,train
8144,train
8145,train
8146,train
8147,train
8148,test
8149,train
8150,test
8151,train
8152,train
8153,val
8154,train
8155,train
8156,val
8157,train
8158,train
8159,train
8160,test
8161,train
8162,train
8163,train
8164,train
8165,train
8166,train
8167,train
8168,train
8169,train
8170,train
8171,train
8172,train
8173,train
8174,train
8175,test
8176,train
8177,train
8178,train
8179,train
8180,train
8181,train
8182,train
8183,test
8184,train
8185,train
8186,train
8187,train
8188,train
8189,train
8190,val
8191,train
8192,test
8193,train
8194,train
8195,val
8196,train
8197,train
8198,train
8199,test
8200,train
8201,train
8202,train
8203,test
8204,val
8205,train
8206,train
8207,test
8208,train
8209,train
8210,train
8211,train
8212,train
8213,test
8214,train
8215,train
8216,train
8217,train
8218,test
8219,train
8220,train
8221,train
8222,train
8223,train
8224,val
8225,train
8226,train
8227,test
8228,train
8229,train
8230,train
8231,train
8232,val
8233,train
8234,train
8235,train
8236,train
8237,train
8238,train
8239,train
8240,train
8241,val
8242,train
8243,train
8244,train
8245,test
8246,train
8247,train
8248,train
8249,train
8250,train
8251,test
8252,train
8253,train
8254,train
8255,train
8256,test
8257,train
8258,train
8259,train
8260,val
8261,train
8262,test
8263,test
8264,val
8265,train
8266,train
8267,train
8268,train
8269,train
8270,train
8271,train
8272,train
8273,train
8274,train
8275,train
8276,val
8277,test
8278,train
8279,val
8280,test
8281,train
8282,train
8283,val
8284,test
8285,test
8286,train
8287,val
8288,train
8289,test
8290,train
8291,train
8292,test
8293,train
8294,train
8295,train
8296,train
8297,train
8298,train
8299,test
8300,train
8301,train
8302,train
8303,train
8304,test
8305,train
8306,train
8307,test
8308,train
8309,train
8310,train
8311,train
8312,train
8313,train
8314,train
8315,train
8316,train
8317,train
8318,val
8319,train
8320,train
8321,train
8322,train
8323,train
8324,train
8325,train
8326,train
8327,train
8328,train
8329,train
8330,train
8331,train
8332,test
8333,train
8334,test
8335,test
8336,train
8337,train
8338,train
8339,train
8340,train
8341,train
8342,train
8343,train
8344,train
8345,train
8346,val
8347,val
8348,train
8349,train
8350,train
8351,train
8352,train
8353,train
8354,val
8355,train
8356,train
8357,train
8358,train
8359,train
8360,test
8361,train
8362,train
8363,train
8364,train
8365,train
8366,train
8367,train
8368,train
8369,train
8370,train
8371,train
8372,train
8373,train
8374,train
8375,train
8376,train
8377,train
8378,train
8379,train
8380,val
8381,train
8382,train
8383,train
8384,train
8385,train
8386,train
8387,train
8388,train
8389,train
8390,train
8391,train
8392,train
8393,train
8394,train
8395,train
8396,train
8397,train
8398,train
8399,test
8400,train
8401,train
8402,test
8403,train
8404,test
8405,train
8406,train
8407,val
8408,train
8409,train
8410,train
8411,train
8412,train
8413,train
8414,train
8415,test
8416,train
8417,train
8418,val
8419,train
8420,train
8421,train
8422,train
8423,val
8424,train
8425,train
8426,train
8427,train
8428,train
8429,train
8430,train
8431,train
8432,train
8433,train
8434,train
8435,train
8436,train
8437,train
8438,test
8439,train
8440,train
8441,train
8442,test
8443,test
8444,train
8445,train
8446,train
8447,train
8448,test
8449,val
8450,train
8451,val
8452,train
8453,train
8454,test
8455,train
8456,train
8457,train
8458,train
8459,train
8460,train
8461,train
8462,train
8463,train
8464,train
8465,train
8466,train
8467,train
8468,train
8469,train
8470,train
8471,train
8472,train
8473,train
8474,train
8475,train
8476,train
8477,train
8478,train
8479,val
8480,test
8481,val
8482,train
8483,train
8484,train
8485,train
8486,val
8487,val
8488,train
8489,train
8490,test
8491,test
8492,train
8493,train
8494,train
8495,train
8496,train
8497,train
8498,train
8499,train
8500,train
8501,train
8502,train
8503,test
8504,train
8505,train
8506,train
8507,train
8508,train
8509,train
8510,val
8511,train
8512,train
8513,train
8514,train
8515,train
8516,train
8517,train
8518,train
8519,train
8520,train
8521,train
8522,train
8523,val
8524,train
8525,train
8526,train
8527,train
8528,test
8529,train
8530,train
8531,train
8532,train
8533,train
8534,train
8535,test
8536,train
8537,val
8538,train
8539,test
8540,train
8541,train
8542,train
8543,train
8544,train
8545,train
8546,train
8547,val
8548,val
8549,train
8550,train
8551,val
8552,val
8553,val
8554,train
8555,train
8556,train
8557,test
8558,val
8559,train
8560,val
8561,train
8562,train
8563,train
8564,test
8565,train
8566,train
8567,train
8568,train
8569,train
8570,train
8571,train
8572,train
8573,train
8574,train
8575,train
8576,train
8577,train
8578,train
8579,train
8580,train
8581,train
8582,train
8583,train
8584,train
8585,train
8586,train
8587,train
8588,val
8589,test
8590,train
8591,test
8592,train
8593,train
8594,test
8595,train
8596,train
8597,train
8598,train
8599,train
8600,train
8601,train
8602,train
8603,train
8604,train
8605,train
8606,train
8607,train
8608,train
8609,train
8610,train
8611,test
8612,train
8613,val
8614,train
8615,train
8616,train
8617,train
8618,train
8619,train
8620,train
8621,val
8622,train
8623,train
8624,train
8625,val
8626,test
8627,train
8628,train
8629,train
8630,train
8631,train
8632,train
8633,train
8634,test
8635,train
8636,train
8637,train
8638,train
8639,val
8640,train
8641,train
8642,test
8643,train
8644,train
8645,train
8646,train
8647,train
8648,train
8649,train
8650,train
8651,train
8652,test
8653,train
8654,train
8655,val
8656,train
8657,train
8658,train
8659,train
8660,train
8661,train
8662,train
8663,train
8664,train
8665,train
8666,test
8667,train
8668,train
8669,train
8670,train
8671,test
8672,train
8673,test
8674,train
8675,train
8676,train
8677,train
8678,train
8679,train
8680,train
8681,train
8682,train
8683,val
8684,test
8685,train
8686,val
8687,test
8688,train
8689,train
8690,train
8691,train
8692,train
8693,test
8694,train
8695,train
8696,train
8697,train
8698,train
8699,train
8700,test
8701,test
8702,train
8703,train
8704,train
8705,val
8706,test
8707,train
8708,val
8709,train
8710,train
8711,train
8712,train
8713,train
8714,val
8715,test
8716,val
8717,train
8718,train
8719,test
8720,train
8721,train
8722,train
8723,train
8724,test
8725,train
8726,train
8727,test
8728,test
8729,train
8730,train
8731,train
8732,val
8733,train
8734,train
8735,train
8736,train
8737,train
8738,train
8739,train
8740,train
8741,train
8742,train
8743,val
8744,train
8745,train
8746,train
8747,test
8748,train
8749,train
8750,train
8751,train
8752,train
8753,train
8754,train
8755,train
8756,train
8757,test
8758,train
8759,train
8760,train
8761,train
8762,train
8763,train
8764,test
8765,test
8766,train
8767,train
8768,val
8769,test
8770,train
8771,train
8772,train
8773,train
8774,train
8775,train
8776,train
8777,train
8778,train
8779,train
8780,train
8781,train
8782,train
8783,train
8784,train
8785,train
8786,test
8787,train
8788,train
8789,train
8790,val
8791,train
8792,train
8793,train
8794,train
8795,val
8796,train
8797,test
8798,train
8799,train
8800,train
8801,test
8802,train
8803,train
8804,train
8805,train
8806,train
8807,train
8808,train
8809,train
8810,train
8811,train
8812,train
8813,train
8814,train
8815,train
8816,train
8817,train
8818,train
8819,train
8820,train
8821,test
8822,train
8823,train
8824,train
8825,train
8826,test
8827,train
8828,train
8829,train
8830,test
8831,val
8832,train
8833,train
8834,val
8835,val
8836,train
8837,test
8838,train
8839,test
8840,train
8841,train
8842,train
8843,train
8844,train
8845,test
8846,train
8847,train
8848,test
8849,train
8850,train
8851,test
8852,train
8853,train
8854,train
8855,train
8856,train
8857,train
8858,train
8859,train
8860,train
8861,train
8862,train
8863,train
8864,train
8865,train
8866,train
8867,train
8868,train
8869,train
8870,train
8871,val
8872,train
8873,train
8874,train
8875,train
8876,train
8877,train
8878,train
8879,test
8880,test
8881,train
8882,train
8883,train
8884,train
8885,train
8886,train
8887,train
8888,train
8889,train
8890,train
8891,train
8892,train
8893,train
8894,val
8895,train
8896,train
8897,train
8898,train
8899,val
8900,train
8901,train
8902,train
8903,val
8904,train
8905,train
8906,train
8907,train
8908,test
8909,train
8910,train
8911,train
8912,test
8913,train
8914,train
8915,train
8916,train
8917,train
8918,val
8919,train
8920,test
8921,val
8922,test
8923,train
8924,val
8925,train
8926,train
8927,train
8928,train
8929,train
8930,val
8931,train
8932,train
8933,train
8934,test
8935,train
8936,train
8937,test
8938,train
8939,test
8940,train
8941,val
8942,train
8943,train
8944,test
8945,train
8946,train
8947,val
8948,train
8949,train
8950,train
8951,train
8952,train
8953,val
8954,test
8955,train
8956,train
8957,train
8958,train
8959,train
8960,val
8961,train
8962,train
8963,train
8964,train
8965,train
8966,train
8967,train
8968,train
8969,train
8970,train
8971,train
8972,test
8973,train
8974,train
8975,train
8976,val
8977,train
8978,train
8979,test
8980,train
8981,train
8982,train
8983,train
8984,train
8985,train
8986,test
8987,train
8988,train
8989,train
8990,train
8991,train
8992,train
8993,train
8994,train
8995,train
8996,train
8997,train
8998,train
8999,train
9000,train
9001,train
9002,train
9003,val
9004,train
9005,train
9006,train
9007,train
9008,train
9009,train
9010,val
9011,test
9012,train
9013,train
9014,train
9015,test
9016,train
9017,train
9018,test
9019,train
9020,train
9021,train
9022,train
9023,train
9024,train
9025,train
9026,val
9027,train
9028,train
9029,train
9030,test
9031,train
9032,train
9033,test
9034,train
9035,train
9036,val
9037,train
9038,train
9039,train
9040,train
9041,train
9042,train
9043,train
9044,test
9045,train
9046,train
9047,val
9048,val
9049,train
9050,test
9051,train
9052,test
9053,test
9054,train
9055,train
9056,train
9057,train
9058,test
9059,train
9060,train
9061,train
9062,test
9063,train
9064,train
9065,train
9066,val
9067,train
9068,train
9069,train
9070,train
9071,test
9072,train
9073,train
9074,train
9075,train
9076,test
9077,train
9078,train
9079,train
9080,train
9081,train
9082,train
9083,train
9084,train
9085,test
9086,val
9087,test
9088,train
9089,train
9090,train
9091,train
9092,train
9093,test
9094,train
9095,train
9096,test
9097,train
9098,train
9099,val
9100,train
9101,train
9102,train
9103,train
9104,train
9105,train
9106,train
9107,train
9108,train
9109,train
9110,train
9111,train
9112,train
9113,test
9114,train
9115,train
9116,train
9117,val
9118,train
9119,train
9120,train
9121,train
9122,train
9123,train
9124,train
9125,train
9126,train
9127,train
9128,test
9129,train
9130,train
9131,train
9132,train
9133,val
9134,train
9135,train
9136,train
9137,train
9138,val
9139,val
9140,train
9141,train
9142,train
9143,train
9144,train
9145,train
9146,train
9147,train
9148,val
9149,train
9150,train
9151,train
9152,val
9153,train
9154,train
9155,train
9156,train
9157,train
9158,train
9159,train
9160,train
9161,val
9162,train
9163,train
9164,train
9165,val
9166,test
9167,train
9168,test
9169,train
9170,train
9171,test
9172,train
9173,train
9174,train
9175,train
9176,train
9177,train
9178,test
9179,train
9180,test
9181,train
9182,train
9183,train
9184,test
9185,test
9186,train
9187,train
9188,train
9189,val
9190,train
9191,test
9192,train
9193,train
9194,val
9195,train
9196,train
9197,train
9198,train
9199,train
9200,train
9201,train
9202,train
9203,train
9204,train
9205,train
9206,test
9207,train
9208,train
9209,train
9210,val
9211,train
9212,train
9213,train
9214,train
9215,test
9216,train
9217,train
9218,train
9219,train
9220,train
9221,train
9222,train
9223,train
9224,train
9225,train
9226,train
9227,train
9228,train
9229,train
9230,train
9231,train
9232,train
9233,train
9234,train
9235,train
9236,train
9237,train
9238,test
9239,val
9240,train
9241,train
9242,train
9243,train
9244,train
9245,train
9246,train
9247,train
9248,train
9249,train
9250,train
9251,val
9252,val
9253,val
9254,train
9255,train
9256,train
9257,train
9258,train
9259,val
9260,train
9261,val
9262,train
9263,train
9264,val
9265,test
9266,train
9267,train
9268,test
9269,train
9270,val
9271,train
9272,train
9273,val
9274,train
9275,train
9276,train
9277,train
9278,train
9279,train
9280,train
9281,train
9282,train
9283,train
9284,train
9285,train
9286,train
9287,train
9288,train
9289,train
9290,train
9291,train
9292,train
9293,train
9294,train
9295,val
9296,train
9297,train
9298,train
9299,train
9300,train
9301,train
9302,train
9303,val
9304,train
9305,train
9306,train
9307,train
9308,train
9309,train
9310,train
9311,train
9312,train
9313,test
9314,train
9315,test
9316,train
9317,train
9318,train
9319,train
9320,train
9321,train
9322,val
9323,train
9324,train
9325,train
9326,train
9327,train
9328,train
9329,train
9330,train
9331,val
9332,train
9333,train
9334,train
9335,train
9336,train
9337,train
9338,train
9339,train
9340,val
9341,train
9342,train
9343,train
9344,train
9345,train
9346,train
9347,train
9348,train
9349,train
9350,test
9351,train
9352,train
9353,train
9354,val
9355,train
9356,train
9357,train
9358,train
9359,test
9360,train
9361,val
9362,train
9363,train
9364,train
9365,train
9366,test
9367,train
9368,train
9369,train
9370,train
9371,val
9372,train
9373,test
9374,val
9375,train
9376,train
9377,train
9378,train
9379,train
9380,train
9381,train
9382,test
9383,val
9384,test
9385,train
9386,train
9387,train
9388,train
9389,train
9390,train
9391,train
9392,val
9393,train
9394,train
9395,train
9396,train
9397,train
9398,test
9399,train
9400,train
9401,train
9402,train
9403,train
9404,train
9405,train
9406,train
9407,train
9408,train
9409,train
9410,train
9411,train
9412,train
9413,train
9414,train
9415,train
9416,train
9417,test
9418,train
9419,train
9420,train
9421,train
9422,train
9423,train
9424,train
9425,train
9426,train
9427,train
9428,train
9429,train
9430,train
9431,train
9432,train
9433,train
9434,train
9435,train
9436,val
9437,train
9438,train
9439,train
9440,train
9441,test
9442,train
9443,train
9444,train
9445,val
9446,train
9447,train
9448,train
9449,train
9450,val
9451,train
9452,train
9453,train
9454,test
9455,test
9456,test
9457,train
9458,train
9459,train
9460,train
9461,train
9462,train
9463,train
9464,train
9465,train
9466,test
9467,train
9468,train
9469,train
9470,train
9471,train
9472,test
9473,train
9474,val
9475,train
9476,val
9477,train
9478,val
9479,val
9480,train
9481,train
9482,train
9483,train
9484,train
9485,train
9486,test
9487,train
9488,train
9489,train
9490,train
9491,train
9492,train
9493,val
9494,train
9495,train
9496,train
9497,train
9498,val
9499,test
9500,train
9501,val
9502,val
9503,val
9504,train
9505,train
9506,train
9507,train
9508,train
9509,train
9510,train
9511,train
9512,val
9513,train
9514,test
9515,train
9516,train
9517,train
9518,train
9519,train
9520,train
9521,train
9522,train
9523,train
9524,train
9525,train
9526,train
9527,train
9528,val
9529,train
9530,train
9531,train
9532,test
9533,test
9534,train
9535,test
9536,train
9537,train
9538,train
9539,train
9540,val
9541,test
9542,train
9543,train
9544,train
9545,val
9546,train
9547,train
9548,train
9549,train
9550,val
9551,train
9552,train
9553,train
9554,train
9555,val
9556,train
9557,train
9558,train
9559,train
9560,train
9561,train
9562,val
9563,test
9564,val
9565,train
9566,test
9567,train
9568,train
9569,train
9570,train
9571,train
9572,train
9573,train
9574,train
9575,train
9576,train
9577,train
9578,train
9579,train
9580,train
9581,train
9582,train
9583,train
9584,test
9585,train
9586,test
9587,train
9588,train
9589,test
9590,train
9591,train
9592,train
9593,train
9594,train
9595,val
9596,train
9597,train
9598,train
9599,train
9600,train
9601,train
9602,val
9603,train
9604,train
9605,train
9606,train
9607,train
9608,train
9609,train
9610,train
9611,train
9612,train
9613,train
9614,train
9615,train
9616,train
9617,train
9618,train
9619,train
9620,train
9621,train
9622,val
9623,train
9624,train
9625,train
9626,test
9627,train
9628,train
9629,train
9630,val
9631,test
9632,val
9633,train
9634,train
9635,train
9636,train
9637,train
9638,train
9639,train
9640,val
9641,train
9642,train
9643,train
9644,train
9645,train
9646,train
9647,train
9648,test
9649,test
9650,train
9651,train
9652,test
9653,train
9654,test
9655,train
9656,val
9657,train
9658,train
9659,train
9660,train
9661,train
9662,train
9663,train
9664,train
9665,train
9666,val
9667,train
9668,val
9669,train
9670,train
9671,val
9672,train
9673,train
9674,train
9675,train
9676,train
9677,train
9678,train
9679,val
9680,train
9681,train
9682,train
9683,train
9684,val
9685,train
9686,train
9687,train
9688,train
9689,train
9690,train
9691,train
9692,train
9693,train
9694,train
9695,train
9696,train
9697,test
9698,train
9699,train
9700,train
9701,train
9702,train
9703,train
9704,train
9705,train
9706,val
9707,val
9708,train
9709,train
9710,test
9711,train
9712,train
9713,train
9714,test
9715,train
9716,train
9717,train
9718,train
9719,train
9720,train
9721,train
9722,test
9723,train
9724,train
9725,train
9726,val
9727,train
9728,train
9729,train
9730,train
9731,test
9732,train
9733,train
9734,train
9735,val
9736,train
9737,test
9738,train
9739,train
9740,train
9741,test
9742,train
9743,train
9744,train
9745,train
9746,train
9747,val
9748,val
9749,val
9750,train
9751,train
9752,train
9753,train
9754,train
9755,test
9756,train
9757,test
9758,train
9759,train
9760,train
9761,train
9762,train
9763,train
9764,train
9765,train
9766,train
9767,train
9768,train
9769,train
9770,train
9771,val
9772,train
9773,train
9774,train
9775,train
9776,val
9777,train
9778,train
9779,train
9780,train
9781,train
9782,train
9783,train
9784,test
9785,train
9786,train
9787,train
9788,train
9789,train
9790,train
9791,train
9792,test
9793,train
9794,train
9795,test
9796,train
9797,train
9798,train
9799,train
9800,val
9801,train
9802,train
9803,train
9804,train
9805,train
9806,test
9807,train
9808,train
9809,train
9810,train
9811,train
9812,train
9813,train
9814,train
9815,train
9816,train
9817,train
9818,test
9819,train
9820,train
9821,train
9822,train
9823,train
9824,train
9825,test
9826,train
9827,test
9828,train
9829,val
9830,train
9831,train
9832,train
9833,train
9834,train
9835,train
9836,train
9837,train
9838,train
9839,test
9840,train
9841,train
9842,train
9843,val
9844,train
9845,train
9846,test
9847,train
9848,train
9849,train
9850,train
9851,train
9852,train
9853,train
9854,train
9855,train
9856,train
9857,train
9858,train
9859,train
9860,train
9861,train
9862,test
9863,train
9864,train
9865,train
9866,test
9867,train
9868,val
9869,train
9870,train
9871,train
9872,train
9873,train
9874,train
9875,train
9876,train
9877,train
9878,train
9879,train
9880,val
9881,train
9882,train
9883,train
9884,train
9885,train
9886,train
9887,train
9888,train
9889,train
9890,train
9891,train
9892,train
9893,val
9894,train
9895,train
9896,train
9897,train
9898,train
9899,test
9900,train
9901,train
9902,train
9903,train
9904,train
9905,train
9906,train
9907,train
9908,val
9909,train
9910,test
9911,train
9912,train
9913,train
9914,train
9915,train
9916,train
9917,train
9918,train
9919,train
9920,train
9921,val
9922,val
9923,train
9924,train
9925,train
9926,train
9927,train
9928,train
9929,train
9930,train
9931,train
9932,val
9933,train
9934,train
9935,train
9936,train
9937,train
9938,train
9939,train
9940,train
9941,train
9942,train
9943,train
9944,train
9945,train
9946,train
9947,train
9948,train
9949,test
9950,train
9951,train
9952,train
9953,train
9954,train
9955,train
9956,train
9957,test
9958,train
9959,train
9960,train
9961,train
9962,train
9963,train
9964,train
9965,val
9966,train
9967,train
9968,val
9969,train
9970,train
9971,train
9972,test
9973,train
9974,train
9975,test
9976,train
9977,train
9978,train
9979,train
9980,train
9981,train
9982,train
9983,train
9984,train
9985,train
9986,train
9987,test
9988,train
9989,train
9990,val
9991,train
9992,train
9993,train
9994,train
9995,train
9996,train
9997,train
9998,train
9999,train
10000,train
10001,train
10002,train
10003,train
10004,train
10005,train
10006,train
10007,train
10008,val
10009,train
10010,train
10011,test
10012,train
10013,test
10014,train
10015,test
10016,train
10017,train
10018,val
10019,train
10020,train
10021,train
10022,train
10023,train
10024,val
10025,train
10026,val
10027,val
10028,train
10029,train
10030,train
10031,train
10032,train
10033,train
10034,train
10035,train
10036,val
10037,train
10038,train
10039,train
10040,train
10041,train
10042,train
10043,test
10044,train
10045,train
10046,train
10047,train
10048,test
10049,train
10050,train
10051,train
10052,test
10053,train
10054,train
10055,train
10056,train
10057,train
10058,train
10059,train
10060,train
10061,train
10062,test
10063,train
10064,train
10065,train
10066,val
10067,train
10068,test
10069,train
10070,test
10071,train
10072,train
10073,train
10074,train
10075,train
10076,train
10077,train
10078,val
10079,train
10080,train
10081,train
10082,train
10083,train
10084,train
10085,train
10086,val
10087,train
10088,train
10089,train
10090,val
10091,test
10092,train
10093,train
10094,train
10095,train
10096,train
10097,train
10098,train
10099,train
10100,test
10101,train
10102,train
10103,train
10104,train
10105,train
10106,train
10107,train
10108,val
10109,train
10110,train
10111,train
10112,train
10113,train
10114,train
10115,train
10116,train
10117,train
10118,train
10119,train
10120,train
10121,test
10122,train
10123,train
10124,val
10125,train
10126,train
10127,train
10128,train
10129,train
10130,train
10131,train
10132,test
10133,train
10134,train
10135,train
10136,train
10137,train
10138,val
10139,train
10140,train
10141,train
10142,train
10143,train
10144,train
10145,train
10146,train
10147,train
10148,train
10149,train
10150,val
10151,val
10152,train
10153,train
10154,train
10155,test
10156,test
10157,val
10158,train
10159,train
10160,train
10161,train
10162,test
10163,train
10164,test
10165,train
10166,test
10167,train
10168,train
10169,train
10170,train
10171,train
10172,train
10173,train
10174,train
10175,train
10176,train
10177,train
10178,train
10179,train
10180,val
10181,test
10182,train
10183,train
10184,test
10185,val
10186,train
10187,val
10188,train
10189,test
10190,train
10191,train
10192,train
10193,train
10194,train
10195,train
10196,val
10197,train
10198,train
10199,train
10200,train
10201,test
10202,train
10203,train
10204,test
10205,train
10206,train
10207,train
10208,train
10209,train
10210,val
10211,train
10212,train
10213,train
10214,train
10215,test
10216,train
10217,val
10218,train
10219,train
10220,train
10221,train
10222,train
10223,train
10224,train
10225,train
10226,train
10227,test
10228,train
10229,train
10230,test
10231,train
10232,train
10233,train
10234,train
10235,train
10236,train
10237,train
10238,val
10239,train
10240,train
10241,train
10242,train
10243,train
10244,val
10245,val
10246,train
10247,train
10248,train
10249,test
10250,train
10251,train
10252,train
10253,train
10254,val
10255,train
10256,train
10257,val
10258,train
10259,train
10260,train
10261,train
10262,train
10263,train
10264,val
10265,train
10266,train
10267,train
10268,train
10269,train
10270,train
10271,train
10272,train
10273,train
10274,train
10275,train
10276,train
10277,train
10278,val
10279,train
10280,train
10281,val
10282,val
10283,train
10284,train
10285,train
10286,val
10287,train
10288,train
10289,val
10290,train
10291,train
10292,train
10293,train
10294,train
10295,train
10296,train
10297,train
10298,train
10299,train
10300,train
10301,train
10302,train
10303,train
10304,train
10305,test
10306,train
10307,train
10308,train
10309,test
10310,train
10311,train
10312,train
10313,train
10314,train
10315,test
10316,test
10317,train
10318,train
10319,train
10320,train
10321,train
10322,train
10323,train
10324,train
10325,train
10326,train
10327,train
10328,train
10329,train
10330,train
10331,val
10332,val
10333,train
10334,train
10335,train
10336,train
10337,test
10338,train
10339,test
10340,train
10341,train
10342,train
10343,train
10344,train
10345,train
10346,train
10347,train
10348,train
10349,test
10350,test
10351,train
10352,train
10353,train
10354,train
10355,train
10356,train
10357,train
10358,train
10359,val
10360,train
10361,train
10362,train
10363,train
10364,train
10365,train
10366,train
10367,test
10368,train
10369,train
10370,train
10371,test
10372,train
10373,test
10374,train
10375,test
10376,train
10377,test
10378,train
10379,train
10380,train
10381,train
10382,train
10383,train
10384,val
10385,train
10386,train
10387,train
10388,test
10389,train
10390,train
10391,train
10392,train
10393,train
10394,train
10395,train
10396,train
10397,train
10398,train
10399,train
10400,train
10401,train
10402,train
10403,train
10404,train
10405,train
10406,train
10407,test
10408,train
10409,train
10410,train
10411,train
10412,train
10413,val
10414,train
10415,train
10416,train
10417,train
10418,train
10419,train
10420,train
10421,train
10422,train
10423,train
10424,train
10425,train
10426,train
10427,train
10428,train
10429,train
10430,train
10431,test
10432,train
10433,train
10434,train
10435,train
10436,train
10437,test
10438,test
10439,train
10440,train
10441,test
10442,train
10443,train
10444,train
10445,val
10446,train
10447,test
10448,train
10449,train
10450,train
10451,train
10452,train
10453,train
10454,train
10455,val
10456,train
10457,train
10458,train
10459,train
10460,train
10461,train
10462,val
10463,train
10464,val
10465,test
10466,train
10467,test
10468,train
10469,train
10470,train
10471,train
10472,train
10473,test
10474,train
10475,train
10476,train
10477,train
10478,train
10479,train
10480,train
10481,train
10482,train
10483,train
10484,train
10485,train
10486,train
10487,train
10488,train
10489,train
10490,train
10491,train
10492,val
10493,train
10494,train
10495,train
10496,train
10497,train
10498,train
10499,train
10500,train
10501,train
10502,train
10503,train
10504,test
10505,train
10506,train
10507,val
10508,train
10509,train
10510,train
10511,train
10512,val
10513,train
10514,train
10515,train
10516,train
10517,train
10518,train
10519,train
10520,train
10521,train
10522,train
10523,train
10524,train
10525,train
10526,train
10527,train
10528,test
10529,train
10530,train
10531,train
10532,train
10533,train
10534,train
10535,train
10536,train
10537,val
10538,test
10539,train
10540,test
10541,train
10542,val
10543,val
10544,train
10545,train
10546,train
10547,train
10548,train
10549,train
10550,train
10551,val
10552,train
10553,val
10554,train
10555,train
10556,train
10557,train
10558,train
10559,test
10560,train
10561,train
10562,val
10563,train
10564,train
10565,train
10566,train
10567,val
10568,train
10569,train
10570,train
10571,train
10572,train
10573,train
10574,train
10575,test
10576,train
10577,train
10578,train
10579,val
10580,train
10581,val
10582,train
10583,train
10584,train
10585,train
10586,train
10587,train
10588,train
10589,train
10590,train
10591,train
10592,train
10593,train
10594,train
10595,train
10596,train
10597,train
10598,test
10599,val
10600,val
10601,train
10602,train
10603,train
10604,train
10605,train
10606,train
10607,train
10608,train
10609,train
10610,train
10611,train
10612,train
10613,train
10614,train
10615,train
10616,train
10617,train
10618,train
10619,train
10620,val
10621,test
10622,train
10623,train
10624,train
10625,val
10626,train
10627,train
10628,train
10629,train
10630,train
10631,train
10632,val
10633,val
10634,val
10635,test
10636,train
10637,test
10638,train
10639,train
10640,train
10641,train
10642,train
10643,train
10644,train
10645,train
10646,train
10647,train
10648,val
10649,train
10650,train
10651,train
10652,train
10653,train
10654,train
10655,train
10656,train
10657,train
10658,val
10659,train
10660,train
10661,train
10662,val
10663,train
10664,test
10665,test
10666,train
10667,train
10668,train
10669,train
10670,val
10671,train
10672,train
10673,test
10674,train
10675,train
10676,train
10677,train
10678,train
10679,train
10680,test
10681,train
10682,train
10683,test
10684,train
10685,train
10686,train
10687,train
10688,train
10689,train
10690,train
10691,train
10692,val
10693,val
10694,train
10695,train
10696,val
10697,val
10698,train
10699,train
10700,train
10701,train
10702,train
10703,train
10704,train
10705,val
10706,train
10707,train
10708,test
10709,train
10710,train
10711,val
10712,train
10713,train
10714,train
10715,train
10716,train
10717,val
10718,train
10719,test
10720,train
10721,train
10722,train
10723,train
10724,test
10725,train
10726,train
10727,train
10728,train
10729,train
10730,train
10731,test
10732,train
10733,test
10734,train
10735,train
10736,train
10737,val
10738,train
10739,train
10740,train
10741,train
10742,train
10743,test
10744,train
10745,train
10746,train
10747,train
10748,val
10749,val
10750,val
10751,train
10752,test
10753,train
10754,test
10755,val
10756,train
10757,train
10758,train
10759,train
10760,test
10761,train
10762,train
10763,train
10764,val
10765,train
10766,train
10767,train
10768,train
10769,train
10770,train
10771,val
10772,val
10773,test
10774,test
10775,train
10776,train
10777,train
10778,test
10779,train
10780,val
10781,train
10782,train
10783,train
10784,train
10785,train
10786,train
10787,train
10788,train
10789,train
10790,train
10791,train
10792,train
10793,val
10794,train
10795,train
10796,train
10797,train
10798,train
10799,train
10800,train
10801,train
10802,val
10803,train
10804,train
10805,test
10806,train
10807,train
10808,train
10809,train
10810,train
10811,train
10812,train
10813,test
10814,test
10815,train
10816,train
10817,train
10818,train
10819,val
10820,train
10821,train
10822,train
10823,train
10824,test
10825,train
10826,train
10827,train
10828,val
10829,train
10830,train
10831,train
10832,train
10833,train
10834,train
10835,test
10836,test
10837,train
10838,train
10839,val
10840,val
10841,train
10842,test
10843,train
10844,train
10845,val
10846,train
10847,train
10848,train
10849,train
10850,train
10851,train
10852,val
10853,train
10854,train
10855,train
10856,val
10857,val
10858,train
10859,test
10860,train
10861,train
10862,train
10863,train
10864,train
10865,train
10866,train
10867,train
10868,val
10869,train
10870,train
10871,train
10872,train
10873,train
10874,val
10875,train
10876,train
10877,test
10878,val
10879,val
10880,train
10881,train
10882,val
10883,val
10884,val
10885,train
10886,test
10887,train
10888,train
10889,train
10890,train
10891,train
10892,test
10893,train
10894,train
10895,train
10896,train
10897,train
10898,train
10899,train
10900,train
10901,train
10902,train
10903,train
10904,train
10905,test
10906,train
10907,train
10908,train
10909,train
10910,train
10911,train
10912,val
10913,train
10914,train
10915,val
10916,train
10917,train
10918,train
10919,train
10920,train
10921,test
10922,test
10923,train
10924,train
10925,train
10926,train
10927,train
10928,train
10929,train
10930,train
10931,train
10932,val
10933,train
10934,val
10935,val
10936,train
10937,train
10938,test
10939,test
10940,train
10941,val
10942,train
10943,train
10944,val
10945,train
10946,train
10947,val
10948,train
10949,train
10950,train
10951,train
10952,train
10953,train
10954,train
10955,train
10956,train
10957,train
10958,test
10959,train
10960,train
10961,train
10962,train
10963,train
10964,train
10965,train
10966,train
10967,val
10968,train
10969,train
10970,test
10971,train
10972,train
10973,train
10974,train
10975,train
10976,train
10977,train
10978,train
10979,train
10980,train
10981,train
10982,train
10983,test
10984,test
10985,train
10986,test
10987,train
10988,train
10989,test
10990,train
10991,train
10992,test
10993,train
10994,train
10995,train
10996,train
10997,train
10998,train
10999,train
11000,train
11001,train
11002,test
11003,test
11004,val
11005,train
11006,train
11007,train
11008,val
11009,train
11010,train
11011,val
11012,train
11013,train
11014,val
11015,val
11016,train
11017,train
11018,test
11019,train
11020,train
11021,test
11022,test
11023,train
11024,train
11025,test
11026,train
11027,train
11028,train
11029,val
11030,train
11031,train
11032,val
11033,train
11034,train
11035,train
11036,train
11037,test
11038,train
11039,train
11040,train
11041,train
11042,val
11043,train
11044,train
11045,train
11046,val
11047,train
11048,train
11049,val
11050,val
11051,train
11052,train
11053,val
11054,train
11055,train
11056,test
11057,train
11058,train
11059,train
11060,test
11061,val
11062,train
11063,train
11064,train
11065,train
11066,train
11067,train
11068,train
11069,train
11070,train
11071,train
11072,train
11073,train
11074,train
11075,train
11076,test
11077,train
11078,train
11079,train
11080,train
11081,train
11082,train
11083,train
11084,train
11085,train
11086,train
11087,train
11088,val
11089,train
11090,train
11091,val
11092,test
11093,test
11094,train
11095,train
11096,train
11097,train
11098,train
11099,train
11100,train
11101,train
11102,train
11103,train
11104,train
11105,test
11106,train
11107,train
11108,train
11109,train
11110,val
11111,train
11112,train
11113,train
11114,val
11115,train
11116,train
11117,train
11118,train
11119,val
11120,train
11121,train
11122,train
11123,train
11124,test
11125,train
11126,train
11127,train
11128,train
11129,test
11130,train
11131,train
11132,train
11133,train
11134,train
11135,train
11136,train
11137,test
11138,train
11139,train
11140,train
11141,train
11142,train
11143,val
11144,train
11145,train
11146,train
11147,train
11148,train
11149,train
11150,train
11151,train
11152,train
11153,train
11154,test
11155,test
11156,train
11157,val
11158,train
11159,test
11160,train
11161,val
11162,train
11163,train
11164,train
11165,train
11166,train
11167,train
11168,train
11169,train
11170,test
11171,train
11172,train
11173,val
11174,train
11175,test
11176,train
11177,train
11178,train
11179,train
11180,train
11181,train
11182,test
11183,test
11184,test
11185,train
11186,train
11187,train
11188,train
11189,train
11190,train
11191,train
11192,train
11193,train
11194,train
11195,val
11196,test
11197,val
11198,test
11199,test
11200,train
11201,train
11202,train
11203,test
11204,train
11205,train
11206,train
11207,train
11208,val
11209,test
11210,test
11211,train
11212,train
11213,train
11214,train
11215,train
11216,train
11217,train
11218,train
11219,train
11220,train
11221,train
11222,train
11223,train
11224,train
11225,train
11226,train
11227,train
11228,val
11229,train
11230,train
11231,train
11232,test
11233,train
11234,val
11235,val
11236,train
11237,train
11238,train
11239,train
11240,train
11241,train
11242,train
11243,test
11244,test
11245,train
11246,train
11247,train
11248,train
11249,train
11250,train
11251,train
11252,train
11253,train
11254,val
11255,train
11256,val
11257,val
11258,train
11259,train
11260,train
11261,train
11262,train
11263,train
11264,train
11265,train
11266,train
11267,train
11268,train
11269,train
11270,train
11271,train
11272,train
11273,test
11274,val
11275,val
11276,train
11277,train
11278,train
11279,train
11280,train
11281,train
11282,train
11283,train
11284,val
11285,train
11286,train
11287,train
11288,train
11289,val
11290,val
11291,train
11292,train
11293,train
11294,train
11295,val
11296,train
11297,train
11298,train
11299,train
11300,train
11301,val
11302,train
11303,test
11304,test
11305,train
11306,train
11307,train
11308,train
11309,train
11310,train
11311,train
11312,val
11313,train
11314,train
11315,train
11316,train
11317,train
11318,train
11319,val
11320,train
11321,train
11322,train
11323,train
11324,train
11325,val
11326,train
11327,train
11328,train
11329,train
11330,train
11331,val
11332,test
11333,train
11334,train
11335,val
11336,train
11337,train
11338,train
11339,train
11340,train
11341,train
11342,train
11343,train
11344,train
11345,train
11346,train
11347,test
11348,train
11349,train
11350,train
11351,train
11352,train
11353,val
11354,train
11355,test
11356,train
11357,train
11358,val
11359,train
11360,val
11361,train
11362,train
11363,train
11364,train
11365,train
11366,train
11367,train
11368,test
11369,train
11370,val
11371,train
11372,test
11373,train
11374,val
11375,train
11376,train
11377,train
11378,train
11379,train
11380,train
11381,train
11382,train
11383,train
11384,train
11385,train
11386,train
11387,train
11388,test
11389,train
11390,train
11391,train
11392,train
11393,train
11394,train
11395,train
11396,val
11397,train
11398,train
11399,val
11400,train
11401,train
11402,val
11403,train
11404,train
11405,train
11406,train
11407,train
11408,train
11409,test
11410,train
11411,val
11412,train
11413,train
11414,train
11415,train
11416,train
11417,train
11418,train
11419,train
11420,train
11421,val
11422,train
11423,train
11424,train
11425,train
11426,train
11427,train
11428,train
11429,test
11430,train
11431,train
11432,train
11433,train
11434,train
11435,train
11436,train
11437,test
11438,train
11439,train
11440,train
11441,train
11442,train
11443,train
11444,train
11445,train
11446,train
11447,train
11448,train
11449,train
11450,train
11451,train
11452,train
11453,train
11454,train
11455,train
11456,test
11457,test
11458,train
11459,train
11460,train
11461,train
11462,train
11463,train
11464,train
11465,train
11466,train
11467,train
11468,train
11469,test
11470,train
11471,train
11472,test
11473,train
11474,test
11475,train
11476,train
11477,train
11478,train
11479,train
11480,train
11481,train
11482,train
11483,train
11484,val
11485,test
11486,train
11487,train
11488,train
11489,val
11490,train
11491,test
11492,train
11493,train
11494,test
11495,train
11496,train
11497,test
11498,train
11499,train
11500,test
11501,train
11502,train
11503,train
11504,train
11505,train
11506,val
11507,val
11508,train
11509,train
11510,train
11511,test
11512,train
11513,test
11514,train
11515,train
11516,train
11517,train
11518,train
11519,train
11520,train
11521,test
11522,val
11523,train
11524,train
11525,train
11526,train
11527,train
11528,train
11529,test
11530,train
11531,val
11532,train
11533,train
11534,train
11535,test
11536,val
11537,val
11538,train
11539,test
11540,train
11541,train
11542,train
11543,train
11544,val
11545,train
11546,train
11547,train
11548,train
11549,train
11550,train
11551,train
11552,test
11553,train
11554,train
11555,train
11556,train
11557,train
11558,train
11559,test
11560,train
11561,train
11562,test
11563,train
11564,train
11565,train
11566,train
11567,test
11568,train
11569,train
11570,train
11571,train
11572,train
11573,train
11574,train
11575,train
11576,train
11577,val
11578,test
11579,test
11580,train
11581,train
11582,train
11583,train
11584,train
11585,train
11586,train
11587,train
11588,train
11589,train
11590,train
11591,test
11592,test
11593,test
11594,test
11595,train
11596,train
11597,val
11598,val
11599,train
11600,test
11601,train
11602,train
11603,val
11604,train
11605,train
11606,train
11607,val
11608,train
11609,train
11610,val
11611,train
11612,test
11613,train
11614,train
11615,train
11616,train
11617,train
11618,train
11619,train
11620,train
11621,test
11622,train
11623,train
11624,train
11625,test
11626,train
11627,val
11628,test
11629,train
11630,train
11631,train
11632,train
11633,test
11634,train
11635,test
11636,train
11637,train
11638,train
11639,train
11640,train
11641,train
11642,train
11643,train
11644,train
11645,train
11646,test
11647,train
11648,test
11649,test
11650,train
11651,train
11652,test
11653,test
11654,train
11655,train
11656,val
11657,test
11658,train
11659,train
11660,train
11661,test
11662,train
11663,train
11664,train
11665,train
11666,train
11667,train
11668,train
11669,train
11670,train
11671,test
11672,train
11673,train
11674,train
11675,train
11676,train
11677,train
11678,train
11679,train
11680,val
11681,train
11682,train
11683,train
11684,test
11685,train
11686,train
11687,train
11688,train
11689,train
11690,train
11691,train
11692,train
11693,train
11694,test
11695,train
11696,train
11697,train
11698,val
11699,train
11700,train
11701,train
11702,train
11703,train
11704,test
11705,train
11706,val
11707,train
11708,train
11709,train
11710,val
11711,val
11712,test
11713,train
11714,test
11715,train
11716,train
11717,train
11718,train
11719,train
11720,train
11721,train
11722,train
11723,val
11724,train
11725,train
11726,train
11727,train
11728,test
11729,train
11730,train
11731,val
11732,train
11733,train
11734,train
11735,train
11736,train
11737,train
11738,test
11739,train
11740,train
11741,train
11742,train
11743,train
11744,train
11745,val
11746,train
11747,train
11748,train
11749,train
11750,train
11751,test
11752,train
11753,train
11754,train
11755,train
11756,train
11757,train
11758,train
11759,train
11760,train
11761,train
11762,val
11763,train
11764,val
11765,train
11766,train
11767,train
11768,train
11769,train
11770,train
11771,train
11772,train
11773,val
11774,val
11775,train
11776,train
11777,train
11778,train
11779,test
11780,train
11781,train
11782,test
11783,train
11784,train
11785,train
11786,train
11787,train
11788,test
11789,train
11790,train
11791,train
11792,train
11793,train
11794,train
11795,train
11796,train
11797,train
11798,train
11799,train
11800,train
11801,train
11802,train
11803,train
11804,train
11805,train
11806,train
11807,val
11808,train
11809,train
11810,train
11811,test
11812,train
11813,train
11814,train
11815,train
11816,train
11817,train
11818,train
11819,train
11820,test
11821,train
11822,train
11823,val
11824,train
11825,train
11826,train
11827,train
11828,train
11829,train
11830,train
11831,test
11832,train
11833,train
11834,train
11835,train
11836,train
11837,train
11838,train
11839,train
11840,train
11841,train
11842,train
11843,train
11844,train
11845,train
11846,train
11847,train
11848,train
11849,train
11850,train
11851,test
11852,train
11853,train
11854,train
11855,train
11856,train
11857,test
11858,val
11859,train
11860,test
11861,train
11862,train
11863,train
11864,train
11865,train
11866,train
11867,train
11868,train
11869,test
11870,train
11871,train
11872,train
11873,train
11874,train
11875,train
11876,val
11877,train
11878,train
11879,val
11880,test
11881,val
11882,train
11883,train
11884,train
11885,train
11886,train
11887,train
11888,train
11889,train
11890,train
11891,train
11892,train
11893,train
11894,train
11895,train
11896,train
11897,train
11898,train
11899,train
11900,train
11901,train
11902,train
11903,val
11904,train
11905,train
11906,train
11907,val
11908,val
11909,test
11910,train
11911,train
11912,train
11913,train
11914,train
11915,val
11916,test
11917,test
11918,train
11919,test
11920,train
11921,train
11922,val
11923,train
11924,train
11925,train
11926,train
11927,val
11928,train
11929,train
11930,train
11931,train
11932,test
11933,train
11934,train
11935,train
11936,train
11937,train
11938,train
11939,val
11940,train
11941,train
11942,train
11943,train
11944,train
11945,train
11946,train
11947,train
11948,test
11949,test
11950,train
11951,test
11952,train
11953,train
11954,val
11955,train
11956,train
11957,train
11958,train
11959,train
11960,test
11961,train
11962,train
11963,train
11964,train
11965,train
11966,train
11967,train
11968,train
11969,test
11970,train
11971,test
11972,train
11973,train
11974,train
11975,train
11976,train
11977,train
11978,train
11979,train
11980,train
11981,train
11982,train
11983,train
11984,test
11985,train
11986,test
11987,train
11988,train
11989,train
11990,train
11991,train
11992,train
11993,train
11994,train
11995,train
11996,train
11997,train
11998,train
11999,train
12000,train
12001,train
12002,train
12003,train
12004,val
12005,train
12006,train
12007,train
12008,train
12009,train
12010,train
12011,train
12012,val
12013,train
12014,train
12015,train
12016,train
12017,train
12018,train
12019,test
12020,train
12021,train
12022,train
12023,train
12024,test
12025,train
12026,train
12027,train
12028,train
12029,val
12030,test
12031,train
12032,train
12033,train
12034,train
12035,val
12036,train
12037,train
12038,train
12039,train
12040,train
12041,train
12042,train
12043,val
12044,test
12045,test
12046,val
12047,test
12048,train
12049,train
12050,train
12051,train
12052,val
12053,train
12054,train
12055,train
12056,train
12057,train
12058,val
12059,test
12060,train
12061,train
12062,test
12063,train
12064,train
12065,train
12066,train
12067,train
12068,train
12069,train
12070,train
12071,test
12072,train
12073,train
12074,train
12075,train
12076,train
12077,val
12078,train
12079,train
12080,val
12081,val
12082,test
12083,train
12084,train
12085,train
12086,val
12087,train
12088,test
12089,train
12090,train
12091,train
12092,test
12093,test
12094,train
12095,train
12096,val
12097,train
12098,train
12099,train
12100,train
12101,train
12102,test
12103,train
12104,train
12105,train
12106,train
12107,val
12108,test
12109,train
12110,train
12111,train
12112,train
12113,test
12114,test
12115,val
12116,train
12117,train
12118,train
12119,train
12120,train
12121,train
12122,train
12123,train
12124,train
12125,train
12126,train
12127,train
12128,test
12129,test
12130,train
12131,train
12132,train
12133,train
12134,train
12135,train
12136,train
12137,train
12138,train
12139,test
12140,train
12141,train
12142,train
12143,train
12144,test
12145,train
12146,train
12147,val
12148,train
12149,train
12150,train
12151,test
12152,train
12153,test
12154,train
12155,train
12156,train
12157,train
12158,test
12159,train
12160,train
12161,test
12162,train
12163,train
12164,train
12165,train
12166,train
12167,train
12168,train
12169,train
12170,val
12171,train
12172,train
12173,val
12174,train
12175,train
12176,train
12177,train
12178,train
12179,train
12180,train
12181,train
12182,train
12183,test
12184,train
12185,train
12186,train
12187,test
12188,train
12189,train
12190,train
12191,val
12192,train
12193,train
12194,train
12195,train
12196,train
12197,test
12198,train
12199,train
12200,val
12201,train
12202,train
12203,train
12204,train
12205,test
12206,train
12207,train
12208,train
12209,val
12210,test
12211,train
12212,train
12213,val
12214,train
12215,train
12216,train
12217,train
12218,test
12219,train
12220,train
12221,train
12222,train
12223,train
12224,val
12225,train
12226,train
12227,val
12228,train
12229,train
12230,test
12231,val
12232,train
12233,train
12234,train
12235,test
12236,train
12237,train
12238,train
12239,train
12240,test
12241,train
12242,train
12243,val
12244,train
12245,train
12246,train
12247,train
12248,val
12249,train
12250,train
12251,test
12252,train
12253,train
12254,train
12255,train
12256,val
12257,train
12258,train
12259,train
12260,train
12261,train
12262,train
12263,test
12264,train
12265,train
12266,train
12267,test
12268,train
12269,train
12270,train
12271,train
12272,val
12273,train
12274,train
12275,val
12276,train
12277,train
12278,train
12279,train
12280,train
12281,train
12282,train
12283,val
12284,train
12285,val
12286,val
12287,train
12288,train
12289,train
12290,train
12291,train
12292,train
12293,train
12294,train
12295,train
12296,train
12297,train
12298,val
12299,test
12300,test
12301,test
12302,train
12303,train
12304,train
12305,train
12306,val
12307,train
12308,train
12309,train
12310,train
12311,test
12312,train
12313,train
12314,train
12315,train
12316,train
12317,train
12318,test
12319,train
12320,train
12321,train
12322,train
12323,train
12324,train
12325,train
12326,train
12327,train
12328,train
12329,train
12330,train
12331,test
12332,train
12333,train
12334,train
12335,test
12336,train
12337,train
12338,train
12339,train
12340,train
12341,train
12342,train
12343,val
12344,train
12345,train
12346,train
12347,train
12348,train
12349,train
12350,train
12351,train
12352,train
12353,train
12354,train
12355,train
12356,train
12357,train
12358,train
12359,train
12360,train
12361,train
12362,train
12363,train
12364,train
12365,test
12366,train
12367,train
12368,test
12369,train
12370,train
12371,test
12372,train
12373,test
12374,train
12375,train
12376,val
12377,train
12378,train
12379,train
12380,train
12381,train
12382,test
12383,train
12384,train
12385,test
12386,val
12387,train
12388,val
12389,train
12390,train
12391,train
12392,train
12393,train
12394,train
12395,test
12396,train
12397,train
12398,test
12399,train
12400,train
12401,val
12402,train
12403,train
12404,train
12405,train
12406,train
12407,train
12408,train
12409,train
12410,train
12411,train
12412,test
12413,train
12414,val
12415,train
12416,train
12417,train
12418,train
12419,train
12420,train
12421,test
12422,train
12423,train
12424,val
12425,test
12426,train
12427,train
12428,train
12429,test
12430,test
12431,train
12432,train
12433,train
12434,test
12435,train
12436,train
12437,train
12438,train
12439,train
12440,train
12441,train
12442,val
12443,test
12444,test
12445,train
12446,train
12447,train
12448,train
12449,train
12450,train
12451,train
12452,train
12453,train
12454,val
12455,train
12456,train
12457,test
12458,train
12459,train
12460,train
12461,train
12462,train
12463,train
12464,train
12465,train
12466,train
12467,train
12468,train
12469,train
12470,train
12471,train
12472,train
12473,test
12474,train
12475,test
12476,train
12477,train
12478,train
12479,train
12480,train
12481,val
12482,test
12483,train
12484,val
12485,val
12486,train
12487,train
12488,train
12489,train
12490,train
12491,train
12492,train
12493,val
12494,train
12495,test
12496,train
12497,train
12498,train
12499,train
12500,train
12501,test
12502,train
12503,train
12504,train
12505,val
12506,train
12507,test
12508,test
12509,train
12510,val
12511,train
12512,val
12513,val
12514,train
12515,train
12516,train
12517,train
12518,train
12519,train
12520,train
12521,train
12522,train
12523,train
12524,train
12525,train
12526,train
12527,train
12528,train
12529,train
12530,train
12531,train
12532,train
12533,test
12534,test
12535,train
12536,test
12537,val
12538,train
12539,train
12540,train
12541,val
12542,train
12543,train
12544,train
12545,train
12546,train
12547,train
12548,val
12549,train
12550,train
12551,test
12552,train
12553,val
12554,train
12555,train
12556,test
12557,train
12558,train
12559,val
12560,val
12561,train
12562,train
12563,val
12564,train
12565,train
12566,train
12567,val
12568,train
12569,train
12570,val
12571,train
12572,train
12573,train
12574,train
12575,train
12576,test
12577,train
12578,train
12579,train
12580,train
12581,train
12582,train
12583,train
12584,train
12585,train
12586,val
12587,train
12588,train
12589,train
12590,train
12591,train
12592,train
12593,train
12594,val
12595,train
12596,train
12597,train
12598,train
12599,train
12600,train
12601,train
12602,train
12603,train
12604,train
12605,train
12606,test
12607,train
12608,test
12609,train
12610,train
12611,train
12612,train
12613,test
12614,train
12615,train
12616,train
12617,train
12618,train
12619,train
12620,train
12621,train
12622,train
12623,train
12624,train
12625,train
12626,train
12627,train
12628,train
12629,test
12630,val
12631,test
12632,train
12633,train
12634,train
12635,val
12636,test
12637,train
12638,train
12639,train
12640,train
12641,train
12642,train
12643,train
12644,train
12645,train
12646,test
12647,train
12648,val
12649,train
12650,train
12651,train
12652,train
12653,train
12654,test
12655,train
12656,train
12657,train
12658,train
12659,train
12660,train
12661,train
12662,train
12663,val
12664,val
12665,train
12666,val
12667,train
12668,val
12669,train
12670,train
12671,train
12672,test
12673,train
12674,train
12675,train
12676,train
12677,test
12678,train
12679,train
12680,train
12681,test
12682,test
12683,train
12684,train
12685,train
12686,train
12687,train
12688,train
12689,train
12690,train
12691,train
12692,train
12693,train
12694,train
12695,test
12696,train
12697,train
12698,train
12699,test
12700,val
12701,train
12702,train
12703,val
12704,train
12705,val
12706,train
12707,train
12708,test
12709,train
12710,train
12711,train
12712,val
12713,train
12714,train
12715,val
12716,train
12717,val
12718,train
12719,test
12720,train
12721,train
12722,train
12723,test
12724,train
12725,train
12726,test
12727,train
12728,train
12729,train
12730,train
12731,train
12732,train
12733,train
12734,train
12735,train
12736,train
12737,train
12738,train
12739,train
12740,train
12741,train
12742,train
12743,train
12744,train
12745,train
12746,train
12747,train
12748,val
12749,train
12750,train
12751,train
12752,train
12753,train
12754,train
12755,train
12756,train
12757,train
12758,val
12759,train
12760,train
12761,train
12762,train
12763,train
12764,train
12765,train
12766,train
12767,train
12768,train
12769,train
12770,train
12771,train
12772,train
12773,train
12774,train
12775,test
12776,test
12777,train
12778,train
12779,train
12780,train
12781,train
12782,train
12783,train
12784,train
12785,train
12786,train
12787,train
12788,train
12789,train
12790,test
12791,train
12792,train
12793,train
12794,train
12795,train
12796,test
12797,train
12798,train
12799,train
12800,test
12801,train
12802,train
12803,train
12804,train
12805,train
12806,train
12807,train
12808,train
12809,train
12810,train
12811,train
12812,train
12813,train
12814,train
12815,train
12816,val
12817,train
12818,train
12819,train
12820,train
12821,train
12822,train
12823,train
12824,train
12825,train
12826,train
12827,train
12828,val
12829,train
12830,train
12831,train
12832,train
12833,train
12834,train
12835,train
12836,train
12837,val
12838,val
12839,train
12840,train
12841,train
12842,train
12843,train
12844,train
12845,train
12846,val
12847,train
12848,train
12849,val
12850,train
12851,train
12852,val
12853,train
12854,train
12855,train
12856,test
12857,train
12858,train
12859,val
12860,train
12861,val
12862,test
12863,train
12864,test
12865,train
12866,train
12867,train
12868,train
12869,val
12870,val
12871,train
12872,train
12873,val
12874,test
12875,test
12876,train
12877,train
12878,train
12879,train
12880,train
12881,train
12882,train
12883,train
12884,train
12885,val
12886,train
12887,train
12888,train
12889,train
12890,train
12891,train
12892,train
12893,train
12894,train
12895,train
12896,train
12897,train
12898,train
12899,train
12900,test
12901,val
12902,train
12903,train
12904,train
12905,train
12906,train
12907,train
12908,train
12909,train
12910,train
12911,train
12912,train
12913,train
12914,train
12915,train
12916,train
12917,train
12918,train
12919,train
12920,train
12921,train
12922,train
12923,train
12924,train
12925,val
12926,val
12927,train
12928,train
12929,train
12930,train
12931,train
12932,train
12933,train
12934,train
12935,train
12936,train
12937,train
12938,train
12939,train
12940,train
12941,train
12942,train
12943,train
12944,train
12945,val
12946,train
12947,train
12948,train
12949,train
12950,train
12951,train
12952,train
12953,train
12954,val
12955,train
12956,train
12957,train
12958,train
12959,train
12960,train
12961,train
12962,val
12963,train
12964,test
12965,train
12966,train
12967,train
12968,train
12969,train
12970,train
12971,test
12972,train
12973,train
12974,train
12975,train
12976,train
12977,train
12978,train
12979,train
12980,train
12981,train
12982,train
12983,train
12984,train
12985,train
12986,train
12987,test
12988,train
12989,train
12990,train
12991,train
12992,train
12993,val
12994,train
12995,train
12996,train
12997,train
12998,train
12999,train
13000,train
13001,train
13002,train
13003,train
13004,train
13005,val
13006,train
13007,train
13008,val
13009,train
13010,test
13011,train
13012,train
13013,test
13014,train
13015,train
13016,train
13017,train
13018,val
13019,train
13020,val
13021,train
13022,train
13023,train
13024,train
13025,train
13026,train
13027,train
13028,train
13029,test
13030,val
13031,train
13032,train
13033,train
13034,test
13035,train
13036,train
13037,train
13038,val
13039,train
13040,test
13041,train
13042,train
13043,train
13044,train
13045,train
13046,train
13047,train
13048,train
13049,train
13050,train
13051,train
13052,train
13053,train
13054,test
13055,train
13056,test
13057,val
13058,train
13059,train
13060,train
13061,train
13062,train
13063,train
13064,train
13065,train
13066,train
13067,train
13068,train
13069,train
13070,val
13071,test
13072,train
13073,train
13074,train
13075,train
13076,train
13077,train
13078,train
13079,train
13080,train
13081,train
13082,train
13083,train
13084,train
13085,val
13086,train
13087,train
13088,train
13089,train
13090,test
13091,val
13092,train
13093,train
13094,val
13095,train
13096,train
13097,val
13098,train
13099,train
13100,train
13101,test
13102,train
13103,train
13104,train
13105,train
13106,test
13107,train
13108,train
13109,train
13110,train
13111,val
13112,train
13113,train
13114,train
13115,train
13116,train
13117,train
13118,val
13119,train
13120,train
13121,train
13122,train
13123,val
13124,train
13125,train
13126,train
13127,val
13128,train
13129,val
13130,train
13131,train
13132,val
13133,train
13134,train
13135,train
13136,train
13137,train
13138,train
13139,train
13140,val
13141,train
13142,train
13143,train
13144,train
13145,train
13146,test
13147,train
13148,train
13149,train
13150,train
13151,train
13152,train
13153,val
13154,train
13155,train
13156,train
13157,train
13158,train
13159,train
13160,train
13161,train
13162,train
13163,train
13164,test
13165,train
13166,train
13167,train
13168,train
13169,train
13170,train
13171,train
13172,train
13173,train
13174,train
13175,train
13176,train
13177,train
13178,train
13179,train
13180,train
13181,train
13182,train
13183,train
13184,train
13185,train
13186,train
13187,train
13188,train
13189,train
13190,train
13191,train
13192,train
13193,train
13194,train
13195,train
13196,train
13197,val
13198,train
13199,val
13200,train
13201,train
13202,val
13203,train
13204,train
13205,train
13206,train
13207,train
13208,train
13209,val
13210,train
13211,train
13212,train
13213,train
13214,train
13215,train
13216,train
13217,train
13218,train
13219,train
13220,train
13221,train
13222,test
13223,train
13224,test
13225,train
13226,train
13227,train
13228,train
13229,test
13230,train
13231,train
13232,train
13233,train
13234,train
13235,train
13236,val
13237,train
13238,train
13239,train
13240,train
13241,train
13242,test
13243,train
13244,train
13245,train
13246,train
13247,train
13248,train
13249,train
13250,train
13251,train
13252,train
13253,train
13254,train
13255,test
13256,train
13257,train
13258,test
13259,val
13260,test
13261,train
13262,train
13263,train
13264,train
13265,train
13266,train
13267,test
13268,val
13269,train
13270,train
13271,train
13272,train
13273,val
13274,train
13275,train
13276,test
13277,train
13278,train
13279,train
13280,train
13281,train
13282,val
13283,train
13284,train
13285,train
13286,train
13287,train
13288,train
13289,train
13290,test
13291,test
13292,train
13293,train
13294,train
13295,train
13296,train
13297,val
13298,train
13299,train
13300,val
13301,train
13302,train
13303,train
13304,train
13305,val
13306,train
13307,train
13308,train
13309,train
13310,train
13311,train
13312,train
13313,train
13314,train
13315,test
13316,train
13317,train
13318,train
13319,val
13320,val
13321,train
13322,train
13323,train
13324,train
13325,train
13326,val
13327,train
13328,train
13329,train
13330,train
13331,train
13332,train
13333,train
13334,train
13335,train
13336,train
13337,val
13338,train
13339,train
13340,train
13341,test
13342,train
13343,test
13344,train
13345,train
13346,train
13347,train
13348,train
13349,train
13350,train
13351,train
13352,test
13353,train
13354,train
13355,train
13356,train
13357,train
13358,train
13359,train
13360,test
13361,train
13362,val
13363,train
13364,train
13365,test
13366,train
13367,train
13368,train
13369,test
13370,test
13371,train
13372,train
13373,train
13374,test
13375,val
13376,train
13377,train
13378,train
13379,train
13380,train
13381,train
13382,test
13383,test
13384,train
13385,train
13386,train
13387,train
13388,train
13389,val
13390,train
13391,train
13392,train
13393,train
13394,train
13395,train
13396,val
13397,train
13398,train
13399,train
13400,val
13401,train
13402,train
13403,train
13404,train
13405,train
13406,val
13407,train
13408,train
13409,train
13410,train
13411,train
13412,val
13413,train
13414,train
13415,test
13416,val
13417,train
13418,test
13419,train
13420,train
13421,train
13422,train
13423,train
13424,train
13425,train
13426,train
13427,train
13428,train
13429,train
13430,train
13431,train
13432,val
13433,train
13434,train
13435,test
13436,train
13437,train
13438,train
13439,val
13440,train
13441,val
13442,val
13443,train
13444,train
13445,train
13446,train
13447,train
13448,test
13449,train
13450,train
13451,train
13452,train
13453,train
13454,test
13455,train
13456,train
13457,train
13458,val
13459,train
13460,val
13461,train
13462,val
13463,train
13464,train
13465,train
13466,train
13467,train
13468,train
13469,train
13470,val
13471,train
13472,train
13473,train
13474,train
13475,train
13476,train
13477,train
13478,train
13479,train
13480,train
13481,train
13482,val
13483,train
13484,test
13485,val
13486,train
13487,train
13488,train
13489,train
13490,train
13491,train
13492,train
13493,train
13494,train
13495,train
13496,train
13497,train
13498,train
13499,train
13500,train
13501,train
13502,train
13503,train
13504,train
13505,train
13506,train
13507,train
13508,train
13509,train
13510,train
13511,train
13512,train
13513,train
13514,val
13515,train
13516,val
13517,train
13518,train
13519,train
13520,test
13521,val
13522,train
13523,test
13524,val
13525,train
13526,val
13527,train
13528,train
13529,train
13530,train
13531,test
13532,train
13533,train
13534,train
13535,train
13536,train
13537,train
13538,train
13539,train
13540,train
13541,train
13542,train
13543,val
13544,train
13545,train
13546,train
13547,train
13548,train
13549,train
13550,train
13551,train
13552,train
13553,train
13554,train
13555,train
13556,train
13557,train
13558,test
13559,train
13560,train
13561,train
13562,train
13563,train
13564,train
13565,train
13566,train
13567,val
13568,train
13569,train
13570,train
13571,train
13572,train
13573,train
13574,train
13575,train
13576,train
13577,train
13578,val
13579,train
13580,test
13581,train
13582,train
13583,train
13584,train
13585,val
13586,train
13587,train
13588,train
13589,train
13590,train
13591,test
13592,train
13593,train
13594,train
13595,train
13596,train
13597,train
13598,train
13599,train
13600,test
13601,test
13602,train
13603,val
13604,test
13605,train
13606,train
13607,train
13608,train
13609,train
13610,train
13611,train
13612,test
13613,train
13614,train
13615,train
13616,train
13617,train
13618,train
13619,train
13620,train
13621,train
13622,train
13623,train
13624,train
13625,train
13626,train
13627,train
13628,train
13629,train
13630,train
13631,train
13632,test
13633,train
13634,train
13635,train
13636,train
13637,train
13638,train
13639,train
13640,test
13641,train
13642,test
13643,train
13644,train
13645,test
13646,train
13647,val
13648,val
13649,train
13650,train
13651,val
13652,train
13653,train
13654,train
13655,train
13656,val
13657,train
13658,train
13659,train
13660,test
13661,train
13662,train
13663,train
13664,train
13665,train
13666,train
13667,train
13668,train
13669,train
13670,val
13671,train
13672,test
13673,train
13674,train
13675,val
13676,train
13677,train
13678,train
13679,train
13680,train
13681,val
13682,train
13683,train
13684,val
13685,train
13686,test
13687,train
13688,test
13689,train
13690,train
13691,train
13692,train
13693,test
13694,train
13695,train
13696,test
13697,train
13698,train
13699,train
13700,train
13701,train
13702,val
13703,train
13704,train
13705,test
13706,train
13707,train
13708,train
13709,val
13710,val
13711,train
13712,train
13713,train
13714,train
13715,val
13716,train
13717,train
13718,train
13719,train
13720,val
13721,train
13722,train
13723,val
13724,train
13725,train
13726,train
13727,train
13728,train
13729,train
13730,train
13731,train
13732,train
13733,train
13734,train
13735,train
13736,train
13737,train
13738,train
13739,train
13740,train
13741,train
13742,train
13743,train
13744,test
13745,train
13746,train
13747,train
13748,train
13749,train
13750,train
13751,train
13752,train
13753,val
13754,train
13755,train
13756,train
13757,train
13758,train
13759,val
13760,train
13761,test
13762,train
13763,val
13764,train
13765,train
13766,train
13767,train
13768,train
13769,train
13770,train
13771,train
13772,train
13773,train
13774,val
13775,test
13776,train
13777,train
13778,train
13779,val
13780,val
13781,test
13782,val
13783,train
13784,val
13785,train
13786,train
13787,train
13788,train
13789,val
13790,train
13791,train
13792,train
13793,train
13794,train
13795,train
13796,train
13797,train
13798,train
13799,train
13800,train
13801,train
13802,train
13803,val
13804,test
13805,train
13806,train
13807,train
13808,train
13809,train
13810,val
13811,train
13812,train
13813,test
13814,train
13815,test
13816,train
13817,test
13818,train
13819,test
13820,train
13821,val
13822,train
13823,train
13824,test
13825,val
13826,val
13827,train
13828,train
13829,train
13830,train
13831,train
13832,train
13833,train
13834,train
13835,train
13836,train
13837,test
13838,train
13839,test
13840,train
13841,train
13842,train
13843,train
13844,val
13845,train
13846,train
13847,train
13848,test
13849,train
13850,train
13851,train
13852,val
13853,test
13854,train
13855,test
13856,test
13857,train
13858,train
13859,train
13860,train
13861,test
13862,train
13863,train
13864,train
13865,train
13866,train
13867,train
13868,train
13869,train
13870,test
13871,train
13872,train
13873,train
13874,train
13875,train
13876,train
13877,val
13878,train
13879,train
13880,train
13881,train
13882,train
13883,train
13884,val
13885,train
13886,train
13887,train
13888,train
13889,train
13890,val
13891,train
13892,train
13893,train
13894,train
13895,train
13896,test
13897,train
13898,train
13899,val
13900,train
13901,train
13902,train
13903,train
13904,train
13905,train
13906,train
13907,val
13908,val
13909,train
13910,train
13911,train
13912,train
13913,train
13914,train
13915,train
13916,train
13917,train
13918,train
13919,train
13920,train
13921,train
13922,train
13923,train
13924,train
13925,test
13926,val
13927,train
13928,val
13929,train
13930,train
13931,val
13932,train
13933,train
13934,train
13935,train
13936,val
13937,train
13938,train
13939,train
13940,train
13941,train
13942,val
13943,train
13944,train
13945,val
13946,train
13947,train
13948,train
13949,val
13950,train
13951,train
13952,train
13953,val
13954,train
13955,train
13956,train
13957,train
13958,train
13959,test
13960,train
13961,train
13962,test
13963,train
13964,train
13965,train
13966,train
13967,train
13968,train
13969,val
13970,val
13971,train
13972,train
13973,train
13974,train
13975,train
13976,train
13977,test
13978,test
13979,train
13980,train
13981,train
13982,train
13983,train
13984,train
13985,val
13986,train
13987,train
13988,train
13989,train
13990,train
13991,val
13992,val
13993,train
13994,train
13995,train
13996,val
13997,train
13998,train
13999,train
14000,train
14001,val
14002,train
14003,train
14004,train
14005,val
14006,train
14007,train
14008,train
14009,train
14010,test
14011,train
14012,train
14013,train
14014,test
14015,train
14016,train
14017,train
14018,train
14019,train
14020,test
14021,train
14022,train
14023,train
14024,train
14025,train
14026,val
14027,train
14028,train
14029,train
14030,val
14031,train
14032,train
14033,train
14034,train
14035,train
14036,train
14037,train
14038,train
14039,train
14040,train
14041,train
14042,train
14043,train
14044,train
14045,train
14046,train
14047,train
14048,train
14049,train
14050,train
14051,train
14052,train
14053,train
14054,train
14055,train
14056,train
14057,train
14058,train
14059,val
14060,train
14061,train
14062,train
14063,train
14064,train
14065,train
14066,test
14067,train
14068,val
14069,train
14070,train
14071,test
14072,train
14073,train
14074,test
14075,train
14076,train
14077,train
14078,train
14079,train
14080,train
14081,train
14082,train
14083,train
14084,train
14085,val
14086,train
14087,train
14088,val
14089,train
14090,val
14091,train
14092,train
14093,train
14094,train
14095,train
14096,train
14097,train
14098,train
14099,train
14100,test
14101,train
14102,train
14103,test
14104,val
14105,train
14106,train
14107,train
14108,test
14109,train
14110,train
14111,train
14112,train
14113,train
14114,train
14115,train
14116,train
14117,train
14118,train
14119,train
14120,train
14121,train
14122,train
14123,train
14124,train
14125,train
14126,train
14127,train
14128,train
14129,train
14130,train
14131,train
14132,train
14133,test
14134,train
14135,test
14136,train
14137,train
14138,train
14139,train
14140,train
14141,train
14142,train
14143,train
14144,train
14145,train
14146,train
14147,test
14148,train
14149,train
14150,train
14151,test
14152,test
14153,train
14154,train
14155,train
14156,test
14157,train
14158,train
14159,train
14160,val
14161,test
14162,train
14163,train
14164,train
14165,train
14166,train
14167,train
14168,train
14169,test
14170,train
14171,train
14172,train
14173,val
14174,train
14175,train
14176,train
14177,train
14178,train
14179,train
14180,train
14181,train
14182,test
14183,test
14184,train
14185,train
14186,train
14187,train
14188,train
14189,train
14190,train
14191,train
14192,train
14193,train
14194,train
14195,train
14196,train
14197,train
14198,train
14199,train
14200,train
14201,train
14202,train
14203,test
14204,train
14205,train
14206,train
14207,train
14208,val
14209,train
14210,train
14211,train
14212,train
14213,train
14214,train
14215,train
14216,train
14217,train
14218,test
14219,train
14220,train
14221,train
14222,train
14223,val
14224,train
14225,val
14226,train
14227,test
14228,test
14229,train
14230,train
14231,test
14232,train
14233,train
14234,train
14235,train
14236,train
14237,test
14238,train
14239,test
14240,train
14241,train
14242,train
14243,train
14244,train
14245,train
14246,train
14247,train
14248,test
14249,val
14250,train
14251,train
14252,train
14253,train
14254,train
14255,train
14256,train
14257,train
14258,train
14259,train
14260,train
14261,train
14262,test
14263,val
14264,train
14265,train
14266,train
14267,train
14268,test
14269,train
14270,train
14271,train
14272,train
14273,train
14274,train
14275,train
14276,train
14277,train
14278,train
14279,train
14280,train
14281,train
14282,train
14283,train
14284,val
14285,val
14286,train
14287,train
14288,train
14289,train
14290,train
14291,train
14292,val
14293,val
14294,train
14295,train
14296,train
14297,train
14298,train
14299,train
14300,train
14301,test
14302,train
14303,train
14304,test
14305,train
14306,train
14307,train
14308,train
14309,train
14310,val
14311,test
14312,train
14313,train
14314,train
14315,train
14316,train
14317,train
14318,train
14319,train
14320,train
14321,train
14322,train
14323,train
14324,train
14325,train
14326,train
14327,train
14328,train
14329,train
14330,train
14331,train
14332,train
14333,train
14334,train
14335,train
14336,train
14337,train
14338,train
14339,train
14340,val
14341,train
14342,train
14343,val
14344,train
14345,train
14346,train
14347,train
14348,train
14349,train
14350,train
14351,val
14352,train
14353,val
14354,val
14355,val
14356,train
14357,train
14358,train
14359,test
14360,train
14361,val
14362,train
14363,train
14364,val
14365,val
14366,train
14367,train
14368,train
14369,val
14370,train
14371,train
14372,train
14373,train
14374,train
14375,val
14376,train
14377,train
14378,train
14379,train
14380,train
14381,val
14382,train
14383,train
14384,train
14385,test
14386,train
14387,train
14388,train
14389,train
14390,train
14391,test
14392,train
14393,val
14394,train
14395,train
14396,train
14397,train
14398,train
14399,train
14400,val
14401,train
14402,train
14403,train
14404,train
14405,val
14406,test
14407,train
14408,train
14409,val
14410,train
14411,train
14412,train
14413,train
14414,train
14415,train
14416,train
14417,train
14418,test
14419,test
14420,train
14421,train
14422,train
14423,val
14424,train
14425,train
14426,train
14427,train
14428,train
14429,train
14430,train
14431,val
14432,train
14433,train
14434,val
14435,train
14436,train
14437,train
14438,train
14439,train
14440,train
14441,train
14442,train
14443,train
14444,train
14445,train
14446,train
14447,train
14448,train
14449,train
14450,train
14451,train
14452,test
14453,val
14454,train
14455,test
14456,train
14457,val
14458,train
14459,train
14460,train
14461,train
14462,train
14463,train
14464,train
14465,test
14466,train
14467,train
14468,train
14469,train
14470,train
14471,train
14472,train
14473,train
14474,train
14475,train
14476,val
14477,train
14478,train
14479,train
14480,val
14481,train
14482,test
14483,train
14484,val
14485,train
14486,train
14487,train
14488,train
14489,train
14490,train
14491,train
14492,val
14493,test
14494,train
14495,train
14496,train
14497,train
14498,train
14499,train
14500,train
14501,val
14502,train
14503,train
14504,train
14505,train
14506,train
14507,train
14508,train
14509,train
14510,train
14511,test
14512,train
14513,train
14514,test
14515,train
14516,val
14517,train
14518,train
14519,train
14520,train
14521,train
14522,train
14523,val
14524,train
14525,train
14526,train
14527,val
14528,test
14529,test
14530,train
14531,val
14532,train
14533,train
14534,val
14535,train
14536,train
14537,train
14538,val
14539,train
14540,train
14541,train
14542,train
14543,train
14544,train
14545,test
14546,test
14547,train
14548,val
14549,train
14550,train
14551,train
14552,train
14553,train
14554,train
14555,train
14556,train
14557,train
14558,train
14559,test
14560,train
14561,train
14562,val
14563,train
14564,test
14565,test
14566,train
14567,train
14568,train
14569,train
14570,train
14571,train
14572,train
14573,train
14574,train
14575,train
14576,train
14577,val
14578,train
14579,val
14580,test
14581,train
14582,train
14583,train
14584,train
14585,train
14586,train
14587,test
14588,train
14589,train
14590,train
14591,train
14592,train
14593,train
14594,train
14595,train
14596,train
14597,train
14598,train
14599,train
14600,train
14601,train
14602,train
14603,train
14604,train
14605,train
14606,val
14607,train
14608,val
14609,train
14610,train
14611,train
14612,train
14613,val
14614,test
14615,train
14616,test
14617,train
14618,train
14619,train
14620,train
14621,train
14622,train
14623,train
14624,train
14625,train
14626,train
14627,train
14628,train
14629,train
14630,train
14631,train
14632,train
14633,train
14634,train
14635,train
14636,train
14637,test
14638,test
14639,val
14640,test
14641,train
14642,train
14643,val
14644,train
14645,train
14646,train
14647,train
14648,train
14649,test
14650,train
14651,train
14652,train
14653,train
14654,train
14655,train
14656,train
14657,train
14658,train
14659,train
14660,train
14661,train
14662,train
14663,test
14664,train
14665,train
14666,train
14667,train
14668,train
14669,val
14670,train
14671,train
14672,train
14673,train
14674,train
14675,train
14676,train
14677,val
14678,train
14679,val
14680,train
14681,train
14682,train
14683,train
14684,test
14685,train
14686,train
14687,train
14688,train
14689,train
14690,train
14691,train
14692,train
14693,test
14694,val
14695,train
14696,test
14697,train
14698,test
14699,train
14700,train
14701,test
14702,train
14703,train
14704,train
14705,train
14706,train
14707,train
14708,train
14709,train
14710,train
14711,train
14712,val
14713,train
14714,val
14715,train
14716,train
14717,train
14718,train
14719,train
14720,train
14721,train
14722,train
14723,test
14724,train
14725,val
14726,train
14727,test
14728,val
14729,val
14730,train
14731,train
14732,val
14733,val
14734,train
14735,val
14736,train
14737,train
14738,train
14739,train
14740,train
14741,train
14742,test
14743,train
14744,test
14745,train
14746,train
14747,val
14748,train
14749,train
14750,val
14751,train
14752,test
14753,val
14754,test
14755,train
14756,train
14757,train
14758,val
14759,train
14760,train
14761,train
14762,train
14763,train
14764,train
14765,train
14766,train
14767,train
14768,train
14769,val
14770,train
14771,train
14772,train
14773,train
14774,train
14775,train
14776,train
14777,test
14778,train
14779,train
14780,train
14781,train
14782,train
14783,train
14784,train
14785,train
14786,train
14787,train
14788,val
14789,train
14790,train
14791,train
14792,train
14793,val
14794,train
14795,train
14796,train
14797,train
14798,train
14799,train
14800,train
14801,train
14802,train
14803,train
14804,train
14805,train
14806,train
14807,train
14808,train
14809,train
14810,train
14811,train
14812,train
14813,train
14814,train
14815,val
14816,train
14817,train
14818,train
14819,train
14820,test
14821,train
14822,test
14823,train
14824,train
14825,val
14826,train
14827,train
14828,train
14829,train
14830,val
14831,train
14832,train
14833,train
14834,train
14835,train
14836,train
14837,train
14838,val
14839,train
14840,train
14841,train
14842,train
14843,train
14844,train
14845,train
14846,train
14847,train
14848,train
14849,train
14850,train
14851,train
14852,train
14853,train
14854,train
14855,train
14856,train
14857,train
14858,test
14859,train
14860,train
14861,test
14862,train
14863,val
14864,train
14865,train
14866,test
14867,train
14868,train
14869,val
14870,train
14871,train
14872,train
14873,train
14874,train
14875,train
14876,train
14877,train
14878,train
14879,test
14880,train
14881,train
14882,test
14883,train
14884,train
14885,train
14886,train
14887,train
14888,train
14889,train
14890,train
14891,train
14892,val
14893,train
14894,train
14895,train
14896,train
14897,train
14898,train
14899,train
14900,train
14901,train
14902,train
14903,test
14904,train
14905,train
14906,train
14907,val
14908,test
14909,train
14910,train
14911,train
14912,train
14913,test
14914,train
14915,train
14916,train
14917,train
14918,train
14919,test
14920,train
14921,train
14922,test
14923,train
14924,train
14925,train
14926,train
14927,train
14928,train
14929,train
14930,test
14931,train
14932,train
14933,test
14934,train
14935,train
14936,train
14937,train
14938,train
14939,train
14940,train
14941,train
14942,train
14943,train
14944,train
14945,train
14946,val
14947,train
14948,train
14949,train
14950,train
14951,train
14952,train
14953,train
14954,train
14955,train
14956,train
14957,train
14958,train
14959,train
14960,train
14961,test
14962,train
14963,train
14964,train
14965,train
14966,val
14967,train
14968,train
14969,train
14970,train
14971,train
14972,val
14973,train
14974,train
14975,val
14976,train
14977,train
14978,train
14979,val
14980,train
14981,val
14982,train
14983,train
14984,train
14985,train
14986,train
14987,train
14988,train
14989,train
14990,train
14991,train
14992,train
14993,test
14994,val
14995,train
14996,train
14997,train
14998,test
14999,train
15000,train
15001,train
15002,train
15003,val
15004,test
15005,val
15006,val
15007,train
15008,train
15009,train
15010,train
15011,val
15012,train
15013,train
15014,train
15015,train
15016,train
15017,train
15018,train
15019,train
15020,train
15021,train
15022,train
15023,train
15024,test
15025,val
15026,train
15027,train
15028,train
15029,train
15030,test
15031,train
15032,train
15033,train
15034,test
15035,train
15036,val
15037,train
15038,train
15039,train
15040,train
15041,val
15042,train
15043,train
15044,train
15045,test
15046,train
15047,train
15048,train
15049,train
15050,train
15051,test
15052,train
15053,train
15054,train
15055,train
15056,train
15057,test
15058,train
15059,train
15060,train
15061,val
15062,train
15063,test
15064,train
15065,train
15066,val
15067,train
15068,train
15069,train
15070,test
15071,train
15072,train
15073,train
15074,val
15075,val
15076,train
15077,test
15078,train
15079,train
15080,train
15081,train
15082,test
15083,val
15084,val
15085,train
15086,train
15087,train
15088,test
15089,train
15090,train
15091,train
15092,train
15093,train
15094,train
15095,val
15096,val
15097,train
15098,train
15099,train
15100,train
15101,train
15102,train
15103,train
15104,train
15105,train
15106,train
15107,train
15108,train
15109,train
15110,train
15111,train
15112,train
15113,test
15114,train
15115,train
15116,train
15117,train
15118,train
15119,val
15120,train
15121,train
15122,val
15123,train
15124,train
15125,train
15126,train
15127,train
15128,train
15129,test
15130,val
15131,train
15132,train
15133,train
15134,train
15135,train
15136,train
15137,train
15138,train
15139,train
15140,train
15141,train
15142,train
15143,train
15144,val
15145,train
15146,train
15147,train
15148,train
15149,train
15150,train
15151,train
15152,train
15153,val
15154,train
15155,val
15156,train
15157,train
15158,test
15159,train
15160,test
15161,train
15162,train
15163,train
15164,train
15165,train
15166,train
15167,train
15168,train
15169,train
15170,train
15171,train
15172,train
15173,train
15174,train
15175,train
15176,train
15177,train
15178,train
15179,train
15180,train
15181,train
15182,train
15183,test
15184,test
15185,train
15186,train
15187,val
15188,train
15189,test
15190,train
15191,train
15192,train
15193,train
15194,test
15195,train
15196,train
15197,train
15198,train
15199,train
15200,val
15201,train
15202,test
15203,train
15204,train
15205,train
15206,train
15207,train
15208,train
15209,train
15210,train
15211,train
15212,train
15213,train
15214,train
15215,test
15216,test
15217,train
15218,train
15219,train
15220,train
15221,train
15222,train
15223,train
15224,train
15225,train
15226,train
15227,train
15228,train
15229,train
15230,train
15231,train
15232,val
15233,train
15234,test
15235,train
15236,train
15237,train
15238,val
15239,train
15240,train
15241,val
15242,test
15243,train
15244,val
15245,train
15246,train
15247,train
15248,train
15249,train
15250,train
15251,val
15252,val
15253,test
15254,train
15255,train
15256,train
15257,train
15258,train
15259,train
15260,train
15261,train
15262,train
15263,val
15264,train
15265,train
15266,train
15267,train
15268,train
15269,test
15270,train
15271,train
15272,train
15273,train
15274,val
15275,train
15276,train
15277,train
15278,test
15279,test
15280,train
15281,train
15282,train
15283,train
15284,train
15285,train
15286,train
15287,train
15288,train
15289,train
15290,test
15291,train
15292,train
15293,train
15294,train
15295,train
15296,train
15297,test
15298,train
15299,train
15300,test
15301,train
15302,train
15303,train
15304,train
15305,train
15306,train
15307,train
15308,train
15309,val
15310,train
15311,train
15312,train
15313,train
15314,train
15315,train
15316,train
15317,train
15318,train
15319,train
15320,train
15321,val
15322,train
15323,train
15324,train
15325,train
15326,train
15327,train
15328,train
15329,train
15330,val
15331,train
15332,train
15333,train
15334,train
15335,train
15336,train
15337,test
15338,train
15339,train
15340,test
15341,train
15342,train
15343,train
15344,val
15345,train
15346,test
15347,val
15348,train
15349,train
15350,train
15351,train
15352,train
15353,val
15354,test
15355,train
15356,train
15357,test
15358,train
15359,train
15360,train
15361,train
15362,train
15363,train
15364,val
15365,train
15366,test
15367,train
15368,train
15369,val
15370,train
15371,train
15372,test
15373,train
15374,train
15375,val
15376,train
15377,train
15378,train
15379,test
15380,train
15381,train
15382,test
15383,train
15384,train
15385,train
15386,train
15387,train
15388,train
15389,train
15390,val
15391,train
15392,train
15393,val
15394,train
15395,train
15396,train
15397,train
15398,train
15399,train
15400,test
15401,train
15402,train
15403,train
15404,train
15405,train
15406,test
15407,train
15408,train
15409,train
15410,val
15411,train
15412,test
15413,test
15414,test
15415,train
15416,train
15417,train
15418,train
15419,train
15420,train
15421,train
15422,train
15423,train
15424,train
15425,test
15426,train
15427,test
15428,train
15429,train
15430,train
15431,test
15432,test
15433,train
15434,train
15435,train
15436,train
15437,train
15438,train
15439,train
15440,train
15441,train
15442,train
15443,train
15444,train
15445,train
15446,train
15447,train
15448,train
15449,train
15450,val
15451,train
15452,train
15453,train
15454,train
15455,train
15456,test
15457,train
15458,train
15459,test
15460,train
15461,train
15462,train
15463,train
15464,train
15465,val
15466,train
15467,train
15468,train
15469,train
15470,train
15471,train
15472,train
15473,train
15474,train
15475,val
15476,train
15477,train
15478,train
15479,train
15480,train
15481,train
15482,train
15483,train
15484,train
15485,train
15486,train
15487,test
15488,train
15489,train
15490,train
15491,train
15492,train
15493,train
15494,train
15495,val
15496,train
15497,train
15498,test
15499,test
15500,train
15501,train
15502,val
15503,val
15504,train
15505,train
15506,train
15507,train
15508,train
15509,train
15510,test
15511,train
15512,train
15513,train
15514,train
15515,train
15516,train
15517,train
15518,train
15519,val
15520,train
15521,train
15522,train
15523,train
15524,train
15525,train
15526,train
15527,val
15528,train
15529,train
15530,train
15531,test
15532,val
15533,train
15534,train
15535,train
15536,train
15537,train
15538,train
15539,train
15540,train
15541,train
15542,train
15543,test
15544,val
15545,test
15546,train
15547,train
15548,train
15549,train
15550,train
15551,train
15552,train
15553,train
15554,train
15555,train
15556,test
15557,train
15558,val
15559,train
15560,train
15561,train
15562,train
15563,train
15564,train
15565,train
15566,train
15567,train
15568,train
15569,train
15570,train
15571,train
15572,val
15573,test
15574,train
15575,train
15576,train
15577,train
15578,train
15579,train
15580,train
15581,train
15582,train
15583,train
15584,train
15585,train
15586,val
15587,train
15588,train
15589,val
15590,train
15591,train
15592,train
15593,train
15594,train
15595,train
15596,train
15597,val
15598,train
15599,train
15600,val
15601,train
15602,train
15603,train
15604,train
15605,train
15606,val
15607,train
15608,test
15609,train
15610,train
15611,train
15612,test
15613,train
15614,train
15615,train
15616,test
15617,train
15618,train
15619,train
15620,train
15621,train
15622,train
15623,val
15624,train
15625,val
15626,train
15627,train
15628,train
15629,train
15630,train
15631,train
15632,train
15633,val
15634,train
15635,train
15636,train
15637,train
15638,train
15639,train
15640,train
15641,train
15642,train
15643,train
15644,train
15645,test
15646,train
15647,train
15648,train
15649,train
15650,train
15651,train
15652,train
15653,train
15654,val
15655,train
15656,train
15657,train
15658,test
15659,train
15660,train
15661,train
15662,val
15663,train
15664,train
15665,test
15666,train
15667,train
15668,test
15669,test
15670,train
15671,test
15672,train
15673,train
15674,train
15675,train
15676,val
15677,val
15678,train
15679,train
15680,test
15681,train
15682,train
15683,train
15684,train
15685,test
15686,train
15687,val
15688,train
15689,train
15690,train
15691,train
15692,train
15693,val
15694,train
15695,train
15696,train
15697,train
15698,train
15699,train
15700,train
15701,train
15702,train
15703,train
15704,train
15705,train
15706,val
15707,train
15708,train
15709,train
15710,train
15711,train
15712,train
15713,train
15714,train
15715,train
15716,test
15717,train
15718,train
15719,train
15720,train
15721,train
15722,train
15723,train
15724,test
15725,test
15726,train
15727,train
15728,train
15729,train
15730,train
15731,train
15732,train
15733,test
15734,val
15735,train
15736,train
15737,train
15738,train
15739,train
15740,train
15741,train
15742,train
15743,train
15744,train
15745,train
15746,train
15747,val
15748,train
15749,train
15750,train
15751,train
15752,train
15753,train
15754,train
15755,train
15756,test
15757,val
15758,train
15759,train
15760,train
15761,train
15762,train
15763,train
15764,train
15765,train
15766,train
15767,test
15768,train
15769,train
15770,train
15771,val
15772,train
15773,train
15774,train
15775,train
15776,train
15777,train
15778,train
15779,train
15780,train
15781,train
15782,train
15783,train
15784,val
15785,train
15786,train
15787,train
15788,train
15789,train
15790,test
15791,train
15792,train
15793,train
15794,train
15795,test
15796,train
15797,train
15798,train
15799,train
15800,train
15801,val
15802,train
15803,train
15804,train
15805,train
15806,train
15807,train
15808,val
15809,train
15810,train
15811,val
15812,train
15813,train
15814,train
15815,train
15816,train
15817,train
15818,val
15819,train
15820,test
15821,val
15822,train
15823,train
15824,train
15825,train
15826,train
15827,train
15828,train
15829,test
15830,train
15831,train
15832,test
15833,train
15834,val
15835,val
15836,train
15837,train
15838,train
15839,train
15840,train
15841,train
15842,train
15843,train
15844,train
15845,train
15846,train
15847,train
15848,train
15849,train
15850,train
15851,train
15852,train
15853,train
15854,train
15855,train
15856,val
15857,train
15858,train
15859,train
15860,train
15861,test
15862,train
15863,train
15864,val
15865,train
15866,test
15867,train
15868,train
15869,val
15870,train
15871,train
15872,train
15873,train
15874,train
15875,train
15876,train
15877,train
15878,val
15879,train
15880,train
15881,val
15882,train
15883,train
15884,train
15885,train
15886,train
15887,train
15888,train
15889,train
15890,train
15891,train
15892,train
15893,train
15894,val
15895,train
15896,val
15897,train
15898,train
15899,train
15900,train
15901,train
15902,train
15903,train
15904,train
15905,train
15906,test
15907,train
15908,train
15909,val
15910,train
15911,train
15912,test
15913,train
15914,train
15915,train
15916,train
15917,train
15918,test
15919,val
15920,train
15921,train
15922,train
15923,val
15924,train
15925,train
15926,train
15927,train
15928,train
15929,train
15930,train
15931,train
15932,train
15933,train
15934,train
15935,train
15936,train
15937,train
15938,train
15939,train
15940,train
15941,train
15942,train
15943,train
15944,val
15945,test
15946,train
15947,val
15948,train
15949,train
15950,train
15951,train
15952,test
15953,train
15954,train
15955,train
15956,train
15957,train
15958,train
15959,train
15960,train
15961,train
15962,test
15963,train
15964,train
15965,test
15966,val
15967,val
15968,train
15969,train
15970,train
15971,val
15972,val
15973,train
15974,test
15975,train
15976,test
15977,train
15978,train
15979,train
15980,train
15981,train
15982,train
15983,train
15984,train
15985,train
15986,train
15987,val
15988,train
15989,train
15990,train
15991,train
15992,train
15993,train
15994,test
15995,val
15996,train
15997,train
15998,train
15999,train
16000,train
16001,train
16002,train
16003,train
16004,train
16005,val
16006,test
16007,train
16008,train
16009,val
16010,test
16011,val
16012,train
16013,train
16014,train
16015,train
16016,train
16017,val
16018,train
16019,train
16020,train
16021,train
16022,train
16023,train
16024,train
16025,train
16026,val
16027,train
16028,test
16029,train
16030,train
16031,test
16032,train
16033,test
16034,train
16035,train
16036,train
16037,test
16038,train
16039,train
16040,train
16041,train
16042,test
16043,train
16044,test
16045,train
16046,train
16047,train
16048,train
16049,val
16050,val
16051,train
16052,train
16053,train
16054,train
16055,train
16056,train
16057,val
16058,val
16059,train
16060,val
16061,train
16062,train
16063,train
16064,test
16065,train
16066,train
16067,train
16068,train
16069,train
16070,train
16071,train
16072,train
16073,train
16074,train
16075,train
16076,test
16077,train
16078,train
16079,train
16080,train
16081,train
16082,val
16083,train
16084,train
16085,train
16086,train
16087,train
16088,train
16089,train
16090,train
16091,val
16092,test
16093,test
16094,test
16095,train
16096,train
16097,train
16098,train
16099,train
16100,train
16101,val
16102,train
16103,train
16104,train
16105,train
16106,train
16107,train
16108,train
16109,train
16110,train
16111,train
16112,train
16113,train
16114,train
16115,train
16116,test
16117,train
16118,train
16119,train
16120,train
16121,test
16122,train
16123,val
16124,test
16125,test
16126,train
16127,train
16128,train
16129,train
16130,train
16131,train
16132,train
16133,train
16134,train
16135,test
16136,train
16137,train
16138,train
16139,train
16140,train
16141,train
16142,train
16143,val
16144,train
16145,train
16146,train
16147,train
16148,train
16149,train
16150,train
16151,train
16152,train
16153,train
16154,train
16155,train
16156,train
16157,train
16158,train
16159,train
16160,test
16161,train
16162,train
16163,train
16164,train
16165,train
16166,train
16167,train
16168,train
16169,train
16170,train
16171,val
16172,train
16173,train
16174,train
16175,train
16176,train
16177,train
16178,val
16179,train
16180,val
16181,train
16182,test
16183,train
16184,val
16185,val
16186,train
16187,train
16188,train
16189,train
16190,train
16191,train
16192,test
16193,train
16194,test
16195,train
16196,train
16197,test
16198,train
16199,train
16200,train
16201,train
16202,val
16203,train
16204,train
16205,train
16206,train
16207,train
16208,train
16209,train
16210,train
16211,train
16212,train
16213,train
16214,train
16215,train
16216,train
16217,val
16218,train
16219,train
16220,train
16221,train
16222,val
16223,train
16224,train
16225,val
16226,val
16227,train
16228,val
16229,train
16230,train
16231,train
16232,val
16233,train
16234,train
16235,train
16236,train
16237,train
16238,train
16239,train
16240,train
16241,train
16242,train
16243,train
16244,train
16245,train
16246,train
16247,train
16248,train
16249,val
16250,test
16251,test
16252,train
16253,train
16254,train
16255,train
16256,train
16257,train
16258,train
16259,test
16260,train
16261,train
16262,train
16263,train
16264,train
16265,val
16266,train
16267,train
16268,train
16269,train
16270,train
16271,train
16272,train
16273,train
16274,val
16275,train
16276,train
16277,train
16278,train
16279,train
16280,train
16281,train
16282,train
16283,test
16284,train
16285,val
16286,train
16287,train
16288,train
16289,train
16290,train
16291,train
16292,train
16293,train
16294,train
16295,train
16296,train
16297,train
16298,train
16299,train
16300,train
16301,train
16302,train
16303,train
16304,train
16305,train
16306,train
16307,train
16308,train
16309,val
16310,train
16311,train
16312,train
16313,val
16314,train
16315,train
16316,train
16317,train
16318,train
16319,train
16320,train
16321,val
16322,train
16323,train
16324,train
16325,train
16326,train
16327,test
16328,train
16329,val
16330,train
16331,train
16332,train
16333,test
16334,train
16335,train
16336,train
16337,train
16338,test
16339,train
16340,val
16341,train
16342,train
16343,train
16344,train
16345,val
16346,val
16347,train
16348,train
16349,train
16350,val
16351,train
16352,train
16353,test
16354,test
16355,val
16356,train
16357,train
16358,train
16359,train
16360,train
16361,train
16362,train
16363,train
16364,train
16365,test
16366,train
16367,train
16368,train
16369,test
16370,train
16371,train
16372,train
16373,train
16374,train
16375,train
16376,train
16377,train
16378,test
16379,train
16380,val
16381,train
16382,train
16383,test
16384,train
16385,train
16386,train
16387,train
16388,train
16389,train
16390,train
16391,train
16392,train
16393,train
16394,train
16395,train
16396,train
16397,train
16398,train
16399,test
16400,val
16401,train
16402,train
16403,train
16404,train
16405,train
16406,train
16407,train
16408,test
16409,train
16410,train
16411,train
16412,test
16413,train
16414,val
16415,test
16416,train
16417,train
16418,train
16419,train
16420,train
16421,train
16422,train
16423,val
16424,train
16425,train
16426,val
16427,train
16428,train
16429,train
16430,train
16431,train
16432,train
16433,train
16434,train
16435,test
16436,test
16437,train
16438,train
16439,train
16440,train
16441,train
16442,val
16443,train
16444,val
16445,test
16446,train
16447,train
16448,test
16449,train
16450,train
16451,val
16452,train
16453,train
16454,val
16455,train
16456,train
16457,train
16458,train
16459,train
16460,train
16461,train
16462,train
16463,train
16464,train
16465,train
16466,train
16467,train
16468,train
16469,train
16470,train
16471,train
16472,test
16473,train
16474,test
16475,train
16476,test
16477,train
16478,train
16479,train
16480,test
16481,train
16482,train
16483,train
16484,test
16485,train
16486,train
16487,val
16488,train
16489,train
16490,train
16491,train
16492,train
16493,train
16494,train
16495,train
16496,train
16497,train
16498,train
16499,train
16500,test
16501,train
16502,train
16503,train
16504,train
16505,train
16506,val
16507,train
16508,test
16509,train
16510,train
16511,test
16512,train
16513,train
16514,train
16515,train
16516,train
16517,train
16518,train
16519,val
16520,train
16521,train
16522,train
16523,test
16524,train
16525,train
16526,train
16527,train
16528,train
16529,train
16530,val
16531,train
16532,train
16533,train
16534,val
16535,train
16536,test
16537,train
16538,train
16539,train
16540,train
16541,train
16542,train
16543,train
16544,train
16545,train
16546,train
16547,train
16548,train
16549,train
16550,train
16551,train
16552,val
16553,train
16554,train
16555,train
16556,train
16557,val
16558,train
16559,train
16560,train
16561,train
16562,val
16563,train
16564,train
16565,train
16566,train
16567,train
16568,train
16569,train
16570,train
16571,val
16572,train
16573,val
16574,train
16575,train
16576,train
16577,test
16578,val
16579,train
16580,train
16581,train
16582,test
16583,train
16584,train
16585,train
16586,train
16587,train
16588,train
16589,train
16590,val
16591,train
16592,train
16593,train
16594,val
16595,train
16596,train
16597,train
16598,test
16599,test
16600,train
16601,train
16602,train
16603,train
16604,train
16605,train
16606,train
16607,train
16608,train
16609,train
16610,train
16611,val
16612,train
16613,train
16614,train
16615,train
16616,train
16617,train
16618,train
16619,train
16620,train
16621,train
16622,test
16623,val
16624,val
16625,train
16626,train
16627,train
16628,train
16629,train
16630,train
16631,train
16632,train
16633,train
16634,train
16635,val
16636,train
16637,train
16638,train
16639,train
16640,train
16641,train
16642,train
16643,train
16644,train
16645,train
16646,train
16647,train
16648,train
16649,val
16650,train
16651,train
16652,test
16653,train
16654,train
16655,train
16656,train
16657,train
16658,train
16659,test
16660,train
16661,train
16662,train
16663,train
16664,train
16665,test
16666,train
16667,val
16668,test
16669,train
16670,train
16671,train
16672,train
16673,val
16674,val
16675,train
16676,train
16677,train
16678,train
16679,test
16680,test
16681,test
16682,train
16683,train
16684,val
16685,train
16686,train
16687,test
16688,train
16689,train
16690,train
16691,train
16692,train
16693,val
16694,val
16695,train
16696,val
16697,train
16698,val
16699,train
16700,test
16701,train
16702,train
16703,test
16704,train
16705,test
16706,train
16707,train
16708,train
16709,train
16710,train
16711,train
16712,train
16713,train
16714,train
16715,train
16716,train
16717,train
16718,train
16719,train
16720,val
16721,train
16722,train
16723,train
16724,train
16725,train
16726,train
16727,train
16728,test
16729,train
16730,train
16731,val
16732,train
16733,train
16734,test
16735,train
16736,train
16737,train
16738,train
16739,train
16740,val
16741,train
16742,train
16743,train
16744,train
16745,train
16746,train
16747,train
16748,train
16749,train
16750,val
16751,train
16752,train
16753,val
16754,train
16755,val
16756,train
16757,train
16758,train
16759,train
16760,train
16761,train
16762,train
16763,val
16764,train
16765,val
16766,train
16767,train
16768,train
16769,train
16770,val
16771,val
16772,train
16773,train
16774,train
16775,val
16776,train
16777,train
16778,train
16779,train
16780,train
16781,train
16782,train
16783,train
16784,train
16785,train
16786,train
16787,train
16788,train
16789,test
16790,train
16791,train
16792,train
16793,val
16794,train
16795,train
16796,train
16797,train
16798,train
16799,train
16800,train
16801,train
16802,test
16803,train
16804,train
16805,train
16806,train
16807,test
16808,train
16809,train
16810,train
16811,train
16812,train
16813,train
16814,train
16815,train
16816,train
16817,train
16818,train
16819,train
16820,val
16821,val
16822,train
16823,train
16824,train
16825,train
16826,train
16827,train
16828,train
16829,train
16830,train
16831,test
16832,train
16833,train
16834,train
16835,train
16836,val
16837,val
16838,test
16839,train
16840,train
16841,train
16842,train
16843,train
16844,train
16845,test
16846,train
16847,val
16848,train
16849,train
16850,train
16851,train
16852,train
16853,train
16854,train
16855,train
16856,train
16857,train
16858,train
16859,train
16860,train
16861,train
16862,train
16863,train
16864,test
16865,train
16866,train
16867,train
16868,train
16869,train
16870,train
16871,train
16872,train
16873,train
16874,train
16875,train
16876,train
16877,train
16878,train
16879,test
16880,train
16881,val
16882,train
16883,train
16884,train
16885,train
16886,train
16887,train
16888,train
16889,train
16890,val
16891,train
16892,train
16893,train
16894,train
16895,train
16896,val
16897,test
16898,train
16899,train
16900,train
16901,train
16902,train
16903,train
16904,train
16905,train
16906,train
16907,train
16908,train
16909,train
16910,test
16911,train
16912,train
16913,val
16914,train
16915,train
16916,train
16917,test
16918,train
16919,train
16920,train
16921,train
16922,train
16923,train
16924,train
16925,train
16926,train
16927,train
16928,train
16929,train
16930,train
16931,train
16932,train
16933,train
16934,test
16935,train
16936,train
16937,train
16938,train
16939,test
16940,train
16941,train
16942,test
16943,train
16944,train
16945,val
16946,train
16947,train
16948,train
16949,train
16950,train
16951,test
16952,train
16953,train
16954,train
16955,val
16956,train
16957,train
16958,train
16959,train
16960,train
16961,train
16962,train
16963,train
16964,test
16965,train
16966,train
16967,train
16968,train
16969,train
16970,train
16971,train
16972,val
16973,train
16974,train
16975,train
16976,val
16977,val
16978,train
16979,test
16980,train
16981,train
16982,val
16983,train
16984,train
16985,train
16986,train
16987,train
16988,train
16989,train
16990,train
16991,train
16992,train
16993,train
16994,train
16995,train
16996,train
16997,train
16998,val
16999,train
17000,train
17001,train
17002,test
17003,val
17004,train
17005,train
17006,train
17007,train
17008,train
17009,train
17010,val
17011,test
17012,train
17013,train
17014,train
17015,train
17016,train
17017,train
17018,train
17019,val
17020,train
17021,train
17022,train
17023,train
17024,test
17025,train
17026,test
17027,val
17028,train
17029,train
17030,train
17031,train
17032,train
17033,test
17034,test
17035,train
17036,train
17037,train
17038,train
17039,train
17040,train
17041,train
17042,train
17043,val
17044,train
17045,train
17046,train
17047,val
17048,train
17049,test
17050,train
17051,train
17052,test
17053,train
17054,val
17055,train
17056,test
17057,train
17058,train
17059,test
17060,train
17061,train
17062,train
17063,train
17064,train
17065,train
17066,train
17067,train
17068,train
17069,train
17070,train
17071,train
17072,train
17073,train
17074,train
17075,train
17076,train
17077,train
17078,train
17079,train
17080,train
17081,train
17082,train
17083,train
17084,train
17085,train
17086,train
17087,train
17088,train
17089,train
17090,train
17091,train
17092,train
17093,train
17094,train
17095,train
17096,train
17097,train
17098,train
17099,train
17100,test
17101,train
17102,train
17103,train
17104,train
17105,train
17106,train
17107,train
17108,train
17109,val
17110,train
17111,train
17112,train
17113,train
17114,train
17115,test
17116,train
17117,val
17118,test
17119,train
17120,train
17121,train
17122,train
17123,train
17124,train
17125,val
17126,train
17127,train
17128,train
17129,train
17130,val
17131,test
17132,train
17133,train
17134,train
17135,train
17136,train
17137,test
17138,test
17139,train
17140,val
17141,train
17142,train
17143,train
17144,val
17145,train
17146,train
17147,train
17148,train
17149,test
17150,train
17151,train
17152,train
17153,train
17154,train
17155,train
17156,train
17157,val
17158,test
17159,test
17160,train
17161,train
17162,val
17163,val
17164,train
17165,train
17166,train
17167,train
17168,test
17169,train
17170,train
17171,val
17172,train
17173,train
17174,test
17175,train
17176,train
17177,train
17178,train
17179,train
17180,train
17181,train
17182,train
17183,val
17184,train
17185,test
17186,train
17187,train
17188,train
17189,val
17190,train
17191,train
17192,train
17193,train
17194,train
17195,train
17196,train
17197,val
17198,train
17199,train
17200,train
17201,train
17202,train
17203,train
17204,train
17205,train
17206,val
17207,train
17208,val
17209,train
17210,train
17211,train
17212,train
17213,train
17214,train
17215,train
17216,train
17217,train
17218,train
17219,train
17220,train
17221,train
17222,val
17223,train
17224,train
17225,test
17226,train
17227,train
17228,test
17229,train
17230,train
17231,train
17232,val
17233,train
17234,test
17235,train
17236,val
17237,val
17238,train
17239,train
17240,train
17241,train
17242,train
17243,train
17244,train
17245,train
17246,train
17247,train
17248,train
17249,train
17250,train
17251,train
17252,train
17253,test
17254,train
17255,test
17256,train
17257,train
17258,train
17259,train
17260,train
17261,train
17262,train
17263,train
17264,train
17265,train
17266,train
17267,train
17268,train
17269,train
17270,train
17271,train
17272,train
17273,train
17274,train
17275,train
17276,train
17277,train
17278,train
17279,train
17280,train
17281,train
17282,train
17283,test
17284,train
17285,val
17286,train
17287,test
17288,val
17289,train
17290,test
17291,train
17292,train
17293,train
17294,val
17295,train
17296,train
17297,train
17298,train
17299,train
17300,val
17301,train
17302,train
17303,train
17304,train
17305,train
17306,val
17307,train
17308,train
17309,val
17310,train
17311,train
17312,train
17313,train
17314,val
17315,train
17316,train
17317,train
17318,train
17319,train
17320,val
17321,train
17322,train
17323,train
17324,train
17325,val
17326,train
17327,val
17328,train
17329,val
17330,val
17331,train
17332,train
17333,train
17334,test
17335,val
17336,train
17337,train
17338,test
17339,val
17340,train
17341,train
17342,train
17343,val
17344,test
17345,train
17346,train
17347,train
17348,train
17349,train
17350,train
17351,train
17352,train
17353,train
17354,train
17355,train
17356,train
17357,test
17358,train
17359,train
17360,train
17361,test
17362,val
17363,train
17364,train
17365,train
17366,train
17367,train
17368,test
17369,train
17370,train
17371,train
17372,train
17373,val
17374,val
17375,val
17376,train
17377,train
17378,train
17379,train
17380,test
17381,train
17382,train
17383,train
17384,train
17385,train
17386,train
17387,val
17388,train
17389,train
17390,train
17391,test
17392,train
17393,train
17394,train
17395,train
17396,test
17397,train
17398,train
17399,train
17400,train
17401,val
17402,test
17403,train
17404,train
17405,train
17406,val
17407,val
17408,train
17409,train
17410,val
17411,train
17412,train
17413,train
17414,train
17415,val
17416,train
17417,train
17418,train
17419,train
17420,test
17421,train
17422,test
17423,train
17424,train
17425,train
17426,train
17427,train
17428,train
17429,test
17430,train
17431,val
17432,train
17433,train
17434,train
17435,train
17436,train
17437,test
17438,train
17439,train
17440,train
17441,train
17442,train
17443,train
17444,train
17445,train
17446,train
17447,val
17448,val
17449,train
17450,train
17451,train
17452,train
17453,train
17454,train
17455,train
17456,train
17457,train
17458,test
17459,test
17460,train
17461,train
17462,train
17463,train
17464,train
17465,train
17466,train
17467,train
17468,train
17469,val
17470,val
17471,val
17472,train
17473,train
17474,val
17475,train
17476,val
17477,train
17478,train
17479,val
17480,train
17481,train
17482,train
17483,test
17484,train
17485,train
17486,train
17487,train
17488,train
17489,train
17490,train
17491,train
17492,train
17493,train
17494,train
17495,train
17496,train
17497,train
17498,train
17499,val
17500,train
17501,test
17502,train
17503,train
17504,train
17505,train
17506,train
17507,val
17508,train
17509,train
17510,train
17511,train
17512,train
17513,train
17514,train
17515,train
17516,val
17517,train
17518,train
17519,train
17520,train
17521,train
17522,train
17523,train
17524,train
17525,train
17526,train
17527,train
17528,train
17529,train
17530,train
17531,train
17532,train
17533,train
17534,test
17535,val
17536,train
17537,test
17538,train
17539,train
17540,train
17541,train
17542,train
17543,train
17544,train
17545,train
17546,val
17547,train
17548,train
17549,train
17550,train
17551,train
17552,train
17553,test
17554,train
17555,train
17556,train
17557,train
17558,test
17559,val
17560,train
17561,train
17562,train
17563,train
17564,test
17565,train
17566,train
17567,train
17568,train
17569,train
17570,train
17571,train
17572,test
17573,val
17574,train
17575,test
17576,train
17577,train
17578,train
17579,train
17580,train
17581,train
17582,train
17583,train
17584,test
17585,train
17586,train
17587,train
17588,train
17589,train
17590,test
17591,val
17592,train
17593,train
17594,train
17595,test
17596,train
17597,train
17598,train
17599,val
17600,train
17601,train
17602,train
17603,train
17604,train
17605,train
17606,train
17607,train
17608,train
17609,train
17610,train
17611,train
17612,train
17613,test
17614,train
17615,val
17616,test
17617,train
17618,train
17619,train
17620,train
17621,train
17622,train
17623,train
17624,train
17625,train
17626,train
17627,train
17628,train
17629,train
17630,test
17631,train
17632,train
17633,train
17634,test
17635,train
17636,train
17637,train
17638,test
17639,train
17640,train
17641,train
17642,val
17643,train
17644,train
17645,train
17646,train
17647,test
17648,train
17649,train
17650,train
17651,train
17652,train
17653,train
17654,train
17655,train
17656,train
17657,train
17658,train
17659,test
17660,train
17661,train
17662,val
17663,train
17664,train
17665,train
17666,train
17667,train
17668,train
17669,val
17670,train
17671,train
17672,train
17673,train
17674,train
17675,val
17676,train
17677,train
17678,train
17679,train
17680,train
17681,train
17682,train
17683,train
17684,test
17685,train
17686,train
17687,test
17688,train
17689,train
17690,train
17691,train
17692,test
17693,train
17694,val
17695,train
17696,train
17697,val
17698,train
17699,train
17700,train
17701,train
17702,val
17703,train
17704,train
17705,test
17706,train
17707,train
17708,test
17709,train
17710,test
17711,train
17712,train
17713,train
17714,train
17715,train
17716,test
17717,train
17718,train
17719,train
17720,train
17721,train
17722,test
17723,train
17724,val
17725,train
17726,train
17727,train
17728,train
17729,train
17730,test
17731,train
17732,train
17733,train
17734,train
17735,train
17736,train
17737,train
17738,train
17739,val
17740,train
17741,train
17742,train
17743,train
17744,test
17745,train
17746,train
17747,train
17748,train
17749,train
17750,train
17751,train
17752,train
17753,train
17754,train
17755,train
17756,train
17757,train
17758,train
17759,train
17760,train
17761,val
17762,train
17763,test
17764,train
17765,train
17766,val
17767,train
17768,train
17769,train
17770,val
17771,train
17772,train
17773,train
17774,train
17775,train
17776,train
17777,train
17778,train
17779,train
17780,train
17781,train
17782,train
17783,train
17784,train
17785,train
17786,train
17787,train
17788,train
17789,train
17790,val
17791,test
17792,val
17793,train
17794,train
17795,train
17796,train
17797,train
17798,train
17799,train
17800,train
17801,test
17802,test
17803,test
17804,test
17805,train
17806,train
17807,test
17808,train
17809,test
17810,test
17811,train
17812,train
17813,train
17814,test
17815,train
17816,train
17817,train
17818,train
17819,train
17820,test
17821,train
17822,train
17823,train
17824,train
17825,train
17826,test
17827,test
17828,train
17829,train
17830,test
17831,val
17832,train
17833,train
17834,train
17835,train
17836,val
17837,train
17838,val
17839,train
17840,train
17841,train
17842,val
17843,train
17844,train
17845,train
17846,train
17847,train
17848,val
17849,train
17850,val
17851,train
17852,test
17853,train
17854,val
17855,test
17856,test
17857,test
17858,train
17859,test
17860,train
17861,train
17862,train
17863,train
17864,test
17865,test
17866,train
17867,train
17868,train
17869,train
17870,train
17871,train
17872,test
17873,train
17874,train
17875,train
17876,train
17877,train
17878,train
17879,train
17880,train
17881,train
17882,train
17883,train
17884,test
17885,train
17886,train
17887,test
17888,train
17889,train
17890,train
17891,test
17892,test
17893,train
17894,train
17895,train
17896,train
17897,train
17898,train
17899,train
17900,val
17901,train
17902,train
17903,train
17904,train
17905,train
17906,train
17907,train
17908,test
17909,test
17910,train
17911,train
17912,train
17913,train
17914,val
17915,train
17916,train
17917,train
17918,train
17919,train
17920,test
17921,train
17922,train
17923,test
17924,train
17925,train
17926,train
17927,train
17928,train
17929,train
17930,train
17931,val
17932,train
17933,train
17934,train
17935,train
17936,train
17937,train
17938,train
17939,test
17940,train
17941,train
17942,train
17943,train
17944,train
17945,train
17946,train
17947,train
17948,val
17949,train
17950,train
17951,train
17952,train
17953,train
17954,train
17955,train
17956,train
17957,train
17958,train
17959,train
17960,train
17961,val
17962,train
17963,train
17964,train
17965,train
17966,train
17967,train
17968,test
17969,test
17970,train
17971,train
17972,train
17973,train
17974,train
17975,train
17976,train
17977,train
17978,train
17979,train
17980,train
17981,train
17982,train
17983,train
17984,train
17985,test
17986,train
17987,train
17988,train
17989,test
17990,train
17991,train
17992,train
17993,train
17994,train
17995,train
17996,train
17997,train
17998,val
17999,train
18000,train
18001,train
18002,train
18003,val
18004,train
18005,train
18006,train
18007,train
18008,train
18009,train
18010,train
18011,train
18012,train
18013,train
18014,train
18015,train
18016,train
18017,train
18018,train
18019,train
18020,train
18021,train
18022,train
18023,val
18024,train
18025,train
18026,train
18027,train
18028,train
18029,train
18030,train
18031,train
18032,train
18033,train
18034,val
18035,train
18036,train
18037,train
18038,train
18039,train
18040,val
18041,train
18042,train
18043,train
18044,train
18045,train
18046,train
18047,train
18048,train
18049,train
18050,train
18051,train
18052,train
18053,train
18054,train
18055,train
18056,train
18057,train
18058,train
18059,train
18060,train
18061,val
18062,train
18063,train
18064,train
18065,train
18066,val
18067,train
18068,train
18069,train
18070,train
18071,train
18072,train
18073,train
18074,train
18075,train
18076,train
18077,train
18078,train
18079,train
18080,test
18081,train
18082,train
18083,train
18084,train
18085,val
18086,train
18087,train
18088,train
18089,train
18090,train
18091,train
18092,train
18093,train
18094,train
18095,test
18096,train
18097,train
18098,train
18099,train
18100,train
18101,train
18102,val
18103,val
18104,train
18105,train
18106,train
18107,test
18108,train
18109,train
18110,train
18111,train
18112,train
18113,val
18114,train
18115,train
18116,train
18117,train
18118,train
18119,val
18120,train
18121,val
18122,train
18123,test
18124,train
18125,train
18126,train
18127,train
18128,train
18129,train
18130,train
18131,train
18132,val
18133,val
18134,train
18135,train
18136,train
18137,train
18138,train
18139,train
18140,train
18141,train
18142,train
18143,train
18144,train
18145,train
18146,train
18147,train
18148,test
18149,val
18150,train
18151,train
18152,test
18153,train
18154,train
18155,train
18156,train
18157,train
18158,test
18159,train
18160,train
18161,train
18162,train
18163,train
18164,train
18165,test
18166,test
18167,train
18168,test
18169,train
18170,train
18171,train
18172,val
18173,val
18174,train
18175,test
18176,train
18177,train
18178,train
18179,train
18180,val
18181,train
18182,train
18183,train
18184,train
18185,train
18186,train
18187,train
18188,train
18189,val
18190,train
18191,test
18192,train
18193,train
18194,train
18195,train
18196,train
18197,train
18198,train
18199,val
18200,train
18201,train
18202,train
18203,train
18204,train
18205,val
18206,train
18207,train
18208,train
18209,train
18210,val
18211,train
18212,val
18213,val
18214,train
18215,train
18216,train
18217,train
18218,train
18219,train
18220,train
18221,train
18222,test
18223,train
18224,train
18225,train
18226,test
18227,train
18228,train
18229,test
18230,val
18231,train
18232,train
18233,train
18234,train
18235,test
18236,test
18237,train
18238,train
18239,train
18240,train
18241,train
18242,train
18243,train
18244,train
18245,train
18246,train
18247,train
18248,train
18249,train
18250,train
18251,train
18252,train
18253,val
18254,train
18255,train
18256,train
18257,train
18258,train
18259,train
18260,train
18261,train
18262,train
18263,val
18264,train
18265,train
18266,train
18267,train
18268,train
18269,test
18270,train
18271,train
18272,train
18273,train
18274,train
18275,test
18276,train
18277,train
18278,test
18279,train
18280,train
18281,train
18282,test
18283,train
18284,val
18285,train
18286,train
18287,train
18288,train
18289,train
18290,val
18291,train
18292,train
18293,train
18294,train
18295,train
18296,train
18297,test
18298,train
18299,train
18300,train
18301,test
18302,train
18303,test
18304,train
18305,train
18306,test
18307,train
18308,train
18309,train
18310,test
18311,train
18312,train
18313,train
18314,train
18315,train
18316,train
18317,train
18318,train
18319,train
18320,val
18321,train
18322,train
18323,train
18324,test
18325,train
18326,train
18327,train
18328,train
18329,train
18330,test
18331,test
18332,test
18333,train
18334,train
18335,train
18336,train
18337,train
18338,train
18339,train
18340,train
18341,train
18342,train
18343,train
18344,train
18345,train
18346,train
18347,train
18348,train
18349,train
18350,val
18351,train
18352,test
18353,train
18354,val
18355,train
18356,test
18357,train
18358,train
18359,train
18360,train
18361,train
18362,train
18363,train
18364,train
18365,train
18366,train
18367,train
18368,val
18369,train
18370,train
18371,train
18372,train
18373,test
18374,train
18375,train
18376,train
18377,train
18378,train
18379,train
18380,train
18381,train
18382,test
18383,train
18384,train
18385,train
18386,test
18387,train
18388,train
18389,test
18390,train
18391,train
18392,train
18393,train
18394,train
18395,train
18396,val
18397,train
18398,train
18399,val
18400,test
18401,train
18402,train
18403,train
18404,train
18405,train
18406,train
18407,train
18408,train
18409,train
18410,train
18411,train
18412,train
18413,train
18414,train
18415,train
18416,train
18417,train
18418,train
18419,train
18420,train
18421,train
18422,train
18423,train
18424,train
18425,train
18426,train
18427,train
18428,train
18429,train
18430,train
18431,train
18432,train
18433,train
18434,train
18435,test
18436,val
18437,val
18438,train
18439,train
18440,test
18441,train
18442,train
18443,train
18444,train
18445,train
18446,train
18447,train
18448,train
18449,train
18450,test
18451,train
18452,train
18453,train
18454,train
18455,train
18456,val
18457,train
18458,train
18459,train
18460,train
18461,train
18462,train
18463,train
18464,train
18465,train
18466,train
18467,train
18468,train
18469,train
18470,train
18471,train
18472,train
18473,test
18474,train
18475,train
18476,train
18477,train
18478,train
18479,val
18480,train
18481,train
18482,train
18483,train
18484,train
18485,train
18486,train
18487,train
18488,train
18489,val
18490,train
18491,train
18492,train
18493,train
18494,train
18495,train
18496,train
18497,train
18498,train
18499,test
18500,train
18501,train
18502,val
18503,train
18504,train
18505,train
18506,train
18507,train
18508,train
18509,train
18510,train
18511,train
18512,train
18513,val
18514,train
18515,test
18516,val
18517,train
18518,train
18519,train
18520,train
18521,val
18522,test
18523,train
18524,test
18525,val
18526,train
18527,train
18528,train
18529,train
18530,train
18531,train
18532,train
18533,val
18534,train
18535,train
18536,val
18537,test
18538,train
18539,val
18540,train
18541,train
18542,train
18543,train
18544,train
18545,train
18546,train
18547,train
18548,train
18549,train
18550,train
18551,train
18552,train
18553,train
18554,test
18555,train
18556,train
18557,train
18558,train
18559,train
18560,train
18561,train
18562,train
18563,val
18564,train
18565,train
18566,train
18567,train
18568,val
18569,train
18570,train
18571,train
18572,train
18573,train
18574,train
18575,test
18576,train
18577,train
18578,train
18579,train
18580,train
18581,train
18582,test
18583,train
18584,test
18585,heldout_prompt
18586,heldout_prompt
18587,heldout_prompt
18588,heldout_prompt
18589,heldout_prompt
18590,heldout_prompt
18591,heldout_prompt
18592,heldout_prompt
18593,heldout_prompt
18594,heldout_prompt
18595,heldout_prompt
18596,heldout_prompt
18597,heldout_prompt
18598,heldout_prompt
18599,heldout_prompt
18600,heldout_prompt
18601,heldout_prompt
18602,heldout_prompt
18603,heldout_prompt
18604,heldout_prompt
18605,heldout_prompt
18606,heldout_prompt
18607,heldout_prompt
18608,heldout_prompt
18609,heldout_prompt
18610,heldout_prompt
18611,heldout_prompt
18612,heldout_prompt
18613,heldout_prompt
18614,heldout_prompt
18615,heldout_prompt
18616,heldout_prompt
18617,heldout_prompt
18618,heldout_prompt
18619,heldout_prompt
18620,heldout_prompt
18621,heldout_prompt
18622,heldout_prompt
18623,heldout_prompt
18624,heldout_prompt
18625,heldout_prompt
18626,heldout_prompt
18627,heldout_prompt
18628,heldout_prompt
18629,heldout_prompt
18630,heldout_prompt
18631,heldout_prompt
18632,heldout_prompt
18633,heldout_prompt
18634,heldout_prompt
18635,heldout_prompt
18636,heldout_prompt
18637,heldout_prompt
18638,heldout_prompt
18639,heldout_prompt
18640,heldout_prompt
18641,heldout_prompt
18642,heldout_prompt
18643,heldout_prompt
18644,heldout_prompt
18645,heldout_prompt
18646,heldout_prompt
18647,heldout_prompt
18648,heldout_prompt
18649,heldout_prompt
18650,heldout_prompt
18651,heldout_prompt
18652,heldout_prompt
18653,heldout_prompt
18654,heldout_prompt
18655,heldout_prompt
18656,heldout_prompt
18657,heldout_prompt
18658,heldout_prompt
18659,heldout_prompt
18660,heldout_prompt
18661,heldout_prompt
18662,heldout_prompt
18663,heldout_prompt
18664,heldout_prompt
18665,heldout_prompt
18666,heldout_prompt
18667,heldout_prompt
18668,heldout_prompt
18669,heldout_prompt
18670,heldout_prompt
18671,heldout_prompt
18672,heldout_prompt
18673,heldout_prompt
18674,heldout_prompt
18675,heldout_prompt
18676,heldout_prompt
18677,heldout_prompt
18678,heldout_prompt
18679,heldout_prompt
18680,heldout_prompt
18681,heldout_prompt
18682,heldout_prompt
18683,heldout_prompt
18684,heldout_prompt
18685,heldout_prompt
18686,heldout_prompt
18687,heldout_prompt
18688,heldout_prompt
18689,heldout_prompt
18690,heldout_prompt
18691,heldout_prompt
18692,heldout_prompt
18693,heldout_prompt
18694,heldout_prompt
18695,heldout_prompt
18696,heldout_prompt
18697,heldout_prompt
18698,heldout_prompt
18699,heldout_prompt
18700,heldout_prompt
18701,heldout_prompt
18702,heldout_prompt
18703,heldout_prompt
18704,heldout_prompt
18705,heldout_prompt
18706,heldout_prompt
18707,heldout_prompt
18708,heldout_prompt
18709,heldout_prompt
18710,heldout_prompt
18711,heldout_prompt
18712,heldout_prompt
18713,heldout_prompt
18714,heldout_prompt
18715,heldout_prompt
18716,heldout_prompt
18717,heldout_prompt
18718,heldout_prompt
18719,heldout_prompt
18720,heldout_prompt
18721,heldout_prompt
18722,heldout_prompt
18723,heldout_prompt
18724,heldout_prompt
18725,heldout_prompt
18726,heldout_prompt
18727,heldout_prompt
18728,heldout_prompt
18729,heldout_prompt
18730,heldout_prompt
18731,heldout_prompt
18732,heldout_prompt
18733,heldout_prompt
18734,heldout_prompt
18735,heldout_prompt
18736,heldout_prompt
18737,heldout_prompt
18738,heldout_prompt
18739,heldout_prompt
18740,heldout_prompt
18741,heldout_prompt
18742,heldout_prompt
18743,heldout_prompt
18744,heldout_prompt
18745,heldout_prompt
18746,heldout_prompt
18747,heldout_prompt
18748,heldout_prompt
18749,heldout_prompt
18750,heldout_prompt
18751,heldout_prompt
18752,heldout_prompt
18753,heldout_prompt
18754,heldout_prompt
18755,heldout_prompt
18756,heldout_prompt
18757,heldout_prompt
18758,heldout_prompt
18759,heldout_prompt
18760,heldout_prompt
18761,heldout_prompt
18762,heldout_prompt
18763,heldout_prompt
18764,heldout_prompt
18765,heldout_prompt
18766,heldout_prompt
18767,heldout_prompt
18768,heldout_prompt
18769,heldout_prompt
18770,heldout_prompt
18771,heldout_prompt
18772,heldout_prompt
18773,heldout_prompt
18774,heldout_prompt
18775,heldout_prompt
18776,heldout_prompt
18777,heldout_prompt
18778,heldout_prompt
18779,heldout_prompt
18780,heldout_prompt
18781,heldout_prompt
18782,heldout_prompt
18783,heldout_prompt
18784,heldout_prompt
18785,heldout_prompt
18786,heldout_prompt
18787,heldout_prompt
18788,heldout_prompt
18789,heldout_prompt
18790,heldout_prompt
18791,heldout_prompt
18792,heldout_prompt
18793,heldout_prompt
18794,heldout_prompt
18795,heldout_prompt
18796,heldout_prompt
18797,heldout_prompt
18798,heldout_prompt
18799,heldout_prompt
18800,heldout_prompt
18801,heldout_prompt
18802,heldout_prompt
18803,heldout_prompt
18804,heldout_prompt
18805,heldout_prompt
18806,heldout_prompt
18807,heldout_prompt
18808,heldout_prompt
18809,heldout_prompt
18810,heldout_prompt
18811,heldout_prompt
18812,heldout_prompt
18813,heldout_prompt
18814,heldout_prompt
18815,heldout_prompt
18816,heldout_prompt
18817,heldout_prompt
18818,heldout_prompt
18819,heldout_prompt
18820,heldout_prompt
18821,heldout_prompt
18822,heldout_prompt
18823,heldout_prompt
18824,heldout_prompt
18825,heldout_prompt
18826,heldout_prompt
18827,heldout_prompt
18828,heldout_prompt
18829,heldout_prompt
18830,heldout_prompt
18831,heldout_prompt
18832,heldout_prompt
18833,heldout_prompt
18834,heldout_prompt
18835,heldout_prompt
18836,heldout_prompt
18837,heldout_prompt
18838,heldout_prompt
18839,heldout_prompt
18840,heldout_prompt
18841,heldout_prompt
18842,heldout_prompt
18843,heldout_prompt
18844,heldout_prompt
18845,heldout_prompt
18846,heldout_prompt
18847,heldout_prompt
18848,heldout_prompt
18849,heldout_prompt
18850,heldout_prompt
18851,heldout_prompt
18852,heldout_prompt
18853,heldout_prompt
18854,heldout_prompt
18855,heldout_prompt
18856,heldout_prompt
18857,heldout_prompt
18858,heldout_prompt
18859,heldout_prompt
18860,heldout_prompt
18861,heldout_prompt
18862,heldout_prompt
18863,heldout_prompt
18864,heldout_prompt
18865,heldout_prompt
18866,heldout_prompt
18867,heldout_prompt
18868,heldout_prompt
18869,heldout_prompt
18870,heldout_prompt
18871,heldout_prompt
18872,heldout_prompt
18873,heldout_prompt
18874,heldout_prompt
18875,heldout_prompt
18876,heldout_prompt
18877,heldout_prompt
18878,heldout_prompt
18879,heldout_prompt
18880,heldout_prompt
18881,heldout_prompt
18882,heldout_prompt
18883,heldout_prompt
18884,heldout_prompt
18885,heldout_prompt
18886,heldout_prompt
18887,heldout_prompt
18888,heldout_prompt
18889,heldout_prompt
18890,heldout_prompt
18891,heldout_prompt
18892,heldout_prompt
18893,heldout_prompt
18894,heldout_prompt
18895,heldout_prompt
18896,heldout_prompt
18897,heldout_prompt
18898,heldout_prompt
18899,heldout_prompt
18900,heldout_prompt
18901,heldout_prompt
18902,heldout_prompt
18903,heldout_prompt
18904,heldout_prompt
18905,heldout_prompt
18906,heldout_prompt
18907,heldout_prompt
18908,heldout_prompt
18909,heldout_prompt
18910,heldout_prompt
18911,heldout_prompt
18912,heldout_prompt
18913,heldout_prompt
18914,heldout_prompt
18915,heldout_prompt
18916,heldout_prompt
18917,heldout_prompt
18918,heldout_prompt
18919,heldout_prompt
18920,heldout_prompt
18921,heldout_prompt
18922,heldout_prompt
18923,heldout_prompt
18924,heldout_prompt
18925,heldout_prompt
18926,heldout_prompt
18927,heldout_prompt
18928,heldout_prompt
18929,heldout_prompt
18930,heldout_prompt
18931,heldout_prompt
18932,heldout_prompt
18933,heldout_prompt
18934,heldout_prompt
18935,heldout_prompt
18936,heldout_prompt
18937,heldout_prompt
18938,heldout_prompt
18939,heldout_prompt
18940,heldout_prompt
18941,heldout_prompt
18942,heldout_prompt
18943,heldout_prompt
18944,heldout_prompt
18945,heldout_prompt
18946,heldout_prompt
18947,heldout_prompt
18948,heldout_prompt
18949,heldout_prompt
18950,heldout_prompt
18951,heldout_prompt
18952,heldout_prompt
18953,heldout_prompt
18954,heldout_prompt
18955,heldout_prompt
18956,heldout_prompt
18957,heldout_prompt
18958,heldout_prompt
18959,heldout_prompt
18960,heldout_prompt
18961,heldout_prompt
18962,heldout_prompt
18963,heldout_prompt
18964,heldout_prompt
18965,heldout_prompt
18966,heldout_prompt
18967,heldout_prompt
18968,heldout_prompt
18969,heldout_prompt
18970,heldout_prompt
18971,heldout_prompt
18972,heldout_prompt
18973,heldout_prompt
18974,heldout_prompt
18975,heldout_prompt
18976,heldout_prompt
18977,heldout_prompt
18978,heldout_prompt
18979,heldout_prompt
18980,heldout_prompt
18981,heldout_prompt
18982,heldout_prompt
18983,heldout_prompt
18984,heldout_prompt
18985,heldout_prompt
18986,heldout_prompt
18987,heldout_prompt
18988,heldout_prompt
18989,heldout_prompt
18990,heldout_prompt
18991,heldout_prompt
18992,heldout_prompt
18993,heldout_prompt
18994,heldout_prompt
18995,heldout_prompt
18996,heldout_prompt
18997,heldout_prompt
18998,heldout_prompt
18999,heldout_prompt
19000,heldout_prompt
19001,heldout_prompt
19002,heldout_prompt
19003,heldout_prompt
19004,heldout_prompt
19005,heldout_prompt
19006,heldout_prompt
19007,heldout_prompt
19008,heldout_prompt
19009,heldout_prompt
19010,heldout_prompt
19011,heldout_prompt
19012,heldout_prompt
19013,heldout_prompt
19014,heldout_prompt
19015,heldout_prompt
19016,heldout_prompt
19017,heldout_prompt
19018,heldout_prompt
19019,heldout_prompt
19020,heldout_prompt
19021,heldout_prompt
19022,heldout_prompt
19023,heldout_prompt
19024,heldout_prompt
19025,heldout_prompt
19026,heldout_prompt
19027,heldout_prompt
19028,heldout_prompt
19029,heldout_prompt
19030,heldout_prompt
19031,heldout_prompt
19032,heldout_prompt
19033,heldout_prompt
19034,heldout_prompt
19035,heldout_prompt
19036,heldout_prompt
19037,heldout_prompt
19038,heldout_prompt
19039,heldout_prompt
19040,heldout_prompt
19041,heldout_prompt
19042,heldout_prompt
19043,heldout_prompt
19044,heldout_prompt
19045,heldout_prompt
19046,heldout_prompt
19047,heldout_prompt
19048,heldout_prompt
19049,heldout_prompt
19050,heldout_prompt
19051,heldout_prompt
19052,heldout_prompt
19053,heldout_prompt
19054,heldout_prompt
19055,heldout_prompt
19056,heldout_prompt
19057,heldout_prompt
19058,heldout_prompt
19059,heldout_prompt
19060,heldout_prompt
19061,heldout_prompt
19062,heldout_prompt
19063,heldout_prompt
19064,heldout_prompt
19065,heldout_prompt
19066,heldout_prompt
19067,heldout_prompt
19068,heldout_prompt
19069,heldout_prompt
19070,heldout_prompt
19071,heldout_prompt
19072,heldout_prompt
19073,heldout_prompt
19074,heldout_prompt
19075,heldout_prompt
19076,heldout_prompt
19077,heldout_prompt
19078,heldout_prompt
19079,heldout_prompt
19080,heldout_prompt
19081,heldout_prompt
19082,heldout_prompt
19083,heldout_prompt
19084,heldout_prompt
19085,heldout_prompt
19086,heldout_prompt
19087,heldout_prompt
19088,heldout_prompt
19089,heldout_prompt
19090,heldout_prompt
19091,heldout_prompt
19092,heldout_prompt
19093,heldout_prompt
19094,heldout_prompt
19095,heldout_prompt
19096,heldout_prompt
19097,heldout_prompt
19098,heldout_prompt
19099,heldout_prompt
19100,heldout_prompt
19101,heldout_prompt
19102,heldout_prompt
19103,heldout_prompt
19104,heldout_prompt
19105,heldout_prompt
19106,heldout_prompt
19107,heldout_prompt
19108,heldout_prompt
19109,heldout_prompt
19110,heldout_prompt
19111,heldout_prompt
19112,heldout_prompt
19113,heldout_prompt
19114,heldout_prompt
19115,heldout_prompt
19116,heldout_prompt
19117,heldout_prompt
19118,heldout_prompt
19119,heldout_prompt
19120,heldout_prompt
19121,heldout_prompt
19122,heldout_prompt
19123,heldout_prompt
19124,heldout_prompt
19125,heldout_prompt
19126,heldout_prompt
19127,heldout_prompt
19128,heldout_prompt
19129,heldout_prompt
19130,heldout_prompt
19131,heldout_prompt
19132,heldout_prompt
19133,heldout_prompt
19134,heldout_prompt
19135,heldout_prompt
19136,heldout_prompt
19137,heldout_prompt
19138,heldout_prompt
19139,heldout_prompt
19140,heldout_prompt
19141,heldout_prompt
19142,heldout_prompt
19143,heldout_prompt
19144,heldout_prompt
19145,heldout_prompt
19146,heldout_prompt
19147,heldout_prompt
19148,heldout_prompt
19149,heldout_prompt
19150,heldout_prompt
19151,heldout_prompt
19152,heldout_prompt
19153,heldout_prompt
19154,heldout_prompt
19155,heldout_prompt
19156,heldout_prompt
19157,heldout_prompt
19158,heldout_prompt
19159,heldout_prompt
19160,heldout_prompt
19161,heldout_prompt
19162,heldout_prompt
19163,heldout_prompt
19164,heldout_prompt
19165,heldout_prompt
19166,heldout_prompt
19167,heldout_prompt
19168,heldout_prompt
19169,heldout_prompt
19170,heldout_prompt
19171,heldout_prompt
19172,heldout_prompt
19173,heldout_prompt
19174,heldout_prompt
19175,heldout_prompt
19176,heldout_prompt
19177,heldout_prompt
19178,heldout_prompt
19179,heldout_prompt
19180,heldout_prompt
19181,heldout_prompt
19182,heldout_prompt
19183,heldout_prompt
19184,heldout_prompt
19185,heldout_prompt
19186,heldout_prompt
19187,heldout_prompt
19188,heldout_prompt
19189,heldout_prompt
19190,heldout_prompt
19191,heldout_prompt
19192,heldout_prompt
19193,heldout_prompt
19194,heldout_prompt
19195,heldout_prompt
19196,heldout_prompt
19197,heldout_prompt
19198,heldout_prompt
19199,heldout_prompt
19200,heldout_prompt
19201,heldout_prompt
19202,heldout_prompt
19203,heldout_prompt
19204,heldout_prompt
19205,heldout_prompt
19206,heldout_prompt
19207,heldout_prompt
19208,heldout_prompt
19209,heldout_prompt
19210,heldout_prompt
19211,heldout_prompt
19212,heldout_prompt
19213,heldout_prompt
19214,heldout_prompt
19215,heldout_prompt
19216,heldout_prompt
19217,heldout_prompt
19218,heldout_prompt
19219,heldout_prompt
19220,heldout_prompt
19221,heldout_prompt
19222,heldout_prompt
19223,heldout_prompt
19224,heldout_prompt
19225,heldout_prompt
19226,heldout_prompt
19227,heldout_prompt
19228,heldout_prompt
19229,heldout_prompt
19230,heldout_prompt
19231,heldout_prompt
19232,heldout_prompt
19233,heldout_prompt
19234,heldout_prompt
19235,heldout_prompt
19236,heldout_prompt
19237,heldout_prompt
19238,heldout_prompt
19239,heldout_prompt
19240,heldout_prompt
19241,heldout_prompt
19242,heldout_prompt
19243,heldout_prompt
19244,heldout_prompt
19245,heldout_prompt
19246,heldout_prompt
19247,heldout_prompt
19248,heldout_prompt
19249,heldout_prompt
19250,heldout_prompt
19251,heldout_prompt
19252,heldout_prompt
19253,heldout_prompt
19254,heldout_prompt
19255,heldout_prompt
19256,heldout_prompt
19257,heldout_prompt
19258,heldout_prompt
19259,heldout_prompt
19260,heldout_prompt
19261,heldout_prompt
19262,heldout_prompt
19263,heldout_prompt
19264,heldout_prompt
19265,heldout_prompt
19266,heldout_prompt
19267,heldout_prompt
19268,heldout_prompt
19269,heldout_prompt
19270,heldout_prompt
19271,heldout_prompt
19272,heldout_prompt
19273,heldout_prompt
19274,heldout_prompt
19275,heldout_prompt
19276,heldout_prompt
19277,heldout_prompt
19278,heldout_prompt
19279,heldout_prompt
19280,heldout_prompt
19281,heldout_prompt
19282,heldout_prompt
19283,heldout_prompt
19284,heldout_prompt
19285,heldout_prompt
19286,heldout_prompt
19287,heldout_prompt
19288,heldout_prompt
19289,heldout_prompt
19290,heldout_prompt
19291,heldout_prompt
19292,heldout_prompt
19293,heldout_prompt
19294,heldout_prompt
19295,heldout_prompt
19296,heldout_prompt
19297,heldout_prompt
19298,heldout_prompt
19299,heldout_prompt
19300,heldout_prompt
19301,heldout_prompt
19302,heldout_prompt
19303,heldout_prompt
19304,heldout_prompt
19305,heldout_prompt
19306,heldout_prompt
19307,heldout_prompt
19308,heldout_prompt
19309,heldout_prompt
19310,heldout_prompt
19311,heldout_prompt
19312,heldout_prompt
19313,heldout_prompt
19314,heldout_prompt
19315,heldout_prompt
19316,heldout_prompt
19317,heldout_prompt
19318,heldout_prompt
19319,heldout_prompt
19320,heldout_prompt
19321,heldout_prompt
19322,heldout_prompt
19323,heldout_prompt
19324,heldout_prompt
19325,heldout_prompt
19326,heldout_prompt
19327,heldout_prompt
19328,heldout_prompt
19329,heldout_prompt
19330,heldout_prompt
19331,heldout_prompt
19332,heldout_prompt
19333,heldout_prompt
19334,heldout_prompt
19335,heldout_prompt
19336,heldout_prompt
19337,heldout_prompt
19338,heldout_prompt
19339,heldout_prompt
19340,heldout_prompt
19341,heldout_prompt
19342,heldout_prompt
19343,heldout_prompt
19344,heldout_prompt
19345,heldout_prompt
19346,heldout_prompt
19347,heldout_prompt
19348,heldout_prompt
19349,heldout_prompt
19350,heldout_prompt
19351,heldout_prompt
19352,heldout_prompt
19353,heldout_prompt
19354,heldout_prompt
19355,heldout_prompt
19356,heldout_prompt
19357,heldout_prompt
19358,heldout_prompt
19359,heldout_prompt
19360,heldout_prompt
19361,heldout_prompt
19362,heldout_prompt
19363,heldout_prompt
19364,heldout_prompt
19365,heldout_prompt
19366,heldout_prompt
19367,heldout_prompt
19368,heldout_prompt
19369,heldout_prompt
19370,heldout_prompt
19371,heldout_prompt
19372,heldout_prompt
19373,heldout_prompt
19374,heldout_prompt
19375,heldout_prompt
19376,heldout_prompt
19377,heldout_prompt
19378,heldout_prompt
19379,heldout_prompt
19380,heldout_prompt
19381,heldout_prompt
19382,heldout_prompt
19383,heldout_prompt
19384,heldout_prompt
19385,heldout_prompt
19386,heldout_prompt
19387,heldout_prompt
19388,heldout_prompt
19389,heldout_prompt
19390,heldout_prompt
19391,heldout_prompt
19392,heldout_prompt
19393,heldout_prompt
19394,heldout_prompt
19395,heldout_prompt
19396,heldout_prompt
19397,heldout_prompt
19398,heldout_prompt
19399,heldout_prompt
19400,heldout_prompt
19401,heldout_prompt
19402,heldout_prompt
19403,heldout_prompt
19404,heldout_prompt
19405,heldout_prompt
19406,heldout_prompt
19407,heldout_prompt
19408,heldout_prompt
19409,heldout_prompt
19410,heldout_prompt
19411,heldout_prompt
19412,heldout_prompt
19413,heldout_prompt
19414,heldout_prompt
19415,heldout_prompt
19416,heldout_prompt
19417,heldout_prompt
19418,heldout_prompt
19419,heldout_prompt
19420,heldout_prompt
19421,heldout_prompt
19422,heldout_prompt
19423,heldout_prompt
19424,heldout_prompt
19425,heldout_prompt
19426,heldout_prompt
19427,heldout_prompt
19428,heldout_prompt
19429,heldout_prompt
19430,heldout_prompt
19431,heldout_prompt
19432,heldout_prompt
19433,heldout_prompt
19434,heldout_prompt
19435,heldout_prompt
19436,heldout_prompt
19437,heldout_prompt
19438,heldout_prompt
19439,heldout_prompt
19440,heldout_prompt
19441,heldout_prompt
19442,heldout_prompt
19443,heldout_prompt
19444,heldout_prompt
19445,heldout_prompt
19446,heldout_prompt
19447,heldout_prompt
19448,heldout_prompt
19449,heldout_prompt
19450,heldout_prompt
19451,heldout_prompt
19452,heldout_prompt
19453,heldout_prompt
19454,heldout_prompt
19455,heldout_prompt
19456,heldout_prompt
19457,heldout_prompt
19458,heldout_prompt
19459,heldout_prompt
19460,heldout_prompt
19461,heldout_prompt
19462,heldout_prompt
19463,heldout_prompt
19464,heldout_prompt
19465,heldout_prompt
19466,heldout_prompt
19467,heldout_prompt
19468,heldout_prompt
19469,heldout_prompt
19470,heldout_prompt
19471,heldout_prompt
19472,heldout_prompt
19473,heldout_prompt
19474,heldout_prompt
19475,heldout_prompt
19476,heldout_prompt
19477,heldout_prompt
19478,heldout_prompt
19479,heldout_prompt
19480,heldout_prompt
19481,heldout_prompt
19482,heldout_prompt
19483,heldout_prompt
19484,heldout_prompt
19485,heldout_prompt
19486,heldout_prompt
19487,heldout_prompt
19488,heldout_prompt
19489,heldout_prompt
19490,heldout_prompt
19491,heldout_prompt
19492,heldout_prompt
19493,heldout_prompt
19494,heldout_prompt
19495,heldout_prompt
19496,heldout_prompt
19497,heldout_prompt
19498,heldout_prompt
19499,heldout_prompt
19500,heldout_prompt
19501,heldout_prompt
19502,heldout_prompt
19503,heldout_prompt
19504,heldout_prompt
19505,heldout_prompt
19506,heldout_prompt
19507,heldout_prompt
19508,heldout_prompt
19509,heldout_prompt
19510,heldout_prompt
19511,heldout_prompt
19512,heldout_prompt
19513,heldout_prompt
19514,heldout_prompt
19515,heldout_prompt
19516,heldout_prompt
19517,heldout_prompt
19518,heldout_prompt
19519,heldout_prompt
19520,heldout_prompt
19521,heldout_prompt
19522,heldout_prompt
19523,heldout_prompt
19524,heldout_prompt
19525,heldout_prompt
19526,heldout_prompt
19527,heldout_prompt
19528,heldout_prompt
19529,heldout_prompt
19530,heldout_prompt
19531,heldout_prompt
19532,heldout_prompt
19533,heldout_prompt
19534,heldout_prompt
19535,heldout_prompt
19536,heldout_prompt
19537,heldout_prompt
19538,heldout_prompt
19539,heldout_prompt
19540,heldout_prompt
19541,heldout_prompt
19542,heldout_prompt
19543,heldout_prompt
19544,heldout_prompt
19545,heldout_prompt
19546,heldout_prompt
19547,heldout_prompt
19548,heldout_prompt
19549,heldout_prompt
19550,heldout_prompt
19551,heldout_prompt
19552,heldout_prompt
19553,heldout_prompt
19554,heldout_prompt
19555,heldout_prompt
19556,heldout_prompt
19557,heldout_prompt
19558,heldout_prompt
19559,heldout_prompt
19560,heldout_prompt
19561,heldout_prompt
19562,heldout_prompt
19563,heldout_prompt
19564,heldout_prompt
19565,heldout_prompt
19566,heldout_prompt
19567,heldout_prompt
19568,heldout_prompt
19569,heldout_prompt
19570,heldout_prompt
19571,heldout_prompt
19572,heldout_prompt
19573,heldout_prompt
19574,heldout_prompt
19575,heldout_prompt
19576,heldout_prompt
19577,heldout_prompt
19578,heldout_prompt
19579,heldout_prompt
19580,heldout_prompt
19581,heldout_prompt
19582,heldout_prompt
19583,heldout_prompt
19584,heldout_prompt
19585,heldout_prompt
19586,heldout_prompt
19587,heldout_prompt
19588,heldout_prompt
19589,heldout_prompt
19590,heldout_prompt
19591,heldout_prompt
19592,heldout_prompt
19593,heldout_prompt
19594,heldout_prompt
19595,heldout_prompt
19596,heldout_prompt
19597,heldout_prompt
19598,heldout_prompt
19599,heldout_prompt
19600,heldout_prompt
19601,heldout_prompt
19602,heldout_prompt
19603,heldout_prompt
19604,heldout_prompt
19605,heldout_prompt
19606,heldout_prompt
19607,heldout_prompt
19608,heldout_prompt
19609,heldout_prompt
19610,heldout_prompt
19611,heldout_prompt
19612,heldout_prompt
19613,heldout_prompt
19614,heldout_prompt
19615,heldout_prompt
19616,heldout_prompt
19617,heldout_prompt
19618,heldout_prompt
19619,heldout_prompt
19620,heldout_prompt
19621,heldout_prompt
19622,heldout_prompt
19623,heldout_prompt
19624,heldout_prompt
19625,heldout_prompt
19626,heldout_prompt
19627,heldout_prompt
19628,heldout_prompt
19629,heldout_prompt
19630,heldout_prompt
19631,heldout_prompt
19632,heldout_prompt
19633,heldout_prompt
19634,heldout_prompt
19635,heldout_prompt
19636,heldout_prompt
19637,heldout_prompt
19638,heldout_prompt
19639,heldout_prompt
19640,heldout_prompt
19641,heldout_prompt
19642,heldout_prompt
19643,heldout_prompt
19644,heldout_prompt
19645,heldout_prompt
19646,heldout_prompt
19647,heldout_prompt
19648,heldout_prompt
19649,heldout_prompt
19650,heldout_prompt
19651,heldout_prompt
19652,heldout_prompt
19653,heldout_prompt
19654,heldout_prompt
19655,heldout_prompt
19656,heldout_prompt
19657,heldout_prompt
19658,heldout_prompt
19659,heldout_prompt
19660,heldout_prompt
19661,heldout_prompt
19662,heldout_prompt
19663,heldout_prompt
19664,heldout_prompt
19665,heldout_prompt
19666,heldout_prompt
19667,heldout_prompt
19668,heldout_prompt
19669,heldout_prompt
19670,heldout_prompt
19671,heldout_prompt
19672,heldout_prompt
19673,heldout_prompt
19674,heldout_prompt
19675,heldout_prompt
19676,heldout_prompt
19677,heldout_prompt
19678,heldout_prompt
19679,heldout_prompt
19680,heldout_prompt
19681,heldout_prompt
19682,heldout_prompt
19683,heldout_prompt
19684,heldout_prompt
19685,heldout_prompt
19686,heldout_prompt
19687,heldout_prompt
19688,heldout_prompt
19689,heldout_prompt
19690,heldout_prompt
19691,heldout_prompt
19692,heldout_prompt
19693,heldout_prompt
19694,heldout_prompt
19695,heldout_prompt
19696,heldout_prompt
19697,heldout_prompt
19698,heldout_prompt
19699,heldout_prompt
19700,heldout_prompt
19701,heldout_prompt
19702,heldout_prompt
19703,heldout_prompt
19704,heldout_prompt
19705,heldout_prompt
19706,heldout_prompt
19707,heldout_prompt
19708,heldout_prompt
19709,heldout_prompt
19710,heldout_prompt
19711,heldout_prompt
19712,heldout_prompt
19713,heldout_prompt
19714,heldout_prompt
19715,heldout_prompt
19716,heldout_prompt
19717,heldout_prompt
19718,heldout_prompt
19719,heldout_prompt
19720,heldout_prompt
19721,heldout_prompt
19722,heldout_prompt
19723,heldout_prompt
19724,heldout_prompt
19725,heldout_prompt
19726,heldout_prompt
19727,heldout_prompt
19728,heldout_prompt
19729,heldout_prompt
19730,heldout_prompt
19731,heldout_prompt
19732,heldout_prompt
19733,heldout_prompt
19734,heldout_prompt
19735,heldout_prompt
19736,heldout_prompt
19737,heldout_prompt
19738,heldout_prompt
19739,heldout_prompt
19740,heldout_prompt
19741,heldout_prompt
19742,heldout_prompt
19743,heldout_prompt
19744,heldout_prompt
19745,heldout_prompt
19746,heldout_prompt
19747,heldout_prompt
19748,heldout_prompt
19749,heldout_prompt
19750,heldout_prompt
19751,heldout_prompt
19752,heldout_prompt
19753,heldout_prompt
19754,heldout_prompt
19755,heldout_prompt
19756,heldout_prompt
19757,heldout_prompt
19758,heldout_prompt
19759,heldout_prompt
19760,heldout_prompt
19761,heldout_prompt
19762,heldout_prompt
19763,heldout_prompt
19764,heldout_prompt
19765,heldout_prompt
19766,heldout_prompt
19767,heldout_prompt
19768,heldout_prompt
19769,heldout_prompt
19770,heldout_prompt
19771,heldout_prompt
19772,heldout_prompt
19773,heldout_prompt
19774,heldout_prompt
19775,heldout_prompt
19776,heldout_prompt
19777,heldout_prompt
19778,heldout_prompt
19779,heldout_prompt
19780,heldout_prompt
19781,heldout_prompt
19782,heldout_prompt
19783,heldout_prompt
19784,heldout_prompt
19785,heldout_prompt
19786,heldout_prompt
19787,heldout_prompt
19788,heldout_prompt
19789,heldout_prompt
19790,heldout_prompt
19791,heldout_prompt
19792,heldout_prompt
19793,heldout_prompt
19794,heldout_prompt
19795,heldout_prompt
19796,heldout_prompt
19797,heldout_prompt
19798,heldout_prompt
19799,heldout_prompt
19800,heldout_prompt
19801,heldout_prompt
19802,heldout_prompt
19803,heldout_prompt
19804,heldout_prompt
19805,heldout_prompt
19806,heldout_prompt
19807,heldout_prompt
19808,heldout_prompt
19809,heldout_prompt
19810,heldout_prompt
19811,heldout_prompt
19812,heldout_prompt
19813,heldout_prompt
19814,heldout_prompt
19815,heldout_prompt
19816,heldout_prompt
19817,heldout_prompt
19818,heldout_prompt
19819,heldout_prompt
19820,heldout_prompt
19821,heldout_prompt
19822,heldout_prompt
19823,heldout_prompt
19824,heldout_prompt
19825,heldout_prompt
19826,heldout_prompt
19827,heldout_prompt
19828,heldout_prompt
19829,heldout_prompt
19830,heldout_prompt
19831,heldout_prompt
19832,heldout_prompt
19833,heldout_prompt
19834,heldout_prompt
19835,heldout_prompt
19836,heldout_prompt
19837,heldout_prompt
19838,heldout_prompt
19839,heldout_prompt
19840,heldout_prompt
19841,heldout_prompt
19842,heldout_prompt
19843,heldout_prompt
19844,heldout_prompt
19845,heldout_prompt
19846,heldout_prompt
19847,heldout_prompt
19848,heldout_prompt
19849,heldout_prompt
19850,heldout_prompt
19851,heldout_prompt
19852,heldout_prompt
19853,heldout_prompt
19854,heldout_prompt
19855,heldout_prompt
19856,heldout_prompt
19857,heldout_prompt
19858,heldout_prompt
19859,heldout_prompt
19860,heldout_prompt
19861,heldout_prompt
19862,heldout_prompt
19863,heldout_prompt
19864,heldout_prompt
19865,heldout_prompt
19866,heldout_prompt
19867,heldout_prompt
19868,heldout_prompt
19869,heldout_prompt
19870,heldout_prompt
19871,heldout_prompt
19872,heldout_prompt
19873,heldout_prompt
19874,heldout_prompt
19875,heldout_prompt
19876,heldout_prompt
19877,heldout_prompt
19878,heldout_prompt
19879,heldout_prompt
19880,heldout_prompt
19881,heldout_prompt
19882,heldout_prompt
19883,heldout_prompt
19884,heldout_prompt
19885,heldout_prompt
19886,heldout_prompt
19887,heldout_prompt
19888,heldout_prompt
19889,heldout_prompt
19890,heldout_prompt
19891,heldout_prompt
19892,heldout_prompt
19893,heldout_prompt
19894,heldout_prompt
19895,heldout_prompt
19896,heldout_prompt
19897,heldout_prompt
19898,heldout_prompt
19899,heldout_prompt
19900,heldout_prompt
19901,heldout_prompt
19902,heldout_prompt
19903,heldout_prompt
19904,heldout_prompt
19905,heldout_prompt
19906,heldout_prompt
19907,heldout_prompt
19908,heldout_prompt
19909,heldout_prompt
19910,heldout_prompt
19911,heldout_prompt
19912,heldout_prompt
19913,heldout_prompt
19914,heldout_prompt
19915,heldout_prompt
19916,heldout_prompt
19917,heldout_prompt
19918,heldout_prompt
19919,heldout_prompt
19920,heldout_prompt
19921,heldout_prompt
19922,heldout_prompt
19923,heldout_prompt
19924,heldout_prompt
19925,heldout_prompt
19926,heldout_prompt
19927,heldout_prompt
19928,heldout_prompt
19929,heldout_prompt
19930,heldout_prompt
19931,heldout_prompt
19932,heldout_prompt
19933,heldout_prompt
19934,heldout_prompt
19935,heldout_prompt
19936,heldout_prompt
19937,heldout_prompt
19938,heldout_prompt
19939,heldout_prompt
19940,heldout_prompt
19941,heldout_prompt
19942,heldout_prompt
19943,heldout_prompt
19944,heldout_prompt
19945,heldout_prompt
19946,heldout_prompt
19947,heldout_prompt
19948,heldout_prompt
19949,heldout_prompt
19950,heldout_prompt
19951,heldout_prompt
19952,heldout_prompt
19953,heldout_prompt
19954,heldout_prompt
19955,heldout_prompt
19956,heldout_prompt
19957,heldout_prompt
19958,heldout_prompt
19959,heldout_prompt
19960,heldout_prompt
19961,heldout_prompt
19962,heldout_prompt
19963,heldout_prompt
19964,heldout_prompt
19965,heldout_prompt
19966,heldout_prompt
19967,heldout_prompt
19968,heldout_prompt
19969,heldout_prompt
19970,heldout_prompt
19971,heldout_prompt
19972,heldout_prompt
19973,heldout_prompt
19974,heldout_prompt
19975,heldout_prompt
19976,heldout_prompt
19977,heldout_prompt
19978,heldout_prompt
19979,heldout_prompt
19980,heldout_prompt
19981,heldout_prompt
19982,heldout_prompt
19983,heldout_prompt
19984,heldout_prompt
19985,heldout_prompt
19986,heldout_prompt
19987,heldout_prompt
19988,heldout_prompt
19989,heldout_prompt
19990,heldout_prompt
19991,heldout_prompt
19992,heldout_prompt
19993,heldout_prompt
19994,heldout_prompt
19995,heldout_prompt
19996,heldout_prompt
19997,heldout_prompt
19998,heldout_prompt
19999,heldout_prompt
20000,heldout_prompt
20001,heldout_prompt
20002,heldout_prompt
20003,heldout_prompt
20004,heldout_prompt
20005,heldout_prompt
20006,heldout_prompt
20007,heldout_prompt
20008,heldout_prompt
20009,heldout_prompt
20010,heldout_prompt
20011,heldout_prompt
20012,heldout_prompt
20013,heldout_prompt
20014,heldout_prompt
20015,heldout_prompt
20016,heldout_prompt
20017,heldout_prompt
20018,heldout_prompt
20019,heldout_prompt
20020,heldout_prompt
20021,heldout_prompt
20022,heldout_prompt
20023,heldout_prompt
20024,heldout_prompt
20025,heldout_prompt
20026,heldout_prompt
20027,heldout_prompt
20028,heldout_prompt
20029,heldout_prompt
20030,heldout_prompt
20031,heldout_prompt
20032,heldout_prompt
20033,heldout_prompt
20034,heldout_prompt
20035,heldout_prompt
20036,heldout_prompt
20037,heldout_prompt
20038,heldout_prompt
20039,heldout_prompt
20040,heldout_prompt
20041,heldout_prompt
20042,heldout_prompt
20043,heldout_prompt
20044,heldout_prompt
20045,heldout_prompt
20046,heldout_prompt
20047,heldout_prompt
20048,heldout_prompt
20049,heldout_prompt
20050,heldout_prompt
20051,heldout_prompt
20052,heldout_prompt
20053,heldout_prompt
20054,heldout_prompt
20055,heldout_prompt
20056,heldout_prompt
20057,heldout_prompt
20058,heldout_prompt
20059,heldout_prompt
20060,heldout_prompt
20061,heldout_prompt
20062,heldout_prompt
20063,heldout_prompt
20064,heldout_prompt
20065,heldout_prompt
20066,heldout_prompt
20067,heldout_prompt
20068,heldout_prompt
20069,heldout_prompt
20070,heldout_prompt
20071,heldout_prompt
20072,heldout_prompt
20073,heldout_prompt
20074,heldout_prompt
20075,heldout_prompt
20076,heldout_prompt
20077,heldout_prompt
20078,heldout_prompt
20079,heldout_prompt
20080,heldout_prompt
20081,heldout_prompt
20082,heldout_prompt
20083,heldout_prompt
20084,heldout_prompt
20085,heldout_prompt
20086,heldout_prompt
20087,heldout_prompt
20088,heldout_prompt
20089,heldout_prompt
20090,heldout_prompt
20091,heldout_prompt
20092,heldout_prompt
20093,heldout_prompt
20094,heldout_prompt
20095,heldout_prompt
20096,heldout_prompt
20097,heldout_prompt
20098,heldout_prompt
20099,heldout_prompt
20100,heldout_prompt
20101,heldout_prompt
20102,heldout_prompt
20103,heldout_prompt
20104,heldout_prompt
20105,heldout_prompt
20106,heldout_prompt
20107,heldout_prompt
20108,heldout_prompt
20109,heldout_prompt
20110,heldout_prompt
20111,heldout_prompt
20112,heldout_prompt
20113,heldout_prompt
20114,heldout_prompt
20115,heldout_prompt
20116,heldout_prompt
20117,heldout_prompt
20118,heldout_prompt
20119,heldout_prompt
20120,heldout_prompt
20121,heldout_prompt
20122,heldout_prompt
20123,heldout_prompt
20124,heldout_prompt
20125,heldout_prompt
20126,heldout_prompt
20127,heldout_prompt
20128,heldout_prompt
20129,heldout_prompt
20130,heldout_prompt
20131,heldout_prompt
20132,heldout_prompt
20133,heldout_prompt
20134,heldout_prompt
20135,heldout_prompt
20136,heldout_prompt
20137,heldout_prompt
20138,heldout_prompt
20139,heldout_prompt
20140,heldout_prompt
20141,heldout_prompt
20142,heldout_prompt
20143,heldout_prompt
20144,heldout_prompt
20145,heldout_prompt
20146,heldout_prompt
20147,heldout_prompt
20148,heldout_prompt
20149,heldout_prompt
20150,heldout_prompt
20151,heldout_prompt
20152,heldout_prompt
20153,heldout_prompt
20154,heldout_prompt
20155,heldout_prompt
20156,heldout_prompt
20157,heldout_prompt
20158,heldout_prompt
20159,heldout_prompt
20160,heldout_prompt
20161,heldout_prompt
20162,heldout_prompt
20163,heldout_prompt
20164,heldout_prompt
20165,heldout_prompt
20166,heldout_prompt
20167,heldout_prompt
20168,heldout_prompt
20169,heldout_prompt
20170,heldout_prompt
20171,heldout_prompt
20172,heldout_prompt
20173,heldout_prompt
20174,heldout_prompt
20175,heldout_prompt
20176,heldout_prompt
20177,heldout_prompt
20178,heldout_prompt
20179,heldout_prompt
20180,heldout_prompt
20181,heldout_prompt
20182,heldout_prompt
20183,heldout_prompt
20184,heldout_prompt
20185,heldout_prompt
20186,heldout_prompt
20187,heldout_prompt
20188,heldout_prompt
20189,heldout_prompt
20190,heldout_prompt
20191,heldout_prompt
20192,heldout_prompt
20193,heldout_prompt
20194,heldout_prompt
20195,heldout_prompt
20196,heldout_prompt
20197,heldout_prompt
20198,heldout_prompt
20199,heldout_prompt
20200,heldout_prompt
20201,heldout_prompt
20202,heldout_prompt
20203,heldout_prompt
20204,heldout_prompt
20205,heldout_prompt
20206,heldout_prompt
20207,heldout_prompt
20208,heldout_prompt
20209,heldout_prompt
20210,heldout_prompt
20211,heldout_prompt
20212,heldout_prompt
20213,heldout_prompt
20214,heldout_prompt
20215,heldout_prompt
20216,heldout_prompt
20217,heldout_prompt
20218,heldout_prompt
20219,heldout_prompt
20220,heldout_prompt
20221,heldout_prompt
20222,heldout_prompt
20223,heldout_prompt
20224,heldout_prompt
20225,heldout_prompt
20226,heldout_prompt
20227,heldout_prompt
20228,heldout_prompt
20229,heldout_prompt
20230,heldout_prompt
20231,heldout_prompt
20232,heldout_prompt
20233,heldout_prompt
20234,heldout_prompt
20235,heldout_prompt
20236,heldout_prompt
20237,heldout_prompt
20238,heldout_prompt
20239,heldout_prompt
20240,heldout_prompt
20241,heldout_prompt
20242,heldout_prompt
20243,heldout_prompt
20244,heldout_prompt
20245,heldout_prompt
20246,heldout_prompt
20247,heldout_prompt
20248,heldout_prompt
20249,heldout_prompt
20250,heldout_prompt
20251,heldout_prompt
20252,heldout_prompt
20253,heldout_prompt
20254,heldout_prompt
20255,heldout_prompt
20256,heldout_prompt
20257,heldout_prompt
20258,heldout_prompt
20259,heldout_prompt
20260,heldout_prompt
20261,heldout_prompt
20262,heldout_prompt
20263,heldout_prompt
20264,heldout_prompt
20265,heldout_prompt
20266,heldout_prompt
20267,heldout_prompt
20268,heldout_prompt
20269,heldout_prompt
20270,heldout_prompt
20271,heldout_prompt
20272,heldout_prompt
20273,heldout_prompt
20274,heldout_prompt
20275,heldout_prompt
20276,heldout_prompt
20277,heldout_prompt
20278,heldout_prompt
20279,heldout_prompt
20280,heldout_prompt
20281,heldout_prompt
20282,heldout_prompt
20283,heldout_prompt
20284,heldout_prompt
20285,heldout_prompt
20286,heldout_prompt
20287,heldout_prompt
20288,heldout_prompt
20289,heldout_prompt
20290,heldout_prompt
20291,heldout_prompt
20292,heldout_prompt
20293,heldout_prompt
20294,heldout_prompt
20295,heldout_prompt
20296,heldout_prompt
20297,heldout_prompt
20298,heldout_prompt
20299,heldout_prompt
20300,heldout_prompt
20301,heldout_prompt
20302,heldout_prompt
20303,heldout_prompt
20304,heldout_prompt
20305,heldout_prompt
20306,heldout_prompt
20307,heldout_prompt
20308,heldout_prompt
20309,heldout_prompt
20310,heldout_prompt
20311,heldout_prompt
20312,heldout_prompt
20313,heldout_prompt
20314,heldout_prompt
20315,heldout_prompt
20316,heldout_prompt
20317,heldout_prompt
20318,heldout_prompt
20319,heldout_prompt
20320,heldout_prompt
20321,heldout_prompt
20322,heldout_prompt
20323,heldout_prompt
20324,heldout_prompt
20325,heldout_prompt
20326,heldout_prompt
20327,heldout_prompt
20328,heldout_prompt
20329,heldout_prompt
20330,heldout_prompt
20331,heldout_prompt
20332,heldout_prompt
20333,heldout_prompt
20334,heldout_prompt
20335,heldout_prompt
20336,heldout_prompt
20337,heldout_prompt
20338,heldout_prompt
20339,heldout_prompt
20340,heldout_prompt
20341,heldout_prompt
20342,heldout_prompt
20343,heldout_prompt
20344,heldout_prompt
20345,heldout_prompt
20346,heldout_prompt
20347,heldout_prompt
20348,heldout_prompt
20349,heldout_prompt
20350,heldout_prompt
20351,heldout_prompt
20352,heldout_prompt
20353,heldout_prompt
20354,heldout_prompt
20355,heldout_prompt
20356,heldout_prompt
20357,heldout_prompt
20358,heldout_prompt
20359,heldout_prompt
20360,heldout_prompt
20361,heldout_prompt
20362,heldout_prompt
20363,heldout_prompt
20364,heldout_prompt
20365,heldout_prompt
20366,heldout_prompt
20367,heldout_prompt
20368,heldout_prompt
20369,heldout_prompt
20370,heldout_prompt
20371,heldout_prompt
20372,heldout_prompt
20373,heldout_prompt
20374,heldout_prompt
20375,heldout_prompt
20376,heldout_prompt
20377,heldout_prompt
20378,heldout_prompt
20379,heldout_prompt
20380,heldout_prompt
20381,heldout_prompt
20382,heldout_prompt
20383,heldout_prompt
20384,heldout_prompt
20385,heldout_prompt
20386,heldout_prompt
20387,heldout_prompt
20388,heldout_prompt
20389,heldout_prompt
20390,heldout_prompt
20391,heldout_prompt
20392,heldout_prompt
20393,heldout_prompt
20394,heldout_prompt
20395,heldout_prompt
20396,heldout_prompt
20397,heldout_prompt
20398,heldout_prompt
20399,heldout_prompt
20400,heldout_prompt
20401,heldout_prompt
20402,heldout_prompt
20403,heldout_prompt
20404,heldout_prompt
20405,heldout_prompt
20406,heldout_prompt
20407,heldout_prompt
20408,heldout_prompt
20409,heldout_prompt
20410,heldout_prompt
20411,heldout_prompt
20412,heldout_prompt
20413,heldout_prompt
20414,heldout_prompt
20415,heldout_prompt
20416,heldout_prompt
20417,heldout_prompt
20418,heldout_prompt
20419,heldout_prompt
20420,heldout_prompt
20421,heldout_prompt
20422,heldout_prompt
20423,heldout_prompt
20424,heldout_prompt
20425,heldout_prompt
20426,heldout_prompt
20427,heldout_prompt
20428,heldout_prompt
20429,heldout_prompt
20430,heldout_prompt
20431,heldout_prompt
20432,heldout_prompt
20433,heldout_prompt
20434,heldout_prompt
20435,heldout_prompt
20436,heldout_prompt
20437,heldout_prompt
20438,heldout_prompt
20439,heldout_prompt
20440,heldout_prompt
20441,heldout_prompt
20442,heldout_prompt
20443,heldout_prompt
20444,heldout_prompt
20445,heldout_prompt
20446,heldout_prompt
20447,heldout_prompt
20448,heldout_prompt
20449,heldout_prompt
20450,heldout_prompt
20451,heldout_prompt
20452,heldout_prompt
20453,heldout_prompt
20454,heldout_prompt
20455,heldout_prompt
20456,heldout_prompt
20457,heldout_prompt
20458,heldout_prompt
20459,heldout_prompt
20460,heldout_prompt
20461,heldout_prompt
20462,heldout_prompt
20463,heldout_prompt
20464,heldout_prompt
20465,heldout_prompt
20466,heldout_prompt
20467,heldout_prompt
20468,heldout_prompt
20469,heldout_prompt
20470,heldout_prompt
20471,heldout_prompt
20472,heldout_prompt
20473,heldout_prompt
20474,heldout_prompt
20475,heldout_prompt
20476,heldout_prompt
20477,heldout_prompt
20478,heldout_prompt
20479,heldout_prompt
20480,heldout_prompt
20481,heldout_prompt
20482,heldout_prompt
20483,heldout_prompt
20484,heldout_prompt
20485,heldout_prompt
20486,heldout_prompt
20487,heldout_prompt
20488,heldout_prompt
20489,heldout_prompt
20490,heldout_prompt
20491,heldout_prompt
20492,heldout_prompt
20493,heldout_prompt
20494,heldout_prompt
20495,heldout_prompt
20496,heldout_prompt
20497,heldout_prompt
20498,heldout_prompt
20499,heldout_prompt
20500,heldout_prompt
20501,heldout_prompt
20502,heldout_prompt
20503,heldout_prompt
20504,heldout_prompt
20505,heldout_prompt
20506,heldout_prompt
20507,heldout_prompt
20508,heldout_prompt
20509,heldout_prompt
20510,heldout_prompt
20511,heldout_prompt
20512,heldout_prompt
20513,heldout_prompt
20514,heldout_prompt
20515,heldout_prompt
20516,heldout_prompt
20517,heldout_prompt
20518,heldout_prompt
20519,heldout_prompt
20520,heldout_prompt
20521,heldout_prompt
20522,heldout_prompt
20523,heldout_prompt
20524,heldout_prompt
20525,heldout_prompt
20526,heldout_prompt
20527,heldout_prompt
20528,heldout_prompt
20529,heldout_prompt
20530,heldout_prompt
20531,heldout_prompt
20532,heldout_prompt
20533,heldout_prompt
20534,heldout_prompt
20535,heldout_prompt
20536,heldout_prompt
20537,heldout_prompt
20538,heldout_prompt
20539,heldout_prompt
20540,heldout_prompt
20541,heldout_prompt
20542,heldout_prompt
20543,heldout_prompt
20544,heldout_prompt
20545,heldout_prompt
20546,heldout_prompt
20547,heldout_prompt
20548,heldout_prompt
20549,heldout_prompt
20550,heldout_prompt
20551,heldout_prompt
20552,heldout_prompt
20553,heldout_prompt
20554,heldout_prompt
20555,heldout_prompt
20556,heldout_prompt
20557,heldout_prompt
20558,heldout_prompt
20559,heldout_prompt
20560,heldout_prompt
20561,heldout_prompt
20562,heldout_prompt
20563,heldout_prompt
20564,heldout_prompt
20565,heldout_prompt
20566,heldout_prompt
20567,heldout_prompt
20568,heldout_prompt
20569,heldout_prompt
20570,heldout_prompt
20571,heldout_prompt
20572,heldout_prompt
20573,heldout_prompt
20574,heldout_prompt
20575,heldout_prompt
20576,heldout_prompt
20577,heldout_prompt
20578,heldout_prompt
20579,heldout_prompt
20580,heldout_prompt
20581,heldout_prompt
20582,heldout_prompt
20583,heldout_prompt
20584,heldout_prompt
20585,heldout_prompt
20586,heldout_prompt
20587,heldout_prompt
20588,heldout_prompt
20589,heldout_prompt
20590,heldout_prompt
20591,heldout_prompt
20592,heldout_prompt
20593,heldout_prompt
20594,heldout_prompt
20595,heldout_prompt
20596,heldout_prompt
20597,heldout_prompt
20598,heldout_prompt
20599,heldout_prompt
20600,heldout_prompt
20601,heldout_prompt
20602,heldout_prompt
20603,heldout_prompt
20604,heldout_prompt
20605,heldout_prompt
20606,heldout_prompt
20607,heldout_prompt
20608,heldout_prompt
20609,heldout_prompt
20610,heldout_prompt
20611,heldout_prompt
20612,heldout_prompt
20613,heldout_prompt
20614,heldout_prompt
20615,heldout_prompt
20616,heldout_prompt
20617,heldout_prompt
20618,heldout_prompt
20619,heldout_prompt
20620,heldout_prompt
20621,heldout_prompt
20622,heldout_prompt
20623,heldout_prompt
20624,heldout_prompt
20625,heldout_prompt
20626,heldout_prompt
20627,heldout_prompt
20628,heldout_prompt
20629,heldout_prompt
20630,heldout_prompt
20631,val
20632,train
20633,train
20634,train
20635,test
20636,train
20637,val
20638,train
20639,train
20640,train
20641,test
20642,val
20643,test
20644,train
20645,train
20646,train
20647,train
20648,train
20649,val
20650,train
20651,train
20652,val
20653,train
20654,test
20655,train
20656,train
20657,train
20658,train
20659,train
20660,train
20661,val
20662,train
20663,train
20664,train
20665,train
20666,train
20667,train
20668,train
20669,train
20670,val
20671,train
20672,test
20673,train
20674,train
20675,train
20676,val
20677,train
20678,train
20679,test
20680,train
20681,train
20682,train
20683,train
20684,val
20685,train
20686,train
20687,train
20688,train
20689,train
20690,train
20691,train
20692,train
20693,train
20694,train
20695,train
20696,train
20697,train
20698,train
20699,train
20700,test
20701,val
20702,train
20703,train
20704,train
20705,val
20706,train
20707,train
20708,train
20709,train
20710,train
20711,val
20712,val
20713,train
20714,train
20715,test
20716,train
20717,train
20718,train
20719,train
20720,train
20721,train
20722,train
20723,test
20724,train
20725,train
20726,train
20727,train
20728,train
20729,train
20730,train
20731,train
20732,train
20733,train
20734,train
20735,train
20736,train
20737,test
20738,test
20739,test
20740,train
20741,train
20742,train
20743,test
20744,train
20745,train
20746,train
20747,train
20748,train
20749,val
20750,test
20751,train
20752,train
20753,train
20754,train
20755,train
20756,train
20757,train
20758,train
20759,train
20760,train
20761,train
20762,test
20763,val
20764,train
20765,train
20766,train
20767,train
20768,train
20769,train
20770,train
20771,train
20772,train
20773,test
20774,val
20775,train
20776,train
20777,train
20778,val
20779,val
20780,train
20781,val
20782,train
20783,train
20784,test
20785,train
20786,train
20787,train
20788,test
20789,val
20790,train
20791,train
20792,train
20793,train
20794,test
20795,train
20796,train
20797,train
20798,train
20799,train
20800,train
20801,train
20802,test
20803,train
20804,train
20805,train
20806,train
20807,test
20808,train
20809,test
20810,train
20811,test
20812,train
20813,train
20814,val
20815,train
20816,train
20817,train
20818,train
20819,train
20820,train
20821,train
20822,train
20823,train
20824,train
20825,train
20826,test
20827,train
20828,train
20829,train
20830,train
20831,train
20832,val
20833,train
20834,train
20835,val
20836,train
20837,train
20838,train
20839,train
20840,train
20841,test
20842,train
20843,train
20844,test
20845,train
20846,train
20847,train
20848,train
20849,val
20850,train
20851,train
20852,val
20853,train
20854,train
20855,train
20856,train
20857,train
20858,train
20859,train
20860,val
20861,train
20862,train
20863,val
20864,train
20865,train
20866,val
20867,train
20868,train
20869,val
20870,train
20871,train
20872,train
20873,train
20874,train
20875,test
20876,train
20877,train
20878,val
20879,train
20880,train
20881,train
20882,train
20883,train
20884,train
20885,train
20886,test
20887,train
20888,val
20889,train
20890,test
20891,train
20892,train
20893,train
20894,train
20895,train
20896,train
20897,train
20898,train
20899,train
20900,train
20901,train
20902,train
20903,train
20904,train
20905,train
20906,train
20907,train
20908,train
20909,train
20910,train
20911,test
20912,train
20913,train
20914,train
20915,train
20916,train
20917,train
20918,train
20919,train
20920,train
20921,test
20922,train
20923,train
20924,train
20925,train
20926,train
20927,val
20928,train
20929,val
20930,train
20931,train
20932,train
20933,train
20934,train
20935,val
20936,train
20937,train
20938,train
20939,train
20940,train
20941,train
20942,train
20943,val
20944,train
20945,train
20946,train
20947,train
20948,train
20949,train
20950,train
20951,train
20952,train
20953,train
20954,train
20955,train
20956,train
20957,train
20958,test
20959,train
20960,train
20961,train
20962,test
20963,train
20964,train
20965,train
20966,train
20967,train
20968,train
20969,train
20970,train
20971,train
20972,train
20973,train
20974,train
20975,test
20976,train
20977,train
20978,train
20979,train
20980,test
20981,val
20982,train
20983,train
20984,train
20985,train
20986,train
20987,train
20988,train
20989,train
20990,train
20991,train
20992,test
20993,train
20994,train
20995,train
20996,train
20997,val
20998,val
20999,train
21000,val
21001,train
21002,train
21003,train
21004,val
21005,train
21006,train
21007,train
21008,train
21009,train
21010,train
21011,train
21012,val
21013,train
21014,train
21015,train
21016,train
21017,val
21018,train
21019,train
21020,test
21021,train
21022,test
21023,train
21024,train
21025,train
21026,train
21027,train
21028,train
21029,val
21030,train
21031,train
21032,test
21033,train
21034,train
21035,train
21036,train
21037,val
21038,train
21039,train
21040,train
21041,val
21042,train
21043,train
21044,train
21045,train
21046,test
21047,train
21048,train
21049,train
21050,val
21051,train
21052,test
21053,train
21054,train
21055,train
21056,train
21057,val
21058,train
21059,train
21060,train
21061,train
21062,test
21063,train
21064,train
21065,train
21066,train
21067,train
21068,train
21069,train
21070,test
21071,train
21072,train
21073,val
21074,test
21075,train
21076,train
21077,train
21078,train
21079,train
21080,train
21081,train
21082,val
21083,train
21084,train
21085,train
21086,val
21087,train
21088,train
21089,train
21090,train
21091,train
21092,train
21093,train
21094,train
21095,train
21096,train
21097,val
21098,train
21099,train
21100,train
21101,train
21102,train
21103,train
21104,train
21105,train
21106,train
21107,train
21108,val
21109,train
21110,train
21111,train
21112,val
21113,train
21114,train
21115,train
21116,train
21117,train
21118,test
21119,train
21120,train
21121,train
21122,train
21123,val
21124,test
21125,train
21126,train
21127,train
21128,test
21129,val
21130,test
21131,train
21132,val
21133,train
21134,test
21135,train
21136,train
21137,train
21138,train
21139,train
21140,train
21141,val
21142,test
21143,train
21144,train
21145,train
21146,train
21147,train
21148,val
21149,train
21150,train
21151,train
21152,train
21153,train
21154,train
21155,train
21156,train
21157,train
21158,val
21159,train
21160,train
21161,train
21162,train
21163,train
21164,train
21165,test
21166,train
21167,train
21168,train
21169,test
21170,train
21171,train
21172,train
21173,train
21174,train
21175,train
21176,train
21177,train
21178,train
21179,train
21180,val
21181,train
21182,train
21183,test
21184,train
21185,train
21186,train
21187,train
21188,train
21189,train
21190,train
21191,train
21192,train
21193,train
21194,val
21195,train
21196,train
21197,train
21198,test
21199,train
21200,train
21201,train
21202,train
21203,train
21204,train
21205,val
21206,train
21207,train
21208,val
21209,train
21210,train
21211,train
21212,train
21213,train
21214,train
21215,train
21216,train
21217,train
21218,val
21219,train
21220,train
21221,val
21222,train
21223,test
21224,val
21225,train
21226,val
21227,train
21228,train
21229,train
21230,train
21231,train
21232,train
21233,train
21234,train
21235,test
21236,train
21237,train
21238,train
21239,train
21240,test
21241,train
21242,train
21243,train
21244,test
21245,train
21246,train
21247,train
21248,train
21249,train
21250,val
21251,train
21252,train
21253,test
21254,train
21255,train
21256,test
21257,train
21258,train
21259,train
21260,train
21261,val
21262,train
21263,train
21264,train
21265,train
21266,val
21267,train
21268,train
21269,train
21270,train
21271,train
21272,train
21273,train
21274,train
21275,train
21276,train
21277,train
21278,train
21279,train
21280,train
21281,train
21282,test
21283,train
21284,train
21285,test
21286,train
21287,train
21288,train
21289,train
21290,train
21291,test
21292,train
21293,train
21294,train
21295,train
21296,train
21297,train
21298,train
21299,val
21300,train
21301,train
21302,train
21303,val
21304,train
21305,train
21306,train
21307,train
21308,val
21309,train
21310,train
21311,train
21312,train
21313,train
21314,train
21315,train
21316,train
21317,train
21318,train
21319,train
21320,test
21321,val
21322,train
21323,train
21324,train
21325,train
21326,train
21327,train
21328,train
21329,train
21330,val
21331,train
21332,train
21333,val
21334,train
21335,train
21336,train
21337,test
21338,train
21339,train
21340,test
21341,train
21342,train
21343,test
21344,train
21345,train
21346,test
21347,train
21348,train
21349,train
21350,train
21351,test
21352,val
21353,train
21354,train
21355,train
21356,train
21357,train
21358,train
21359,train
21360,train
21361,train
21362,train
21363,train
21364,train
21365,train
21366,train
21367,train
21368,train
21369,train
21370,train
21371,val
21372,train
21373,val
21374,train
21375,train
21376,train
21377,train
21378,train
21379,train
21380,train
21381,train
21382,val
21383,train
21384,train
21385,train
21386,train
21387,test
21388,train
21389,train
21390,train
21391,val
21392,train
21393,test
21394,test
21395,train
21396,train
21397,train
21398,train
21399,train
21400,train
21401,train
21402,val
21403,train
21404,train
21405,train
21406,train
21407,test
21408,train
21409,train
21410,train
21411,train
21412,val
21413,train
21414,train
21415,train
21416,train
21417,train
21418,test
21419,train
21420,val
21421,train
21422,val
21423,train
21424,train
21425,train
21426,train
21427,train
21428,train
21429,train
21430,train
21431,val
21432,train
21433,test
21434,train
21435,train
21436,train
21437,train
21438,train
21439,train
21440,train
21441,train
21442,train
21443,test
21444,train
21445,test
21446,train
21447,train
21448,train
21449,train
21450,train
21451,train
21452,train
21453,train
21454,train
21455,train
21456,train
21457,val
21458,train
21459,train
21460,train
21461,train
21462,train
21463,train
21464,train
21465,train
21466,train
21467,test
21468,train
21469,train
21470,train
21471,train
21472,train
21473,train
21474,train
21475,train
21476,train
21477,train
21478,train
21479,train
21480,train
21481,test
21482,train
21483,val
21484,train
21485,train
21486,train
21487,train
21488,train
21489,val
21490,train
21491,train
21492,train
21493,train
21494,train
21495,train
21496,test
21497,train
21498,train
21499,train
21500,train
21501,train
21502,train
21503,train
21504,train
21505,train
21506,train
21507,test
21508,test
21509,train
21510,train
21511,test
21512,train
21513,train
21514,train
21515,train
21516,train
21517,train
21518,test
21519,train
21520,train
21521,train
21522,train
21523,train
21524,train
21525,train
21526,train
21527,train
21528,train
21529,val
21530,test
21531,train
21532,train
21533,val
21534,train
21535,train
21536,train
21537,train
21538,train
21539,train
21540,train
21541,train
21542,train
21543,val
21544,val
21545,train
21546,train
21547,train
21548,train
21549,train
21550,train
21551,train
21552,train
21553,test
21554,train
21555,train
21556,train
21557,train
21558,test
21559,train
21560,train
21561,val
21562,train
21563,train
21564,train
21565,train
21566,train
21567,train
21568,train
21569,test
21570,train
21571,val
21572,test
21573,train
21574,train
21575,train
21576,train
21577,train
21578,train
21579,train
21580,train
21581,train
21582,train
21583,train
21584,train
21585,train
21586,train
21587,train
21588,train
21589,test
21590,train
21591,train
21592,train
21593,train
21594,train
21595,train
21596,train
21597,train
21598,val
21599,train
21600,train
21601,train
21602,train
21603,train
21604,train
21605,train
21606,train
21607,train
21608,train
21609,train
21610,train
21611,test
21612,train
21613,val
21614,val
21615,train
21616,val
21617,train
21618,val
21619,train
21620,train
21621,train
21622,train
21623,train
21624,train
21625,test
21626,val
21627,train
21628,train
21629,train
21630,val
21631,train
21632,train
21633,val
21634,train
21635,train
21636,val
21637,train
21638,val
21639,train
21640,test
21641,test
21642,train
21643,train
21644,train
21645,test
21646,train
21647,train
21648,train
21649,train
21650,train
21651,train
21652,val
21653,train
21654,test
21655,train
21656,train
21657,train
21658,train
21659,train
21660,train
21661,train
21662,train
21663,train
21664,train
21665,train
21666,train
21667,train
21668,train
21669,train
21670,train
21671,train
21672,train
21673,train
21674,val
21675,train
21676,train
21677,train
21678,train
21679,train
21680,val
21681,val
21682,train
21683,val
21684,train
21685,train
21686,train
21687,train
21688,train
21689,train
21690,train
21691,train
21692,train
21693,train
21694,train
21695,train
21696,train
21697,val
21698,train
21699,train
21700,train
21701,train
21702,train
21703,train
21704,train
21705,test
21706,train
21707,train
21708,train
21709,train
21710,train
21711,train
21712,train
21713,train
21714,val
21715,train
21716,train
21717,train
21718,train
21719,train
21720,train
21721,train
21722,train
21723,train
21724,train
21725,train
21726,train
21727,train
21728,train
21729,train
21730,train
21731,train
21732,val
21733,train
21734,test
21735,train
21736,train
21737,test
21738,train
21739,train
21740,train
21741,train
21742,val
21743,train
21744,train
21745,train
21746,train
21747,train
21748,train
21749,val
21750,train
21751,train
21752,train
21753,train
21754,train
21755,train
21756,train
21757,train
21758,train
21759,train
21760,train
21761,train
21762,train
21763,train
21764,train
21765,val
21766,val
21767,train
21768,train
21769,test
21770,train
21771,test
21772,train
21773,train
21774,train
21775,val
21776,train
21777,train
21778,val
21779,train
21780,train
21781,val
21782,test
21783,test
21784,train
21785,train
21786,test
21787,train
21788,train
21789,test
21790,val
21791,train
21792,val
21793,train
21794,train
21795,train
21796,train
21797,train
21798,test
21799,train
21800,train
21801,train
21802,val
21803,train
21804,train
21805,train
21806,train
21807,train
21808,train
21809,train
21810,train
21811,train
21812,train
21813,train
21814,train
21815,train
21816,train
21817,train
21818,train
21819,train
21820,val
21821,train
21822,train
21823,val
21824,train
21825,train
21826,test
21827,train
21828,test
21829,train
21830,train
21831,train
21832,train
21833,test
21834,train
21835,train
21836,train
21837,test
21838,train
21839,train
21840,val
21841,val
21842,train
21843,train
21844,val
21845,train
21846,train
21847,train
21848,train
21849,train
21850,train
21851,test
21852,train
21853,train
21854,test
21855,train
21856,train
21857,train
21858,train
21859,train
21860,val
21861,train
21862,train
21863,train
21864,val
21865,test
21866,train
21867,train
21868,train
21869,test
21870,train
21871,train
21872,test
21873,val
21874,train
21875,train
21876,val
21877,train
21878,train
21879,test
21880,train
21881,train
21882,train
21883,train
21884,train
21885,train
21886,train
21887,train
21888,train
21889,test
21890,train
21891,train
21892,train
21893,train
21894,train
21895,val
21896,train
21897,train
21898,train
21899,train
21900,train
21901,train
21902,train
21903,train
21904,train
21905,train
21906,train
21907,train
21908,val
21909,test
21910,train
21911,train
21912,test
21913,train
21914,train
21915,test
21916,train
21917,train
21918,train
21919,train
21920,train
21921,val
21922,val
21923,train
21924,train
21925,train
21926,train
21927,train
21928,train
21929,train
21930,train
21931,train
21932,train
21933,train
21934,test
21935,train
21936,train
21937,train
21938,train
21939,train
21940,train
21941,train
21942,train
21943,train
21944,train
21945,val
21946,train
21947,train
21948,train
21949,train
21950,train
21951,train
21952,train
21953,train
21954,test
21955,train
21956,val
21957,train
21958,val
21959,train
21960,train
21961,train
21962,train
21963,train
21964,train
21965,train
21966,test
21967,val
21968,train
21969,train
21970,train
21971,train
21972,train
21973,train
21974,train
21975,train
21976,test
21977,train
21978,test
21979,train
21980,train
21981,train
21982,train
21983,train
21984,train
21985,val
21986,train
21987,train
21988,val
21989,train
21990,train
21991,train
21992,train
21993,train
21994,val
21995,train
21996,train
21997,train
21998,val
21999,train
22000,train
22001,test
22002,train
22003,train
22004,train
22005,train
22006,train
22007,train
22008,test
22009,train
22010,train
22011,train
22012,train
22013,train
22014,train
22015,train
22016,train
22017,train
22018,test
22019,train
22020,train
22021,train
22022,train
22023,train
22024,test
22025,train
22026,train
22027,train
22028,train
22029,train
22030,train
22031,train
22032,train
22033,train
22034,test
22035,train
22036,train
22037,train
22038,train
22039,train
22040,train
22041,train
22042,val
22043,train
22044,test
22045,val
22046,test
22047,train
22048,train
22049,train
22050,train
22051,train
22052,train
22053,train
22054,val
22055,train
22056,train
22057,train
22058,val
22059,train
22060,val
22061,train
22062,train
22063,test
22064,test
22065,train
22066,train
22067,train
22068,train
22069,train
22070,test
22071,train
22072,train
22073,val
22074,train
22075,train
22076,val
22077,test
22078,train
22079,val
22080,train
22081,train
22082,train
22083,test
22084,train
22085,train
22086,train
22087,train
22088,train
22089,train
22090,train
22091,train
22092,val
22093,train
22094,train
22095,train
22096,test
22097,train
22098,train
22099,train
22100,train
22101,val
22102,train
22103,val
22104,train
22105,train
22106,train
22107,train
22108,test
22109,val
22110,train
22111,train
22112,train
22113,test
22114,train
22115,val
22116,train
22117,train
22118,val
22119,train
22120,train
22121,train
22122,train
22123,train
22124,train
22125,train
22126,train
22127,train
22128,train
22129,train
22130,test
22131,train
22132,train
22133,train
22134,val
22135,train
22136,train
22137,train
22138,train
22139,test
22140,val
22141,train
22142,train
22143,train
22144,train
22145,train
22146,val
22147,train
22148,test
22149,test
22150,train
22151,train
22152,train
22153,train
22154,val
22155,val
22156,val
22157,train
22158,train
22159,train
22160,train
22161,train
22162,val
22163,train
22164,train
22165,train
22166,train
22167,train
22168,train
22169,test
22170,train
22171,train
22172,train
22173,train
22174,test
22175,test
22176,train
22177,train
22178,train
22179,train
22180,train
22181,train
22182,train
22183,train
22184,train
22185,train
22186,train
22187,train
22188,test
22189,train
22190,val
22191,train
22192,val
22193,train
22194,test
22195,train
22196,train
22197,train
22198,train
22199,test
22200,train
22201,train
22202,train
22203,train
22204,train
22205,train
22206,train
22207,train
22208,test
22209,train
22210,train
22211,train
22212,val
22213,train
22214,train
22215,train
22216,test
22217,test
22218,train
22219,test
22220,train
22221,val
22222,train
22223,train
22224,val
22225,train
22226,train
22227,test
22228,train
22229,train
22230,val
22231,train
22232,train
22233,train
22234,train
22235,test
22236,train
22237,train
22238,train
22239,train
22240,train
22241,train
22242,train
22243,test
22244,test
22245,test
22246,train
22247,train
22248,train
22249,train
22250,train
22251,test
22252,train
22253,train
22254,val
22255,train
22256,train
22257,train
22258,train
22259,val
22260,train
22261,train
22262,train
22263,train
22264,test
22265,train
22266,train
22267,train
22268,train
22269,train
22270,test
22271,test
22272,train
22273,train
22274,train
22275,train
22276,train
22277,train
22278,train
22279,train
22280,train
22281,val
22282,train
22283,train
22284,train
22285,train
22286,train
22287,train
22288,train
22289,train
22290,test
22291,test
22292,train
22293,train
22294,test
22295,train
22296,train
22297,train
22298,test
22299,train
22300,train
22301,train
22302,train
22303,train
22304,train
22305,train
22306,train
22307,val
22308,train
22309,train
22310,train
22311,train
22312,train
22313,train
22314,train
22315,train
22316,train
22317,train
22318,train
22319,train
22320,train
22321,train
22322,train
22323,train
22324,train
22325,train
22326,train
22327,train
22328,train
22329,train
22330,train
22331,train
22332,test
22333,train
22334,train
22335,train
22336,train
22337,train
22338,train
22339,train
22340,test
22341,train
22342,train
22343,train
22344,val
22345,test
22346,train
22347,test
22348,train
22349,train
22350,train
22351,train
22352,train
22353,train
22354,train
22355,train
22356,test
22357,train
22358,test
22359,test
22360,test
22361,test
22362,val
22363,train
22364,val
22365,train
22366,train
22367,train
22368,train
22369,test
22370,test
22371,train
22372,train
22373,train
22374,train
22375,val
22376,train
22377,train
22378,train
22379,train
22380,train
22381,train
22382,train
22383,train
22384,train
22385,train
22386,train
22387,train
22388,train
22389,val
22390,train
22391,train
22392,train
22393,train
22394,train
22395,test
22396,train
22397,train
22398,train
22399,train
22400,train
22401,train
22402,train
22403,train
22404,train
22405,train
22406,train
22407,train
22408,val
22409,train
22410,train
22411,train
22412,train
22413,val
22414,train
22415,test
22416,train
22417,train
22418,train
22419,train
22420,train
22421,train
22422,train
22423,train
22424,train
22425,train
22426,train
22427,train
22428,train
22429,train
22430,train
22431,train
22432,train
22433,train
22434,train
22435,train
22436,train
22437,test
22438,train
22439,train
22440,test
22441,train
22442,train
22443,train
22444,test
22445,train
22446,train
22447,val
22448,train
22449,train
22450,test
22451,train
22452,train
22453,train
22454,train
22455,train
22456,train
22457,train
22458,val
22459,val
22460,train
22461,train
22462,train
22463,train
22464,test
22465,val
22466,train
22467,test
22468,train
22469,train
22470,train
22471,train
22472,train
22473,train
22474,test
22475,train
22476,train
22477,train
22478,val
22479,train
22480,train
22481,test
22482,train
22483,val
22484,test
22485,test
22486,val
22487,train
22488,train
22489,val
22490,test
22491,test
22492,train
22493,train
22494,val
22495,train
22496,test
22497,train
22498,train
22499,train
22500,train
22501,train
22502,train
22503,train
22504,train
22505,test
22506,train
22507,train
22508,train
22509,train
22510,test
22511,train
22512,train
22513,train
22514,train
22515,train
22516,train
22517,train
22518,train
22519,train
22520,train
22521,train
22522,train
22523,train
22524,train
22525,train
22526,train
22527,train
22528,train
22529,train
22530,train
22531,train
22532,train
22533,train
22534,train
22535,train
22536,train
22537,test
22538,train
22539,test
22540,val
22541,train
22542,train
22543,train
22544,train
22545,test
22546,train
22547,test
22548,train
22549,train
22550,train
22551,train
22552,train
22553,train
22554,train
22555,train
22556,train
22557,train
22558,test
22559,test
22560,train
22561,train
22562,train
22563,test
22564,train
22565,train
22566,train
22567,train
22568,train
22569,val
22570,train
22571,train
22572,train
22573,test
22574,val
22575,train
22576,train
22577,train
22578,train
22579,train
22580,train
22581,train
22582,train
22583,train
22584,train
22585,train
22586,val
22587,test
22588,train
22589,train
22590,train
22591,train
22592,train
22593,train
22594,train
22595,train
22596,val
22597,train
22598,train
22599,train
22600,train
22601,train
22602,train
22603,train
22604,train
22605,train
22606,test
22607,train
22608,train
22609,train
22610,train
22611,train
22612,train
22613,train
22614,train
22615,train
22616,train
22617,train
22618,train
22619,test
22620,train
22621,train
22622,train
22623,train
22624,train
22625,train
22626,val
22627,train
22628,train
22629,val
22630,train
22631,train
22632,val
22633,train
22634,train
22635,train
22636,val
22637,train
22638,test
22639,test
22640,train
22641,train
22642,val
22643,train
22644,train
22645,train
22646,train
22647,train
22648,val
22649,val
22650,train
22651,train
22652,train
22653,train
22654,train
22655,train
22656,train
22657,train
22658,test
22659,train
22660,train
22661,train
22662,train
22663,train
22664,train
22665,train
22666,train
22667,train
22668,train
22669,test
22670,train
22671,train
22672,train
22673,train
22674,train
22675,train
22676,test
22677,train
22678,train
22679,train
22680,train
22681,train
22682,val
22683,val
22684,val
22685,train
22686,train
22687,val
22688,train
22689,train
22690,train
22691,train
22692,train
22693,train
22694,train
22695,train
22696,train
22697,train
22698,train
22699,train
22700,test
22701,val
22702,train
22703,train
22704,train
22705,train
22706,train
22707,test
22708,train
22709,train
22710,train
22711,val
22712,val
22713,train
22714,train
22715,train
22716,train
22717,train
22718,train
22719,train
22720,train
22721,train
22722,train
22723,train
22724,train
22725,train
22726,train
22727,val
22728,train
22729,train
22730,train
22731,train
22732,train
22733,train
22734,train
22735,test
22736,train
22737,val
22738,train
22739,val
22740,train
22741,train
22742,train
22743,train
22744,train
22745,train
22746,test
22747,train
22748,train
22749,test
22750,train
22751,train
22752,test
22753,train
22754,train
22755,train
22756,train
22757,test
22758,train
22759,train
22760,train
22761,train
22762,train
22763,train
22764,train
22765,train
22766,test
22767,train
22768,train
22769,train
22770,train
22771,train
22772,test
22773,train
22774,test
22775,train
22776,train
22777,train
22778,train
22779,train
22780,train
22781,val
22782,train
22783,train
22784,train
22785,train
22786,train
22787,train
22788,train
22789,train
22790,train
22791,train
22792,train
22793,train
22794,train
22795,train
22796,test
22797,train
22798,train
22799,train
22800,train
22801,train
22802,train
22803,train
22804,train
22805,train
22806,train
22807,train
22808,train
22809,train
22810,test
22811,val
22812,test
22813,train
22814,train
22815,train
22816,train
22817,train
22818,train
22819,train
22820,train
22821,train
22822,val
22823,train
22824,train
22825,train
22826,train
22827,val
22828,test
22829,train
22830,train
22831,train
22832,train
22833,train
22834,train
22835,train
22836,train
22837,train
22838,train
22839,val
22840,val
22841,train
22842,train
22843,train
22844,train
22845,train
22846,train
22847,train
22848,train
22849,train
22850,train
22851,train
22852,train
22853,train
22854,train
22855,train
22856,train
22857,test
22858,train
22859,train
22860,train
22861,test
22862,train
22863,val
22864,train
22865,train
22866,train
22867,train
22868,train
22869,train
22870,train
22871,val
22872,val
22873,train
22874,train
22875,train
22876,train
22877,train
22878,test
22879,train
22880,train
22881,train
22882,val
22883,train
22884,train
22885,train
22886,train
22887,train
22888,train
22889,train
22890,train
22891,train
22892,train
22893,train
22894,train
22895,train
22896,train
22897,train
22898,train
22899,train
22900,train
22901,train
22902,train
22903,train
22904,train
22905,test
22906,val
22907,train
22908,train
22909,train
22910,train
22911,train
22912,train
22913,test
22914,train
22915,test
22916,train
22917,train
22918,train
22919,train
22920,train
22921,test
22922,train
22923,train
22924,train
22925,train
22926,train
22927,train
22928,train
22929,train
22930,train
22931,train
22932,test
22933,train
22934,val
22935,train
22936,train
22937,train
22938,train
22939,train
22940,val
22941,test
22942,train
22943,train
22944,test
22945,train
22946,train
22947,train
22948,train
22949,test
22950,train
22951,train
22952,val
22953,train
22954,train
22955,train
22956,train
22957,train
22958,test
22959,train
22960,train
22961,test
22962,train
22963,train
22964,train
22965,train
22966,train
22967,test
22968,train
22969,train
22970,val
22971,train
22972,train
22973,train
22974,train
22975,train
22976,train
22977,train
22978,train
22979,train
22980,train
22981,val
22982,train
22983,train
22984,train
22985,train
22986,train
22987,train
22988,train
22989,test
22990,train
22991,val
22992,train
22993,train
22994,train
22995,train
22996,train
22997,train
22998,train
22999,train
23000,train
23001,train
23002,train
23003,train
23004,train
23005,train
23006,train
23007,val
23008,train
23009,train
23010,train
23011,test
23012,train
23013,train
23014,train
23015,train
23016,train
23017,train
23018,train
23019,train
23020,train
23021,train
23022,train
23023,train
23024,train
23025,train
23026,train
23027,train
23028,train
23029,train
23030,train
23031,train
23032,train
23033,train
23034,train
23035,train
23036,val
23037,train
23038,train
23039,train
23040,val
23041,train
23042,train
23043,test
23044,train
23045,train
23046,train
23047,train
23048,train
23049,train
23050,train
23051,train
23052,train
23053,train
23054,train
23055,train
23056,test
23057,train
23058,train
23059,train
23060,train
23061,train
23062,train
23063,val
23064,train
23065,test
23066,train
23067,test
23068,train
23069,test
23070,train
23071,train
23072,train
23073,train
23074,train
23075,train
23076,train
23077,train
23078,test
23079,test
23080,train
23081,test
23082,train
23083,train
23084,train
23085,train
23086,train
23087,train
23088,train
23089,train
23090,train
23091,train
23092,train
23093,train
23094,train
23095,train
23096,train
23097,train
23098,train
23099,train
23100,train
23101,test
23102,train
23103,train
23104,train
23105,val
23106,train
23107,train
23108,train
23109,train
23110,train
23111,val
23112,train
23113,val
23114,train
23115,train
23116,train
23117,train
23118,train
23119,train
23120,train
23121,train
23122,train
23123,train
23124,train
23125,test
23126,train
23127,train
23128,train
23129,test
23130,train
23131,train
23132,train
23133,train
23134,train
23135,train
23136,train
23137,train
23138,train
23139,train
23140,train
23141,train
23142,train
23143,train
23144,train
23145,train
23146,train
23147,train
23148,train
23149,train
23150,train
23151,train
23152,train
23153,val
23154,train
23155,train
23156,train
23157,val
23158,train
23159,train
23160,train
23161,train
23162,train
23163,train
23164,train
23165,train
23166,train
23167,train
23168,train
23169,train
23170,val
23171,train
23172,train
23173,train
23174,train
23175,train
23176,train
23177,train
23178,train
23179,train
23180,train
23181,train
23182,train
23183,val
23184,train
23185,train
23186,train
23187,train
23188,train
23189,train
23190,train
23191,train
23192,train
23193,train
23194,train
23195,train
23196,test
23197,train
23198,train
23199,train
23200,train
23201,train
23202,train
23203,train
23204,train
23205,train
23206,train
23207,train
23208,test
23209,train
23210,train
23211,train
23212,train
23213,train
23214,train
23215,train
23216,train
23217,train
23218,train
23219,train
23220,train
23221,train
23222,train
23223,train
23224,train
23225,train
23226,train
23227,test
23228,train
23229,train
23230,train
23231,train
23232,test
23233,train
23234,train
23235,train
23236,train
23237,val
23238,train
23239,train
23240,val
23241,test
23242,train
23243,train
23244,train
23245,test
23246,train
23247,train
23248,val
23249,train
23250,train
23251,train
23252,train
23253,train
23254,train
23255,train
23256,train
23257,test
23258,train
23259,val
23260,train
23261,train
23262,train
23263,train
23264,train
23265,train
23266,train
23267,train
23268,train
23269,train
23270,train
23271,train
23272,train
23273,train
23274,train
23275,train
23276,train
23277,test
23278,train
23279,val
23280,train
23281,val
23282,train
23283,train
23284,train
23285,train
23286,val
23287,test
23288,train
23289,val
23290,val
23291,val
23292,test
23293,train
23294,train
23295,train
23296,train
23297,train
23298,test
23299,train
23300,train
23301,val
23302,train
23303,val
23304,train
23305,test
23306,val
23307,train
23308,train
23309,val
23310,train
23311,test
23312,val
23313,val
23314,train
23315,train
23316,val
23317,train
23318,train
23319,train
23320,val
23321,train
23322,test
23323,test
23324,val
23325,train
23326,val
23327,train
23328,train
23329,test
23330,test
23331,val
23332,train
23333,train
23334,train
23335,train
23336,train
23337,train
23338,train
23339,train
23340,train
23341,train
23342,test
23343,train
23344,train
23345,train
23346,train
23347,train
23348,train
23349,train
23350,train
23351,train
23352,train
23353,train
23354,val
23355,test
23356,train
23357,train
23358,test
23359,train
23360,val
23361,train
23362,train
23363,train
23364,train
23365,train
23366,train
23367,val
23368,train
23369,val
23370,test
23371,train
23372,train
23373,train
23374,train
23375,train
23376,train
23377,train
23378,train
23379,train
23380,train
23381,train
23382,train
23383,train
23384,train
23385,test
23386,test
23387,train
23388,train
23389,train
23390,train
23391,train
23392,train
23393,train
23394,train
23395,train
23396,train
23397,train
23398,train
23399,train
23400,train
23401,train
23402,train
23403,train
23404,train
23405,train
23406,train
23407,train
23408,train
23409,train
23410,train
23411,train
23412,train
23413,train
23414,train
23415,train
23416,train
23417,train
23418,train
23419,test
23420,test
23421,train
23422,train
23423,train
23424,train
23425,test
23426,train
23427,train
23428,train
23429,train
23430,train
23431,train
23432,train
23433,test
23434,val
23435,train
23436,val
23437,val
23438,train
23439,val
23440,train
23441,train
23442,train
23443,train
23444,train
23445,train
23446,train
23447,train
23448,train
23449,train
23450,train
23451,train
23452,train
23453,train
23454,train
23455,train
23456,train
23457,train
23458,train
23459,train
23460,val
23461,train
23462,train
23463,train
23464,train
23465,train
23466,train
23467,train
23468,val
23469,val
23470,train
23471,test
23472,val
23473,train
23474,train
23475,train
23476,train
23477,train
23478,train
23479,train
23480,train
23481,train
23482,train
23483,test
23484,train
23485,train
23486,train
23487,train
23488,train
23489,train
23490,train
23491,train
23492,train
23493,train
23494,train
23495,train
23496,train
23497,train
23498,train
23499,train
23500,train
23501,train
23502,train
23503,train
23504,train
23505,train
23506,train
23507,train
23508,val
23509,train
23510,train
23511,train
23512,train
23513,train
23514,test
23515,test
23516,train
23517,train
23518,train
23519,train
23520,test
23521,train
23522,train
23523,train
23524,train
23525,train
23526,train
23527,train
23528,train
23529,train
23530,train
23531,train
23532,train
23533,train
23534,train
23535,train
23536,train
23537,train
23538,train
23539,train
23540,train
23541,train
23542,train
23543,test
23544,test
23545,train
23546,train
23547,test
23548,train
23549,train
23550,train
23551,train
23552,test
23553,train
23554,train
23555,train
23556,train
23557,train
23558,test
23559,train
23560,train
23561,train
23562,train
23563,train
23564,train
23565,train
23566,train
23567,train
23568,train
23569,train
23570,train
23571,val
23572,train
23573,train
23574,train
23575,train
23576,train
23577,train
23578,train
23579,val
23580,train
23581,train
23582,train
23583,train
23584,train
23585,test
23586,train
23587,train
23588,train
23589,test
23590,train
23591,val
23592,train
23593,train
23594,train
23595,train
23596,train
23597,train
23598,val
23599,train
23600,train
23601,train
23602,train
23603,train
23604,train
23605,train
23606,train
23607,train
23608,train
23609,train
23610,train
23611,train
23612,train
23613,train
23614,train
23615,train
23616,train
23617,train
23618,train
23619,train
23620,train
23621,val
23622,val
23623,train
23624,train
23625,train
23626,train
23627,train
23628,train
23629,train
23630,train
23631,train
23632,train
23633,val
23634,train
23635,test
23636,train
23637,val
23638,train
23639,train
23640,train
23641,train
23642,train
23643,train
23644,train
23645,train
23646,train
23647,train
23648,train
23649,train
23650,test
23651,train
23652,test
23653,train
23654,train
23655,train
23656,train
23657,train
23658,train
23659,train
23660,val
23661,train
23662,train
23663,test
23664,test
23665,train
23666,train
23667,train
23668,train
23669,train
23670,train
23671,train
23672,train
23673,test
23674,train
23675,train
23676,train
23677,train
23678,train
23679,train
23680,train
23681,train
23682,train
23683,train
23684,train
23685,test
23686,train
23687,train
23688,train
23689,train
23690,train
23691,train
23692,train
23693,train
23694,train
23695,train
23696,val
23697,train
23698,train
23699,train
23700,train
23701,train
23702,train
23703,train
23704,train
23705,train
23706,train
23707,train
23708,train
23709,train
23710,train
23711,test
23712,train
23713,train
23714,val
23715,train
23716,train
23717,train
23718,test
23719,train
23720,train
23721,train
23722,train
23723,train
23724,train
23725,train
23726,train
23727,train
23728,train
23729,train
23730,train
23731,train
23732,test
23733,train
23734,val
23735,train
23736,train
23737,test
23738,train
23739,val
23740,train
23741,train
23742,train
23743,train
23744,train
23745,train
23746,train
23747,train
23748,train
23749,train
23750,train
23751,train
23752,val
23753,test
23754,val
23755,val
23756,train
23757,train
23758,train
23759,train
23760,train
23761,train
23762,train
23763,train
23764,train
23765,train
23766,train
23767,train
23768,train
23769,train
23770,train
23771,train
23772,train
23773,train
23774,train
23775,train
23776,val
23777,train
23778,train
23779,train
23780,train
23781,train
23782,train
23783,train
23784,train
23785,train
23786,train
23787,train
23788,train
23789,train
23790,train
23791,train
23792,train
23793,train
23794,train
23795,train
23796,train
23797,val
23798,train
23799,train
23800,val
23801,val
23802,train
23803,train
23804,test
23805,train
23806,train
23807,train
23808,train
23809,train
23810,train
23811,train
23812,train
23813,train
23814,train
23815,train
23816,train
23817,train
23818,train
23819,train
23820,val
23821,train
23822,train
23823,train
23824,test
23825,train
23826,train
23827,train
23828,train
23829,train
23830,train
23831,train
23832,train
23833,train
23834,test
23835,train
23836,train
23837,test
23838,train
23839,train
23840,test
23841,val
23842,train
23843,train
23844,train
23845,val
23846,train
23847,train
23848,train
23849,train
23850,train
23851,train
23852,train
23853,train
23854,train
23855,train
23856,train
23857,train
23858,train
23859,train
23860,test
23861,train
23862,train
23863,train
23864,train
23865,train
23866,test
23867,test
23868,train
23869,train
23870,train
23871,train
23872,train
23873,train
23874,train
23875,train
23876,test
23877,train
23878,train
23879,train
23880,train
23881,train
23882,train
23883,train
23884,val
23885,train
23886,test
23887,train
23888,train
23889,train
23890,train
23891,val
23892,train
23893,train
23894,train
23895,val
23896,train
23897,train
23898,train
23899,train
23900,train
23901,train
23902,train
23903,val
23904,train
23905,train
23906,val
23907,train
23908,train
23909,train
23910,train
23911,train
23912,test
23913,val
23914,train
23915,train
23916,val
23917,train
23918,train
23919,train
23920,test
23921,train
23922,train
23923,test
23924,train
23925,train
23926,train
23927,train
23928,train
23929,train
23930,train
23931,train
23932,train
23933,train
23934,train
23935,train
23936,val
23937,train
23938,train
23939,train
23940,train
23941,val
23942,train
23943,train
23944,test
23945,train
23946,train
23947,train
23948,val
23949,train
23950,train
23951,train
23952,train
23953,test
23954,train
23955,train
23956,train
23957,train
23958,train
23959,train
23960,train
23961,train
23962,train
23963,train
23964,train
23965,train
23966,train
23967,train
23968,train
23969,train
23970,train
23971,train
23972,train
23973,train
23974,test
23975,train
23976,test
23977,train
23978,train
23979,test
23980,train
23981,test
23982,train
23983,train
23984,train
23985,train
23986,train
23987,test
23988,train
23989,train
23990,train
23991,train
23992,val
23993,train
23994,train
23995,test
23996,train
23997,train
23998,val
23999,train
24000,train
24001,train
24002,val
24003,train
24004,train
24005,train
24006,train
24007,test
24008,train
24009,train
24010,train
24011,train
24012,train
24013,train
24014,train
24015,train
24016,train
24017,train
24018,train
24019,val
24020,train
24021,train
24022,train
24023,val
24024,train
24025,train
24026,train
24027,train
24028,train
24029,train
24030,train
24031,train
24032,test
24033,val
24034,train
24035,train
24036,train
24037,train
24038,val
24039,train
24040,train
24041,val
24042,train
24043,test
24044,train
24045,train
24046,train
24047,train
24048,train
24049,train
24050,train
24051,train
24052,train
24053,test
24054,train
24055,train
24056,train
24057,val
24058,train
24059,train
24060,train
24061,train
24062,train
24063,val
24064,test
24065,train
24066,train
24067,val
24068,train
24069,train
24070,train
24071,train
24072,train
24073,train
24074,train
24075,train
24076,train
24077,train
24078,train
24079,test
24080,train
24081,val
24082,train
24083,train
24084,val
24085,train
24086,train
24087,train
24088,train
24089,train
24090,train
24091,val
24092,train
24093,train
24094,val
24095,test
24096,train
24097,train
24098,train
24099,test
24100,test
24101,train
24102,train
24103,train
24104,train
24105,train
24106,train
24107,train
24108,val
24109,train
24110,train
24111,train
24112,test
24113,train
24114,train
24115,train
24116,val
24117,train
24118,train
24119,val
24120,train
24121,train
24122,train
24123,train
24124,train
24125,val
24126,train
24127,train
24128,train
24129,test
24130,train
24131,train
24132,train
24133,train
24134,train
24135,val
24136,train
24137,train
24138,train
24139,train
24140,train
24141,train
24142,train
24143,train
24144,val
24145,train
24146,train
24147,train
24148,train
24149,train
24150,train
24151,train
24152,train
24153,train
24154,train
24155,test
24156,val
24157,train
24158,train
24159,train
24160,test
24161,train
24162,train
24163,train
24164,train
24165,val
24166,train
24167,train
24168,train
24169,train
24170,val
24171,train
24172,train
24173,val
24174,val
24175,train
24176,train
24177,val
24178,train
24179,train
24180,train
24181,val
24182,train
24183,train
24184,test
24185,train
24186,train
24187,test
24188,val
24189,train
24190,train
24191,train
24192,train
24193,train
24194,train
24195,test
24196,train
24197,train
24198,train
24199,train
24200,train
24201,train
24202,train
24203,test
24204,train
24205,train
24206,train
24207,train
24208,train
24209,test
24210,train
24211,val
24212,train
24213,train
24214,train
24215,train
24216,train
24217,train
24218,train
24219,train
24220,val
24221,train
24222,val
24223,train
24224,train
24225,train
24226,val
24227,train
24228,train
24229,val
24230,train
24231,train
24232,train
24233,train
24234,train
24235,train
24236,train
24237,val
24238,train
24239,train
24240,test
24241,train
24242,train
24243,train
24244,train
24245,train
24246,train
24247,train
24248,train
24249,val
24250,train
24251,train
24252,train
24253,train
24254,train
24255,train
24256,train
24257,train
24258,train
24259,train
24260,val
24261,train
24262,train
24263,test
24264,train
24265,train
24266,train
24267,train
24268,train
24269,train
24270,train
24271,val
24272,test
24273,train
24274,train
24275,test
24276,train
24277,train
24278,train
24279,train
24280,train
24281,train
24282,val
24283,train
24284,train
24285,train
24286,test
24287,test
24288,train
24289,train
24290,val
24291,train
24292,train
24293,train
24294,train
24295,train
24296,test
24297,train
24298,train
24299,train
24300,train
24301,train
24302,train
24303,train
24304,train
24305,train
24306,test
24307,train
24308,train
24309,train
24310,train
24311,train
24312,train
24313,train
24314,train
24315,train
24316,train
24317,test
24318,train
24319,train
24320,val
24321,test
24322,train
24323,train
24324,train
24325,train
24326,train
24327,val
24328,train
24329,val
24330,train
24331,train
24332,train
24333,train
24334,train
24335,test
24336,train
24337,train
24338,train
24339,train
24340,train
24341,train
24342,test
24343,train
24344,val
24345,train
24346,train
24347,train
24348,train
24349,train
24350,train
24351,train
24352,train
24353,train
24354,val
24355,val
24356,train
24357,train
24358,train
24359,val
24360,train
24361,train
24362,test
24363,train
24364,train
24365,train
24366,test
24367,train
24368,train
24369,test
24370,val
24371,train
24372,train
24373,train
24374,train
24375,train
24376,train
24377,val
24378,train
24379,train
24380,test
24381,test
24382,train
24383,train
24384,train
24385,test
24386,train
24387,train
24388,val
24389,train
24390,train
24391,train
24392,train
24393,test
24394,train
24395,train
24396,val
24397,test
24398,train
24399,test
24400,train
24401,train
24402,train
24403,train
24404,val
24405,train
24406,train
24407,train
24408,val
24409,train
24410,train
24411,train
24412,train
24413,train
24414,train
24415,train
24416,train
24417,train
24418,train
24419,test
24420,train
24421,val
24422,train
24423,train
24424,train
24425,train
24426,train
24427,train
24428,train
24429,train
24430,train
24431,train
24432,train
24433,train
24434,train
24435,train
24436,train
24437,test
24438,train
24439,train
24440,train
24441,train
24442,train
24443,train
24444,val
24445,train
24446,train
24447,train
24448,train
24449,train
24450,train
24451,train
24452,train
24453,train
24454,train
24455,train
24456,val
24457,train
24458,train
24459,train
24460,train
24461,val
24462,train
24463,train
24464,test
24465,train
24466,train
24467,train
24468,train
24469,train
24470,val
24471,train
24472,test
24473,train
24474,train
24475,test
24476,train
24477,test
24478,train
24479,train
24480,val
24481,train
24482,train
24483,train
24484,val
24485,val
24486,train
24487,train
24488,train
24489,train
24490,train
24491,train
24492,test
24493,train
24494,train
24495,train
24496,train
24497,train
24498,test
24499,train
24500,val
24501,train
24502,train
24503,test
24504,train
24505,train
24506,train
24507,test
24508,train
24509,val
24510,train
24511,train
24512,train
24513,val
24514,train
24515,train
24516,train
24517,val
24518,train
24519,test
24520,train
24521,train
24522,train
24523,train
24524,train
24525,train
24526,train
24527,train
24528,train
24529,train
24530,test
24531,val
24532,val
24533,train
24534,train
24535,train
24536,train
24537,train
24538,train
24539,train
24540,train
24541,val
24542,train
24543,train
24544,val
24545,train
24546,train
24547,train
24548,train
24549,train
24550,train
24551,train
24552,train
24553,train
24554,train
24555,train
24556,test
24557,train
24558,train
24559,train
24560,train
24561,train
24562,val
24563,train
24564,train
24565,train
24566,train
24567,train
24568,train
24569,train
24570,train
24571,val
24572,train
24573,train
24574,test
24575,train
24576,train
24577,train
24578,train
24579,val
24580,train
24581,train
24582,train
24583,test
24584,train
24585,val
24586,train
24587,test
24588,train
24589,train
24590,train
24591,train
24592,train
24593,train
24594,train
24595,train
24596,train
24597,train
24598,train
24599,train
24600,train
24601,train
24602,train
24603,train
24604,train
24605,train
24606,train
24607,train
24608,train
24609,train
24610,train
24611,train
24612,train
24613,train
24614,train
24615,train
24616,train
24617,train
24618,test
24619,val
24620,train
24621,test
24622,train
24623,train
24624,train
24625,train
24626,train
24627,train
24628,test
24629,train
24630,train
24631,train
24632,train
24633,train
24634,train
24635,train
24636,train
24637,train
24638,train
24639,train
24640,train
24641,train
24642,train
24643,train
24644,train
24645,test
24646,train
24647,test
24648,train
24649,train
24650,train
24651,train
24652,train
24653,test
24654,train
24655,train
24656,val
24657,test
24658,test
24659,train
24660,train
24661,train
24662,train
24663,val
24664,test
24665,train
24666,train
24667,val
24668,train
24669,train
24670,train
24671,train
24672,train
24673,train
24674,train
24675,train
24676,train
24677,train
24678,train
24679,train
24680,train
24681,test
24682,train
24683,train
24684,train
24685,test
24686,train
24687,train
24688,train
24689,test
24690,train
24691,test
24692,train
24693,train
24694,train
24695,train
24696,train
24697,train
24698,train
24699,train
24700,test
24701,train
24702,test
24703,test
24704,train
24705,train
24706,train
24707,train
24708,train
24709,train
24710,train
24711,train
24712,train
24713,val
24714,train
24715,train
24716,train
24717,val
24718,train
24719,val
24720,train
24721,train
24722,train
24723,train
24724,train
24725,train
24726,train
24727,test
24728,train
24729,train
24730,train
24731,train
24732,train
24733,val
24734,train
24735,train
24736,train
24737,test
24738,train
24739,train
24740,train
24741,train
24742,train
24743,train
24744,train
24745,train
24746,train
24747,train
24748,val
24749,train
24750,train
24751,train
24752,train
24753,train
24754,train
24755,train
24756,test
24757,train
24758,train
24759,train
24760,train
24761,train
24762,train
24763,train
24764,test
24765,train
24766,train
24767,train
24768,train
24769,train
24770,train
24771,test
24772,train
24773,test
24774,val
24775,train
24776,train
24777,train
24778,train
24779,train
24780,train
24781,train
24782,train
24783,train
24784,train
24785,train
24786,train
24787,train
24788,train
24789,train
24790,train
24791,val
24792,train
24793,train
24794,val
24795,train
24796,train
24797,train
24798,train
24799,train
24800,train
24801,train
24802,train
24803,train
24804,train
24805,val
24806,train
24807,val
24808,train
24809,train
24810,train
24811,train
24812,train
24813,val
24814,train
24815,train
24816,train
24817,test
24818,val
24819,train
24820,train
24821,train
24822,train
24823,train
24824,train
24825,train
24826,test
24827,train
24828,test
24829,val
24830,train
24831,val
24832,train
24833,train
24834,train
24835,train
24836,train
24837,train
24838,train
24839,train
24840,train
24841,train
24842,val
24843,train
24844,test
24845,train
24846,train
24847,train
24848,train
24849,train
24850,train
24851,train
24852,train
24853,train
24854,train
24855,train
24856,train
24857,train
24858,train
24859,train
24860,train
24861,train
24862,val
24863,train
24864,test
24865,train
24866,test
24867,train
24868,val
24869,train
24870,train
24871,train
24872,train
24873,train
24874,val
24875,val
24876,train
24877,train
24878,train
24879,train
24880,train
24881,train
24882,test
24883,train
24884,train
24885,train
24886,train
24887,train
24888,test
24889,test
24890,train
24891,train
24892,test
24893,test
24894,train
24895,train
24896,train
24897,train
24898,train
24899,val
24900,train
24901,train
24902,train
24903,train
24904,val
24905,train
24906,train
24907,train
24908,val
24909,train
24910,train
24911,train
24912,train
24913,train
24914,test
24915,val
24916,test
24917,train
24918,train
24919,train
24920,train
24921,train
24922,train
24923,train
24924,train
24925,train
24926,train
24927,train
24928,train
24929,val
24930,train
24931,train
24932,train
24933,train
24934,train
24935,train
24936,train
24937,train
24938,test
24939,train
24940,test
24941,train
24942,train
24943,train
24944,train
24945,train
24946,train
24947,test
24948,train
24949,train
24950,train
24951,val
24952,train
24953,train
24954,test
24955,train
24956,test
24957,train
24958,train
24959,train
24960,test
24961,val
24962,train
24963,train
24964,train
24965,train
24966,test
24967,train
24968,train
24969,train
24970,test
24971,test
24972,train
24973,train
24974,train
24975,train
24976,val
24977,train
24978,val
24979,train
24980,train
24981,train
24982,train
24983,train
24984,train
24985,train
24986,test
24987,train
24988,test
24989,train
24990,train
24991,train
24992,train
24993,train
24994,train
24995,train
24996,train
24997,train
24998,test
24999,train
25000,train
25001,val
25002,train
25003,train
25004,train
25005,train
25006,train
25007,train
25008,train
25009,train
25010,train
25011,test
25012,train
25013,train
25014,train
25015,train
25016,train
25017,train
25018,train
25019,train
25020,val
25021,train
25022,val
25023,train
25024,train
25025,train
25026,train
25027,train
25028,train
25029,train
25030,test
25031,train
25032,val
25033,train
25034,train
25035,train
25036,train
25037,train
25038,train
25039,test
25040,train
25041,train
25042,test
25043,train
25044,train
25045,train
25046,train
25047,test
25048,train
25049,train
25050,train
25051,train
25052,train
25053,test
25054,test
25055,train
25056,train
25057,train
25058,train
25059,val
25060,train
25061,train
25062,train
25063,val
25064,train
25065,train
25066,train
25067,test
25068,train
25069,test
25070,train
25071,train
25072,val
25073,train
25074,train
25075,train
25076,train
25077,train
25078,train
25079,train
25080,train
25081,train
25082,train
25083,train
25084,val
25085,train
25086,train
25087,test
25088,train
25089,test
25090,test
25091,train
25092,train
25093,train
25094,train
25095,train
25096,val
25097,train
25098,test
25099,train
25100,train
25101,val
25102,train
25103,train
25104,train
25105,train
25106,train
25107,train
25108,train
25109,train
25110,train
25111,train
25112,train
25113,train
25114,val
25115,train
25116,train
25117,train
25118,test
25119,train
25120,train
25121,test
25122,train
25123,test
25124,train
25125,train
25126,train
25127,train
25128,train
25129,train
25130,train
25131,train
25132,train
25133,train
25134,train
25135,train
25136,train
25137,train
25138,train
25139,train
25140,val
25141,train
25142,train
25143,train
25144,train
25145,test
25146,train
25147,val
25148,train
25149,train
25150,train
25151,train
25152,train
25153,train
25154,train
25155,train
25156,train
25157,train
25158,train
25159,train
25160,train
25161,train
25162,train
25163,train
25164,train
25165,train
25166,train
25167,train
25168,train
25169,val
25170,train
25171,test
25172,test
25173,train
25174,val
25175,train
25176,train
25177,train
25178,train
25179,train
25180,train
25181,train
25182,train
25183,train
25184,val
25185,train
25186,train
25187,test
25188,train
25189,test
25190,test
25191,train
25192,test
25193,test
25194,train
25195,train
25196,train
25197,train
25198,train
25199,train
25200,val
25201,train
25202,val
25203,test
25204,train
25205,val
25206,train
25207,train
25208,train
25209,train
25210,train
25211,train
25212,train
25213,train
25214,val
25215,train
25216,train
25217,val
25218,train
25219,train
25220,train
25221,train
25222,train
25223,train
25224,train
25225,train
25226,train
25227,train
25228,test
25229,train
25230,train
25231,test
25232,train
25233,train
25234,train
25235,train
25236,train
25237,train
25238,val
25239,test
25240,train
25241,train
25242,train
25243,train
25244,train
25245,train
25246,val
25247,train
25248,train
25249,train
25250,val
25251,test
25252,train
25253,val
25254,train
25255,train
25256,train
25257,test
25258,train
25259,train
25260,train
25261,train
25262,train
25263,train
25264,train
25265,train
25266,train
25267,test
25268,test
25269,test
25270,train
25271,train
25272,train
25273,test
25274,train
25275,train
25276,train
25277,train
25278,train
25279,train
25280,train
25281,train
25282,train
25283,train
25284,test
25285,train
25286,train
25287,train
25288,test
25289,test
25290,train
25291,train
25292,train
25293,train
25294,train
25295,train
25296,train
25297,train
25298,train
25299,train
25300,train
25301,train
25302,test
25303,train
25304,train
25305,test
25306,train
25307,train
25308,train
25309,train
25310,train
25311,train
25312,train
25313,train
25314,train
25315,train
25316,train
25317,val
25318,train
25319,test
25320,train
25321,train
25322,test
25323,train
25324,train
25325,train
25326,train
25327,train
25328,test
25329,train
25330,train
25331,train
25332,train
25333,test
25334,train
25335,train
25336,val
25337,train
25338,train
25339,test
25340,train
25341,train
25342,train
25343,val
25344,train
25345,train
25346,train
25347,train
25348,val
25349,train
25350,train
25351,train
25352,train
25353,train
25354,train
25355,test
25356,val
25357,train
25358,train
25359,train
25360,train
25361,train
25362,train
25363,train
25364,train
25365,train
25366,train
25367,train
25368,train
25369,train
25370,test
25371,train
25372,test
25373,train
25374,train
25375,train
25376,train
25377,train
25378,train
25379,train
25380,train
25381,test
25382,train
25383,train
25384,train
25385,test
25386,train
25387,train
25388,train
25389,train
25390,train
25391,train
25392,test
25393,train
25394,train
25395,train
25396,train
25397,val
25398,train
25399,val
25400,train
25401,train
25402,train
25403,val
25404,train
25405,test
25406,train
25407,train
25408,train
25409,train
25410,train
25411,train
25412,train
25413,train
25414,train
25415,train
25416,train
25417,train
25418,train
25419,train
25420,train
25421,train
25422,train
25423,train
25424,train
25425,train
25426,train
25427,train
25428,val
25429,train
25430,test
25431,train
25432,train
25433,train
25434,train
25435,train
25436,val
25437,train
25438,train
25439,train
25440,test
25441,test
25442,train
25443,train
25444,train
25445,train
25446,train
25447,train
25448,train
25449,train
25450,train
25451,train
25452,train
25453,train
25454,train
25455,train
25456,train
25457,val
25458,train
25459,train
25460,train
25461,train
25462,train
25463,val
25464,train
25465,train
25466,test
25467,val
25468,val
25469,train
25470,train
25471,train
25472,train
25473,train
25474,train
25475,train
25476,train
25477,train
25478,train
25479,train
25480,train
25481,train
25482,train
25483,train
25484,train
25485,test
25486,train
25487,test
25488,train
25489,train
25490,train
25491,train
25492,train
25493,train
25494,val
25495,train
25496,train
25497,val
25498,val
25499,train
25500,train
25501,val
25502,test
25503,val
25504,train
25505,train
25506,test
25507,val
25508,test
25509,train
25510,train
25511,train
25512,train
25513,train
25514,train
25515,test
25516,train
25517,train
25518,train
25519,train
25520,train
25521,train
25522,train
25523,test
25524,train
25525,train
25526,train
25527,train
25528,train
25529,train
25530,train
25531,train
25532,train
25533,train
25534,train
25535,train
25536,train
25537,train
25538,train
25539,train
25540,train
25541,train
25542,train
25543,train
25544,train
25545,train
25546,train
25547,test
25548,train
25549,train
25550,train
25551,train
25552,val
25553,train
25554,val
25555,train
25556,train
25557,test
25558,train
25559,train
25560,train
25561,train
25562,train
25563,train
25564,val
25565,train
25566,val
25567,train
25568,train
25569,val
25570,val
25571,train
25572,test
25573,train
25574,train
25575,train
25576,train
25577,val
25578,train
25579,train
25580,train
25581,train
25582,train
25583,train
25584,train
25585,train
25586,train
25587,train
25588,train
25589,train
25590,train
25591,train
25592,train
25593,train
25594,train
25595,test
25596,train
25597,train
25598,train
25599,test
25600,train
25601,train
25602,train
25603,train
25604,train
25605,val
25606,train
25607,train
25608,train
25609,train
25610,test
25611,test
25612,train
25613,train
25614,train
25615,train
25616,train
25617,train
25618,train
25619,train
25620,train
25621,val
25622,val
25623,train
25624,train
25625,train
25626,train
25627,train
25628,test
25629,train
25630,train
25631,val
25632,train
25633,train
25634,train
25635,val
25636,train
25637,train
25638,train
25639,train
25640,train
25641,test
25642,train
25643,train
25644,train
25645,train
25646,train
25647,val
25648,train
25649,train
25650,train
25651,train
25652,train
25653,train
25654,test
25655,train
25656,train
25657,train
25658,train
25659,train
25660,train
25661,test
25662,val
25663,test
25664,train
25665,train
25666,train
25667,test
25668,train
25669,test
25670,train
25671,val
25672,test
25673,train
25674,train
25675,train
25676,train
25677,val
25678,val
25679,train
25680,test
25681,train
25682,val
25683,train
25684,train
25685,train
25686,train
25687,train
25688,val
25689,train
25690,train
25691,train
25692,test
25693,train
25694,test
25695,train
25696,train
25697,test
25698,train
25699,train
25700,val
25701,val
25702,train
25703,train
25704,test
25705,train
25706,val
25707,test
25708,train
25709,train
25710,train
25711,train
25712,train
25713,train
25714,train
25715,train
25716,train
25717,train
25718,train
25719,train
25720,test
25721,train
25722,val
25723,train
25724,train
25725,train
25726,train
25727,val
25728,train
25729,train
25730,train
25731,train
25732,train
25733,train
25734,val
25735,train
25736,val
25737,test
25738,train
25739,train
25740,train
25741,train
25742,test
25743,train
25744,train
25745,train
25746,test
25747,train
25748,train
25749,train
25750,train
25751,train
25752,val
25753,train
25754,train
25755,train
25756,test
25757,train
25758,train
25759,train
25760,train
25761,train
25762,train
25763,train
25764,train
25765,train
25766,val
25767,test
25768,train
25769,train
25770,train
25771,train
25772,test
25773,train
25774,train
25775,train
25776,train
25777,train
25778,train
25779,train
25780,train
25781,train
25782,train
25783,train
25784,train
25785,val
25786,test
25787,train
25788,train
25789,train
25790,test
25791,train
25792,train
25793,train
25794,train
25795,train
25796,test
25797,train
25798,train
25799,train
25800,train
25801,test
25802,train
25803,train
25804,train
25805,test
25806,train
25807,test
25808,train
25809,train
25810,test
25811,test
25812,train
25813,train
25814,train
25815,train
25816,test
25817,train
25818,train
25819,train
25820,test
25821,train
25822,train
25823,train
25824,train
25825,train
25826,test
25827,train
25828,train
25829,train
25830,train
25831,test
25832,train
25833,test
25834,train
25835,test
25836,train
25837,val
25838,train
25839,train
25840,train
25841,train
25842,train
25843,val
25844,train
25845,val
25846,val
25847,val
25848,train
25849,train
25850,train
25851,test
25852,train
25853,train
25854,train
25855,test
25856,train
25857,train
25858,val
25859,train
25860,train
25861,train
25862,val
25863,train
25864,test
25865,test
25866,train
25867,train
25868,test
25869,test
25870,train
25871,train
25872,train
25873,val
25874,train
25875,train
25876,test
25877,train
25878,train
25879,train
25880,train
25881,train
25882,test
25883,test
25884,train
25885,val
25886,train
25887,train
25888,test
25889,train
25890,train
25891,train
25892,train
25893,train
25894,test
25895,val
25896,train
25897,train
25898,train
25899,train
25900,val
25901,train
25902,train
25903,train
25904,train
25905,train
25906,test
25907,train
25908,train
25909,train
25910,train
25911,train
25912,train
25913,train
25914,test
25915,train
25916,train
25917,train
25918,train
25919,train
25920,train
25921,train
25922,train
25923,test
25924,train
25925,train
25926,test
25927,test
25928,train
25929,train
25930,train
25931,train
25932,train
25933,test
25934,train
25935,train
25936,train
25937,train
25938,val
25939,train
25940,test
25941,train
25942,train
25943,train
25944,train
25945,train
25946,train
25947,train
25948,train
25949,test
25950,train
25951,val
25952,train
25953,val
25954,train
25955,train
25956,train
25957,test
25958,train
25959,train
25960,train
25961,train
25962,train
25963,train
25964,test
25965,train
25966,train
25967,train
25968,train
25969,test
25970,val
25971,train
25972,train
25973,train
25974,train
25975,train
25976,train
25977,train
25978,test
25979,train
25980,test
25981,train
25982,train
25983,train
25984,train
25985,train
25986,train
25987,test
25988,train
25989,train
25990,train
25991,train
25992,train
25993,test
25994,train
25995,test
25996,train
25997,train
25998,train
25999,heldout_prompt
26000,heldout_generator
26001,train
26002,train
26003,train
26004,train
26005,test
26006,train
26007,val
26008,heldout_generator
26009,train
26010,train
26011,heldout_generator
26012,heldout_generator
26013,train
26014,train
26015,train
26016,test
26017,train
26018,train
26019,train
26020,heldout_generator
26021,train
26022,train
26023,train
26024,heldout_generator
26025,heldout_generator
26026,test
26027,val
26028,train
26029,heldout_generator
26030,train
26031,val
26032,train
26033,heldout_prompt
26034,val
26035,val
26036,train
26037,train
26038,train
26039,val
26040,train
26041,train
26042,val
26043,heldout_generator
26044,train
26045,train
26046,train
26047,train
26048,train
26049,train
26050,heldout_generator
26051,heldout_prompt
26052,train
26053,val
26054,val
26055,heldout_generator
26056,val
26057,train
26058,train
26059,train
26060,train
26061,val
26062,train
26063,train
26064,train
26065,train
26066,heldout_generator
26067,train
26068,train
26069,train
26070,train
26071,val
26072,train
26073,heldout_generator
26074,val
26075,test
26076,train
26077,train
26078,train
26079,train
26080,heldout_generator
26081,train
26082,train
26083,heldout_generator
26084,heldout_generator
26085,heldout_generator
26086,val
26087,train
26088,val
26089,train
26090,train
26091,val
26092,train
26093,train
26094,test
26095,heldout_generator
26096,heldout_generator
26097,val
26098,heldout_generator
26099,train
26100,train
26101,heldout_generator
26102,heldout_prompt
26103,heldout_prompt
26104,train
26105,test
26106,heldout_generator
26107,train
26108,heldout_generator
26109,heldout_generator
26110,test
26111,test
26112,train
26113,train
26114,heldout_prompt
26115,train
26116,train
26117,heldout_prompt
26118,train
26119,train
26120,train
26121,train
26122,heldout_prompt
26123,train
26124,train
26125,test
26126,train
26127,train
26128,val
26129,val
26130,train
26131,heldout_generator
26132,train
26133,test
26134,heldout_generator
26135,train
26136,train
26137,train
26138,train
26139,heldout_generator
26140,test
26141,heldout_prompt
26142,train
26143,train
26144,test
26145,train
26146,train
26147,train
26148,train
26149,train
26150,train
26151,train
26152,heldout_generator
26153,train
26154,train
26155,train
26156,train
26157,train
26158,train
26159,train
26160,train
26161,train
26162,train
26163,train
26164,train
26165,train
26166,train
26167,train
26168,train
26169,train
26170,heldout_generator
26171,train
26172,train
26173,train
26174,train
26175,val
26176,heldout_generator
26177,val
26178,train
26179,train
26180,train
26181,train
26182,train
26183,train
26184,val
26185,heldout_generator
26186,train
26187,heldout_prompt
26188,train
26189,heldout_generator
26190,train
26191,heldout_generator
26192,test
26193,val
26194,train
26195,train
26196,heldout_generator
26197,train
26198,train
26199,train
26200,heldout_generator
26201,train
26202,train
26203,train
26204,train
26205,train
26206,train
26207,test
26208,train
26209,heldout_prompt
26210,train
26211,train
26212,train
26213,test
26214,heldout_generator
26215,heldout_generator
26216,train
26217,train
26218,train
26219,train
26220,val
26221,train
26222,train
26223,train
26224,train
26225,heldout_generator
26226,train
26227,train
26228,train
26229,heldout_generator
26230,train
26231,train
26232,train
26233,train
26234,train
26235,heldout_generator
26236,train
26237,heldout_generator
26238,heldout_generator
26239,heldout_generator
26240,val
26241,train
26242,test
26243,heldout_generator
26244,train
26245,train
26246,train
26247,heldout_prompt
26248,train
26249,train
26250,train
26251,heldout_generator
26252,heldout_generator
26253,train
26254,train
26255,train
26256,train
26257,heldout_generator
26258,heldout_prompt
26259,heldout_prompt
26260,heldout_prompt
26261,test
26262,train
26263,train
26264,heldout_prompt
26265,train
26266,train
26267,val
26268,train
26269,heldout_generator
26270,train
26271,train
26272,train
26273,train
26274,test
26275,test
26276,train
26277,test
26278,heldout_prompt
26279,train
26280,val
26281,heldout_prompt
26282,val
26283,train
26284,heldout_generator
26285,test
26286,heldout_generator
26287,train
26288,train
26289,train
26290,heldout_generator
26291,train
26292,val
26293,train
26294,train
26295,train
26296,heldout_generator
26297,heldout_prompt
26298,train
26299,heldout_prompt
26300,heldout_prompt
26301,train
26302,test
26303,heldout_generator
26304,test
26305,train
26306,train
26307,heldout_generator
26308,heldout_prompt
26309,train
26310,heldout_generator
26311,train
26312,heldout_generator
26313,heldout_prompt
26314,train
26315,train
26316,train
26317,train
26318,heldout_generator
26319,train
26320,test
26321,train
26322,train
26323,train
26324,train
26325,train
26326,train
26327,heldout_generator
26328,heldout_generator
26329,test
26330,train
26331,train
26332,train
26333,heldout_generator
26334,train
26335,train
26336,train
26337,train
26338,train
26339,train
26340,heldout_generator
26341,train
26342,train
26343,train
26344,train
26345,heldout_prompt
26346,heldout_prompt
26347,train
26348,heldout_generator
26349,train
26350,heldout_generator
26351,heldout_generator
26352,train
26353,train
26354,heldout_generator
26355,val
26356,train
26357,val
26358,train
26359,heldout_generator
26360,train
26361,heldout_prompt
26362,train
26363,train
26364,train
26365,heldout_generator
26366,train
26367,heldout_prompt
26368,train
26369,heldout_generator
26370,test
26371,test
26372,val
26373,heldout_prompt
26374,test
26375,heldout_generator
26376,heldout_generator
26377,train
26378,heldout_generator
26379,train
26380,heldout_prompt
26381,test
26382,val
26383,train
26384,heldout_prompt
26385,train
26386,train
26387,train
26388,train
26389,train
26390,heldout_generator
26391,train
26392,heldout_generator
26393,train
26394,train
26395,test
26396,train
26397,train
26398,train
26399,val
26400,train
26401,train
26402,heldout_generator
26403,train
26404,heldout_generator
26405,heldout_prompt
26406,train
26407,heldout_generator
26408,train
26409,train
26410,train
26411,test
26412,train
26413,val
26414,train
26415,heldout_generator
26416,train
26417,train
26418,val
26419,train
26420,train
26421,train
26422,heldout_generator
26423,val
26424,heldout_generator
26425,heldout_generator
26426,train
26427,train
26428,train
26429,train
26430,train
26431,train
26432,val
26433,train
26434,train
26435,train
26436,heldout_prompt
26437,train
26438,val
26439,heldout_prompt
26440,heldout_prompt
26441,test
26442,train
26443,test
26444,train
26445,train
26446,val
26447,heldout_prompt
26448,heldout_generator
26449,heldout_generator
26450,heldout_generator
26451,train
26452,heldout_generator
26453,train
26454,heldout_generator
26455,train
26456,train
26457,train
26458,heldout_prompt
26459,heldout_generator
26460,train
26461,train
26462,train
26463,train
26464,heldout_prompt
26465,train
26466,train
26467,heldout_prompt
26468,heldout_prompt
26469,train
26470,heldout_prompt
26471,heldout_generator
26472,heldout_generator
26473,heldout_prompt
26474,train
26475,train
26476,train
26477,train
26478,test
26479,val
26480,train
26481,train
26482,heldout_generator
26483,heldout_generator
26484,test
26485,heldout_generator
26486,train
26487,heldout_prompt
26488,train
26489,train
26490,val
26491,heldout_prompt
26492,train
26493,train
26494,train
26495,val
26496,test
26497,train
26498,heldout_prompt
26499,train
26500,test
26501,train
26502,train
26503,heldout_generator
26504,heldout_generator
26505,heldout_prompt
26506,train
26507,heldout_prompt
26508,test
26509,train
26510,train
26511,train
26512,train
26513,heldout_generator
26514,heldout_prompt
26515,train
26516,heldout_prompt
26517,train
26518,train
26519,heldout_prompt
26520,heldout_generator
26521,heldout_generator
26522,train
26523,heldout_prompt
26524,train
26525,heldout_prompt
26526,train
26527,heldout_prompt
26528,train
26529,test
26530,heldout_generator
26531,heldout_generator
26532,train
26533,test
26534,test
26535,heldout_generator
26536,train
26537,train
26538,train
26539,train
26540,heldout_generator
26541,train
26542,train
26543,heldout_prompt
26544,train
26545,train
26546,heldout_generator
26547,train
26548,train
26549,test
26550,train
26551,train
26552,test
26553,train
26554,train
26555,train
26556,train
26557,heldout_generator
26558,val
26559,train
26560,train
26561,heldout_prompt
26562,heldout_prompt
26563,train
26564,heldout_prompt
26565,heldout_generator
26566,val
26567,train
26568,train
26569,train
26570,train
26571,heldout_prompt
26572,test
26573,heldout_prompt
26574,train
26575,train
26576,train
26577,heldout_generator
26578,train
26579,train
26580,heldout_generator
26581,train
26582,train
26583,train
26584,heldout_generator
26585,train
26586,train
26587,heldout_generator
26588,heldout_prompt
26589,train
26590,train
26591,heldout_generator
26592,train
26593,train
26594,test
26595,heldout_generator
26596,train
26597,train
26598,val
26599,train
26600,heldout_generator
26601,test
26602,heldout_prompt
26603,train
26604,train
26605,train
26606,val
26607,heldout_generator
26608,heldout_generator
26609,train
26610,train
26611,heldout_generator
26612,heldout_generator
26613,val
26614,train
26615,heldout_generator
26616,test
26617,heldout_generator
26618,train
26619,train
26620,heldout_prompt
26621,train
26622,train
26623,train
26624,train
26625,train
26626,train
26627,heldout_generator
26628,train
26629,train
26630,train
26631,train
26632,train
26633,train
26634,heldout_generator
26635,train
26636,heldout_generator
26637,train
26638,train
26639,train
26640,heldout_generator
26641,train
26642,train
26643,train
26644,train
26645,train
26646,heldout_generator
26647,train
26648,train
26649,train
26650,train
26651,heldout_generator
26652,heldout_generator
26653,train
26654,train
26655,train
26656,train
26657,train
26658,train
26659,heldout_generator
26660,heldout_generator
26661,test
26662,heldout_prompt
26663,heldout_generator
26664,heldout_prompt
26665,val
26666,train
26667,train
26668,train
26669,train
26670,heldout_generator
26671,train
26672,heldout_prompt
26673,train
26674,train
26675,train
26676,train
26677,heldout_generator
26678,test
26679,heldout_prompt
26680,heldout_generator
26681,heldout_generator
26682,train
26683,heldout_generator
26684,heldout_generator
26685,val
26686,heldout_prompt
26687,heldout_prompt
26688,val
26689,train
26690,heldout_generator
26691,heldout_generator
26692,heldout_generator
26693,train
26694,heldout_generator
26695,heldout_generator
26696,train
26697,train
26698,train
26699,train
26700,val
26701,train
26702,test
26703,heldout_generator
26704,train
26705,train
26706,heldout_prompt
26707,val
26708,heldout_generator
26709,val
26710,heldout_prompt
26711,heldout_generator
26712,train
26713,train
26714,heldout_generator
26715,train
26716,heldout_generator
26717,train
26718,heldout_generator
26719,test
26720,heldout_prompt
26721,heldout_prompt
26722,heldout_prompt
26723,train
26724,train
26725,train
26726,heldout_generator
26727,train
26728,train
26729,val
26730,heldout_prompt
26731,train
26732,test
26733,test
26734,heldout_generator
26735,val
26736,train
26737,train
26738,train
26739,train
26740,train
26741,train
26742,train
26743,train
26744,heldout_generator
26745,train
26746,train
26747,heldout_generator
26748,train
26749,train
26750,heldout_generator
26751,test
26752,train
26753,train
26754,train
26755,train
26756,train
26757,train
26758,train
26759,train
26760,train
26761,val
26762,heldout_prompt
26763,heldout_generator
26764,heldout_generator
26765,heldout_generator
26766,train
26767,train
26768,train
26769,train
26770,val
26771,train
26772,train
26773,heldout_generator
26774,train
26775,test
26776,train
26777,train
26778,heldout_generator
26779,train
26780,heldout_generator
26781,train
26782,train
26783,val
26784,train
26785,train
26786,train
26787,train
26788,val
26789,train
26790,heldout_prompt
26791,heldout_generator
26792,heldout_generator
26793,train
26794,train
26795,train
26796,heldout_generator
26797,train
26798,heldout_prompt
26799,train
26800,test
26801,heldout_generator
26802,train
26803,heldout_prompt
26804,heldout_prompt
26805,heldout_generator
26806,heldout_prompt
26807,heldout_prompt
26808,train
26809,train
26810,train
26811,test
26812,heldout_generator
26813,train
26814,train
26815,val
26816,train
26817,train
26818,train
26819,train
26820,train
26821,heldout_generator
26822,train
26823,heldout_generator
26824,train
26825,heldout_prompt
26826,heldout_generator
26827,train
26828,train
26829,train
26830,train
26831,heldout_prompt
26832,train
26833,train
26834,heldout_generator
26835,train
26836,train
26837,train
26838,train
26839,train
26840,train
26841,heldout_generator
26842,train
26843,heldout_prompt
26844,train
26845,test
26846,train
26847,heldout_prompt
26848,heldout_generator
26849,val
26850,heldout_generator
26851,train
26852,train
26853,train
26854,train
26855,train
26856,heldout_generator
26857,train
26858,train
26859,train
26860,test
26861,train
26862,heldout_prompt
26863,train
26864,train
26865,heldout_prompt
26866,train
26867,train
26868,train
26869,test
26870,test
26871,heldout_prompt
26872,train
26873,train
26874,heldout_prompt
26875,train
26876,heldout_generator
26877,heldout_generator
26878,train
26879,heldout_generator
26880,train
26881,train
26882,val
26883,train
26884,heldout_prompt
26885,train
26886,heldout_generator
26887,val
26888,train
26889,train
26890,val
26891,train
26892,train
26893,heldout_prompt
26894,train
26895,train
26896,train
26897,train
26898,train
26899,heldout_generator
26900,train
26901,val
26902,test
26903,test
26904,heldout_generator
26905,train
26906,train
26907,train
26908,train
26909,train
26910,heldout_generator
26911,heldout_generator
26912,train
26913,test
26914,heldout_generator
26915,train
26916,heldout_prompt
26917,train
26918,heldout_generator
26919,train
26920,heldout_generator
26921,train
26922,val
26923,train
26924,train
26925,train
26926,train
26927,train
26928,heldout_generator
26929,train
26930,train
26931,train
26932,train
26933,val
26934,train
26935,val
26936,train
26937,train
26938,train
26939,heldout_prompt
26940,train
26941,train
26942,train
26943,heldout_generator
26944,heldout_generator
26945,val
26946,val
26947,train
26948,train
26949,heldout_generator
26950,train
26951,train
26952,train
26953,train
26954,train
26955,train
26956,heldout_generator
26957,heldout_generator
26958,train
26959,test
26960,train
26961,train
26962,train
26963,heldout_prompt
26964,train
26965,train
26966,heldout_generator
26967,heldout_prompt
26968,heldout_prompt
26969,train
26970,heldout_generator
26971,test
26972,train
26973,train
26974,heldout_generator
26975,train
26976,train
26977,heldout_prompt
26978,train
26979,train
26980,train
26981,train
26982,heldout_generator
26983,train
26984,train
26985,test
26986,test
26987,heldout_generator
26988,train
26989,test
26990,train
26991,train
26992,train
26993,train
26994,train
26995,heldout_prompt
26996,train
26997,heldout_prompt
26998,heldout_generator
26999,heldout_generator
27000,train
27001,val
27002,train
27003,train
27004,train
27005,heldout_prompt
27006,val
27007,heldout_generator
27008,val
27009,train
27010,train
27011,heldout_prompt
27012,val
27013,heldout_prompt
27014,val
27015,train
27016,train
27017,train
27018,train
27019,val
27020,train
27021,heldout_prompt
27022,train
27023,train
27024,test
27025,train
27026,train
27027,train
27028,train
27029,train
27030,train
27031,val
27032,train
27033,train
27034,train
27035,train
27036,train
27037,train
27038,train
27039,train
27040,train
27041,val
27042,heldout_generator
27043,train
27044,train
27045,heldout_generator
27046,heldout_generator
27047,train
27048,train
27049,train
27050,heldout_generator
27051,train
27052,heldout_prompt
27053,heldout_generator
27054,train
27055,train
27056,train
27057,heldout_generator
27058,train
27059,train
27060,train
27061,train
27062,train
27063,heldout_generator
27064,val
27065,train
27066,train
27067,val
27068,train
27069,train
27070,heldout_generator
27071,test
27072,train
27073,train
27074,train
27075,heldout_prompt
27076,train
27077,train
27078,heldout_generator
27079,train
27080,train
27081,heldout_prompt
27082,heldout_generator
27083,train
27084,train
27085,train
27086,train
27087,test
27088,train
27089,val
27090,heldout_generator
27091,train
27092,heldout_prompt
27093,val
27094,train
27095,val
27096,train
27097,test
27098,train
27099,train
27100,train
27101,train
27102,heldout_generator
27103,heldout_generator
27104,train
27105,train
27106,train
27107,heldout_generator
27108,train
27109,train
27110,heldout_generator
27111,train
27112,heldout_generator
27113,train
27114,train
27115,heldout_prompt
27116,heldout_generator
27117,train
27118,test
27119,train
27120,train
27121,heldout_prompt
27122,val
27123,train
27124,heldout_prompt
27125,train
27126,heldout_generator
27127,heldout_prompt
27128,train
27129,train
27130,heldout_generator
27131,train
27132,train
27133,train
27134,heldout_generator
27135,val
27136,train
27137,heldout_generator
27138,train
27139,test
27140,train
27141,train
27142,val
27143,train
27144,train
27145,train
27146,train
27147,train
27148,heldout_prompt
27149,heldout_generator
27150,train
27151,train
27152,train
27153,train
27154,train
27155,heldout_generator
27156,train
27157,train
27158,train
27159,train
27160,train
27161,heldout_generator
27162,train
27163,heldout_generator
27164,train
27165,val
27166,heldout_generator
27167,heldout_prompt
27168,val
27169,heldout_prompt
27170,train
27171,train
27172,train
27173,train
27174,train
27175,train
27176,train
27177,heldout_generator
27178,heldout_generator
27179,train
27180,train
27181,heldout_generator
27182,val
27183,heldout_generator
27184,train
27185,train
27186,heldout_generator
27187,val
27188,train
27189,train
27190,train
27191,test
27192,val
27193,heldout_prompt
27194,train
27195,test
27196,train
27197,heldout_generator
27198,heldout_generator
27199,heldout_generator
27200,heldout_prompt
27201,train
27202,train
27203,train
27204,train
27205,train
27206,test
27207,train
27208,train
27209,train
27210,train
27211,train
27212,test
27213,heldout_generator
27214,train
27215,train
27216,test
27217,train
27218,train
27219,val
27220,heldout_generator
27221,train
27222,train
27223,train
27224,heldout_generator
27225,train
27226,test
27227,train
27228,heldout_generator
27229,val
27230,train
27231,heldout_generator
27232,heldout_generator
27233,train
27234,train
27235,heldout_generator
27236,train
27237,train
27238,heldout_generator
27239,test
27240,train
27241,train
27242,train
27243,train
27244,heldout_prompt
27245,val
27246,heldout_prompt
27247,train
27248,test
27249,train
27250,val
27251,train
27252,train
27253,train
27254,train
27255,train
27256,val
27257,train
27258,train
27259,heldout_prompt
27260,heldout_generator
27261,train
27262,train
27263,heldout_prompt
27264,heldout_generator
27265,train
27266,train
27267,val
27268,train
27269,heldout_generator
27270,train
27271,val
27272,test
27273,heldout_generator
27274,train
27275,heldout_generator
27276,heldout_generator
27277,train
27278,train
27279,train
27280,train
27281,train
27282,heldout_generator
27283,train
27284,heldout_generator
27285,heldout_prompt
27286,train
27287,train
27288,train
27289,heldout_generator
27290,train
27291,train
27292,heldout_generator
27293,heldout_generator
27294,train
27295,train
27296,train
27297,train
27298,train
27299,heldout_generator
27300,train
27301,train
27302,test
27303,train
27304,heldout_generator
27305,train
27306,heldout_generator
27307,heldout_generator
27308,heldout_prompt
27309,train
27310,train
27311,heldout_prompt
27312,val
27313,train
27314,test
27315,train
27316,heldout_generator
27317,heldout_generator
27318,train
27319,heldout_generator
27320,train
27321,heldout_generator
27322,heldout_generator
27323,train
27324,train
27325,train
27326,train
27327,train
27328,train
27329,heldout_prompt
27330,train
27331,heldout_prompt
27332,test
27333,train
27334,heldout_prompt
27335,train
27336,heldout_generator
27337,heldout_generator
27338,train
27339,train
27340,train
27341,train
27342,train
27343,heldout_generator
27344,heldout_prompt
27345,train
27346,val
27347,train
27348,train
27349,train
27350,train
27351,val
27352,val
27353,train
27354,train
27355,train
27356,heldout_generator
27357,val
27358,heldout_generator
27359,train
27360,heldout_generator
27361,test
27362,val
27363,val
27364,heldout_generator
27365,heldout_prompt
27366,train
27367,train
27368,heldout_generator
27369,heldout_generator
27370,train
27371,test
27372,train
27373,train
27374,val
27375,train
27376,test
27377,heldout_prompt
27378,train
27379,heldout_prompt
27380,test
27381,val
27382,heldout_prompt
27383,train
27384,heldout_generator
27385,heldout_generator
27386,train
27387,train
27388,train
27389,train
27390,train
27391,val
27392,heldout_generator
27393,train
27394,heldout_generator
27395,train
27396,val
27397,train
27398,heldout_prompt
27399,train
27400,heldout_generator
27401,train
27402,val
27403,heldout_generator
27404,heldout_prompt
27405,heldout_prompt
27406,heldout_generator
27407,train
27408,heldout_generator
27409,heldout_prompt
27410,train
27411,train
27412,heldout_generator
27413,train
27414,train
27415,heldout_generator
27416,test
27417,val
27418,heldout_prompt
27419,train
27420,train
27421,train
27422,train
27423,train
27424,test
27425,train
27426,train
27427,train
27428,train
27429,train
27430,heldout_generator
27431,val
27432,train
27433,heldout_prompt
27434,train
27435,train
27436,train
27437,train
27438,train
27439,train
27440,heldout_prompt
27441,heldout_generator
27442,train
27443,train
27444,train
27445,test
27446,train
27447,train
27448,heldout_generator
27449,test
27450,train
27451,train
27452,val
27453,train
27454,heldout_generator
27455,train
27456,train
27457,heldout_prompt
27458,train
27459,heldout_generator
27460,train
27461,train
27462,train
27463,val
27464,train
27465,train
27466,heldout_generator
27467,heldout_generator
27468,train
27469,train
27470,test
27471,heldout_generator
27472,train
27473,train
27474,train
27475,train
27476,heldout_prompt
27477,train
27478,train
27479,train
27480,heldout_generator
27481,test
27482,test
27483,train
27484,test
27485,heldout_prompt
27486,val
27487,train
27488,train
27489,train
27490,heldout_generator
27491,train
27492,train
27493,train
27494,val
27495,heldout_generator
27496,train
27497,train
27498,train
27499,train
27500,train
27501,train
27502,train
27503,train
27504,train
27505,train
27506,heldout_generator
27507,heldout_generator
27508,heldout_prompt
27509,heldout_generator
27510,heldout_generator
27511,train
27512,train
27513,train
27514,heldout_prompt
27515,train
27516,train
27517,heldout_generator
27518,train
27519,train
27520,train
27521,heldout_generator
27522,val
27523,train
27524,train
27525,heldout_prompt
27526,train
27527,heldout_generator
27528,train
27529,heldout_generator
27530,train
27531,train
27532,train
27533,train
27534,train
27535,val
27536,test
27537,train
27538,train
27539,train
27540,heldout_prompt
27541,heldout_prompt
27542,train
27543,train
27544,heldout_prompt
27545,heldout_prompt
27546,test
27547,heldout_prompt
27548,heldout_generator
27549,train
27550,train
27551,heldout_generator
27552,heldout_generator
27553,train
27554,heldout_generator
27555,val
27556,train
27557,heldout_prompt
27558,train
27559,train
27560,train
27561,train
27562,heldout_prompt
27563,heldout_generator
27564,train
27565,train
27566,train
27567,train
27568,val
27569,heldout_generator
27570,train
27571,heldout_prompt
27572,train
27573,train
27574,train
27575,heldout_generator
27576,train
27577,train
27578,train
27579,train
27580,test
27581,train
27582,heldout_generator
27583,heldout_prompt
27584,train
27585,train
27586,heldout_generator
27587,heldout_prompt
27588,heldout_generator
27589,test
27590,heldout_generator
27591,test
27592,train
27593,heldout_generator
27594,val
27595,train
27596,test
27597,heldout_generator
27598,train
27599,train
27600,train
27601,train
27602,train
27603,train
27604,train
27605,train
27606,train
27607,train
27608,test
27609,heldout_prompt
27610,train
27611,heldout_generator
27612,heldout_generator
27613,train
27614,test
27615,train
27616,train
27617,test
27618,train
27619,heldout_prompt
27620,train
27621,heldout_prompt
27622,heldout_generator
27623,train
27624,train
27625,val
27626,train
27627,train
27628,heldout_generator
27629,heldout_generator
27630,train
27631,train
27632,train
27633,heldout_prompt
27634,train
27635,train
27636,train
27637,train
27638,train
27639,train
27640,train
27641,heldout_generator
27642,train
27643,train
27644,heldout_generator
27645,train
27646,heldout_generator
27647,val
27648,heldout_generator
27649,heldout_generator
27650,heldout_prompt
27651,train
27652,heldout_generator
27653,train
27654,heldout_generator
27655,train
27656,train
27657,train
27658,heldout_generator
27659,train
27660,heldout_generator
27661,heldout_generator
27662,heldout_prompt
27663,train
27664,train
27665,train
27666,test
27667,heldout_prompt
27668,train
27669,heldout_generator
27670,train
27671,train
27672,train
27673,train
27674,val
27675,heldout_prompt
27676,train
27677,test
27678,train
27679,train
27680,train
27681,train
27682,val
27683,train
27684,heldout_prompt
27685,train
27686,heldout_generator
27687,train
27688,train
27689,heldout_prompt
27690,heldout_generator
27691,heldout_generator
27692,train
27693,val
27694,val
27695,train
27696,train
27697,train
27698,val
27699,train
27700,heldout_prompt
27701,train
27702,test
27703,heldout_generator
27704,train
27705,train
27706,heldout_prompt
27707,train
27708,heldout_generator
27709,train
27710,train
27711,train
27712,heldout_prompt
27713,train
27714,heldout_generator
27715,heldout_generator
27716,train
27717,heldout_generator
27718,test
27719,heldout_generator
27720,train
27721,train
27722,train
27723,val
27724,train
27725,train
27726,test
27727,val
27728,train
27729,heldout_generator
27730,train
27731,train
27732,train
27733,train
27734,train
27735,train
27736,train
27737,train
27738,val
27739,train
27740,train
27741,train
27742,heldout_generator
27743,train
27744,test
27745,train
27746,test
27747,train
27748,train
27749,heldout_generator
27750,test
27751,train
27752,train
27753,heldout_generator
27754,train
27755,train
27756,train
27757,train
27758,val
27759,train
27760,train
27761,heldout_prompt
27762,val
27763,train
27764,heldout_prompt
27765,train
27766,heldout_generator
27767,train
27768,train
27769,val
27770,train
27771,train
27772,heldout_generator
27773,heldout_prompt
27774,train
27775,train
27776,heldout_generator
27777,train
27778,train
27779,val
27780,train
27781,train
27782,heldout_generator
27783,train
27784,train
27785,train
27786,train
27787,heldout_generator
27788,val
27789,train
27790,heldout_generator
27791,val
27792,val
27793,train
27794,train
27795,heldout_generator
27796,train
27797,train
27798,train
27799,heldout_prompt
27800,train
27801,train
27802,train
27803,train
27804,heldout_prompt
27805,heldout_generator
27806,train
27807,train
27808,train
27809,heldout_prompt
27810,heldout_generator
27811,train
27812,heldout_prompt
27813,train
27814,train
27815,heldout_generator
27816,train
27817,train
27818,val
27819,train
27820,test
27821,train
27822,heldout_generator
27823,train
27824,train
27825,heldout_prompt
27826,train
27827,heldout_prompt
27828,train
27829,train
27830,train
27831,heldout_prompt
27832,val
27833,train
27834,heldout_prompt
27835,train
27836,train
27837,train
27838,val
27839,test
27840,heldout_generator
27841,train
27842,heldout_generator
27843,heldout_prompt
27844,train
27845,heldout_prompt
27846,train
27847,heldout_prompt
27848,train
27849,test
27850,train
27851,train
27852,train
27853,heldout_prompt
27854,heldout_generator
27855,heldout_prompt
27856,test
27857,heldout_prompt
27858,val
27859,val
27860,train
27861,train
27862,val
27863,train
27864,train
27865,train
27866,train
27867,test
27868,heldout_generator
27869,train
27870,train
27871,train
27872,train
27873,train
27874,train
27875,train
27876,test
27877,test
27878,test
27879,train
27880,train
27881,train
27882,train
27883,train
27884,train
27885,train
27886,train
27887,train
27888,train
27889,train
27890,train
27891,train
27892,train
27893,train
27894,train
27895,train
27896,train
27897,val
27898,heldout_generator
27899,train
27900,heldout_prompt
27901,heldout_generator
27902,heldout_generator
27903,heldout_generator
27904,train
27905,train
27906,train
27907,train
27908,heldout_generator
27909,train
27910,heldout_prompt
27911,heldout_generator
27912,train
27913,train
27914,heldout_generator
27915,train
27916,train
27917,heldout_prompt
27918,train
27919,heldout_generator
27920,heldout_generator
27921,heldout_generator
27922,train
27923,train
27924,train
27925,heldout_prompt
27926,train
27927,heldout_generator
27928,train
27929,train
27930,test
27931,train
27932,train
27933,train
27934,train
27935,test
27936,val
27937,train
27938,test
27939,train
27940,val
27941,train
27942,train
27943,heldout_prompt
27944,train
27945,heldout_generator
27946,train
27947,heldout_prompt
27948,train
27949,val
27950,train
27951,heldout_generator
27952,train
27953,val
27954,train
27955,train
27956,train
27957,train
27958,val
27959,train
27960,heldout_prompt
27961,train
27962,test
27963,heldout_generator
27964,heldout_generator
27965,train
27966,test
27967,train
27968,train
27969,train
27970,train
27971,heldout_generator
27972,train
27973,train
27974,train
27975,train
27976,train
27977,train
27978,train
27979,train
27980,val
27981,heldout_generator
27982,heldout_generator
27983,train
27984,train
27985,heldout_generator
27986,test
27987,train
27988,heldout_generator
27989,heldout_generator
27990,heldout_generator
27991,train
27992,train
27993,train
27994,heldout_prompt
27995,heldout_generator
27996,train
27997,train
27998,train
27999,train
28000,train
28001,train
28002,train
28003,train
28004,train
28005,val
28006,heldout_prompt
28007,train
28008,train
28009,train
28010,heldout_prompt
28011,train
28012,heldout_generator
28013,heldout_generator
28014,val
28015,train
28016,train
28017,train
28018,train
28019,train
28020,heldout_generator
28021,train
28022,train
28023,train
28024,heldout_generator
28025,train
28026,heldout_generator
28027,val
28028,train
28029,train
28030,train
28031,heldout_generator
28032,heldout_generator
28033,val
28034,heldout_generator
28035,heldout_generator
28036,train
28037,train
28038,train
28039,train
28040,train
28041,train
28042,test
28043,train
28044,train
28045,heldout_prompt
28046,heldout_generator
28047,train
28048,train
28049,heldout_generator
28050,train
28051,train
28052,heldout_generator
28053,train
28054,val
28055,test
28056,train
28057,train
28058,train
28059,heldout_prompt
28060,train
28061,train
28062,train
28063,train
28064,heldout_generator
28065,train
28066,train
28067,train
28068,heldout_prompt
28069,train
28070,train
28071,val
28072,train
28073,train
28074,train
28075,heldout_prompt
28076,train
28077,test
28078,val
28079,train
28080,train
28081,train
28082,train
28083,train
28084,heldout_generator
28085,train
28086,train
28087,train
28088,train
28089,heldout_generator
28090,train
28091,train
28092,train
28093,train
28094,heldout_generator
28095,heldout_generator
28096,train
28097,val
28098,train
28099,train
28100,train
28101,train
28102,heldout_generator
28103,train
28104,train
28105,train
28106,train
28107,val
28108,test
28109,heldout_prompt
28110,train
28111,train
28112,heldout_generator
28113,train
28114,heldout_generator
28115,heldout_generator
28116,val
28117,test
28118,train
28119,train
28120,train
28121,train
28122,heldout_prompt
28123,train
28124,heldout_generator
28125,val
28126,heldout_prompt
28127,heldout_prompt
28128,train
28129,train
28130,train
28131,train
28132,train
28133,train
28134,train
28135,heldout_prompt
28136,val
28137,train
28138,train
28139,heldout_prompt
28140,heldout_generator
28141,train
28142,val
28143,test
28144,val
28145,test
28146,train
28147,train
28148,heldout_generator
28149,train
28150,train
28151,heldout_prompt
28152,heldout_generator
28153,heldout_generator
28154,test
28155,train
28156,train
28157,train
28158,train
28159,train
28160,train
28161,heldout_prompt
28162,val
28163,train
28164,train
28165,train
28166,train
28167,train
28168,train
28169,train
28170,train
28171,train
28172,train
28173,train
28174,heldout_generator
28175,heldout_prompt
28176,heldout_generator
28177,train
28178,train
28179,train
28180,val
28181,train
28182,train
28183,test
28184,heldout_generator
28185,train
28186,heldout_generator
28187,train
28188,train
28189,train
28190,train
28191,train
28192,train
28193,val
28194,test
28195,train
28196,train
28197,test
28198,heldout_prompt
28199,heldout_generator
28200,train
28201,heldout_generator
28202,heldout_generator
28203,heldout_prompt
28204,train
28205,train
28206,train
28207,heldout_generator
28208,heldout_generator
28209,heldout_generator
28210,train
28211,heldout_generator
28212,train
28213,train
28214,heldout_generator
28215,train
28216,heldout_generator
28217,heldout_generator
28218,heldout_generator
28219,heldout_generator
28220,train
28221,train
28222,test
28223,val
28224,test
28225,train
28226,heldout_generator
28227,train
28228,train
28229,train
28230,heldout_generator
28231,train
28232,test
28233,train
28234,heldout_generator
28235,test
28236,heldout_generator
28237,train
28238,train
28239,train
28240,train
28241,test
28242,train
28243,train
28244,heldout_generator
28245,heldout_generator
28246,heldout_prompt
28247,heldout_generator
28248,test
28249,train
28250,train
28251,train
28252,heldout_generator
28253,train
28254,val
28255,train
28256,train
28257,train
28258,val
28259,heldout_prompt
28260,train
28261,train
28262,train
28263,heldout_prompt
28264,train
28265,heldout_generator
28266,heldout_generator
28267,train
28268,train
28269,train
28270,heldout_prompt
28271,test
28272,val
28273,train
28274,heldout_generator
28275,train
28276,train
28277,heldout_generator
28278,heldout_generator
28279,train
28280,heldout_generator
28281,test
28282,heldout_generator
28283,heldout_prompt
28284,train
28285,train
28286,train
28287,heldout_generator
28288,heldout_generator
28289,heldout_generator
28290,heldout_generator
28291,val
28292,train
28293,heldout_generator
28294,train
28295,train
28296,train
28297,train
28298,train
28299,test
28300,train
28301,heldout_prompt
28302,train
28303,val
28304,train
28305,train
28306,train
28307,train
28308,train
28309,heldout_generator
28310,train
28311,train
28312,train
28313,train
28314,train
28315,train
28316,train
28317,heldout_generator
28318,train
28319,heldout_generator
28320,test
28321,heldout_prompt
28322,heldout_generator
28323,train
28324,train
28325,train
28326,train
28327,val
28328,train
28329,heldout_generator
28330,val
28331,train
28332,heldout_prompt
28333,train
28334,train
28335,train
28336,train
28337,heldout_prompt
28338,train
28339,heldout_generator
28340,heldout_prompt
28341,train
28342,heldout_generator
28343,train
28344,train
28345,train
28346,train
28347,val
28348,train
28349,train
28350,train
28351,train
28352,train
28353,train
28354,train
28355,train
28356,train
28357,train
28358,train
28359,train
28360,val
28361,train
28362,train
28363,train
28364,train
28365,heldout_prompt
28366,train
28367,val
28368,test
28369,heldout_generator
28370,train
28371,heldout_generator
28372,train
28373,train
28374,heldout_generator
28375,heldout_generator
28376,train
28377,train
28378,heldout_generator
28379,train
28380,train
28381,train
28382,heldout_prompt
28383,test
28384,val
28385,train
28386,heldout_generator
28387,train
28388,test
28389,heldout_prompt
28390,train
28391,heldout_prompt
28392,train
28393,train
28394,heldout_generator
28395,train
28396,heldout_prompt
28397,train
28398,heldout_generator
28399,train
28400,heldout_generator
28401,val
28402,train
28403,train
28404,heldout_generator
28405,heldout_generator
28406,heldout_generator
28407,train
28408,train
28409,val
28410,train
28411,train
28412,train
28413,val
28414,heldout_generator
28415,train
28416,train
28417,train
28418,train
28419,train
28420,heldout_prompt
28421,heldout_generator
28422,heldout_generator
28423,train
28424,val
28425,heldout_generator
28426,train
28427,heldout_prompt
28428,heldout_prompt
28429,train
28430,train
28431,train
28432,train
28433,val
28434,train
28435,train
28436,heldout_generator
28437,heldout_generator
28438,heldout_generator
28439,test
28440,val
28441,heldout_generator
28442,heldout_generator
28443,test
28444,heldout_generator
28445,heldout_prompt
28446,val
28447,heldout_generator
28448,train
28449,val
28450,heldout_generator
28451,test
28452,val
28453,heldout_generator
28454,heldout_generator
28455,train
28456,heldout_generator
28457,heldout_generator
28458,val
28459,heldout_generator
28460,train
28461,heldout_generator
28462,train
28463,train
28464,test
28465,val
28466,val
28467,train
28468,val
28469,heldout_generator
28470,train
28471,heldout_prompt
28472,train
28473,train
28474,train
28475,train
28476,heldout_generator
28477,train
28478,heldout_prompt
28479,train
28480,val
28481,test
28482,heldout_generator
28483,heldout_generator
28484,heldout_prompt
28485,train
28486,heldout_prompt
28487,train
28488,heldout_generator
28489,train
28490,train
28491,train
28492,train
28493,train
28494,train
28495,train
28496,train
28497,heldout_prompt
28498,train
28499,heldout_generator
28500,train
28501,test
28502,heldout_generator
28503,test
28504,train
28505,train
28506,train
28507,train
28508,train
28509,train
28510,train
28511,val
28512,train
28513,test
28514,train
28515,test
28516,heldout_generator
28517,train
28518,heldout_prompt
28519,train
28520,heldout_generator
28521,heldout_prompt
28522,val
28523,heldout_prompt
28524,train
28525,heldout_generator
28526,heldout_prompt
28527,test
28528,train
28529,train
28530,heldout_prompt
28531,train
28532,test
28533,train
28534,val
28535,train
28536,train
28537,train
28538,heldout_generator
28539,train
28540,train
28541,val
28542,train
28543,train
28544,train
28545,train
28546,train
28547,test
28548,train
28549,heldout_prompt
28550,heldout_generator
28551,heldout_generator
28552,train
28553,train
28554,heldout_prompt
28555,train
28556,heldout_prompt
28557,train
28558,test
28559,heldout_generator
28560,train
28561,heldout_generator
28562,train
28563,val
28564,test
28565,heldout_prompt
28566,val
28567,train
28568,heldout_generator
28569,heldout_generator
28570,test
28571,val
28572,train
28573,train
28574,train
28575,train
28576,heldout_generator
28577,train
28578,test
28579,heldout_generator
28580,heldout_generator
28581,heldout_generator
28582,train
28583,heldout_generator
28584,val
28585,heldout_prompt
28586,heldout_generator
28587,heldout_generator
28588,train
28589,val
28590,train
28591,test
28592,heldout_generator
28593,test
28594,train
28595,heldout_generator
28596,train
28597,train
28598,heldout_generator
28599,heldout_generator
28600,heldout_generator
28601,train
28602,train
28603,train
28604,train
28605,train
28606,heldout_generator
28607,train
28608,heldout_generator
28609,train
28610,train
28611,train
28612,train
28613,heldout_generator
28614,heldout_generator
28615,train
28616,train
28617,train
28618,heldout_generator
28619,heldout_prompt
28620,heldout_generator
28621,train
28622,heldout_prompt
28623,val
28624,train
28625,heldout_generator
28626,heldout_generator
28627,train
28628,train
28629,train
28630,train
28631,train
28632,val
28633,heldout_prompt
28634,train
28635,train
28636,train
28637,train
28638,train
28639,train
28640,train
28641,train
28642,train
28643,train
28644,heldout_generator
28645,heldout_generator
28646,train
28647,train
28648,heldout_generator
28649,heldout_prompt
28650,heldout_prompt
28651,heldout_generator
28652,train
28653,heldout_generator
28654,heldout_generator
28655,heldout_prompt
28656,train
28657,train
28658,heldout_prompt
28659,train
28660,train
28661,train
28662,train
28663,train
28664,train
28665,train
28666,train
28667,train
28668,heldout_generator
28669,heldout_generator
28670,test
28671,test
28672,train
28673,heldout_prompt
28674,train
28675,train
28676,train
28677,train
28678,train
28679,heldout_generator
28680,heldout_prompt
28681,heldout_generator
28682,train
28683,heldout_prompt
28684,train
28685,train
28686,val
28687,train
28688,heldout_generator
28689,train
28690,train
28691,heldout_generator
28692,train
28693,train
28694,train
28695,heldout_generator
28696,train
28697,train
28698,test
28699,test
28700,heldout_prompt
28701,heldout_prompt
28702,train
28703,heldout_prompt
28704,train
28705,test
28706,heldout_prompt
28707,heldout_prompt
28708,heldout_generator
28709,train
28710,train
28711,train
28712,train
28713,heldout_prompt
28714,heldout_generator
28715,train
28716,train
28717,test
28718,train
28719,train
28720,heldout_prompt
28721,heldout_generator
28722,heldout_prompt
28723,heldout_prompt
28724,heldout_generator
28725,train
28726,train
28727,val
28728,train
28729,heldout_generator
28730,test
28731,heldout_generator
28732,val
28733,heldout_generator
28734,heldout_prompt
28735,train
28736,train
28737,train
28738,heldout_prompt
28739,train
28740,train
28741,heldout_prompt
28742,train
28743,train
28744,train
28745,train
28746,heldout_prompt
28747,train
28748,val
28749,train
28750,train
28751,heldout_prompt
28752,train
28753,heldout_prompt
28754,heldout_generator
28755,heldout_generator
28756,heldout_generator
28757,val
28758,heldout_prompt
28759,test
28760,train
28761,train
28762,heldout_generator
28763,val
28764,val
28765,val
28766,train
28767,heldout_generator
28768,train
28769,train
28770,val
28771,train
28772,train
28773,train
28774,test
28775,val
28776,train
28777,val
28778,heldout_generator
28779,train
28780,train
28781,train
28782,heldout_generator
28783,train
28784,train
28785,test
28786,test
28787,heldout_generator
28788,test
28789,heldout_generator
28790,train
28791,train
28792,heldout_generator
28793,train
28794,heldout_generator
28795,train
28796,train
28797,train
28798,train
28799,heldout_generator
28800,test
28801,train
28802,train
28803,heldout_generator
28804,train
28805,train
28806,test
28807,train
28808,train
28809,train
28810,train
28811,train
28812,test
28813,train
28814,test
28815,heldout_generator
28816,val
28817,train
28818,train
28819,train
28820,heldout_generator
28821,train
28822,test
28823,train
28824,train
28825,val
28826,train
28827,heldout_prompt
28828,train
28829,train
28830,train
28831,heldout_prompt
28832,train
28833,train
28834,train
28835,train
28836,heldout_prompt
28837,train
28838,train
28839,train
28840,test
28841,heldout_generator
28842,train
28843,heldout_prompt
28844,train
28845,train
28846,heldout_prompt
28847,train
28848,heldout_prompt
28849,val
28850,train
28851,train
28852,train
28853,train
28854,train
28855,test
28856,train
28857,heldout_generator
28858,train
28859,train
28860,test
28861,train
28862,heldout_generator
28863,train
28864,heldout_generator
28865,heldout_generator
28866,train
28867,heldout_generator
28868,heldout_prompt
28869,heldout_prompt
28870,train
28871,heldout_generator
28872,heldout_generator
28873,train
28874,test
28875,test
28876,heldout_generator
28877,test
28878,heldout_generator
28879,test
28880,test
28881,train
28882,test
28883,train
28884,train
28885,test
28886,train
28887,train
28888,train
28889,val
28890,train
28891,train
28892,train
28893,train
28894,val
28895,train
28896,train
28897,train
28898,val
28899,train
28900,heldout_generator
28901,heldout_generator
28902,train
28903,train
28904,train
28905,train
28906,train
28907,heldout_prompt
28908,train
28909,heldout_prompt
28910,heldout_generator
28911,heldout_prompt
28912,heldout_generator
28913,train
28914,train
28915,heldout_generator
28916,train
28917,train
28918,val
28919,train
28920,train
28921,train
28922,train
28923,train
28924,heldout_generator
28925,heldout_prompt
28926,heldout_generator
28927,heldout_generator
28928,val
28929,val
28930,test
28931,train
28932,train
28933,train
28934,train
28935,heldout_prompt
28936,train
28937,train
28938,train
28939,val
28940,val
28941,train
28942,train
28943,heldout_prompt
28944,heldout_generator
28945,train
28946,heldout_generator
28947,train
28948,train
28949,train
28950,train
28951,train
28952,train
28953,test
28954,train
28955,test
28956,train
28957,train
28958,heldout_generator
28959,heldout_generator
28960,train
28961,heldout_prompt
28962,train
28963,heldout_prompt
28964,train
28965,train
28966,heldout_prompt
28967,heldout_prompt
28968,train
28969,train
28970,heldout_generator
28971,train
28972,train
28973,train
28974,heldout_generator
28975,heldout_generator
28976,heldout_prompt
28977,heldout_generator
28978,train
28979,train
28980,heldout_prompt
28981,val
28982,train
28983,train
28984,heldout_generator
28985,train
28986,train
28987,train
28988,val
28989,train
28990,val
28991,heldout_generator
28992,heldout_generator
28993,train
28994,train
28995,train
28996,heldout_generator
28997,train
28998,heldout_generator
28999,heldout_generator
29000,test
29001,test
29002,train
29003,train
29004,train
29005,heldout_prompt
29006,heldout_generator
29007,test
29008,heldout_generator
29009,train
29010,heldout_prompt
29011,heldout_prompt
29012,test
29013,heldout_generator
29014,train
29015,train
29016,train
29017,train
29018,train
29019,test
29020,train
29021,heldout_generator
29022,train
29023,heldout_generator
29024,train
29025,train
29026,heldout_generator
29027,train
29028,heldout_generator
29029,heldout_prompt
29030,heldout_generator
29031,train
29032,train
29033,train
29034,train
29035,train
29036,heldout_prompt
29037,heldout_prompt
29038,heldout_generator
29039,train
29040,heldout_prompt
29041,heldout_generator
29042,heldout_prompt
29043,train
29044,train
29045,train
29046,train
29047,train
29048,val
29049,test
29050,heldout_prompt
29051,heldout_prompt
29052,train
29053,train
29054,train
29055,heldout_generator
29056,train
29057,test
29058,train
29059,train
29060,train
29061,train
29062,train
29063,train
29064,heldout_generator
29065,heldout_prompt
29066,heldout_generator
29067,train
29068,heldout_generator
29069,heldout_generator
29070,heldout_generator
29071,train
29072,heldout_generator
29073,heldout_generator
29074,heldout_generator
29075,heldout_generator
29076,train
29077,val
29078,train
29079,train
29080,train
29081,train
29082,heldout_generator
29083,train
29084,train
29085,train
29086,train
29087,train
29088,train
29089,train
29090,train
29091,train
29092,train
29093,train
29094,heldout_prompt
29095,train
29096,train
29097,train
29098,heldout_prompt
29099,val
29100,heldout_generator
29101,heldout_prompt
29102,train
29103,train
29104,train
29105,heldout_generator
29106,train
29107,val
29108,heldout_generator
29109,train
29110,train
29111,train
29112,heldout_generator
29113,train
29114,train
29115,test
29116,test
29117,heldout_prompt
29118,heldout_generator
29119,train
29120,train
29121,train
29122,heldout_prompt
29123,train
29124,heldout_generator
29125,train
29126,val
29127,val
29128,train
29129,heldout_generator
29130,train
29131,heldout_generator
29132,heldout_generator
29133,train
29134,heldout_generator
29135,heldout_prompt
29136,heldout_generator
29137,train
29138,train
29139,heldout_generator
29140,train
29141,heldout_generator
29142,heldout_generator
29143,train
29144,test
29145,train
29146,train
29147,heldout_generator
29148,train
29149,train
29150,train
29151,train
29152,train
29153,heldout_generator
29154,train
29155,train
29156,heldout_prompt
29157,train
29158,test
29159,train
29160,heldout_generator
29161,val
29162,train
29163,heldout_generator
29164,val
29165,train
29166,heldout_generator
29167,heldout_generator
29168,test
29169,test
29170,val
29171,heldout_generator
29172,train
29173,train
29174,train
29175,train
29176,train
29177,heldout_generator
29178,train
29179,heldout_generator
29180,val
29181,test
29182,train
29183,train
29184,test
29185,heldout_generator
29186,val
29187,heldout_generator
29188,train
29189,heldout_prompt
29190,train
29191,train
29192,train
29193,train
29194,train
29195,train
29196,train
29197,heldout_generator
29198,train
29199,heldout_generator
29200,test
29201,train
29202,train
29203,train
29204,train
29205,train
29206,heldout_generator
29207,train
29208,heldout_generator
29209,test
29210,train
29211,train
29212,heldout_prompt
29213,train
29214,heldout_prompt
29215,train
29216,train
29217,train
29218,train
29219,train
29220,train
29221,heldout_prompt
29222,train
29223,val
29224,heldout_generator
29225,train
29226,train
29227,train
29228,test
29229,heldout_generator
29230,train
29231,train
29232,train
29233,train
29234,train
29235,train
29236,train
29237,heldout_generator
29238,train
29239,heldout_generator
29240,train
29241,heldout_prompt
29242,train
29243,test
29244,heldout_generator
29245,train
29246,heldout_generator
29247,val
29248,train
29249,train
29250,heldout_generator
29251,train
29252,heldout_generator
29253,train
29254,val
29255,train
29256,train
29257,train
29258,heldout_prompt
29259,test
29260,heldout_prompt
29261,heldout_prompt
29262,train
29263,heldout_generator
29264,heldout_generator
29265,train
29266,train
29267,heldout_prompt
29268,heldout_prompt
29269,train
29270,test
29271,test
29272,heldout_generator
29273,train
29274,heldout_generator
29275,train
29276,heldout_generator
29277,train
29278,train
29279,heldout_generator
29280,test
29281,heldout_generator
29282,val
29283,train
29284,train
29285,train
29286,train
29287,heldout_prompt
29288,heldout_prompt
29289,heldout_generator
29290,heldout_prompt
29291,train
29292,train
29293,test
29294,heldout_generator
29295,train
29296,train
29297,test
29298,train
29299,train
29300,train
29301,train
29302,train
29303,val
29304,train
29305,heldout_generator
29306,val
29307,train
29308,train
29309,heldout_generator
29310,heldout_prompt
29311,train
29312,heldout_prompt
29313,train
29314,train
29315,heldout_generator
29316,train
29317,train
29318,train
29319,heldout_prompt
29320,train
29321,train
29322,heldout_prompt
29323,train
29324,heldout_generator
29325,train
29326,train
29327,heldout_generator
29328,train
29329,train
29330,train
29331,train
29332,train
29333,val
29334,train
29335,train
29336,heldout_generator
29337,heldout_prompt
29338,train
29339,train
29340,train
29341,heldout_generator
29342,train
29343,train
29344,train
29345,val
29346,train
29347,train
29348,train
29349,train
29350,train
29351,train
29352,test
29353,test
29354,train
29355,train
29356,train
29357,train
29358,heldout_prompt
29359,test
29360,train
29361,heldout_generator
29362,train
29363,heldout_prompt
29364,heldout_prompt
29365,train
29366,train
29367,train
29368,train
29369,heldout_generator
29370,train
29371,train
29372,test
29373,train
29374,heldout_generator
29375,train
29376,test
29377,train
29378,train
29379,train
29380,heldout_generator
29381,heldout_prompt
29382,train
29383,train
29384,train
29385,train
29386,train
29387,train
29388,train
29389,train
29390,test
29391,heldout_generator
29392,train
29393,train
29394,heldout_generator
29395,train
29396,test
29397,test
29398,train
29399,train
29400,heldout_generator
29401,train
29402,heldout_generator
29403,heldout_prompt
29404,train
29405,train
29406,train
29407,train
29408,train
29409,train
29410,train
29411,train
29412,heldout_prompt
29413,train
29414,train
29415,heldout_generator
29416,heldout_generator
29417,train
29418,train
29419,train
29420,train
29421,heldout_generator
29422,val
29423,train
29424,train
29425,train
29426,heldout_prompt
29427,test
29428,train
29429,heldout_prompt
29430,train
29431,train
29432,heldout_generator
29433,train
29434,test
29435,train
29436,train
29437,train
29438,heldout_prompt
29439,train
29440,heldout_prompt
29441,heldout_generator
29442,heldout_generator
29443,test
29444,train
29445,train
29446,heldout_prompt
29447,val
29448,test
29449,heldout_generator
29450,test
29451,train
29452,train
29453,train
29454,train
29455,test
29456,heldout_prompt
29457,heldout_prompt
29458,heldout_prompt
29459,test
29460,train
29461,train
29462,train
29463,train
29464,train
29465,train
29466,train
29467,val
29468,train
29469,train
29470,train
29471,test
29472,heldout_prompt
29473,train
29474,val
29475,test
29476,val
29477,train
29478,heldout_prompt
29479,test
29480,heldout_generator
29481,train
29482,train
29483,train
29484,heldout_generator
29485,train
29486,train
29487,train
29488,train
29489,heldout_generator
29490,heldout_generator
29491,train
29492,train
29493,train
29494,train
29495,heldout_generator
29496,train
29497,train
29498,train
29499,val
29500,val
29501,train
29502,heldout_generator
29503,train
29504,val
29505,heldout_generator
29506,train
29507,val
29508,train
29509,train
29510,train
29511,val
29512,train
29513,train
29514,train
29515,val
29516,test
29517,train
29518,train
29519,train
29520,train
29521,train
29522,test
29523,train
29524,train
29525,train
29526,heldout_prompt
29527,val
29528,train
29529,train
29530,test
29531,heldout_generator
29532,heldout_generator
29533,heldout_prompt
29534,train
29535,train
29536,heldout_prompt
29537,train
29538,heldout_generator
29539,train
29540,train
29541,heldout_generator
29542,train
29543,train
29544,train
29545,train
29546,test
29547,train
29548,train
29549,train
29550,train
29551,heldout_generator
29552,heldout_generator
29553,train
29554,train
29555,train
29556,train
29557,heldout_generator
29558,heldout_generator
29559,train
29560,train
29561,heldout_prompt
29562,heldout_generator
29563,test
29564,train
29565,train
29566,val
29567,heldout_generator
29568,heldout_generator
29569,val
29570,train
29571,val
29572,train
29573,heldout_generator
29574,train
29575,train
29576,train
29577,train
29578,train
29579,train
29580,train
29581,train
29582,train
29583,train
29584,train
29585,heldout_generator
29586,heldout_generator
29587,heldout_prompt
29588,train
29589,train
29590,val
29591,heldout_generator
29592,test
29593,heldout_generator
29594,train
29595,heldout_prompt
29596,train
29597,val
29598,train
29599,heldout_prompt
29600,train
29601,train
29602,heldout_generator
29603,train
29604,heldout_generator
29605,train
29606,heldout_generator
29607,heldout_generator
29608,val
29609,heldout_generator
29610,heldout_generator
29611,heldout_prompt
29612,train
29613,train
29614,heldout_generator
29615,train
29616,train
29617,heldout_prompt
29618,heldout_prompt
29619,train
29620,train
29621,train
29622,heldout_prompt
29623,train
29624,train
29625,train
29626,train
29627,train
29628,val
29629,val
29630,train
29631,train
29632,test
29633,train
29634,heldout_generator
29635,train
29636,train
29637,train
29638,train
29639,val
29640,val
29641,train
29642,heldout_prompt
29643,val
29644,train
29645,heldout_generator
29646,val
29647,train
29648,heldout_generator
29649,train
29650,train
29651,heldout_generator
29652,train
29653,train
29654,train
29655,test
29656,heldout_generator
29657,heldout_prompt
29658,train
29659,train
29660,train
29661,train
29662,train
29663,train
29664,train
29665,test
29666,train
29667,heldout_prompt
29668,train
29669,train
29670,train
29671,val
29672,train
29673,test
29674,train
29675,val
29676,train
29677,heldout_generator
29678,val
29679,val
29680,heldout_generator
29681,heldout_generator
29682,test
29683,train
29684,train
29685,heldout_prompt
29686,heldout_prompt
29687,train
29688,train
29689,train
29690,train
29691,train
29692,heldout_generator
29693,heldout_generator
29694,heldout_generator
29695,heldout_prompt
29696,train
29697,heldout_prompt
29698,train
29699,test
29700,train
29701,train
29702,heldout_prompt
29703,train
29704,train
29705,train
29706,train
29707,train
29708,train
29709,train
29710,train
29711,heldout_generator
29712,test
29713,train
29714,heldout_prompt
29715,heldout_generator
29716,heldout_prompt
29717,train
29718,heldout_generator
29719,train
29720,val
29721,train
29722,train
29723,train
29724,heldout_generator
29725,train
29726,heldout_prompt
29727,train
29728,train
29729,train
29730,heldout_generator
29731,heldout_prompt
29732,train
29733,train
29734,heldout_generator
29735,test
29736,train
29737,train
29738,heldout_generator
29739,heldout_generator
29740,train
29741,train
29742,heldout_generator
29743,heldout_prompt
29744,train
29745,train
29746,train
29747,heldout_prompt
29748,heldout_prompt
29749,heldout_generator
29750,heldout_prompt
29751,val
29752,val
29753,train
29754,train
29755,test
29756,train
29757,train
29758,train
29759,train
29760,train
29761,train
29762,train
29763,heldout_prompt
29764,train
29765,train
29766,train
29767,train
29768,heldout_generator
29769,val
29770,heldout_generator
29771,heldout_generator
29772,heldout_generator
29773,train
29774,test
29775,train
29776,train
29777,train
29778,train
29779,train
29780,train
29781,train
29782,train
29783,train
29784,train
29785,train
29786,train
29787,heldout_generator
29788,train
29789,train
29790,train
29791,test
29792,train
29793,train
29794,heldout_prompt
29795,heldout_generator
29796,val
29797,train
29798,val
29799,train
29800,train
29801,train
29802,train
29803,train
29804,heldout_generator
29805,heldout_prompt
29806,train
29807,train
29808,heldout_generator
29809,train
29810,heldout_generator
29811,train
29812,heldout_generator
29813,heldout_generator
29814,train
29815,train
29816,heldout_prompt
29817,val
29818,heldout_prompt
29819,train
29820,train
29821,train
29822,heldout_prompt
29823,heldout_generator
29824,val
29825,train
29826,heldout_generator
29827,test
29828,val
29829,train
29830,val
29831,val
29832,train
29833,train
29834,train
29835,val
29836,train
29837,val
29838,val
29839,test
29840,heldout_generator
29841,train
29842,train
29843,train
29844,heldout_prompt
29845,train
29846,heldout_prompt
29847,heldout_prompt
29848,train
29849,train
29850,train
29851,train
29852,heldout_prompt
29853,train
29854,test
29855,train
29856,train
29857,train
29858,train
29859,train
29860,train
29861,train
29862,train
29863,heldout_generator
29864,train
29865,train
29866,train
29867,train
29868,heldout_prompt
29869,train
29870,test
29871,val
29872,train
29873,val
29874,heldout_generator
29875,train
29876,heldout_prompt
29877,train
29878,train
29879,train
29880,heldout_generator
29881,test
29882,val
29883,heldout_generator
29884,train
29885,val
29886,heldout_prompt
29887,train
29888,heldout_generator
29889,train
29890,train
29891,heldout_generator
29892,train
29893,train
29894,test
29895,train
29896,train
29897,heldout_generator
29898,heldout_prompt
29899,heldout_generator
29900,heldout_generator
29901,train
29902,val
29903,train
29904,train
29905,train
29906,heldout_generator
29907,train
29908,train
29909,train
29910,train
29911,train
29912,train
29913,heldout_generator
29914,test
29915,train
29916,train
29917,train
29918,train
29919,train
29920,heldout_generator
29921,heldout_prompt
29922,train
29923,train
29924,train
29925,train
29926,test
29927,train
29928,train
29929,train
29930,heldout_generator
29931,heldout_generator
29932,train
29933,train
29934,heldout_generator
29935,train
29936,heldout_generator
29937,train
29938,train
29939,val
29940,train
29941,train
29942,heldout_generator
29943,train
29944,train
29945,heldout_prompt
29946,val
29947,train
29948,heldout_prompt
29949,train
29950,train
29951,train
29952,heldout_generator
29953,heldout_generator
29954,train
29955,heldout_generator
29956,train
29957,train
29958,train
29959,train
29960,heldout_generator
29961,train
29962,heldout_generator
29963,train
29964,train
29965,train
29966,train
29967,train
29968,train
29969,val
29970,train
29971,test
29972,test
29973,heldout_prompt
29974,train
29975,train
29976,train
29977,heldout_prompt
29978,train
29979,train
29980,heldout_generator
29981,train
29982,train
29983,heldout_prompt
29984,heldout_generator
29985,train
29986,train
29987,train
29988,train
29989,train
29990,train
29991,heldout_generator
29992,test
29993,val
29994,train
29995,heldout_prompt
29996,train
29997,test
29998,test
29999,train
30000,train
30001,heldout_generator
30002,train
30003,heldout_generator
30004,heldout_prompt
30005,heldout_prompt
30006,train
30007,train
30008,heldout_generator
30009,test
30010,train
30011,train
30012,train
30013,train
30014,heldout_generator
30015,heldout_generator
30016,train
30017,train
30018,train
30019,heldout_prompt
30020,train
30021,train
30022,train
30023,train
30024,train
30025,train
30026,train
30027,heldout_prompt
30028,train
30029,train
30030,test
30031,train
30032,heldout_generator
30033,train
30034,train
30035,train
30036,train
30037,heldout_generator
30038,train
30039,heldout_prompt
30040,train
30041,heldout_generator
30042,heldout_generator
30043,train
30044,train
30045,train
30046,train
30047,train
30048,train
30049,train
30050,heldout_generator
30051,train
30052,train
30053,train
30054,heldout_prompt
30055,heldout_generator
30056,heldout_generator
30057,train
30058,train
30059,train
30060,train
30061,train
30062,heldout_prompt
30063,heldout_generator
30064,train
30065,train
30066,val
30067,heldout_generator
30068,test
30069,train
30070,train
30071,train
30072,train
30073,test
30074,train
30075,heldout_generator
30076,test
30077,train
30078,train
30079,heldout_generator
30080,heldout_generator
30081,train
30082,heldout_generator
30083,train
30084,train
30085,train
30086,train
30087,train
30088,train
30089,heldout_generator
30090,heldout_prompt
30091,train
30092,train
30093,train
30094,train
30095,val
30096,train
30097,heldout_generator
30098,heldout_generator
30099,train
30100,val
30101,test
30102,train
30103,train
30104,heldout_generator
30105,train
30106,train
30107,train
30108,val
30109,train
30110,train
30111,heldout_generator
30112,heldout_generator
30113,train
30114,train
30115,train
30116,heldout_generator
30117,train
30118,test
30119,train
30120,train
30121,heldout_generator
30122,val
30123,train
30124,heldout_prompt
30125,train
30126,val
30127,train
30128,test
30129,val
30130,test
30131,train
30132,train
30133,train
30134,heldout_generator
30135,train
30136,train
30137,heldout_prompt
30138,train
30139,train
30140,train
30141,train
30142,test
30143,train
30144,heldout_prompt
30145,train
30146,heldout_prompt
30147,train
30148,heldout_prompt
30149,train
30150,train
30151,train
30152,train
30153,heldout_generator
30154,train
30155,train
30156,train
30157,val
30158,train
30159,train
30160,heldout_prompt
30161,train
30162,heldout_generator
30163,train
30164,val
30165,train
30166,train
30167,train
30168,train
30169,train
30170,test
30171,train
30172,train
30173,train
30174,train
30175,heldout_generator
30176,train
30177,heldout_prompt
30178,heldout_generator
30179,val
30180,train
30181,heldout_generator
30182,train
30183,train
30184,train
30185,train
30186,train
30187,heldout_generator
30188,test
30189,heldout_generator
30190,train
30191,train
30192,heldout_generator
30193,train
30194,train
30195,train
30196,test
30197,val
30198,heldout_generator
30199,train
30200,val
30201,train
30202,heldout_prompt
30203,heldout_prompt
30204,heldout_generator
30205,heldout_prompt
30206,train
30207,heldout_generator
30208,train
30209,heldout_generator
30210,val
30211,train
30212,train
30213,heldout_prompt
30214,test
30215,train
30216,train
30217,test
30218,heldout_generator
30219,train
30220,train
30221,train
30222,val
30223,train
30224,train
30225,train
30226,train
30227,heldout_prompt
30228,train
30229,heldout_prompt
30230,train
30231,test
30232,train
30233,train
30234,train
30235,heldout_prompt
30236,heldout_generator
30237,train
30238,test
30239,heldout_generator
30240,train
30241,train
30242,train
30243,train
30244,train
30245,val
30246,train
30247,heldout_generator
30248,train
30249,heldout_generator
30250,heldout_generator
30251,train
30252,train
30253,train
30254,heldout_generator
30255,train
30256,train
30257,train
30258,train
30259,train
30260,heldout_prompt
30261,train
30262,train
30263,train
30264,train
30265,train
30266,val
30267,train
30268,heldout_prompt
30269,train
30270,train
30271,val
30272,test
30273,train
30274,heldout_generator
30275,val
30276,train
30277,train
30278,heldout_prompt
30279,heldout_prompt
30280,heldout_prompt
30281,heldout_generator
30282,train
30283,train
30284,val
30285,train
30286,train
30287,train
30288,val
30289,heldout_generator
30290,heldout_generator
30291,heldout_generator
30292,train
30293,train
30294,train
30295,test
30296,heldout_generator
30297,heldout_generator
30298,train
30299,heldout_generator
30300,train
30301,train
30302,train
30303,train
30304,train
30305,train
30306,train
30307,train
30308,train
30309,train
30310,train
30311,train
30312,heldout_prompt
30313,train
30314,train
30315,test
30316,heldout_generator
30317,train
30318,train
30319,test
30320,train
30321,train
30322,heldout_generator
30323,test
30324,heldout_prompt
30325,heldout_generator
30326,train
30327,train
30328,train
30329,train
30330,train
30331,val
30332,test
30333,train
30334,train
30335,train
30336,heldout_generator
30337,train
30338,heldout_prompt
30339,train
30340,heldout_generator
30341,test
30342,train
30343,train
30344,heldout_generator
30345,train
30346,train
30347,train
30348,heldout_prompt
30349,train
30350,train
30351,heldout_prompt
30352,val
30353,heldout_prompt
30354,train
30355,train
30356,train
30357,train
30358,test
30359,train
30360,train
30361,train
30362,val
30363,train
30364,train
30365,val
30366,train
30367,train
30368,heldout_generator
30369,heldout_generator
30370,val
30371,train
30372,train
30373,heldout_generator
30374,heldout_generator
30375,train
30376,train
30377,heldout_prompt
30378,heldout_generator
30379,train
30380,val
30381,test
30382,train
30383,train
30384,heldout_prompt
30385,train
30386,train
30387,train
30388,train
30389,train
30390,train
30391,train
30392,heldout_prompt
30393,train
30394,test
30395,val
30396,train
30397,heldout_generator
30398,heldout_generator
30399,train
30400,val
30401,train
30402,train
30403,train
30404,train
30405,train
30406,val
30407,heldout_prompt
30408,train
30409,test
30410,test
30411,heldout_generator
30412,train
30413,train
30414,test
30415,train
30416,test
30417,train
30418,heldout_prompt
30419,train
30420,val
30421,train
30422,val
30423,heldout_generator
30424,train
30425,heldout_prompt
30426,test
30427,train
30428,heldout_generator
30429,train
30430,train
30431,train
30432,train
30433,train
30434,train
30435,train
30436,heldout_prompt
30437,heldout_generator
30438,train
30439,heldout_generator
30440,train
30441,train
30442,train
30443,train
30444,train
30445,test
30446,train
30447,test
30448,train
30449,train
30450,heldout_generator
30451,train
30452,train
30453,heldout_generator
30454,train
30455,test
30456,train
30457,test
30458,train
30459,heldout_generator
30460,test
30461,train
30462,train
30463,train
30464,test
30465,train
30466,test
30467,train
30468,heldout_generator
30469,train
30470,heldout_generator
30471,heldout_prompt
30472,train
30473,train
30474,train
30475,heldout_generator
30476,train
30477,train
30478,train
30479,train
30480,heldout_generator
30481,train
30482,heldout_generator
30483,train
30484,heldout_generator
30485,test
30486,train
30487,train
30488,train
30489,val
30490,train
30491,train
30492,heldout_generator
30493,heldout_prompt
30494,heldout_generator
30495,train
30496,train
30497,heldout_prompt
30498,train
30499,train
30500,heldout_generator
30501,val
30502,test
30503,heldout_prompt
30504,train
30505,train
30506,train
30507,train
30508,train
30509,heldout_generator
30510,heldout_prompt
30511,train
30512,heldout_generator
30513,heldout_generator
30514,train
30515,train
30516,heldout_generator
30517,heldout_generator
30518,heldout_generator
30519,val
30520,train
30521,heldout_generator
30522,heldout_generator
30523,train
30524,test
30525,train
30526,train
30527,heldout_prompt
30528,train
30529,train
30530,train
30531,heldout_generator
30532,heldout_generator
30533,heldout_prompt
30534,test
30535,heldout_generator
30536,train
30537,train
30538,train
30539,heldout_generator
30540,test
30541,train
30542,train
30543,train
30544,train
30545,test
30546,train
30547,train
30548,heldout_prompt
30549,train
30550,train
30551,train
30552,heldout_generator
30553,train
30554,heldout_generator
30555,train
30556,train
30557,heldout_generator
30558,heldout_generator
30559,val
30560,train
30561,heldout_prompt
30562,test
30563,heldout_generator
30564,train
30565,heldout_generator
30566,train
30567,train
30568,train
30569,train
30570,train
30571,train
30572,train
30573,heldout_generator
30574,train
30575,test
30576,train
30577,heldout_generator
30578,train
30579,val
30580,train
30581,train
30582,heldout_generator
30583,train
30584,train
30585,heldout_generator
30586,train
30587,train
30588,train
30589,heldout_generator
30590,train
30591,heldout_generator
30592,heldout_prompt
30593,train
30594,train
30595,train
30596,test
30597,test
30598,train
30599,val
30600,train
30601,test
30602,train
30603,train
30604,heldout_generator
30605,train
30606,train
30607,test
30608,heldout_generator
30609,test
30610,train
30611,train
30612,train
30613,heldout_generator
30614,test
30615,train
30616,train
30617,train
30618,train
30619,heldout_generator
30620,heldout_generator
30621,heldout_generator
30622,heldout_generator
30623,train
30624,val
30625,heldout_generator
30626,val
30627,test
30628,test
30629,heldout_generator
30630,heldout_generator
30631,train
30632,train
30633,train
30634,train
30635,train
30636,train
30637,test
30638,heldout_prompt
30639,train
30640,heldout_prompt
30641,train
30642,heldout_generator
30643,train
30644,train
30645,val
30646,train
30647,train
30648,train
30649,train
30650,train
30651,train
30652,train
30653,heldout_generator
30654,train
30655,train
30656,val
30657,test
30658,heldout_generator
30659,train
30660,heldout_generator
30661,heldout_generator
30662,train
30663,train
30664,train
30665,heldout_generator
30666,train
30667,heldout_generator
30668,train
30669,train
30670,train
30671,train
30672,heldout_prompt
30673,heldout_generator
30674,val
30675,heldout_prompt
30676,heldout_generator
30677,heldout_generator
30678,heldout_generator
30679,train
30680,train
30681,train
30682,heldout_generator
30683,train
30684,train
30685,val
30686,heldout_prompt
30687,heldout_generator
30688,heldout_generator
30689,train
30690,train
30691,heldout_prompt
30692,train
30693,heldout_generator
30694,train
30695,train
30696,heldout_prompt
30697,test
30698,train
30699,train
30700,train
30701,train
30702,heldout_generator
30703,val
30704,heldout_generator
30705,heldout_generator
30706,train
30707,train
30708,heldout_prompt
30709,val
30710,heldout_prompt
30711,train
30712,train
30713,heldout_prompt
30714,train
30715,heldout_prompt
30716,heldout_generator
30717,heldout_generator
30718,train
30719,train
30720,val
30721,train
30722,train
30723,train
30724,heldout_generator
30725,heldout_generator
30726,train
30727,val
30728,train
30729,train
30730,train
30731,test
30732,test
30733,test
30734,heldout_generator
30735,train
30736,train
30737,heldout_prompt
30738,train
30739,train
30740,train
30741,train
30742,test
30743,train
30744,train
30745,train
30746,train
30747,train
30748,train
30749,test
30750,heldout_prompt
30751,test
30752,train
30753,train
30754,train
30755,train
30756,heldout_generator
30757,train
30758,train
30759,val
30760,heldout_generator
30761,heldout_generator
30762,test
30763,train
30764,train
30765,test
30766,heldout_generator
30767,heldout_generator
30768,heldout_generator
30769,test
30770,heldout_generator
30771,test
30772,train
30773,train
30774,test
30775,train
30776,train
30777,heldout_generator
30778,train
30779,train
30780,train
30781,train
30782,train
30783,val
30784,train
30785,train
30786,train
30787,train
30788,train
30789,train
30790,val
30791,heldout_prompt
30792,train
30793,train
30794,heldout_prompt
30795,train
30796,train
30797,train
30798,train
30799,heldout_generator
30800,heldout_generator
30801,val
30802,train
30803,train
30804,heldout_prompt
30805,train
30806,heldout_generator
30807,train
30808,train
30809,train
30810,heldout_generator
30811,train
30812,train
30813,test
30814,train
30815,heldout_prompt
30816,train
30817,train
30818,val
30819,heldout_generator
30820,heldout_generator
30821,train
30822,test
30823,train
30824,heldout_generator
30825,train
30826,heldout_prompt
30827,heldout_prompt
30828,train
30829,train
30830,train
30831,heldout_prompt
30832,heldout_generator
30833,train
30834,train
30835,train
30836,heldout_prompt
30837,heldout_prompt
30838,val
30839,train
30840,train
30841,heldout_generator
30842,train
30843,train
30844,train
30845,train
30846,heldout_generator
30847,train
30848,test
30849,train
30850,train
30851,val
30852,train
30853,train
30854,heldout_generator
30855,heldout_generator
30856,test
30857,train
30858,heldout_generator
30859,train
30860,train
30861,train
30862,heldout_generator
30863,heldout_prompt
30864,train
30865,train
30866,train
30867,test
30868,train
30869,train
30870,train
30871,heldout_generator
30872,heldout_prompt
30873,heldout_prompt
30874,heldout_generator
30875,train
30876,train
30877,train
30878,heldout_generator
30879,train
30880,train
30881,train
30882,train
30883,heldout_generator
30884,heldout_prompt
30885,heldout_generator
30886,train
30887,test
30888,train
30889,train
30890,heldout_prompt
30891,heldout_generator
30892,train
30893,train
30894,heldout_generator
30895,train
30896,train
30897,heldout_generator
30898,heldout_prompt
30899,train
30900,test
30901,heldout_generator
30902,train
30903,heldout_generator
30904,val
30905,train
30906,heldout_prompt
30907,heldout_prompt
30908,train
30909,train
30910,train
30911,heldout_generator
30912,val
30913,train
30914,train
30915,train
30916,heldout_prompt
30917,val
30918,train
30919,train
30920,train
30921,heldout_generator
30922,train
30923,train
30924,train
30925,train
30926,test
30927,train
30928,heldout_generator
30929,train
30930,train
30931,test
30932,test
30933,train
30934,train
30935,train
30936,heldout_prompt
30937,train
30938,train
30939,train
30940,heldout_prompt
30941,heldout_prompt
30942,train
30943,heldout_prompt
30944,train
30945,train
30946,heldout_generator
30947,train
30948,heldout_prompt
30949,heldout_generator
30950,train
30951,heldout_prompt
30952,train
30953,train
30954,heldout_generator
30955,test
30956,train
30957,heldout_generator
30958,train
30959,train
30960,heldout_prompt
30961,test
30962,val
30963,train
30964,train
30965,train
30966,train
30967,train
30968,train
30969,train
30970,train
30971,train
30972,heldout_generator
30973,train
30974,test
30975,train
30976,train
30977,train
30978,test
30979,heldout_prompt
30980,val
30981,train
30982,heldout_prompt
30983,heldout_prompt
30984,train
30985,val
30986,train
30987,train
30988,heldout_prompt
30989,heldout_generator
30990,train
30991,heldout_generator
30992,heldout_generator
30993,heldout_generator
30994,heldout_generator
30995,test
30996,train
30997,heldout_generator
30998,heldout_prompt
30999,train
31000,heldout_prompt
31001,train
31002,test
31003,train
31004,heldout_generator
31005,heldout_generator
31006,train
31007,train
31008,val
31009,heldout_prompt
31010,train
31011,train
31012,train
31013,heldout_prompt
31014,test
31015,train
31016,train
31017,heldout_generator
31018,train
31019,train
31020,train
31021,heldout_generator
31022,test
31023,val
31024,heldout_prompt
31025,heldout_generator
31026,heldout_generator
31027,train
31028,heldout_prompt
31029,train
31030,train
31031,train
31032,heldout_generator
31033,heldout_generator
31034,heldout_generator
31035,heldout_generator
31036,train
31037,train
31038,heldout_generator
31039,train
31040,heldout_prompt
31041,test
31042,val
31043,heldout_prompt
31044,heldout_generator
31045,train
31046,train
31047,heldout_prompt
31048,test
31049,heldout_generator
31050,train
31051,heldout_generator
31052,train
31053,val
31054,train
31055,train
31056,heldout_generator
31057,heldout_generator
31058,heldout_generator
31059,heldout_generator
31060,heldout_generator
31061,train
31062,train
31063,heldout_generator
31064,heldout_generator
31065,train
31066,heldout_generator
31067,train
31068,train
31069,train
31070,train
31071,train
31072,train
31073,train
31074,train
31075,train
31076,train
31077,train
31078,heldout_generator
31079,test
31080,train
31081,train
31082,train
31083,heldout_generator
31084,val
31085,train
31086,test
31087,train
31088,train
31089,test
31090,heldout_generator
31091,heldout_generator
31092,heldout_prompt
31093,heldout_generator
31094,train
31095,train
31096,heldout_prompt
31097,heldout_generator
31098,test
31099,heldout_generator
31100,heldout_generator
31101,heldout_generator
31102,train
31103,train
31104,train
31105,train
31106,train
31107,heldout_prompt
31108,train
31109,train
31110,train
31111,val
31112,train
31113,train
31114,train
31115,heldout_generator
31116,test
31117,train
31118,heldout_generator
31119,train
31120,train
31121,train
31122,val
31123,heldout_generator
31124,train
31125,train
31126,train
31127,train
31128,train
31129,val
31130,heldout_prompt
31131,val
31132,test
31133,train
31134,val
31135,train
31136,train
31137,test
31138,train
31139,train
31140,heldout_generator
31141,train
31142,train
31143,train
31144,test
31145,heldout_generator
31146,train
31147,train
31148,train
31149,test
31150,train
31151,val
31152,val
31153,heldout_generator
31154,heldout_generator
31155,train
31156,val
31157,val
31158,heldout_generator
31159,train
31160,heldout_generator
31161,train
31162,test
31163,heldout_generator
31164,heldout_prompt
31165,train
31166,heldout_generator
31167,heldout_generator
31168,train
31169,val
31170,val
31171,heldout_prompt
31172,train
31173,heldout_prompt
31174,heldout_generator
31175,train
31176,train
31177,train
31178,train
31179,train
31180,heldout_generator
31181,train
31182,train
31183,test
31184,train
31185,train
31186,train
31187,train
31188,train
31189,heldout_generator
31190,train
31191,heldout_generator
31192,heldout_generator
31193,train
31194,heldout_generator
31195,train
31196,train
31197,heldout_generator
31198,train
31199,train
31200,train
31201,heldout_generator
31202,train
31203,train
31204,train
31205,train
31206,train
31207,train
31208,heldout_generator
31209,heldout_prompt
31210,heldout_prompt
31211,val
31212,train
31213,heldout_generator
31214,train
31215,test
31216,train
31217,train
31218,heldout_prompt
31219,heldout_prompt
31220,train
31221,train
31222,train
31223,train
31224,train
31225,train
31226,train
31227,heldout_prompt
31228,train
31229,train
31230,heldout_prompt
31231,heldout_generator
31232,train
31233,train
31234,test
31235,train
31236,test
31237,train
31238,train
31239,train
31240,train
31241,train
31242,heldout_prompt
31243,train
31244,train
31245,train
31246,heldout_generator
31247,train
31248,train
31249,train
31250,train
31251,train
31252,train
31253,train
31254,train
31255,train
31256,test
31257,train
31258,train
31259,test
31260,train
31261,train
31262,heldout_generator
31263,train
31264,heldout_prompt
31265,train
31266,train
31267,heldout_generator
31268,train
31269,test
31270,heldout_generator
31271,heldout_prompt
31272,train
31273,train
31274,train
31275,test
31276,val
31277,train
31278,train
31279,test
31280,train
31281,train
31282,train
31283,train
31284,train
31285,test
31286,heldout_generator
31287,train
31288,train
31289,train
31290,train
31291,train
31292,train
31293,train
31294,train
31295,heldout_prompt
31296,train
31297,train
31298,train
31299,train
31300,train
31301,train
31302,train
31303,train
31304,train
31305,train
31306,train
31307,heldout_prompt
31308,heldout_generator
31309,train
31310,heldout_generator
31311,train
31312,train
31313,train
31314,heldout_prompt
31315,val
31316,heldout_prompt
31317,train
31318,train
31319,train
31320,train
31321,heldout_generator
31322,test
31323,heldout_prompt
31324,val
31325,train
31326,heldout_prompt
31327,heldout_prompt
31328,train
31329,train
31330,train
31331,train
31332,train
31333,train
31334,heldout_generator
31335,train
31336,test
31337,heldout_generator
31338,test
31339,train
31340,test
31341,heldout_prompt
31342,train
31343,train
31344,train
31345,train
31346,train
31347,train
31348,train
31349,train
31350,train
31351,train
31352,heldout_prompt
31353,train
31354,heldout_prompt
31355,train
31356,test
31357,heldout_prompt
31358,train
31359,train
31360,train
31361,train
31362,train
31363,heldout_generator
31364,train
31365,heldout_prompt
31366,train
31367,val
31368,train
31369,train
31370,train
31371,train
31372,train
31373,heldout_generator
31374,heldout_generator
31375,heldout_generator
31376,heldout_prompt
31377,val
31378,val
31379,val
31380,val
31381,val
31382,heldout_generator
31383,train
31384,heldout_prompt
31385,heldout_prompt
31386,train
31387,train
31388,val
31389,heldout_generator
31390,train
31391,train
31392,train
31393,test
31394,train
31395,train
31396,train
31397,heldout_generator
31398,heldout_prompt
31399,test
31400,train
31401,test
31402,train
31403,heldout_prompt
31404,train
31405,heldout_prompt
31406,test
31407,train
31408,heldout_generator
31409,test
31410,heldout_prompt
31411,train
31412,heldout_generator
31413,train
31414,heldout_prompt
31415,train
31416,heldout_prompt
31417,heldout_generator
31418,train
31419,heldout_generator
31420,val
31421,train
31422,heldout_generator
31423,train
31424,heldout_generator
31425,train
31426,heldout_generator
31427,train
31428,train
31429,val
31430,train
31431,val
31432,heldout_generator
31433,heldout_generator
31434,train
31435,heldout_generator
31436,train
31437,train
31438,train
31439,train
31440,heldout_generator
31441,train
31442,train
31443,val
31444,test
31445,heldout_prompt
31446,heldout_generator
31447,heldout_prompt
31448,train
31449,train
31450,heldout_generator
31451,heldout_generator
31452,train
31453,heldout_generator
31454,val
31455,train
31456,val
31457,train
31458,train
31459,heldout_generator
31460,train
31461,test
31462,train
31463,heldout_prompt
31464,heldout_generator
31465,train
31466,test
31467,heldout_prompt
31468,train
31469,train
31470,train
31471,train
31472,heldout_prompt
31473,heldout_prompt
31474,heldout_prompt
31475,train
31476,heldout_generator
31477,train
31478,train
31479,heldout_prompt
31480,train
31481,train
31482,heldout_generator
31483,heldout_prompt
31484,train
31485,train
31486,train
31487,train
31488,heldout_generator
31489,train
31490,train
31491,train
31492,val
31493,heldout_generator
31494,train
31495,train
31496,val
31497,train
31498,heldout_generator
31499,heldout_generator
31500,heldout_generator
31501,train
31502,train
31503,train
31504,test
31505,train
31506,heldout_generator
31507,heldout_generator
31508,train
31509,test
31510,val
31511,heldout_generator
31512,train
31513,heldout_generator
31514,test
31515,train
31516,train
31517,train
31518,train
31519,train
31520,heldout_generator
31521,heldout_prompt
31522,val
31523,train
31524,heldout_generator
31525,heldout_prompt
31526,train
31527,train
31528,train
31529,heldout_generator
31530,test
31531,test
31532,train
31533,val
31534,train
31535,train
31536,heldout_generator
31537,train
31538,train
31539,train
31540,train
31541,train
31542,train
31543,val
31544,train
31545,heldout_generator
31546,val
31547,train
31548,train
31549,train
31550,train
31551,train
31552,train
31553,heldout_generator
31554,heldout_generator
31555,train
31556,train
31557,train
31558,train
31559,train
31560,heldout_generator
31561,train
31562,heldout_prompt
31563,train
31564,heldout_generator
31565,train
31566,heldout_prompt
31567,train
31568,heldout_prompt
31569,heldout_generator
31570,heldout_generator
31571,train
31572,train
31573,train
31574,heldout_generator
31575,heldout_generator
31576,train
31577,train
31578,train
31579,val
31580,heldout_prompt
31581,train
31582,train
31583,heldout_generator
31584,test
31585,heldout_prompt
31586,train
31587,train
31588,heldout_prompt
31589,test
31590,test
31591,val
31592,train
31593,val
31594,train
31595,heldout_prompt
31596,heldout_generator
31597,train
31598,val
31599,val
31600,heldout_generator
31601,train
31602,train
31603,heldout_generator
31604,heldout_prompt
31605,train
31606,train
31607,train
31608,train
31609,heldout_generator
31610,test
31611,heldout_prompt
31612,train
31613,test
31614,train
31615,train
31616,train
31617,heldout_generator
31618,val
31619,heldout_prompt
31620,train
31621,train
31622,train
31623,heldout_prompt
31624,heldout_generator
31625,train
31626,heldout_generator
31627,train
31628,train
31629,train
31630,train
31631,heldout_generator
31632,train
31633,heldout_generator
31634,train
31635,test
31636,test
31637,train
31638,heldout_generator
31639,test
31640,train
31641,test
31642,heldout_generator
31643,heldout_generator
31644,train
31645,train
31646,heldout_generator
31647,train
31648,heldout_generator
31649,test
31650,heldout_generator
31651,heldout_prompt
31652,heldout_generator
31653,val
31654,val
31655,heldout_generator
31656,heldout_generator
31657,train
31658,heldout_generator
31659,heldout_generator
31660,heldout_generator
31661,train
31662,train
31663,heldout_generator
31664,heldout_generator
31665,heldout_prompt
31666,val
31667,train
31668,heldout_generator
31669,heldout_generator
31670,heldout_generator
31671,train
31672,heldout_generator
31673,train
31674,heldout_generator
31675,train
31676,heldout_prompt
31677,heldout_prompt
31678,train
31679,test
31680,train
31681,train
31682,train
31683,heldout_generator
31684,train
31685,train
31686,heldout_prompt
31687,heldout_prompt
31688,heldout_generator
31689,heldout_prompt
31690,train
31691,train
31692,heldout_generator
31693,train
31694,train
31695,heldout_prompt
31696,train
31697,train
31698,train
31699,heldout_generator
31700,train
31701,heldout_prompt
31702,train
31703,train
31704,train
31705,train
31706,train
31707,train
31708,train
31709,train
31710,test
31711,heldout_generator
31712,val
31713,heldout_generator
31714,test
31715,train
31716,test
31717,train
31718,test
31719,train
31720,val
31721,test
31722,heldout_generator
31723,heldout_generator
31724,train
31725,heldout_prompt
31726,heldout_generator
31727,train
31728,train
31729,heldout_generator
31730,val
31731,train
31732,train
31733,heldout_generator
31734,test
31735,train
31736,heldout_prompt
31737,val
31738,val
31739,heldout_generator
31740,train
31741,train
31742,train
31743,train
31744,train
31745,train
31746,train
31747,train
31748,train
31749,train
31750,heldout_generator
31751,train
31752,train
31753,train
31754,train
31755,train
31756,train
31757,train
31758,train
31759,train
31760,heldout_generator
31761,train
31762,train
31763,train
31764,train
31765,val
31766,train
31767,train
31768,heldout_prompt
31769,train
31770,train
31771,heldout_prompt
31772,test
31773,train
31774,val
31775,train
31776,train
31777,val
31778,train
31779,train
31780,heldout_generator
31781,train
31782,train
31783,heldout_generator
31784,heldout_prompt
31785,heldout_prompt
31786,train
31787,train
31788,train
31789,train
31790,heldout_generator
31791,test
31792,heldout_generator
31793,heldout_generator
31794,train
31795,heldout_generator
31796,train
31797,val
31798,heldout_prompt
31799,train
31800,heldout_generator
31801,test
31802,test
31803,val
31804,train
31805,train
31806,train
31807,val
31808,train
31809,heldout_generator
31810,heldout_prompt
31811,train
31812,train
31813,heldout_generator
31814,train
31815,train
31816,heldout_prompt
31817,test
31818,heldout_generator
31819,train
31820,train
31821,heldout_generator
31822,train
31823,heldout_generator
31824,heldout_prompt
31825,train
31826,train
31827,heldout_prompt
31828,train
31829,train
31830,train
31831,train
31832,heldout_prompt
31833,train
31834,heldout_prompt
31835,train
31836,test
31837,train
31838,heldout_prompt
31839,train
31840,val
31841,heldout_generator
31842,heldout_prompt
31843,train
31844,heldout_generator
31845,train
31846,train
31847,heldout_generator
31848,train
31849,heldout_prompt
31850,train
31851,val
31852,heldout_generator
31853,train
31854,train
31855,train
31856,val
31857,train
31858,train
31859,val
31860,val
31861,heldout_generator
31862,train
31863,heldout_generator
31864,heldout_generator
31865,heldout_generator
31866,val
31867,train
31868,train
31869,train
31870,train
31871,heldout_prompt
31872,train
31873,train
31874,train
31875,train
31876,train
31877,heldout_generator
31878,train
31879,train
31880,test
31881,heldout_prompt
31882,heldout_prompt
31883,test
31884,heldout_generator
31885,heldout_generator
31886,heldout_generator
31887,train
31888,train
31889,heldout_generator
31890,heldout_generator
31891,train
31892,train
31893,train
31894,train
31895,train
31896,heldout_generator
31897,train
31898,train
31899,train
31900,heldout_generator
31901,val
31902,train
31903,heldout_generator
31904,heldout_prompt
31905,train
31906,val
31907,train
31908,heldout_prompt
31909,heldout_prompt
31910,val
31911,train
31912,heldout_generator
31913,train
31914,test
31915,val
31916,train
31917,train
31918,train
31919,train
31920,train
31921,train
31922,train
31923,train
31924,test
31925,heldout_prompt
31926,val
31927,train
31928,train
31929,test
31930,heldout_prompt
31931,test
31932,train
31933,heldout_generator
31934,train
31935,train
31936,heldout_generator
31937,heldout_generator
31938,train
31939,heldout_generator
31940,train
31941,train
31942,train
31943,val
31944,val
31945,train
31946,train
31947,heldout_generator
31948,heldout_generator
31949,val
31950,heldout_generator
31951,heldout_generator
31952,train
31953,train
31954,train
31955,train
31956,train
31957,test
31958,heldout_prompt
31959,train
31960,heldout_generator
31961,heldout_prompt
31962,val
31963,train
31964,train
31965,val
31966,train
31967,test
31968,train
31969,train
31970,heldout_generator
31971,heldout_prompt
31972,test
31973,train
31974,train
31975,train
31976,train
31977,test
31978,val
31979,train
31980,val
31981,train
31982,heldout_prompt
31983,heldout_prompt
31984,heldout_prompt
31985,heldout_generator
31986,val
31987,train
31988,heldout_generator
31989,train
31990,train
31991,heldout_prompt
31992,train
31993,train
31994,train
31995,heldout_generator
31996,heldout_prompt
31997,heldout_generator
31998,test
31999,train
32000,train
32001,heldout_generator
32002,val
32003,train
32004,train
32005,train
32006,train
32007,test
32008,test
32009,train
32010,heldout_generator
32011,train
32012,heldout_generator
32013,train
32014,train
32015,heldout_generator
32016,heldout_prompt
32017,train
32018,train
32019,val
32020,train
32021,train
32022,test
32023,heldout_generator
32024,test
32025,test
32026,test
32027,train
32028,heldout_prompt
32029,val
32030,train
32031,test
32032,train
32033,test
32034,train
32035,train
32036,heldout_prompt
32037,heldout_generator
32038,val
32039,train
32040,train
32041,heldout_prompt
32042,heldout_generator
32043,train
32044,train
32045,heldout_generator
32046,train
32047,train
32048,train
32049,train
32050,heldout_generator
32051,heldout_prompt
32052,heldout_generator
32053,train
32054,train
32055,train
32056,train
32057,train
32058,train
32059,heldout_generator
32060,test
32061,train
32062,train
32063,train
32064,heldout_generator
32065,train
32066,heldout_prompt
32067,val
32068,train
32069,train
32070,train
32071,heldout_generator
32072,train
32073,heldout_prompt
32074,train
32075,train
32076,train
32077,train
32078,train
32079,train
32080,train
32081,train
32082,train
32083,train
32084,heldout_generator
32085,heldout_generator
32086,val
32087,train
32088,test
32089,test
32090,train
32091,train
32092,train
32093,val
32094,heldout_generator
32095,heldout_generator
32096,heldout_prompt
32097,train
32098,train
32099,train
32100,heldout_generator
32101,train
32102,train
32103,train
32104,train
32105,heldout_generator
32106,heldout_generator
32107,train
32108,heldout_generator
32109,train
32110,train
32111,train
32112,train
32113,heldout_generator
32114,train
32115,train
32116,val
32117,train
32118,heldout_generator
32119,train
32120,train
32121,train
32122,heldout_prompt
32123,train
32124,train
32125,train
32126,train
32127,train
32128,train
32129,heldout_generator
32130,train
32131,train
32132,train
32133,heldout_generator
32134,train
32135,train
32136,train
32137,heldout_generator
32138,train
32139,heldout_generator
32140,heldout_prompt
32141,test
32142,train
32143,train
32144,heldout_generator
32145,val
32146,train
32147,train
32148,train
32149,train
32150,train
32151,train
32152,train
32153,train
32154,train
32155,heldout_generator
32156,train
32157,train
32158,train
32159,val
32160,train
32161,val
32162,heldout_generator
32163,heldout_prompt
32164,heldout_generator
32165,train
32166,heldout_prompt
32167,train
32168,train
32169,val
32170,train
32171,train
32172,heldout_generator
32173,train
32174,val
32175,test
32176,test
32177,train
32178,train
32179,train
32180,train
32181,train
32182,heldout_generator
32183,heldout_generator
32184,val
32185,heldout_generator
32186,train
32187,heldout_prompt
32188,train
32189,train
32190,train
32191,test
32192,train
32193,train
32194,train
32195,heldout_generator
32196,train
32197,train
32198,heldout_generator
32199,test
32200,heldout_prompt
32201,val
32202,test
32203,heldout_generator
32204,train
32205,heldout_generator
32206,train
32207,train
32208,val
32209,heldout_prompt
32210,train
32211,train
32212,train
32213,heldout_prompt
32214,train
32215,heldout_generator
32216,heldout_generator
32217,train
32218,heldout_generator
32219,heldout_generator
32220,heldout_generator
32221,val
32222,test
32223,train
32224,train
32225,train
32226,train
32227,train
32228,train
32229,train
32230,train
32231,val
32232,test
32233,test
32234,train
32235,val
32236,train
32237,test
32238,test
32239,heldout_generator
32240,heldout_prompt
32241,heldout_prompt
32242,heldout_generator
32243,train
32244,train
32245,heldout_generator
32246,train
32247,heldout_prompt
32248,train
32249,heldout_generator
32250,train
32251,train
32252,train
32253,train
32254,heldout_prompt
32255,heldout_generator
32256,heldout_generator
32257,heldout_generator
32258,val
32259,train
32260,val
32261,train
32262,train
32263,train
32264,test
32265,val
32266,heldout_generator
32267,train
32268,train
32269,train
32270,heldout_prompt
32271,val
32272,train
32273,train
32274,val
32275,test
32276,train
32277,heldout_generator
32278,heldout_generator
32279,train
32280,train
32281,train
32282,val
32283,train
32284,train
32285,train
32286,train
32287,heldout_prompt
32288,heldout_generator
32289,train
32290,train
32291,test
32292,train
32293,train
32294,train
32295,train
32296,train
32297,heldout_generator
32298,train
32299,heldout_generator
32300,test
32301,train
32302,train
32303,train
32304,heldout_generator
32305,test
32306,train
32307,train
32308,train
32309,test
32310,test
32311,test
32312,heldout_generator
32313,train
32314,heldout_generator
32315,train
32316,train
32317,heldout_generator
32318,test
32319,heldout_generator
32320,heldout_generator
32321,train
32322,heldout_generator
32323,train
32324,train
32325,train
32326,heldout_prompt
32327,heldout_generator
32328,train
32329,train
32330,train
32331,heldout_generator
32332,train
32333,train
32334,train
32335,train
32336,train
32337,heldout_generator
32338,train
32339,train
32340,heldout_generator
32341,val
32342,heldout_generator
32343,train
32344,heldout_generator
32345,train
32346,heldout_generator
32347,train
32348,val
32349,test
32350,train
32351,train
32352,heldout_generator
32353,val
32354,train
32355,train
32356,heldout_prompt
32357,test
32358,train
32359,heldout_prompt
32360,train
32361,train
32362,train
32363,test
32364,train
32365,heldout_generator
32366,train
32367,train
32368,heldout_generator
32369,train
32370,heldout_prompt
32371,heldout_prompt
32372,train
32373,heldout_prompt
32374,train
32375,train
32376,train
32377,heldout_generator
32378,train
32379,train
32380,heldout_generator
32381,train
32382,train
32383,train
32384,train
32385,train
32386,train
32387,heldout_prompt
32388,train
32389,train
32390,train
32391,heldout_generator
32392,heldout_generator
32393,train
32394,train
32395,heldout_generator
32396,heldout_generator
32397,train
32398,heldout_prompt
32399,train
32400,train
32401,train
32402,heldout_generator
32403,val
32404,heldout_prompt
32405,heldout_generator
32406,test
32407,test
32408,train
32409,train
32410,train
32411,train
32412,heldout_generator
32413,train
32414,heldout_prompt
32415,train
32416,heldout_prompt
32417,train
32418,train
32419,train
32420,train
32421,train
32422,train
32423,heldout_generator
32424,heldout_generator
32425,train
32426,train
32427,train
32428,train
32429,heldout_prompt
32430,heldout_generator
32431,train
32432,train
32433,train
32434,heldout_generator
32435,train
32436,train
32437,heldout_generator
32438,heldout_generator
32439,train
32440,train
32441,train
32442,heldout_prompt
32443,train
32444,train
32445,train
32446,train
32447,train
32448,heldout_generator
32449,train
32450,train
32451,train
32452,train
32453,test
32454,heldout_prompt
32455,train
32456,heldout_prompt
32457,train
32458,train
32459,train
32460,train
32461,train
32462,train
32463,train
32464,val
32465,heldout_prompt
32466,test
32467,test
32468,heldout_generator
32469,train
32470,test
32471,train
32472,heldout_prompt
32473,train
32474,heldout_generator
32475,train
32476,train
32477,train
32478,train
32479,train
32480,train
32481,heldout_generator
32482,train
32483,train
32484,train
32485,heldout_prompt
32486,heldout_generator
32487,train
32488,train
32489,train
32490,heldout_prompt
32491,val
32492,heldout_generator
32493,heldout_generator
32494,train
32495,train
32496,train
32497,heldout_generator
32498,heldout_generator
32499,val
32500,train
32501,train
32502,test
32503,train
32504,heldout_generator
32505,heldout_prompt
32506,train
32507,heldout_generator
32508,train
32509,val
32510,train
32511,train
32512,val
32513,heldout_generator
32514,train
32515,heldout_generator
32516,train
32517,train
32518,train
32519,train
32520,train
32521,train
32522,train
32523,heldout_generator
32524,train
32525,train
32526,train
32527,train
32528,train
32529,train
32530,train
32531,train
32532,train
32533,train
32534,train
32535,train
32536,train
32537,train
32538,heldout_generator
32539,heldout_prompt
32540,train
32541,train
32542,train
32543,val
32544,heldout_generator
32545,train
32546,test
32547,train
32548,train
32549,train
32550,train
32551,val
32552,heldout_prompt
32553,train
32554,train
32555,train
32556,train
32557,train
32558,val
32559,train
32560,heldout_prompt
32561,heldout_generator
32562,heldout_prompt
32563,heldout_generator
32564,train
32565,test
32566,train
32567,train
32568,heldout_prompt
32569,heldout_generator
32570,heldout_generator
32571,train
32572,train
32573,train
32574,heldout_prompt
32575,train
32576,heldout_generator
32577,heldout_generator
32578,test
32579,test
32580,train
32581,heldout_generator
32582,heldout_prompt
32583,train
32584,train
32585,train
32586,train
32587,train
32588,train
32589,train
32590,heldout_prompt
32591,heldout_prompt
32592,train
32593,train
32594,train
32595,test
32596,train
32597,train
32598,train
32599,train
32600,train
32601,train
32602,train
32603,train
32604,train
32605,train
32606,heldout_generator
32607,test
32608,train
32609,val
32610,train
32611,train
32612,heldout_prompt
32613,heldout_prompt
32614,val
32615,train
32616,train
32617,test
32618,val
32619,heldout_prompt
32620,train
32621,train
32622,train
32623,heldout_generator
32624,train
32625,heldout_generator
32626,heldout_generator
32627,train
32628,train
32629,train
32630,val
32631,train
32632,train
32633,train
32634,train
32635,val
32636,test
32637,train
32638,train
32639,train
32640,train
32641,val
32642,train
32643,heldout_generator
32644,val
32645,train
32646,train
32647,train
32648,train
32649,train
32650,test
32651,heldout_generator
32652,train
32653,val
32654,heldout_generator
32655,heldout_prompt
32656,train
32657,train
32658,train
32659,heldout_generator
32660,train
32661,train
32662,train
32663,heldout_generator
32664,train
32665,train
32666,train
32667,heldout_generator
32668,test
32669,train
32670,heldout_generator
32671,train
32672,heldout_generator
32673,train
32674,heldout_generator
32675,train
32676,train
32677,train
32678,train
32679,train
32680,train
32681,heldout_prompt
32682,train
32683,heldout_generator
32684,heldout_generator
32685,heldout_prompt
32686,train
32687,heldout_generator
32688,train
32689,train
32690,heldout_generator
32691,train
32692,heldout_prompt
32693,train
32694,train
32695,train
32696,heldout_generator
32697,train
32698,train
32699,train
32700,train
32701,test
32702,heldout_prompt
32703,heldout_prompt
32704,train
32705,train
32706,heldout_generator
32707,train
32708,train
32709,train
32710,train
32711,heldout_prompt
32712,train
32713,heldout_generator
32714,heldout_prompt
32715,train
32716,train
32717,train
32718,heldout_generator
32719,heldout_generator
32720,train
32721,test
32722,train
32723,heldout_generator
32724,train
32725,train
32726,val
32727,val
32728,train
32729,heldout_generator
32730,heldout_generator
32731,heldout_prompt
32732,test
32733,train
32734,test
32735,train
32736,heldout_generator
32737,test
32738,val
32739,train
32740,train
32741,train
32742,train
32743,train
32744,test
32745,train
32746,train
32747,heldout_generator
32748,train
32749,train
32750,train
32751,heldout_prompt
32752,train
32753,train
32754,heldout_generator
32755,train
32756,test
32757,train
32758,train
32759,train
32760,heldout_generator
32761,train
32762,train
32763,val
32764,heldout_generator
32765,train
32766,test
32767,heldout_prompt
32768,train
32769,heldout_prompt
32770,train
32771,train
32772,train
32773,heldout_prompt
32774,heldout_generator
32775,heldout_prompt
32776,train
32777,test
32778,train
32779,train
32780,heldout_prompt
32781,train
32782,train
32783,heldout_generator
32784,heldout_generator
32785,val
32786,train
32787,train
32788,heldout_prompt
32789,train
32790,train
32791,heldout_generator
32792,train
32793,train
32794,train
32795,train
32796,heldout_prompt
32797,test
32798,heldout_generator
32799,heldout_generator
32800,heldout_generator
32801,train
32802,train
32803,heldout_generator
32804,val
32805,heldout_generator
32806,train
32807,heldout_generator
32808,train
32809,train
32810,train
32811,train
32812,train
32813,train
32814,test
32815,test
32816,train
32817,train
32818,test
32819,heldout_generator
32820,heldout_generator
32821,test
32822,test
32823,heldout_prompt
32824,val
32825,train
32826,train
32827,heldout_prompt
32828,heldout_generator
32829,train
32830,train
32831,train
32832,train
32833,train
32834,train
32835,train
32836,train
32837,train
32838,train
32839,heldout_generator
32840,heldout_generator
32841,test
32842,train
32843,heldout_generator
32844,train
32845,heldout_prompt
32846,heldout_generator
32847,train
32848,heldout_generator
32849,test
32850,heldout_generator
32851,heldout_prompt
32852,val
32853,test
32854,heldout_generator
32855,train
32856,test
32857,heldout_generator
32858,heldout_generator
32859,train
32860,train
32861,train
32862,train
32863,train
32864,train
32865,train
32866,train
32867,heldout_prompt
32868,train
32869,heldout_generator
32870,train
32871,train
32872,train
32873,val
32874,train
32875,train
32876,train
32877,train
32878,heldout_generator
32879,heldout_prompt
32880,train
32881,train
32882,heldout_prompt
32883,train
32884,train
32885,heldout_generator
32886,heldout_generator
32887,train
32888,train
32889,train
32890,heldout_generator
32891,train
32892,heldout_generator
32893,heldout_generator
32894,train
32895,heldout_generator
32896,heldout_generator
32897,train
32898,train
32899,train
32900,train
32901,train
32902,val
32903,train
32904,train
32905,train
32906,train
32907,train
32908,val
32909,train
32910,train
32911,train
32912,train
32913,train
32914,heldout_prompt
32915,train
32916,train
32917,test
32918,train
32919,heldout_prompt
32920,heldout_prompt
32921,heldout_generator
32922,train
32923,test
32924,train
32925,heldout_prompt
32926,heldout_generator
32927,train
32928,train
32929,val
32930,heldout_generator
32931,train
32932,val
32933,train
32934,train
32935,heldout_generator
32936,train
32937,heldout_generator
32938,test
32939,train
32940,train
32941,heldout_generator
32942,train
32943,train
32944,train
32945,test
32946,train
32947,train
32948,heldout_generator
32949,heldout_prompt
32950,train
32951,train
32952,train
32953,train
32954,heldout_generator
32955,train
32956,train
32957,heldout_generator
32958,val
32959,train
32960,train
32961,heldout_generator
32962,heldout_prompt
32963,heldout_prompt
32964,train
32965,train
32966,train
32967,train
32968,train
32969,heldout_generator
32970,train
32971,heldout_prompt
32972,heldout_prompt
32973,train
32974,test
32975,train
32976,heldout_prompt
32977,train
32978,heldout_generator
32979,train
32980,heldout_prompt
32981,heldout_generator
32982,train
32983,train
32984,train
32985,train
32986,train
32987,train
32988,val
32989,train
32990,heldout_prompt
32991,val
32992,train
32993,train
32994,train
32995,train
32996,heldout_prompt
32997,heldout_generator
32998,train
32999,train
33000,train
33001,val
33002,train
33003,val
33004,heldout_generator
33005,heldout_prompt
33006,heldout_generator
33007,heldout_prompt
33008,heldout_prompt
33009,heldout_prompt
33010,train
33011,train
33012,test
33013,heldout_generator
33014,train
33015,train
33016,heldout_prompt
33017,heldout_generator
33018,test
33019,test
33020,train
33021,heldout_generator
33022,val
33023,train
33024,val
33025,heldout_prompt
33026,train
33027,train
33028,heldout_generator
33029,train
33030,train
33031,heldout_generator
33032,train
33033,train
33034,train
33035,heldout_generator
33036,test
33037,test
33038,train
33039,train
33040,train
33041,heldout_generator
33042,train
33043,train
33044,train
33045,train
33046,test
33047,heldout_generator
33048,heldout_generator
33049,train
33050,train
33051,heldout_generator
33052,train
33053,train
33054,heldout_generator
33055,train
33056,train
33057,test
33058,heldout_generator
33059,val
33060,heldout_generator
33061,train
33062,train
33063,heldout_generator
33064,test
33065,train
33066,train
33067,train
33068,train
33069,heldout_generator
33070,heldout_prompt
33071,val
33072,train
33073,heldout_prompt
33074,train
33075,train
33076,train
33077,heldout_generator
33078,heldout_prompt
33079,heldout_prompt
33080,train
33081,heldout_prompt
33082,heldout_generator
33083,train
33084,train
33085,val
33086,heldout_generator
33087,train
33088,train
33089,train
33090,train
33091,train
33092,heldout_generator
33093,heldout_prompt
33094,heldout_generator
33095,train
33096,train
33097,train
33098,heldout_generator
33099,heldout_generator
33100,heldout_generator
33101,train
33102,train
33103,train
33104,train
33105,heldout_generator
33106,heldout_prompt
33107,train
33108,train
33109,train
33110,heldout_generator
33111,heldout_generator
33112,train
33113,train
33114,train
33115,train
33116,train
33117,train
33118,train
33119,val
33120,heldout_generator
33121,train
33122,heldout_generator
33123,train
33124,train
33125,val
33126,train
33127,heldout_prompt
33128,train
33129,train
33130,train
33131,heldout_prompt
33132,train
33133,train
33134,train
33135,heldout_generator
33136,val
33137,heldout_prompt
33138,train
33139,test
33140,heldout_generator
33141,heldout_generator
33142,train
33143,heldout_generator
33144,train
33145,heldout_generator
33146,train
33147,train
33148,heldout_generator
33149,heldout_generator
33150,train
33151,train
33152,test
33153,test
33154,train
33155,train
33156,train
33157,heldout_prompt
33158,heldout_prompt
33159,heldout_generator
33160,train
33161,train
33162,train
33163,train
33164,test
33165,train
33166,train
33167,heldout_prompt
33168,test
33169,train
33170,heldout_generator
33171,val
33172,train
33173,heldout_prompt
33174,train
33175,val
33176,heldout_generator
33177,heldout_generator
33178,heldout_prompt
33179,train
33180,train
33181,heldout_generator
33182,val
33183,train
33184,train
33185,train
33186,train
33187,train
33188,test
33189,heldout_generator
33190,train
33191,heldout_generator
33192,heldout_prompt
33193,test
33194,train
33195,train
33196,train
33197,train
33198,train
33199,heldout_generator
33200,heldout_prompt
33201,train
33202,train
33203,heldout_generator
33204,train
33205,train
33206,train
33207,train
33208,test
33209,heldout_prompt
33210,train
33211,train
33212,train
33213,train
33214,train
33215,heldout_prompt
33216,train
33217,heldout_generator
33218,heldout_generator
33219,train
33220,train
33221,train
33222,train
33223,train
33224,heldout_prompt
33225,train
33226,heldout_generator
33227,train
33228,train
33229,heldout_prompt
33230,train
33231,heldout_generator
33232,heldout_generator
33233,train
33234,test
33235,heldout_prompt
33236,heldout_generator
33237,val
33238,train
33239,heldout_prompt
33240,test
33241,heldout_generator
33242,heldout_prompt
33243,val
33244,train
33245,heldout_generator
33246,heldout_generator
33247,train
33248,train
33249,train
33250,train
33251,val
33252,train
33253,train
33254,train
33255,heldout_generator
33256,heldout_prompt
33257,train
33258,heldout_generator
33259,train
33260,train
33261,train
33262,train
33263,heldout_prompt
33264,heldout_prompt
33265,train
33266,val
33267,train
33268,heldout_generator
33269,val
33270,heldout_prompt
33271,heldout_prompt
33272,train
33273,train
33274,heldout_generator
33275,train
33276,heldout_generator
33277,heldout_generator
33278,val
33279,train
33280,train
33281,heldout_generator
33282,heldout_generator
33283,train
33284,train
33285,heldout_generator
33286,val
33287,heldout_prompt
33288,heldout_prompt
33289,train
33290,train
33291,val
33292,heldout_generator
33293,test
33294,heldout_generator
33295,train
33296,train
33297,heldout_prompt
33298,heldout_prompt
33299,train
33300,heldout_generator
33301,train
33302,heldout_generator
33303,train
33304,val
33305,train
33306,train
33307,val
33308,train
33309,train
33310,train
33311,train
33312,train
33313,train
33314,train
33315,train
33316,train
33317,train
33318,train
33319,train
33320,train
33321,train
33322,train
33323,train
33324,test
33325,train
33326,train
33327,heldout_generator
33328,train
33329,train
33330,val
33331,train
33332,train
33333,train
33334,train
33335,heldout_prompt
33336,test
33337,heldout_generator
33339,train
33340,train
33341,train
33342,heldout_generator
33343,train
33344,heldout_prompt
33345,train
33346,train
33347,train
33348,train
33349,train
33350,heldout_generator
33351,train
33352,train
33353,train
33354,train
33355,train
33356,heldout_generator
33357,train
33358,train
33359,val
33360,train
33361,train
33362,train
33363,train
33364,train
33365,train
33366,train
33367,train
33368,train
33369,train
33370,heldout_generator
33371,train
33372,train
33373,train
33374,heldout_generator
33375,heldout_prompt
33376,train
33377,train
33378,heldout_generator
33379,train
33380,train
33381,heldout_prompt
33382,train
33383,train
33384,train
33385,train
33386,heldout_prompt
33387,train
33388,train
33389,heldout_generator
33390,heldout_prompt
33391,train
33392,train
33393,train
33394,test
33395,val
33396,train
33397,heldout_generator
33398,train
33399,train
33400,val
33401,train
33402,train
33403,train
33404,train
33405,heldout_prompt
33406,heldout_generator
33407,heldout_generator
33408,test
33409,heldout_generator
33410,train
33411,train
33412,val
33413,train
33414,train
33415,val
33416,train
33417,heldout_generator
33418,train
33419,train
33420,train
33421,heldout_prompt
33422,val
33423,train
33424,test
33425,val
33426,heldout_generator
33427,train
33428,train
33429,train
33430,train
33431,heldout_prompt
33432,heldout_generator
33433,val
33434,heldout_generator
33435,train
33436,train
33437,heldout_prompt
33438,heldout_generator
33439,heldout_generator
33440,train
33441,heldout_prompt
33442,train
33443,train
33444,heldout_generator
33445,train
33446,train
33447,train
33448,train
33449,heldout_prompt
33450,train
33451,val
33452,train
33453,train
33454,test
33455,train
33456,heldout_generator
33457,train
33458,heldout_prompt
33459,train
33460,heldout_prompt
33461,heldout_generator
33462,train
33463,heldout_generator
33464,heldout_generator
33465,train
33466,train
33467,train
33468,val
33469,heldout_prompt
33470,train
33471,train
33472,val
33473,train
33474,val
33475,train
33476,train
33477,train
33478,train
33479,heldout_generator
33480,train
33481,train
33482,heldout_generator
33483,train
33484,train
33485,train
33486,train
33487,train
33488,train
33489,train
33490,train
33491,train
33492,train
33493,train
33494,train
33495,heldout_generator
33496,train
33497,train
33498,train
33499,train
33500,train
33501,heldout_prompt
33502,train
33503,train
33504,train
33505,train
33506,train
33507,train
33508,heldout_generator
33509,val
33510,train
33511,train
33512,train
33513,heldout_generator
33514,train
33515,train
33516,heldout_generator
33517,train
33518,test
33519,train
33520,heldout_prompt
33521,train
33522,val
33523,heldout_generator
33524,val
33525,train
33526,heldout_prompt
33527,test
33528,train
33529,heldout_prompt
33530,train
33531,train
33532,train
33533,heldout_generator
33534,heldout_prompt
33535,val
33536,train
33537,heldout_generator
33538,train
33539,test
33540,heldout_prompt
33541,heldout_generator
33542,train
33543,train
33544,train
33545,train
33546,heldout_generator
33547,train
33548,train
33549,train
33550,train
33551,val
33552,heldout_prompt
33553,heldout_generator
33554,heldout_generator
33555,train
33556,heldout_generator
33557,test
33558,train
33559,test
33560,val
33561,heldout_prompt
33562,train
33563,train
33564,train
33565,train
33566,train
33567,train
33568,heldout_generator
33569,train
33570,train
33571,train
33572,train
33573,train
33574,train
33575,train
33576,heldout_prompt
33577,train
33578,train
33579,heldout_generator
33580,train
33581,train
33582,train
33583,train
33584,heldout_generator
33585,heldout_prompt
33586,train
33587,train
33588,train
33589,val
33590,heldout_generator
33591,train
33592,heldout_generator
33593,train
33594,heldout_generator
33595,heldout_prompt
33596,train
33597,heldout_generator
33598,train
33599,heldout_prompt
33600,train
33601,train
33602,train
33603,train
33604,heldout_generator
33605,train
33606,train
33607,train
33608,heldout_generator
33609,train
33610,heldout_prompt
33611,test
33612,train
33613,heldout_generator
33614,train
33615,heldout_generator
33616,heldout_generator
33617,train
33618,heldout_prompt
33619,train
33620,train
33621,val
33622,train
33623,train
33624,test
33625,train
33626,train
33627,heldout_prompt
33628,heldout_generator
33629,train
33630,heldout_generator
33631,heldout_prompt
33632,heldout_prompt
33633,train
33634,train
33635,train
33636,val
33637,train
33638,test
33639,heldout_generator
33640,train
33641,test
33642,heldout_generator
33643,train
33644,train
33645,heldout_prompt
33646,val
33647,train
33648,train
33649,heldout_generator
33650,heldout_generator
33651,test
33652,val
33653,train
33654,heldout_prompt
33655,train
33656,heldout_generator
33657,heldout_generator
33658,train
33659,train
33660,test
33661,train
33662,test
33663,train
33664,train
33665,train
33666,train
33667,train
33668,train
33669,train
33670,train
33671,val
33672,train
33673,train
33674,test
33675,train
33676,heldout_generator
33677,train
33678,train
33679,train
33680,train
33681,heldout_generator
33682,train
33683,test
33684,val
33685,train
33686,heldout_prompt
33687,heldout_generator
33688,heldout_generator
33689,heldout_generator
33690,train
33691,train
33692,train
33693,heldout_generator
33694,heldout_generator
33695,train
33696,heldout_prompt
33697,train
33698,train
33699,heldout_generator
33700,heldout_prompt
33701,heldout_prompt
33702,heldout_prompt
33703,train
33704,test
33705,train
33706,heldout_generator
33707,train
33708,heldout_prompt
33709,train
33710,test
33711,heldout_generator
33712,train
33713,heldout_prompt
33714,train
33715,val
33716,val
33717,train
33718,heldout_generator
33719,train
33720,heldout_generator
33721,train
33722,train
33723,val
33724,train
33725,train
33726,train
33727,train
33728,heldout_generator
33729,train
33730,train
33731,train
33732,train
33733,heldout_prompt
33734,heldout_generator
33735,heldout_generator
33736,train
33737,heldout_generator
33738,heldout_generator
33739,train
33740,heldout_generator
33741,train
33742,test
33743,train
33744,train
33745,test
33746,heldout_prompt
33747,train
33748,train
33749,heldout_prompt
33750,heldout_generator
33751,heldout_generator
33752,train
33753,heldout_prompt
33754,train
33755,train
33756,train
33757,heldout_generator
33758,test
33759,train
33760,train
33761,train
33762,train
33763,train
33764,train
33765,heldout_generator
33766,test
33767,heldout_generator
33768,train
33769,train
33770,heldout_generator
33771,heldout_prompt
33772,val
33773,heldout_generator
33774,train
33775,heldout_generator
33776,train
33777,heldout_generator
33778,train
33779,val
33780,train
33781,train
33782,train
33783,train
33784,train
33785,val
33786,heldout_generator
33787,train
33788,heldout_prompt
33789,val
33790,train
33791,train
33792,train
33793,train
33794,train
33795,heldout_generator
33796,heldout_generator
33797,test
33798,train
33799,train
33800,train
33801,heldout_prompt
33802,train
33803,train
33804,val
33805,heldout_generator
33806,train
33807,train
33808,train
33809,heldout_generator
33810,train
33811,heldout_generator
33812,heldout_generator
33813,train
33814,train
33815,heldout_generator
33816,heldout_generator
33817,train
33818,train
33819,heldout_generator
33820,train
33821,train
33822,train
33823,heldout_generator
33824,train
33825,heldout_prompt
33826,heldout_generator
33827,heldout_prompt
33828,train
33829,train
33830,test
33831,heldout_generator
33832,train
33833,train
33834,train
33835,heldout_generator
33836,train
33837,heldout_generator
33838,train
33839,heldout_prompt
33840,train
33841,val
33842,heldout_prompt
33843,heldout_generator
33844,train
33845,train
33846,train
33847,train
33848,train
33849,heldout_generator
33850,train
33851,train
33852,heldout_prompt
33853,train
33854,train
33855,train
33856,train
33857,train
33858,train
33859,train
33860,test
33861,train
33862,train
33863,train
33864,train
33865,train
33866,heldout_prompt
33867,train
33868,train
33869,train
33870,val
33871,heldout_generator
33872,train
33873,train
33874,heldout_prompt
33875,train
33876,heldout_prompt
33877,heldout_generator
33878,train
33879,heldout_generator
33880,val
33881,val
33882,heldout_prompt
33883,test
33884,train
33885,train
33886,train
33887,heldout_generator
33888,heldout_generator
33889,heldout_generator
33890,train
33891,test
33892,train
33893,heldout_prompt
33894,train
33895,val
33896,train
33897,train
33898,heldout_generator
33899,train
33900,heldout_generator
33901,train
33902,train
33903,train
33904,train
33905,train
33906,test
33907,heldout_prompt
33908,heldout_prompt
33909,train
33910,train
33911,heldout_generator
33912,val
33913,heldout_prompt
33914,train
33915,heldout_prompt
33916,train
33917,heldout_generator
33918,heldout_generator
33919,heldout_prompt
33920,train
33921,train
33922,train
33923,test
33924,train
33925,heldout_generator
33926,heldout_prompt
33927,heldout_generator
33928,train
33929,val
33930,train
33931,val
33932,heldout_prompt
33933,heldout_generator
33934,heldout_prompt
33935,train
33936,train
33937,test
33938,train
33939,heldout_generator
33940,train
33941,train
33942,train
33943,val
33944,val
33945,val
33946,heldout_generator
33947,train
33948,train
33949,train
33950,train
33951,test
33952,train
33953,train
33954,train
33955,train
33956,train
33957,heldout_generator
33958,train
33959,test
33960,train
33961,train
33962,train
33963,train
33964,train
33965,heldout_generator
33966,train
33967,train
33968,train
33969,train
33970,test
33971,heldout_generator
33972,train
33973,heldout_generator
33974,heldout_prompt
33975,train
33976,train
33977,test
33978,heldout_prompt
33979,heldout_generator
33980,train
33981,train
33982,train
33983,train
33984,val
33985,heldout_generator
33986,train
33987,train
33988,val
33989,heldout_generator
33990,heldout_prompt
33991,heldout_generator
33992,val
33993,train
33994,train
33995,val
33996,train
33997,test
33998,train
33999,heldout_generator
34000,test
34001,val
34002,train
34003,train
34004,train
34005,train
34006,train
34007,train
34008,train
34009,val
34010,train
34011,heldout_generator
34012,test
34013,heldout_generator
34014,train
34015,val
34016,train
34017,train
34018,heldout_generator
34019,train
34020,train
34021,train
34022,train
34023,train
34024,train
34025,train
34026,train
34027,train
34028,val
34029,train
34030,train
34031,heldout_generator
34032,train
34033,heldout_prompt
34034,heldout_generator
34035,val
34036,heldout_prompt
34037,train
34038,heldout_prompt
34039,train
34040,train
34041,train
34042,heldout_prompt
34043,heldout_prompt
34044,train
34045,heldout_generator
34046,train
34047,heldout_prompt
34048,heldout_generator
34049,train
34050,train
34051,test
34052,train
34053,train
34054,train
34055,train
34056,heldout_generator
34057,train
34058,heldout_prompt
34059,train
34060,heldout_prompt
34061,train
34062,train
34063,train
34064,train
34065,heldout_generator
34066,heldout_generator
34067,heldout_prompt
34068,train
34069,train
34070,val
34071,train
34072,heldout_generator
34073,heldout_prompt
34074,train
34075,train
34076,train
34077,train
34078,train
34079,heldout_prompt
34080,train
34081,train
34082,train
34083,heldout_prompt
34084,train
34085,test
34086,train
34087,train
34088,val
34089,heldout_generator
34090,heldout_generator
34091,train
34092,train
34093,heldout_generator
34094,train
34095,train
34096,train
34097,train
34098,train
34099,train
34100,train
34101,train
34102,train
34103,train
34104,val
34105,test
34106,val
34107,train
34108,heldout_prompt
34109,test
34110,train
34111,train
34112,train
34113,heldout_generator
34114,heldout_generator
34115,test
34116,train
34117,train
34118,heldout_generator
34119,heldout_generator
34120,train
34121,heldout_generator
34122,train
34123,val
34124,train
34125,train
34126,heldout_generator
34127,test
34128,test
34129,train
34130,heldout_generator
34131,heldout_generator
34132,train
34133,train
34134,train
34135,val
34136,heldout_prompt
34137,train
34138,heldout_prompt
34139,train
34140,train
34141,train
34142,val
34143,heldout_prompt
34144,heldout_generator
34145,heldout_generator
34146,train
34147,heldout_generator
34148,val
34149,train
34150,train
34151,heldout_generator
34152,heldout_generator
34153,train
34154,heldout_prompt
34155,heldout_prompt
34156,val
34157,train
34158,val
34159,val
34160,train
34161,heldout_generator
34162,train
34163,train
34164,train
34165,test
34166,test
34167,val
34168,train
34169,heldout_generator
34170,train
34171,train
34172,train
34173,heldout_generator
34174,test
34175,train
34176,train
34177,train
34178,train
34179,test
34180,train
34181,heldout_generator
34182,train
34183,heldout_generator
34184,train
34185,train
34186,val
34187,heldout_generator
34188,heldout_generator
34189,heldout_generator
34190,train
34191,heldout_generator
34192,heldout_generator
34193,heldout_generator
34194,train
34195,train
34196,train
34197,train
34198,train
34199,train
34200,train
34201,heldout_prompt
34202,train
34203,train
34204,heldout_prompt
34205,train
34206,train
34207,heldout_generator
34208,val
34209,train
34210,heldout_prompt
34211,train
34212,train
34213,train
34214,heldout_prompt
34215,train
34216,train
34217,train
34218,heldout_generator
34219,val
34220,train
34221,heldout_generator
34222,train
34223,heldout_generator
34224,train
34225,val
34226,train
34227,train
34228,train
34229,test
34230,train
34231,train
34232,train
34233,train
34234,heldout_generator
34235,train
34236,train
34237,heldout_generator
34238,val
34239,val
34240,heldout_generator
34241,train
34242,heldout_generator
34243,train
34244,test
34245,train
34246,train
34247,train
34248,train
34249,train
34250,heldout_generator
34251,heldout_prompt
34252,train
34253,train
34254,train
34255,heldout_generator
34256,train
34257,train
34258,test
34259,val
34260,heldout_generator
34261,train
34262,train
34263,train
34264,train
34265,train
34266,train
34267,train
34268,train
34269,val
34270,heldout_prompt
34271,heldout_prompt
34272,val
34273,train
34274,heldout_generator
34275,heldout_generator
34276,test
34277,heldout_generator
34278,train
34279,train
34280,train
34281,train
34282,train
34283,heldout_generator
34284,train
34285,test
34286,train
34287,train
34288,train
34289,train
34290,heldout_generator
34291,train
34292,heldout_generator
34293,test
34294,train
34295,train
34296,heldout_generator
34297,heldout_generator
34298,heldout_generator
34299,heldout_prompt
34300,train
34301,train
34302,train
34303,train
34304,heldout_generator
34305,train
34306,train
34307,train
34308,train
34309,heldout_prompt
34310,train
34311,train
34312,heldout_generator
34313,heldout_generator
34314,heldout_generator
34315,heldout_prompt
34316,train
34317,val
34318,train
34319,train
34320,train
34321,heldout_generator
34322,train
34323,heldout_prompt
34324,train
34325,heldout_prompt
34326,test
34327,heldout_generator
34328,test
34329,train
34330,train
34331,train
34332,heldout_prompt
34333,heldout_generator
34334,heldout_prompt
34335,val
34336,train
34337,train
34338,heldout_prompt
34339,test
34340,train
34341,train
34342,train
34343,train
34344,train
34345,train
34346,val
34347,test
34348,heldout_prompt
34349,train
34350,train
34351,train
34352,test
34353,heldout_generator
34354,train
34355,train
34356,heldout_generator
34357,test
34358,train
34359,heldout_generator
34360,heldout_generator
34361,heldout_generator
34362,heldout_generator
34363,heldout_prompt
34364,heldout_generator
34365,heldout_prompt
34366,train
34367,train
34368,heldout_generator
34369,train
34370,train
34371,train
34372,train
34373,train
34374,heldout_generator
34375,train
34376,train
34377,train
34378,heldout_generator
34379,heldout_generator
34380,train
34381,val
34382,train
34383,train
34384,train
34385,train
34386,train
34387,train
34388,heldout_generator
34389,train
34390,heldout_generator
34391,train
34392,train
34393,train
34394,heldout_generator
34395,train
34396,heldout_generator
34397,train
34398,train
34399,train
34400,train
34401,train
34402,train
34403,train
34404,heldout_prompt
34405,train
34406,heldout_generator
34407,test
34408,train
34409,val
34410,train
34411,heldout_prompt
34412,train
34413,heldout_prompt
34414,heldout_prompt
34415,heldout_generator
34416,train
34417,heldout_generator
34418,train
34419,train
34420,test
34421,train
34422,train
34423,train
34424,heldout_generator
34425,test
34426,heldout_prompt
34427,train
34428,train
34429,train
34430,heldout_generator
34431,heldout_prompt
34432,val
34433,train
34434,train
34435,train
34436,train
34437,train
34438,heldout_generator
34439,train
34440,train
34441,val
34442,train
34443,heldout_prompt
34444,train
34445,val
34446,train
34447,heldout_prompt
34448,train
34449,heldout_generator
34450,heldout_prompt
34451,heldout_generator
34452,train
34453,heldout_prompt
34454,test
34455,train
34456,train
34457,train
34458,train
34459,train
34460,train
34461,train
34462,train
34463,train
34464,train
34465,train
34466,train
34467,heldout_generator
34468,heldout_generator
34469,train
34470,train
34471,train
34472,heldout_generator
34473,test
34474,train
34475,train
34476,train
34477,train
34478,heldout_prompt
34479,train
34480,train
34481,train
34482,heldout_generator
34483,train
34484,train
34485,heldout_prompt
34486,heldout_generator
34487,train
34488,heldout_generator
34489,heldout_generator
34490,heldout_generator
34491,val
34492,train
34493,train
34494,train
34495,train
34496,train
34497,heldout_generator
34498,val
34499,train
34500,train
34501,train
34502,heldout_generator
34503,train
34504,train
34505,train
34506,train
34507,train
34508,train
34509,test
34510,heldout_generator
34511,train
34512,train
34513,train
34514,train
34515,train
34516,train
34517,heldout_generator
34518,heldout_generator
34519,train
34520,train
34521,train
34522,heldout_generator
34523,train
34524,test
34525,test
34526,train
34527,train
34528,heldout_generator
34529,train
34530,train
34531,heldout_prompt
34532,heldout_prompt
34533,val
34534,test
34535,train
34536,train
34537,train
34538,heldout_prompt
34539,train
34540,test
34541,train
34542,val
34543,heldout_generator
34544,heldout_generator
34545,train
34546,heldout_generator
34547,heldout_prompt
34548,train
34549,test
34550,heldout_prompt
34551,val
34552,heldout_generator
34553,train
34554,val
34555,test
34556,train
34557,heldout_prompt
34558,train
34559,train
34560,train
34561,train
34562,heldout_generator
34563,val
34564,heldout_prompt
34565,train
34566,test
34567,train
34568,heldout_prompt
34569,heldout_generator
34570,train
34571,train
34572,heldout_generator
34573,train
34574,train
34575,train
34576,heldout_generator
34577,train
34578,val
34579,train
34580,test
34581,heldout_generator
34582,train
34583,train
34584,test
34585,train
34586,val
34587,train
34588,heldout_prompt
34589,test
34590,val
34591,train
34592,val
34593,val
34594,heldout_generator
34595,train
34596,train
34597,train
34598,train
34599,train
34600,train
34601,val
34602,train
34603,heldout_generator
34604,train
34605,heldout_prompt
34606,heldout_prompt
34607,heldout_generator
34608,train
34609,test
34610,train
34611,heldout_generator
34612,heldout_prompt
34613,val
34614,train
34615,heldout_generator
34616,val
34617,train
34618,train
34619,test
34620,train
34621,train
34622,heldout_generator
34623,train
34624,train
34625,test
34626,train
34627,train
34628,heldout_prompt
34629,train
34630,train
34631,train
34632,train
34633,train
34634,heldout_generator
34635,heldout_generator
34636,heldout_prompt
34637,train
34638,train
34639,val
34640,train
34641,train
34642,val
34643,train
34644,heldout_prompt
34645,train
34646,heldout_prompt
34647,test
34648,train
34649,heldout_generator
34650,train
34651,train
34652,train
34653,train
34654,val
34655,train
34656,train
34657,heldout_generator
34658,train
34659,train
34660,train
34661,train
34662,train
34663,train
34664,val
34665,train
34666,test
34667,train
34668,train
34669,val
34670,val
34671,train
34672,heldout_generator
34673,heldout_prompt
34674,train
34675,val
34676,heldout_generator
34677,val
34678,train
34679,train
34680,train
34681,train
34682,train
34683,heldout_generator
34684,heldout_prompt
34685,train
34686,train
34687,train
34688,train
34689,train
34690,test
34691,heldout_generator
34692,heldout_prompt
34693,train
34694,heldout_generator
34695,train
34696,train
34697,train
34698,train
34699,train
34700,train
34701,heldout_prompt
34702,train
34703,train
34704,heldout_generator
34705,train
34706,train
34707,heldout_generator
34708,train
34709,heldout_generator
34710,train
34711,train
34712,heldout_generator
34713,test
34714,heldout_generator
34715,train
34716,val
34717,train
34718,train
34719,test
34720,heldout_generator
34721,test
34722,heldout_generator
34723,train
34724,train
34725,heldout_generator
34726,train
34727,train
34728,train
34729,train
34730,val
34731,val
34732,test
34733,heldout_prompt
34734,train
34735,train
34736,train
34737,heldout_prompt
34738,train
34739,train
34740,train
34741,train
34742,train
34743,train
34744,val
34745,heldout_generator
34746,train
34747,heldout_prompt
34748,heldout_generator
34749,heldout_generator
34750,train
34751,heldout_generator
34752,heldout_generator
34753,train
34754,heldout_generator
34755,heldout_prompt
34756,train
34757,train
34758,train
34759,heldout_prompt
34760,val
34761,heldout_generator
34762,train
34763,train
34764,heldout_generator
34765,train
34766,train
34767,val
34768,train
34769,test
34770,test
34771,train
34772,val
34773,train
34774,train
34775,val
34776,train
34777,heldout_generator
34778,train
34779,train
34780,train
34781,train
34782,heldout_generator
34783,train
34784,train
34785,heldout_generator
34786,test
34787,heldout_generator
34788,train
34789,test
34790,heldout_generator
34791,train
34792,heldout_generator
34793,val
34794,test
34795,train
34796,train
34797,train
34798,heldout_generator
34799,train
34800,train
34801,train
34802,val
34803,test
34804,heldout_prompt
34805,heldout_generator
34806,train
34807,train
34808,heldout_generator
34809,train
34810,train
34811,val
34812,train
34813,train
34814,heldout_generator
34815,train
34816,val
34817,train
34818,heldout_prompt
34819,train
34820,heldout_generator
34821,train
34822,heldout_prompt
34823,heldout_generator
34824,train
34825,train
34826,heldout_generator
34827,heldout_generator
34828,val
34829,heldout_generator
34830,train
34831,heldout_generator
34832,train
34833,test
34834,heldout_prompt
34835,train
34836,test
34837,test
34838,train
34839,train
34840,heldout_generator
34841,train
34842,heldout_prompt
34843,heldout_generator
34844,train
34845,val
34846,train
34847,heldout_generator
34848,train
34849,test
34850,train
34851,heldout_generator
34852,train
34853,train
34854,val
34855,train
34856,test
34857,train
34858,heldout_generator
34859,heldout_generator
34860,train
34861,train
34862,heldout_generator
34863,train
34864,heldout_prompt
34865,train
34866,test
34867,train
34868,train
34869,train
34870,train
34871,train
34872,heldout_generator
34873,test
34874,heldout_generator
34875,train
34876,heldout_generator
34877,train
34878,test
34879,heldout_generator
34880,val
34881,heldout_generator
34882,val
34883,test
34884,train
34885,train
34886,test
34887,train
34888,heldout_generator
34889,val
34890,train
34891,heldout_generator
34892,train
34893,train
34894,test
34895,train
34896,train
34897,train
34898,heldout_generator
34899,train
34900,train
34901,test
34902,heldout_prompt
34903,heldout_prompt
34904,val
34905,train
34906,heldout_generator
34907,train
34908,train
34909,heldout_prompt
34910,train
34911,heldout_prompt
34912,train
34913,heldout_prompt
34914,train
34915,heldout_generator
34916,train
34917,train
34918,heldout_generator
34919,train
34920,test
34921,heldout_generator
34922,train
34923,train
34924,train
34925,train
34926,train
34927,train
34928,heldout_generator
34929,test
34930,train
34931,train
34932,train
34933,val
34934,train
34935,heldout_generator
34936,train
34937,train
34938,train
34939,train
34940,train
34941,heldout_prompt
34942,val
34943,train
34944,test
34945,val
34946,train
34947,train
34948,train
34949,train
34950,val
34951,train
34952,train
34953,train
34954,heldout_generator
34955,train
34956,train
34957,train
34958,train
34959,train
34960,heldout_generator
34961,train
34962,train
34963,train
34964,train
34965,heldout_prompt
34966,heldout_prompt
34967,train
34968,train
34969,heldout_generator
34970,heldout_generator
34971,train
34972,train
34973,train
34974,train
34975,train
34976,train
34977,train
34978,train
34979,heldout_generator
34980,train
34981,heldout_generator
34982,test
34983,test
34984,train
34985,train
34986,heldout_prompt
34987,train
34988,train
34989,heldout_generator
34990,train
34991,train
34992,heldout_generator
34993,heldout_prompt
34994,train
34995,heldout_generator
34996,heldout_generator
34997,test
34998,train
34999,train
35000,train
35001,val
35002,val
35003,test
35004,train
35005,train
35006,train
35007,train
35008,heldout_generator
35009,heldout_generator
35010,train
35011,val
35012,train
35013,train
35014,train
35015,heldout_prompt
35016,train
35017,heldout_generator
35018,val
35019,train
35020,val
35021,train
35022,heldout_prompt
35023,train
35024,train
35025,train
35026,train
35027,test
35028,train
35029,train
35030,heldout_prompt
35031,heldout_generator
35032,train
35033,train
35034,train
35035,heldout_generator
35036,train
35037,train
35038,heldout_generator
35039,train
35040,heldout_prompt
35041,train
35042,train
35043,train
35044,heldout_generator
35045,heldout_generator
35046,heldout_prompt
35047,heldout_generator
35048,heldout_generator
35049,train
35050,heldout_generator
35051,train
35052,val
35053,heldout_prompt
35054,heldout_generator
35055,heldout_generator
35056,test
35057,val
35058,train
35059,train
35060,train
35061,train
35062,heldout_prompt
35063,train
35064,train
35065,heldout_generator
35066,train
35067,train
35068,heldout_generator
35069,train
35070,train
35071,train
35072,heldout_generator
35073,train
35074,heldout_generator
35075,heldout_generator
35076,heldout_generator
35077,train
35078,train
35079,train
35080,heldout_generator
35081,heldout_prompt
35082,val
35083,heldout_prompt
35084,train
35085,train
35086,heldout_prompt
35087,heldout_prompt
35088,train
35089,heldout_generator
35090,heldout_generator
35091,train
35092,heldout_prompt
35093,train
35094,heldout_generator
35095,train
35096,train
35097,test
35098,train
35099,heldout_generator
35100,heldout_prompt
35101,heldout_generator
35102,heldout_generator
35103,train
35104,heldout_generator
35105,val
35106,train
35107,train
35108,train
35109,train
35110,train
35111,train
35112,test
35113,train
35114,train
35115,heldout_prompt
35116,train
35117,train
35118,train
35119,heldout_generator
35120,test
35121,train
35122,test
35123,heldout_prompt
35124,heldout_generator
35125,heldout_prompt
35126,test
35127,train
35128,train
35129,train
35130,val
35131,train
35132,train
35133,val
35134,train
35135,heldout_generator
35136,train
35137,train
35138,train
35139,heldout_generator
35140,train
35141,heldout_generator
35142,train
35143,train
35144,train
35145,heldout_generator
35146,heldout_generator
35147,train
35148,heldout_generator
35149,heldout_generator
35150,heldout_generator
35151,heldout_generator
35152,train
35153,val
35154,val
35155,heldout_generator
35156,heldout_generator
35157,heldout_prompt
35158,train
35159,heldout_prompt
35160,heldout_generator
35161,test
35162,heldout_generator
35163,heldout_generator
35164,val
35165,heldout_prompt
35166,train
35167,train
35168,val
35169,heldout_prompt
35170,heldout_prompt
35171,train
35172,train
35173,train
35174,heldout_prompt
35175,heldout_generator
35176,test
35177,train
35178,heldout_generator
35179,train
35180,train
35181,heldout_generator
35182,heldout_prompt
35183,train
35184,heldout_generator
35185,heldout_prompt
35186,train
35187,train
35188,train
35189,heldout_generator
35190,train
35191,heldout_generator
35192,train
35193,heldout_generator
35194,train
35195,heldout_generator
35196,val
35197,heldout_prompt
35198,train
35199,heldout_generator
35200,train
35201,heldout_generator
35202,test
35203,test
35204,test
35205,train
35206,val
35207,train
35208,val
35209,train
35210,train
35211,train
35212,train
35213,val
35214,heldout_generator
35215,train
35216,train
35217,train
35218,heldout_generator
35219,heldout_generator
35220,train
35221,train
35222,train
35223,train
35224,test
35225,train
35226,train
35227,heldout_prompt
35228,heldout_generator
35229,train
35230,val
35231,train
35232,val
35233,train
35234,heldout_generator
35235,train
35236,test
35237,train
35238,train
35239,train
35240,train
35241,heldout_generator
35242,train
35243,val
35244,train
35245,heldout_generator
35246,train
35247,train
35248,heldout_prompt
35249,train
35250,train
35251,val
35252,heldout_prompt
35253,train
35254,train
35255,train
35256,train
35257,train
35258,train
35259,train
35260,train
35261,heldout_prompt
35262,train
35263,train
35264,heldout_generator
35265,train
35266,val
35267,heldout_prompt
35268,heldout_prompt
35269,heldout_generator
35270,train
35271,test
35272,train
35273,train
35274,heldout_prompt
35275,train
35276,val
35277,heldout_prompt
35278,test
35279,heldout_generator
35280,val
35281,heldout_prompt
35282,train
35283,train
35284,train
35285,heldout_prompt
35286,train
35287,train
35288,test
35289,train
35290,heldout_generator
35291,heldout_generator
35292,train
35293,heldout_generator
35294,heldout_prompt
35295,heldout_generator
35296,heldout_generator
35297,train
35298,heldout_generator
35299,train
35300,val
35301,train
35302,test
35303,train
35304,train
35305,train
35306,heldout_generator
35307,train
35308,test
35309,train
35310,train
35311,train
35312,train
35313,heldout_generator
35314,train
35315,train
35316,train
35317,heldout_generator
35318,train
35319,heldout_prompt
35320,train
35321,train
35322,heldout_generator
35323,train
35324,train
35325,heldout_generator
35326,train
35327,train
35328,train
35329,train
35330,heldout_prompt
35331,train
35332,train
35333,train
35334,train
35335,heldout_generator
35336,train
35337,val
35338,heldout_generator
35339,train
35340,train
35341,train
35342,train
35343,train
35344,train
35345,train
35346,train
35347,test
35348,train
35349,train
35350,train
35351,heldout_generator
35352,heldout_generator
35353,train
35354,heldout_generator
35355,train
35356,heldout_prompt
35357,train
35358,heldout_prompt
35359,test
35360,train
35361,heldout_generator
35362,heldout_prompt
35363,heldout_prompt
35364,heldout_generator
35365,val
35366,train
35367,train
35368,heldout_generator
35369,train
35370,test
35371,heldout_prompt
35372,train
35373,train
35374,train
35375,train
35376,train
35377,train
35378,train
35379,train
35380,train
35381,train
35382,train
35383,heldout_generator
35384,train
35385,heldout_generator
35386,train
35387,train
35388,train
35389,heldout_generator
35390,train
35391,train
35392,train
35393,train
35394,train
35395,heldout_generator
35396,train
35397,test
35398,train
35399,heldout_generator
35400,val
35401,train
35402,heldout_generator
35403,train
35404,train
35405,heldout_generator
35406,train
35407,heldout_generator
35408,train
35409,train
35410,heldout_generator
35411,train
35412,train
35413,heldout_prompt
35414,heldout_prompt
35415,train
35416,heldout_prompt
35417,heldout_generator
35418,train
35419,test
35420,train
35421,train
35422,train
35423,train
35424,train
35425,train
35426,heldout_generator
35427,train
35428,train
35429,train
35430,train
35431,train
35432,train
35433,train
35434,train
35435,val
35436,heldout_prompt
35437,train
35438,train
35439,heldout_generator
35440,train
35441,heldout_generator
35442,train
35443,heldout_prompt
35444,heldout_generator
35445,train
35446,heldout_generator
35447,heldout_generator
35448,heldout_generator
35449,val
35450,train
35451,train
35452,test
35453,train
35454,heldout_prompt
35455,train
35456,train
35457,train
35458,val
35459,train
35460,heldout_generator
35461,train
35462,heldout_generator
35463,val
35464,train
35465,val
35466,heldout_prompt
35467,val
35468,heldout_generator
35469,train
35470,train
35471,train
35472,val
35473,heldout_prompt
35474,train
35475,train
35476,train
35477,test
35478,train
35479,val
35480,heldout_prompt
35481,val
35482,heldout_prompt
35483,train
35484,train
35485,train
35486,test
35487,train
35488,train
35489,heldout_generator
35490,test
35491,train
35492,train
35493,test
35494,heldout_generator
35495,test
35496,train
35497,test
35498,train
35499,train
35500,train
35501,heldout_generator
35502,heldout_generator
35503,heldout_prompt
35504,test
35505,train
35506,train
35507,test
35508,val
35509,train
35510,train
35511,test
35512,train
35513,train
35514,train
35515,train
35516,train
35517,heldout_prompt
35518,heldout_generator
35519,train
35520,heldout_generator
35521,train
35522,train
35523,train
35524,train
35525,train
35526,train
35527,train
35528,val
35529,train
35530,heldout_prompt
35531,test
35532,train
35533,heldout_generator
35534,heldout_generator
35535,heldout_generator
35536,train
35537,train
35538,train
35539,train
35540,val
35541,heldout_prompt
35542,heldout_generator
35543,train
35544,val
35545,heldout_generator
35546,train
35547,train
35548,heldout_generator
35549,heldout_prompt
35550,heldout_generator
35551,train
35552,train
35553,heldout_generator
35554,train
35555,train
35556,heldout_generator
35557,train
35558,heldout_generator
35559,test
35560,heldout_generator
35561,train
35562,test
35563,train
35564,heldout_generator
35565,heldout_prompt
35566,train
35567,train
35568,heldout_generator
35569,heldout_prompt
35570,train
35571,train
35572,val
35573,train
35574,train
35575,heldout_prompt
35576,heldout_prompt
35577,heldout_generator
35578,train
35579,heldout_generator
35580,heldout_generator
35581,train
35582,heldout_prompt
35583,train
35584,heldout_generator
35585,heldout_generator
35586,heldout_generator
35587,heldout_generator
35588,train
35589,train
35590,train
35591,heldout_generator
35592,test
35593,train
35594,heldout_generator
35595,train
35596,train
35597,heldout_prompt
35598,train
35599,train
35600,val
35601,train
35602,heldout_generator
35603,heldout_generator
35604,train
35605,train
35606,train
35607,train
35608,train
35609,val
35610,heldout_generator
35611,train
35612,train
35613,heldout_prompt
35614,heldout_prompt
35615,heldout_generator
35616,train
35617,val
35618,train
35619,heldout_prompt
35620,heldout_generator
35621,train
35622,heldout_generator
35623,heldout_prompt
35624,heldout_prompt
35625,heldout_generator
35626,train
35627,train
35628,train
35629,heldout_prompt
35630,train
35631,heldout_prompt
35632,train
35633,train
35634,train
35635,train
35636,train
35637,train
35638,train
35639,heldout_prompt
35640,heldout_generator
35641,heldout_prompt
35642,train
35643,heldout_generator
35644,val
35645,train
35646,heldout_prompt
35647,test
35648,train
35649,train
35650,train
35651,train
35652,heldout_generator
35653,test
35654,train
35655,val
35656,train
35657,train
35658,test
35659,heldout_generator
35660,train
35661,train
35662,train
35663,train
35664,heldout_prompt
35665,train
35666,train
35667,val
35668,heldout_generator
35669,train
35670,heldout_generator
35671,val
35672,train
35673,heldout_generator
35674,val
35675,train
35676,train
35677,train
35678,val
35679,train
35680,test
35681,train
35682,train
35683,train
35684,train
35685,train
35686,train
35687,train
35688,train
35689,train
35690,heldout_generator
35691,heldout_prompt
35692,heldout_generator
35693,train
35694,train
35695,test
35696,train
35697,train
35698,train
35699,train
35700,train
35701,test
35702,train
35703,train
35704,heldout_prompt
35705,train
35706,train
35707,train
35708,heldout_generator
35709,heldout_prompt
35710,heldout_generator
35711,train
35712,test
35713,train
35714,heldout_generator
35715,heldout_prompt
35716,train
35717,heldout_generator
35718,train
35719,train
35720,test
35721,train
35722,train
35723,test
35724,heldout_prompt
35725,train
35726,heldout_generator
35727,train
35728,train
35729,heldout_prompt
35730,train
35731,train
35732,train
35733,train
35734,train
35735,heldout_generator
35736,train
35737,test
35738,train
35739,test
35740,train
35741,train
35742,train
35743,train
35744,heldout_prompt
35745,train
35746,heldout_generator
35747,heldout_generator
35748,test
35749,train
35750,train
35751,train
35752,heldout_prompt
35753,heldout_generator
35754,train
35755,train
35756,train
35757,train
35758,heldout_prompt
35759,heldout_prompt
35760,train
35761,train
35762,train
35763,train
35764,train
35765,train
35766,train
35767,train
35768,train
35769,train
35770,heldout_prompt
35771,train
35772,train
35773,train
35774,train
35775,train
35776,train
35777,test
35778,train
35779,train
35780,heldout_generator
35781,train
35782,test
35783,train
35784,train
35785,train
35786,train
35787,train
35788,heldout_generator
35789,train
35790,val
35791,heldout_generator
35792,train
35793,heldout_generator
35794,val
35795,heldout_generator
35796,test
35797,train
35798,val
35799,train
35800,train
35801,train
35802,train
35803,test
35804,train
35805,train
35806,heldout_prompt
35807,train
35808,heldout_generator
35809,train
35810,test
35811,train
35812,train
35813,train
35814,train
35815,heldout_generator
35816,train
35817,val
35818,train
35819,train
35820,train
35821,train
35822,heldout_generator
35823,val
35824,train
35825,test
35826,heldout_generator
35827,heldout_generator
35828,train
35829,heldout_generator
35830,heldout_generator
35831,train
35832,test
35833,train
35834,train
35835,train
35836,val
35837,train
35838,train
35839,train
35840,train
35841,test
35842,heldout_generator
35843,heldout_generator
35844,train
35845,heldout_generator
35846,train
35847,val
35848,train
35849,heldout_generator
35850,heldout_prompt
35851,heldout_prompt
35852,train
35853,train
35854,train
35855,train
35856,heldout_generator
35857,heldout_prompt
35858,train
35859,train
35860,train
35861,train
35862,heldout_prompt
35863,test
35864,train
35865,train
35866,train
35867,train
35868,test
35869,train
35870,train
35871,train
35872,train
35873,train
35874,heldout_generator
35875,heldout_generator
35876,train
35877,heldout_generator
35878,test
35879,train
35880,train
35881,val
35882,train
35883,train
35884,heldout_generator
35885,train
35886,train
35887,heldout_generator
35888,heldout_generator
35889,train
35890,train
35891,train
35892,heldout_generator
35893,train
35894,train
35895,train
35896,train
35897,val
35898,test
35899,train
35900,train
35901,train
35902,heldout_generator
35903,heldout_generator
35904,train
35905,train
35906,test
35907,train
35908,train
35909,train
35910,val
35911,train
35912,heldout_prompt
35913,train
35914,train
35915,heldout_generator
35916,train
35917,heldout_generator
35918,train
35919,heldout_generator
35920,heldout_prompt
35921,train
35922,train
35923,heldout_prompt
35924,train
35925,heldout_generator
35926,test
35927,train
35928,train
35929,train
35930,heldout_generator
35931,train
35932,train
35933,train
35934,train
35935,heldout_generator
35936,train
35937,train
35938,train
35939,train
35940,val
35941,heldout_generator
35942,heldout_prompt
35943,train
35944,train
35945,train
35946,heldout_prompt
35947,train
35948,val
35949,train
35950,test
35951,train
35952,heldout_generator
35953,train
35954,train
35955,train
35956,train
35957,train
35958,heldout_prompt
35959,heldout_generator
35960,test
35961,test
35962,test
35963,train
35964,heldout_generator
35965,train
35966,heldout_prompt
35967,train
35968,train
35969,val
35970,test
35971,heldout_generator
35972,train
35973,train
35974,train
35975,train
35976,heldout_generator
35977,heldout_generator
35978,train
35979,train
35980,train
35981,train
35982,train
35983,test
35984,heldout_generator
35985,train
35986,train
35987,val
35988,train
35989,heldout_generator
35990,heldout_generator
35991,train
35992,train
35993,heldout_prompt
35994,train
35995,train
35996,train
35997,heldout_generator
35998,val
35999,test
36000,train
36001,train
36002,test
36003,val
36004,heldout_prompt
36005,heldout_prompt
36006,train
36007,train
36008,heldout_generator
36009,train
36010,train
36011,train
36012,train
36013,test
36014,heldout_prompt
36015,train
36016,train
36017,train
36018,heldout_prompt
36019,train
36020,train
36021,train
36022,train
36023,train
36024,train
36025,val
36026,val
36027,train
36028,train
36029,train
36030,test
36031,val
36032,train
36033,heldout_generator
36034,test
36035,train
36036,test
36037,train
36038,train
36039,train
36040,train
36041,train
36042,train
36043,train
36044,train
36045,heldout_generator
36046,train
36047,heldout_generator
36048,train
36049,train
36050,train
36051,train
36052,val
36053,heldout_prompt
36054,heldout_generator
36055,heldout_generator
36056,heldout_generator
36057,train
36058,train
36059,train
36060,heldout_generator
36061,test
36062,train
36063,heldout_prompt
36064,heldout_generator
36065,train
36066,train
36067,val
36068,val
36069,train
36070,heldout_prompt
36071,heldout_prompt
36072,train
36073,heldout_generator
36074,train
36075,train
36076,test
36077,train
36078,train
36079,train
36080,heldout_prompt
36081,train
36082,heldout_generator
36083,heldout_prompt
36084,heldout_generator
36085,heldout_generator
36086,test
36087,train
36088,heldout_generator
36089,train
36090,train
36091,train
36092,train
36093,heldout_generator
36094,train
36095,train
36096,val
36097,train
36098,train
36099,heldout_generator
36100,train
36101,heldout_prompt
36102,train
36103,train
36104,val
36105,heldout_prompt
36106,train
36107,train
36108,train
36109,train
36110,train
36111,train
36112,train
36113,train
36114,heldout_generator
36115,heldout_prompt
36116,train
36117,train
36118,train
36119,val
36120,heldout_prompt
36121,train
36122,heldout_prompt
36123,heldout_prompt
36124,val
36125,heldout_prompt
36126,val
36127,train
36128,train
36129,train
36130,heldout_generator
36131,train
36132,val
36133,train
36134,train
36135,train
36136,val
36137,test
36138,train
36139,val
36140,train
36141,train
36142,train
36143,train
36144,val
36145,train
36146,train
36147,heldout_prompt
36148,heldout_prompt
36149,val
36150,heldout_generator
36151,train
36152,train
36153,heldout_generator
36154,train
36155,train
36156,train
36157,heldout_generator
36158,heldout_generator
36159,test
36160,train
36161,train
36162,test
36163,train
36164,train
36165,train
36166,train
36167,train
36168,train
36169,heldout_generator
36170,train
36171,test
36172,heldout_generator
36173,train
36174,val
36175,heldout_prompt
36176,heldout_generator
36177,heldout_generator
36178,test
36179,train
36180,train
36181,test
36182,train
36183,val
36184,test
36185,heldout_generator
36186,train
36187,train
36188,heldout_generator
36189,train
36190,train
36191,train
36192,train
36193,heldout_generator
36194,heldout_generator
36195,train
36196,val
36197,train
36198,train
36199,val
36200,heldout_generator
36201,train
36202,train
36203,heldout_prompt
36204,heldout_generator
36205,val
36206,heldout_prompt
36207,heldout_prompt
36208,heldout_generator
36209,heldout_prompt
36210,test
36211,heldout_generator
36212,heldout_generator
36213,train
36214,train
36215,train
36216,heldout_generator
36217,train
36218,heldout_generator
36219,train
36220,train
36221,train
36222,train
36223,train
36224,train
36225,train
36226,train
36227,train
36228,train
36229,train
36230,val
36231,train
36232,test
36233,train
36234,train
36235,train
36236,test
36237,train
36238,train
36239,test
36240,train
36241,val
36242,heldout_generator
36243,heldout_generator
36244,train
36245,train
36246,train
36247,train
36248,train
36249,train
36250,heldout_prompt
36251,heldout_generator
36252,test
36253,train
36254,train
36255,train
36256,train
36257,val
36258,train
36259,train
36260,heldout_generator
36261,train
36262,train
36263,train
36264,train
36265,train
36266,train
36267,train
36268,test
36269,train
36270,train
36271,heldout_generator
36272,train
36273,train
36274,heldout_generator
36275,train
36276,train
36277,train
36278,val
36279,train
36280,train
36281,heldout_prompt
36282,heldout_generator
36283,heldout_generator
36284,val
36285,train
36286,train
36287,train
36288,train
36289,test
36290,train
36291,heldout_generator
36292,train
36293,heldout_generator
36294,heldout_prompt
36295,train
36296,test
36297,heldout_prompt
36298,heldout_prompt
36299,train
36300,train
36301,train
36302,heldout_generator
36303,train
36304,train
36305,heldout_generator
36306,train
36307,train
36308,heldout_prompt
36309,train
36310,test
36312,heldout_prompt
36313,train
36314,train
36315,train
36316,train
36317,train
36318,heldout_prompt
36319,heldout_prompt
36320,train
36321,test
36322,train
36323,train
36324,train
36325,heldout_prompt
36326,test
36327,train
36328,train
36329,heldout_generator
36330,val
36331,heldout_generator
36332,heldout_prompt
36333,heldout_generator
36334,heldout_prompt
36335,train
36336,heldout_prompt
36337,heldout_generator
36338,heldout_generator
36339,heldout_generator
36340,train
36341,heldout_generator
36342,heldout_generator
36343,train
36344,train
36345,train
36346,train
36347,val
36348,train
36349,train
36350,heldout_generator
36351,train
36352,heldout_generator
36353,heldout_generator
36354,test
36355,val
36356,heldout_generator
36357,train
36358,train
36359,heldout_generator
36360,train
36361,heldout_generator
36362,train
36363,train
36364,train
36365,val
36366,train
36367,heldout_generator
36368,train
36369,train
36370,test
36371,train
36372,train
36373,train
36374,heldout_generator
36375,train
36376,heldout_prompt
36377,train
36378,heldout_prompt
36379,heldout_prompt
36380,val
36381,train
36382,test
36383,train
36384,train
36385,train
36386,heldout_prompt
36387,heldout_prompt
36388,train
36389,heldout_generator
36390,heldout_generator
36391,train
36392,heldout_generator
36393,train
36394,train
36395,train
36396,test
36397,val
36398,train
36399,train
36400,heldout_prompt
36401,train
36402,heldout_prompt
36403,train
36404,train
36405,test
36406,train
36407,train
36408,heldout_generator
36409,train
36410,train
36411,train
36412,heldout_generator
36413,test
36414,train
36415,test
36416,train
36417,test
36418,train
36419,train
36420,train
36421,heldout_generator
36422,heldout_generator
36423,heldout_generator
36424,train
36425,heldout_generator
36426,heldout_generator
36427,train
36428,train
36429,train
36430,heldout_prompt
36431,train
36432,heldout_generator
36433,train
36434,train
36435,heldout_generator
36436,heldout_prompt
36437,train
36438,train
36439,train
36440,train
36441,heldout_prompt
36442,heldout_generator
36443,train
36444,train
36445,train
36446,train
36447,train
36448,train
36449,test
36450,train
36451,train
36452,train
36453,heldout_generator
36454,train
36455,train
36456,train
36457,train
36458,train
36459,val
36460,heldout_prompt
36461,val
36462,test
36463,train
36464,train
36465,train
36466,train
36467,val
36468,train
36469,train
36470,test
36471,train
36472,heldout_generator
36473,train
36474,heldout_generator
36475,train
36476,heldout_prompt
36477,train
36478,val
36479,train
36480,train
36481,heldout_prompt
36482,train
36483,heldout_generator
36484,val
36485,train
36486,train
36487,heldout_prompt
36488,heldout_generator
36489,heldout_prompt
36490,train
36491,test
36492,train
36493,test
36494,train
36495,train
36496,train
36497,heldout_generator
36498,train
36499,heldout_prompt
36500,test
36501,train
36502,test
36503,heldout_generator
36504,val
36505,val
36506,train
36507,train
36508,train
36509,val
36510,train
36511,test
36512,val
36513,train
36514,train
36515,test
36516,train
36517,test
36518,train
36519,test
36520,heldout_generator
36521,train
36522,heldout_generator
36523,heldout_prompt
36524,train
36525,train
36526,heldout_prompt
36527,test
36528,train
36529,train
36530,train
36531,heldout_generator
36532,heldout_generator
36533,test
36534,train
36535,train
36536,test
36537,train
36538,train
36539,heldout_generator
36540,heldout_generator
36541,train
36542,heldout_prompt
36543,heldout_prompt
36544,test
36545,train
36546,train
36547,heldout_generator
36548,train
36549,train
36550,val
36551,heldout_generator
36552,train
36553,heldout_prompt
36554,train
36555,train
36556,train
36557,heldout_generator
36558,train
36559,train
36560,train
36561,train
36562,train
36563,val
36564,train
36565,train
36566,val
36567,heldout_generator
36568,train
36569,train
36570,train
36571,train
36572,train
36573,train
36574,heldout_generator
36575,heldout_prompt
36576,train
36577,test
36578,train
36579,heldout_generator
36580,train
36581,train
36582,heldout_prompt
36583,train
36584,train
36585,test
36586,train
36587,train
36588,train
36589,heldout_generator
36590,train
36591,train
36592,heldout_generator
36593,train
36594,val
36595,train
36596,heldout_generator
36597,train
36598,train
36599,train
36600,heldout_prompt
36601,val
36602,train
36603,heldout_generator
36604,train
36605,train
36606,val
36607,train
36608,train
36609,heldout_generator
36610,val
36611,val
36612,train
36613,train
36614,train
36615,train
36616,heldout_generator
36617,train
36618,heldout_prompt
36619,train
36620,train
36621,train
36622,test
36623,heldout_generator
36624,val
36625,train
36626,train
36627,test
36628,train
36629,train
36630,test
36631,val
36632,train
36633,train
36634,heldout_generator
36635,train
36636,heldout_generator
36637,train
36638,train
36639,train
36640,train
36641,heldout_generator
36642,heldout_prompt
36643,train
36644,heldout_generator
36645,train
36646,train
36647,train
36648,train
36649,train
36650,heldout_prompt
36651,test
36652,train
36653,test
36654,heldout_generator
36655,train
36656,train
36657,train
36658,train
36659,train
36660,heldout_generator
36661,train
36662,train
36663,train
36664,train
36665,train
36666,train
36667,train
36668,test
36669,heldout_generator
36670,train
36671,heldout_generator
36672,train
36673,val
36674,heldout_generator
36675,train
36676,train
36677,train
36678,train
36679,train
36680,heldout_generator
36681,val
36682,heldout_generator
36683,val
36684,test
36685,train
36686,train
36687,heldout_generator
36688,heldout_generator
36689,heldout_prompt
36690,train
36691,train
36692,train
36693,train
36694,heldout_prompt
36695,train
36696,train
36697,train
36698,heldout_generator
36699,heldout_prompt
36700,train
36701,train
36702,train
36703,val
36704,train
36705,heldout_generator
36706,heldout_prompt
36707,train
36708,heldout_prompt
36709,train
36710,train
36711,train
36712,test
36713,heldout_generator
36714,heldout_generator
36715,heldout_prompt
36716,train
36717,train
36718,train
36719,train
36720,heldout_generator
36721,heldout_generator
36722,heldout_prompt
36723,train
36724,train
36725,train
36726,train
36727,heldout_generator
36728,heldout_generator
36729,heldout_generator
36730,train
36731,train
36732,heldout_prompt
36733,heldout_generator
36734,train
36735,train
36736,heldout_prompt
36737,val
36738,heldout_generator
36739,heldout_generator
36740,train
36741,train
36742,train
36743,train
36744,train
36745,heldout_generator
36746,train
36747,val
36748,train
36749,train
36750,train
36751,train
36752,heldout_generator
36753,heldout_generator
36754,train
36755,train
36756,heldout_generator
36757,train
36758,train
36759,heldout_generator
36760,heldout_prompt
36761,heldout_generator
36762,heldout_generator
36763,train
36764,heldout_generator
36765,heldout_generator
36766,test
36767,heldout_generator
36768,train
36769,train
36770,train
36771,heldout_generator
36772,test
36773,test
36774,train
36775,train
36776,train
36777,heldout_prompt
36778,train
36779,train
36780,val
36781,heldout_prompt
36782,train
36783,val
36784,heldout_prompt
36785,train
36786,train
36787,train
36788,test
36789,train
36790,test
36791,train
36792,train
36793,train
36794,train
36795,train
36796,train
36797,heldout_generator
36798,heldout_generator
36799,heldout_generator
36800,train
36801,train
36802,train
36803,train
36804,train
36805,heldout_prompt
36806,train
36807,train
36808,train
36809,test
36810,heldout_prompt
36811,train
36812,heldout_prompt
36813,heldout_prompt
36814,train
36815,train
36816,test
36817,train
36818,train
36819,train
36820,heldout_generator
36821,train
36822,heldout_prompt
36823,heldout_generator
36824,train
36825,heldout_generator
36826,train
36827,train
36828,heldout_prompt
36829,train
36830,val
36831,train
36832,heldout_prompt
36833,train
36834,train
36835,heldout_generator
36836,train
36837,train
36838,heldout_prompt
36839,heldout_prompt
36840,train
36841,train
36842,test
36843,heldout_prompt
36844,train
36845,train
36846,train
36847,train
36848,train
36849,test
36850,train
36851,heldout_generator
36852,heldout_prompt
36853,train
36854,train
36855,val
36856,heldout_prompt
36857,train
36858,train
36859,train
36860,train
36861,heldout_generator
36862,train
36863,train
36864,train
36865,train
36866,val
36867,val
36868,val
36869,train
36870,heldout_generator
36871,train
36872,heldout_prompt
36873,train
36874,train
36875,train
36876,train
36877,heldout_generator
36878,train
36879,heldout_generator
36880,train
36881,heldout_generator
36882,test
36883,train
36884,heldout_generator
36885,val
36886,val
36887,train
36888,train
36889,heldout_generator
36890,heldout_generator
36891,train
36892,train
36893,train
36894,heldout_prompt
36895,train
36896,train
36897,train
36898,heldout_generator
36899,train
36900,train
36901,train
36902,train
36903,train
36904,heldout_prompt
36905,heldout_generator
36906,heldout_generator
36907,heldout_generator
36908,train
36909,train
36910,heldout_generator
36911,train
36912,heldout_generator
36913,val
36914,train
36915,train
36916,train
36917,train
36918,heldout_prompt
36919,train
36920,train
36921,train
36922,train
36923,train
36924,train
36925,train
36926,train
36927,heldout_generator
36928,heldout_generator
36929,heldout_generator
36930,heldout_generator
36931,heldout_generator
36932,heldout_generator
36933,heldout_generator
36934,val
36935,heldout_prompt
36936,heldout_generator
36937,train
36938,train
36939,heldout_generator
36940,heldout_prompt
36941,val
36942,train
36943,heldout_generator
36944,train
36945,heldout_generator
36946,train
36947,train
36948,heldout_generator
36949,train
36950,train
36951,train
36952,train
36953,train
36954,test
36955,heldout_generator
36956,train
36957,heldout_generator
36958,heldout_generator
36959,train
36960,train
36961,train
36962,heldout_generator
36963,train
36964,train
36965,train
36966,val
36967,train
36968,train
36969,train
36970,heldout_generator
36971,heldout_generator
36972,heldout_generator
36973,val
36974,train
36975,val
36976,train
36977,test
36978,train
36979,train
36980,heldout_generator
36981,heldout_prompt
36982,train
36983,train
36984,val
36985,val
36986,val
36987,train
36988,heldout_generator
36989,val
36990,train
36991,heldout_generator
36992,train
36993,heldout_prompt
36994,train
36995,train
36996,val
36997,val
36998,train
36999,test
37000,test
37001,train
37002,heldout_prompt
37003,train
37004,train
37005,heldout_generator
37006,heldout_generator
37007,val
37008,test
37009,heldout_prompt
37010,train
37011,train
37012,train
37013,train
37014,heldout_generator
37015,train
37016,train
37017,heldout_generator
37018,test
37019,train
37020,train
37021,train
37022,train
37023,heldout_generator
37024,test
37025,train
37026,heldout_generator
37027,heldout_prompt
37028,val
37029,train
37030,heldout_generator
37031,train
37032,heldout_generator
37033,train
37034,heldout_prompt
37035,train
37036,test
37037,train
37038,train
37039,train
37040,test
37041,train
37042,test
37043,train
37044,test
37045,train
37046,heldout_generator
37047,train
37048,heldout_prompt
37049,heldout_prompt
37050,train
37051,train
37052,heldout_generator
37053,train
37054,train
37055,heldout_prompt
37056,train
37057,val
37058,train
37059,train
37060,train
37061,heldout_generator
37062,train
37063,train
37064,train
37065,heldout_generator
37066,train
37067,train
37068,val
37069,heldout_prompt
37070,heldout_prompt
37071,train
37072,train
37073,train
37074,heldout_prompt
37075,heldout_generator
37076,train
37077,train
37078,heldout_generator
37079,heldout_generator
37080,train
37081,val
37082,heldout_generator
37083,val
37084,val
37085,test
37086,train
37087,train
37088,heldout_generator
37089,heldout_generator
37090,train
37091,train
37092,test
37093,train
37094,train
37095,heldout_prompt
37096,train
37097,train
37098,heldout_generator
37099,train
37100,train
37101,test
37102,train
37103,train
37104,heldout_prompt
37105,heldout_prompt
37106,train
37107,train
37108,val
37109,test
37110,train
37111,train
37112,train
37113,test
37114,train
37115,train
37116,train
37117,heldout_prompt
37118,train
37119,heldout_generator
37120,heldout_prompt
37121,train
37122,train
37123,heldout_generator
37124,train
37125,heldout_generator
37126,train
37127,train
37128,train
37129,train
37130,heldout_generator
37131,train
37132,heldout_generator
37133,heldout_generator
37134,train
37135,train
37136,train
37137,train
37138,train
37139,train
37140,train
37141,train
37142,heldout_prompt
37143,train
37144,val
37145,train
37146,train
37147,heldout_generator
37148,heldout_generator
37149,heldout_generator
37150,train
37151,heldout_prompt
37152,train
37153,heldout_generator
37154,train
37155,train
37156,test
37157,train
37158,train
37159,train
37160,train
37161,train
37162,train
37163,train
37164,train
37165,train
37166,train
37167,train
37168,heldout_generator
37169,train
37170,train
37171,train
37172,train
37173,train
37174,train
37175,train
37176,val
37177,heldout_generator
37178,heldout_generator
37179,train
37180,train
37181,val
37182,train
37183,train
37184,train
37185,heldout_prompt
37186,heldout_generator
37187,train
37188,heldout_generator
37189,train
37190,train
37191,train
37192,train
37193,heldout_generator
37194,train
37195,train
37196,train
37197,train
37198,heldout_generator
37199,heldout_generator
37200,train
37201,train
37202,heldout_generator
37203,val
37204,test
37205,train
37206,heldout_prompt
37207,train
37208,train
37209,train
37210,train
37211,train
37212,heldout_prompt
37213,val
37214,train
37215,test
37216,train
37217,test
37218,heldout_generator
37219,train
37220,heldout_prompt
37221,train
37222,heldout_prompt
37223,test
37224,heldout_generator
37225,test
37226,train
37227,heldout_generator
37228,train
37229,heldout_prompt
37230,train
37231,train
37232,train
37233,train
37234,train
37235,train
37236,heldout_generator
37237,train
37238,val
37239,train
37240,heldout_generator
37241,train
37242,val
37243,heldout_generator
37244,val
37245,heldout_generator
37246,test
37247,train
37248,train
37249,train
37250,heldout_generator
37251,train
37252,heldout_generator
37253,train
37254,train
37255,heldout_generator
37256,heldout_prompt
37257,heldout_prompt
37258,train
37259,heldout_generator
37260,test
37261,train
37262,heldout_prompt
37263,train
37264,test
37265,heldout_generator
37266,train
37267,train
37268,train
37269,heldout_prompt
37270,val
37271,train
37272,train
37273,val
37274,test
37275,train
37276,train
37277,train
37278,train
37279,train
37280,test
37281,train
37282,train
37283,heldout_generator
37284,train
37285,val
37286,train
37287,train
37288,heldout_generator
37289,heldout_generator
37290,train
37291,heldout_prompt
37292,test
37293,heldout_generator
37294,train
37295,heldout_generator
37296,val
37297,train
37298,train
37299,test
37300,train
37301,train
37302,test
37303,train
37304,heldout_generator
37305,train
37306,train
37307,heldout_generator
37308,heldout_prompt
37309,val
37310,heldout_prompt
37311,train
37312,train
37313,train
37314,val
37315,train
37316,train
37317,heldout_generator
37318,heldout_prompt
37319,heldout_prompt
37320,train
37321,train
37322,test
37323,train
37324,train
37325,train
37326,train
37327,train
37328,heldout_generator
37329,train
37330,train
37331,train
37332,train
37333,train
37334,train
37335,train
37336,train
37337,heldout_prompt
37338,train
37339,train
37340,val
37341,train
37342,train
37343,train
37344,train
37345,train
37346,train
37347,train
37348,train
37349,train
37350,test
37351,heldout_generator
37352,train
37353,train
37354,heldout_generator
37355,heldout_prompt
37356,train
37357,train
37358,heldout_prompt
37359,train
37360,train
37361,train
37362,train
37363,train
37364,train
37365,train
37366,test
37367,heldout_prompt
37368,train
37369,train
37370,train
37371,heldout_generator
37372,train
37373,train
37374,train
37375,train
37376,train
37377,heldout_generator
37378,train
37379,val
37380,heldout_prompt
37381,heldout_generator
37382,train
37383,heldout_generator
37384,train
37385,train
37386,train
37387,train
37388,heldout_prompt
37389,heldout_generator
37390,train
37391,train
37392,heldout_generator
37393,train
37394,train
37395,train
37396,train
37397,heldout_prompt
37398,heldout_generator
37399,heldout_generator
37400,train
37401,heldout_prompt
37402,train
37403,heldout_prompt
37404,val
37405,heldout_generator
37406,train
37407,train
37408,test
37409,train
37410,heldout_prompt
37411,train
37412,train
37413,heldout_generator
37414,train
37415,train
37416,train
37417,train
37418,train
37419,train
37420,train
37421,heldout_prompt
37422,train
37423,test
37424,heldout_generator
37425,train
37426,heldout_generator
37427,train
37428,heldout_generator
37429,train
37430,heldout_generator
37431,train
37432,train
37433,train
37434,heldout_generator
37435,train
37436,heldout_generator
37437,train
37438,train
37439,heldout_generator
37440,train
37441,heldout_prompt
37442,test
37443,val
37444,test
37445,heldout_generator
37446,heldout_generator
37447,train
37448,train
37449,train
37450,train
37451,train
37452,train
37453,train
37454,heldout_prompt
37455,train
37456,train
37457,heldout_generator
37458,test
37459,train
37460,heldout_generator
37461,train
37462,train
37463,train
37464,val
37465,train
37466,test
37467,train
37468,train
37469,train
37470,train
37471,train
37472,heldout_prompt
37473,test
37474,val
37475,train
37476,train
37477,test
37478,train
37479,heldout_generator
37480,train
37481,train
37482,train
37483,heldout_generator
37484,heldout_generator
37485,heldout_prompt
37486,train
37487,test
37488,train
37489,train
37490,train
37491,train
37492,train
37493,train
37494,val
37495,train
37496,train
37497,train
37498,train
37499,heldout_generator
37500,heldout_generator
37501,heldout_prompt
37502,train
37503,train
37504,val
37505,val
37506,train
37507,train
37508,train
37509,heldout_prompt
37510,heldout_prompt
37511,heldout_prompt
37512,heldout_generator
37513,heldout_prompt
37514,heldout_generator
37515,test
37516,train
37517,heldout_generator
37518,heldout_generator
37519,heldout_generator
37520,train
37521,train
37522,test
37523,train
37524,train
37525,train
37526,train
37527,test
37528,train
37529,train
37530,train
37531,heldout_generator
37532,train
37533,train
37534,heldout_generator
37535,train
37536,train
37537,train
37538,train
37539,train
37540,train
37541,val
37542,test
37543,train
37544,heldout_generator
37545,heldout_generator
37546,heldout_generator
37547,heldout_prompt
37548,val
37549,train
37550,train
37551,heldout_prompt
37552,train
37553,train
37554,train
37555,val
37556,train
37557,train
37558,heldout_generator
37559,test
37560,heldout_prompt
37561,train
37562,train
37563,val
37564,train
37565,train
37566,train
37567,heldout_prompt
37568,train
37569,heldout_generator
37570,heldout_prompt
37571,heldout_prompt
37572,train
37573,train
37574,train
37575,train
37576,train
37577,val
37578,test
37579,test
37580,train
37581,train
37582,val
37583,train
37584,train
37585,heldout_generator
37586,train
37587,heldout_prompt
37588,train
37589,train
37590,train
37591,train
37592,heldout_prompt
37593,heldout_prompt
37594,train
37595,heldout_generator
37596,train
37597,heldout_generator
37598,train
37599,train
37600,train
37601,test
37602,heldout_prompt
37603,train
37604,train
37605,heldout_prompt
37606,train
37607,train
37608,train
37609,test
37610,train
37611,train
37612,val
37613,train
37614,train
37615,train
37616,train
37617,train
37618,train
37619,train
37620,heldout_generator
37621,train
37622,train
37623,train
37624,heldout_generator
37625,heldout_generator
37626,train
37627,heldout_prompt
37628,heldout_generator
37629,train
37630,train
37631,val
37632,train
37633,test
37634,train
37635,heldout_generator
37636,heldout_prompt
37637,heldout_generator
37638,train
37639,train
37640,heldout_generator
37641,train
37642,val
37643,heldout_generator
37644,train
37645,train
37646,train
37647,val
37648,train
37649,test
37650,heldout_prompt
37651,train
37652,train
37653,train
37654,train
37655,heldout_generator
37656,val
37657,heldout_generator
37658,train
37659,train
37660,test
37661,heldout_generator
37662,test
37663,train
37664,test
37665,train
37666,test
37667,heldout_generator
37668,val
37669,heldout_prompt
37670,heldout_generator
37671,val
37672,train
37673,train
37674,val
37675,heldout_generator
37676,train
37677,train
37678,heldout_generator
37679,heldout_prompt
37680,train
37681,train
37682,val
37683,train
37684,train
37685,train
37686,train
37687,test
37688,train
37689,train
37690,heldout_prompt
37691,heldout_prompt
37692,val
37693,train
37694,train
37695,train
37696,train
37697,test
37698,val
37699,train
37700,train
37701,train
37702,train
37703,heldout_generator
37704,test
37705,heldout_prompt
37706,train
37707,train
37708,train
37709,train
37710,train
37711,train
37712,train
37713,heldout_generator
37714,train
37715,train
37716,train
37717,heldout_generator
37718,heldout_generator
37719,heldout_generator
37720,val
37721,train
37722,heldout_prompt
37723,heldout_generator
37724,train
37725,test
37726,train
37727,val
37728,heldout_generator
37729,heldout_generator
37730,heldout_prompt
37731,heldout_prompt
37732,train
37733,train
37734,heldout_prompt
37735,heldout_generator
37736,val
37737,train
37738,train
37739,heldout_generator
37740,train
37741,heldout_prompt
37742,val
37743,heldout_prompt
37744,heldout_prompt
37745,train
37746,heldout_generator
37747,train
37748,train
37749,val
37750,train
37751,train
37752,heldout_generator
37753,train
37754,train
37755,train
37756,heldout_generator
37757,heldout_generator
37758,train
37759,train
37760,heldout_generator
37761,train
37762,heldout_generator
37763,train
37764,train
37765,test
37766,train
37767,train
37768,train
37769,train
37770,train
37771,val
37772,heldout_generator
37773,test
37774,train
37775,train
37776,test
37777,train
37778,heldout_prompt
37779,train
37780,heldout_generator
37781,train
37782,heldout_generator
37783,train
37784,train
37785,heldout_prompt
37786,heldout_generator
37787,train
37788,train
37789,train
37790,train
37791,train
37792,train
37793,train
37794,train
37795,test
37796,train
37797,test
37798,heldout_generator
37799,train
37800,heldout_generator
37801,train
37802,train
37803,train
37804,train
37805,test
37806,heldout_generator
37807,train
37808,train
37809,train
37810,test
37811,heldout_generator
37812,heldout_generator
37813,train
37814,train
37815,val
37816,heldout_prompt
37817,train
37818,val
37819,val
37820,heldout_generator
37821,heldout_prompt
37822,train
37823,heldout_generator
37824,train
37825,train
37826,train
37827,heldout_prompt
37828,heldout_prompt
37829,train
37830,heldout_generator
37831,train
37832,heldout_generator
37833,train
37834,train
37835,train
37836,heldout_prompt
37837,train
37838,train
37839,train
37840,val
37841,train
37842,train
37843,heldout_generator
37844,train
37845,train
37846,train
37847,train
37848,train
37849,train
37850,train
37851,train
37852,train
37853,heldout_generator
37854,train
37855,heldout_prompt
37856,train
37857,heldout_generator
37858,heldout_generator
37859,train
37860,heldout_generator
37861,train
37862,train
37863,heldout_generator
37864,heldout_prompt
37865,val
37866,train
37867,train
37868,heldout_prompt
37869,train
37870,train
37871,heldout_generator
37872,train
37873,val
37874,train
37875,train
37876,heldout_generator
37877,train
37878,heldout_generator
37879,heldout_generator
37880,train
37881,train
37882,train
37883,heldout_generator
37884,heldout_generator
37885,train
37886,train
37887,train
37888,train
37889,train
37890,heldout_prompt
37891,train
37892,train
37893,train
37894,train
37895,train
37896,heldout_generator
37897,train
37898,train
37899,train
37900,val
37901,train
37902,train
37903,heldout_generator
37904,train
37905,train
37906,val
37907,heldout_generator
37908,train
37909,train
37910,train
37911,train
37912,val
37913,val
37914,heldout_generator
37915,heldout_prompt
37916,heldout_prompt
37917,val
37918,val
37919,train
37920,heldout_generator
37921,train
37922,train
37923,train
37924,heldout_generator
37925,train
37926,val
37927,val
37928,train
37929,heldout_generator
37930,heldout_prompt
37931,heldout_prompt
37932,train
37933,heldout_generator
37934,train
37935,train
37936,heldout_generator
37937,val
37938,train
37939,val
37940,train
37941,heldout_generator
37942,train
37943,train
37944,val
37945,train
37946,train
37947,train
37948,val
37949,train
37950,heldout_generator
37951,train
37952,heldout_prompt
37953,heldout_generator
37954,train
37955,train
37956,train
37957,heldout_generator
37958,heldout_generator
37959,train
37960,heldout_generator
37961,train
37962,test
37963,heldout_generator
37964,heldout_generator
37965,train
37966,heldout_generator
37967,test
37968,train
37969,train
37970,train
37971,heldout_generator
37972,test
37973,heldout_generator
37974,heldout_generator
37975,heldout_generator
37976,train
37977,train
37978,test
37979,test
37980,train
37981,train
37982,train
37983,heldout_generator
37984,train
37985,train
37986,train
37987,test
37988,val
37989,heldout_generator
37990,train
37991,train
37992,train
37993,test
37994,train
37995,train
37996,heldout_generator
37997,heldout_prompt
37998,heldout_generator
37999,heldout_generator
38000,train
38001,train
38002,train
38003,train
38004,val
38005,train
38006,heldout_generator
38007,train
38008,heldout_prompt
38009,train
38010,train
38011,train
38012,val
38013,train
38014,heldout_generator
38015,train
38016,train
38017,train
38018,heldout_generator
38019,train
38020,train
38021,train
38022,heldout_generator
38023,train
38024,heldout_generator
38025,heldout_generator
38026,train
38027,heldout_generator
38028,train
38029,train
38030,train
38031,train
38032,heldout_generator
38033,train
38034,train
38035,train
38036,train
38037,train
38038,train
38039,test
38040,train
38041,train
38042,heldout_prompt
38043,heldout_generator
38044,val
38045,heldout_generator
38046,train
38047,train
38048,heldout_generator
38049,train
38050,train
38051,train
38052,train
38053,heldout_generator
38054,train
38055,train
38056,heldout_generator
38057,train
38058,val
38059,train
38060,train
38061,train
38062,train
38063,heldout_generator
38064,train
38065,train
38066,train
38067,train
38068,heldout_prompt
38069,train
38070,train
38071,train
38072,train
38073,heldout_generator
38074,heldout_generator
38075,val
38076,train
38077,train
38078,train
38079,val
38080,test
38081,val
38082,train
38083,train
38084,heldout_prompt
38085,train
38086,heldout_generator
38087,test
38088,train
38089,train
38090,train
38091,train
38092,train
38093,train
38094,train
38095,train
38096,heldout_generator
38097,train
38098,train
38099,heldout_prompt
38100,heldout_generator
38101,test
38102,train
38103,train
38104,train
38105,heldout_generator
38106,train
38107,train
38108,train
38109,train
38110,train
38111,heldout_generator
38112,train
38113,train
38114,train
38115,train
38116,train
38117,train
38118,heldout_generator
38119,train
38120,val
38121,train
38122,train
38123,heldout_generator
38124,heldout_prompt
38125,val
38126,heldout_prompt
38127,heldout_generator
38128,heldout_generator
38129,val
38130,train
38131,heldout_generator
38132,train
38133,train
38134,heldout_generator
38135,heldout_prompt
38136,test
38137,heldout_generator
38138,train
38139,train
38140,train
38141,train
38142,train
38143,train
38144,train
38145,train
38146,train
38147,train
38148,train
38149,val
38150,train
38151,train
38152,train
38153,heldout_generator
38154,train
38155,train
38156,train
38157,train
38158,train
38159,heldout_generator
38160,train
38161,train
38162,heldout_generator
38163,heldout_prompt
38164,train
38165,train
38166,heldout_generator
38167,train
38168,train
38169,train
38170,heldout_generator
38171,heldout_generator
38172,train
38173,train
38174,train
38175,train
38176,test
38177,train
38178,train
38179,train
38180,train
38181,train
38182,train
38183,test
38184,train
38185,heldout_prompt
38186,train
38187,heldout_prompt
38188,train
38189,train
38190,train
38191,test
38192,train
38193,train
38194,heldout_generator
38195,train
38196,test
38197,train
38198,train
38199,train
38200,train
38201,train
38202,heldout_prompt
38203,train
38204,train
38205,train
38206,train
38207,train
38208,train
38209,train
38210,train
38211,train
38212,train
38213,train
38214,train
38215,train
38216,train
38217,test
38218,train
38219,test
38220,train
38221,train
38222,train
38223,train
38224,train
38225,train
38226,heldout_generator
38227,heldout_generator
38228,val
38229,train
38230,heldout_generator
38231,train
38232,train
38233,heldout_prompt
38234,heldout_generator
38235,val
38236,train
38237,train
38238,train
38239,train
38240,train
38241,heldout_generator
38242,test
38243,heldout_generator
38244,train
38245,train
38246,train
38247,val
38248,train
38249,val
38250,train
38251,heldout_generator
38252,train
38253,heldout_generator
38254,train
38255,val
38256,train
38257,heldout_prompt
38258,train
38259,heldout_generator
38260,train
38261,train
38262,train
38263,train
38264,train
38265,train
38266,heldout_generator
38267,train
38268,train
38269,train
38270,train
38271,train
38272,train
38273,train
38274,train
38275,heldout_prompt
38276,heldout_generator
38277,heldout_prompt
38278,heldout_generator
38279,train
38280,heldout_prompt
38281,train
38282,train
38283,heldout_generator
38284,train
38285,heldout_prompt
38286,train
38287,train
38288,heldout_generator
38289,heldout_generator
38290,train
38291,train
38292,train
38293,train
38294,heldout_prompt
38295,heldout_prompt
38296,train
38297,test
38298,train
38299,train
38300,val
38301,heldout_generator
38302,heldout_generator
38303,test
38304,heldout_generator
38305,train
38306,val
38307,val
38308,heldout_generator
38309,train
38310,train
38311,test
38312,train
38313,val
38314,train
38315,train
38316,val
38317,test
38318,test
38319,heldout_generator
38320,test
38321,train
38322,train
38323,train
38324,train
38325,train
38326,val
38327,train
38328,heldout_generator
38329,train
38330,train
38331,train
38332,heldout_prompt
38333,heldout_prompt
38334,train
38335,train
38336,heldout_generator
38337,heldout_generator
38338,train
38339,train
38340,train
38341,train
38342,train
38343,heldout_generator
38344,train
38345,heldout_generator
38346,heldout_generator
38347,train
38348,train
38349,heldout_generator
38350,heldout_generator
38351,train
38352,train
38353,val
38354,train
38355,train
38356,train
38357,train
38358,heldout_generator
38359,heldout_prompt
38360,train
38361,train
38362,train
38363,heldout_prompt
38364,val
38365,train
38366,train
38367,train
38368,train
38369,heldout_generator
38370,heldout_prompt
38371,train
38372,train
38373,heldout_generator
38374,heldout_prompt
38375,test
38376,train
38377,train
38378,train
38379,train
38380,train
38381,val
38382,train
38383,train
38384,train
38385,train
38386,test
38387,heldout_generator
38388,train
38389,heldout_generator
38390,val
38391,heldout_generator
38392,train
38393,train
38394,heldout_prompt
38395,test
38396,train
38397,train
38398,heldout_prompt
38399,train
38400,train
38401,train
38402,train
38403,train
38404,test
38405,heldout_generator
38406,train
38407,train
38408,train
38409,val
38410,train
38411,train
38412,train
38413,heldout_generator
38414,test
38415,train
38416,heldout_generator
38417,heldout_generator
38418,heldout_generator
38419,train
38420,train
38421,train
38422,val
38423,train
38424,test
38425,test
38426,train
38427,train
38428,train
38429,heldout_generator
38430,heldout_prompt
38431,heldout_generator
38432,train
38433,train
38434,train
38435,heldout_generator
38436,test
38437,val
38438,train
38439,val
38440,train
38441,heldout_generator
38442,train
38443,heldout_generator
38444,train
38445,train
38446,heldout_prompt
38447,heldout_generator
38448,heldout_prompt
38449,train
38450,train
38451,train
38452,heldout_generator
38453,train
38454,test
38455,train
38456,train
38457,heldout_prompt
38458,train
38459,train
38460,heldout_prompt
38461,train
38462,train
38463,heldout_generator
38464,train
38465,train
38466,train
38467,heldout_prompt
38468,train
38469,train
38470,heldout_prompt
38471,train
38472,heldout_generator
38473,test
38474,train
38475,train
38476,train
38477,train
38478,train
38479,heldout_prompt
38480,train
38481,heldout_generator
38482,heldout_generator
38483,train
38484,train
38485,train
38486,train
38487,heldout_prompt
38488,train
38489,heldout_prompt
38490,train
38491,train
38492,heldout_prompt
38493,train
38494,heldout_generator
38495,heldout_generator
38496,heldout_prompt
38497,heldout_prompt
38498,train
38499,train
38500,train
38501,heldout_prompt
38502,train
38503,train
38504,train
38505,train
38506,heldout_prompt
38507,train
38508,heldout_generator
38509,val
38510,train
38511,train
38512,heldout_generator
38513,train
38514,heldout_prompt
38515,heldout_generator
38516,test
38517,train
38518,train
38519,train
38520,train
38521,test
38522,val
38523,train
38524,train
38525,train
38526,train
38527,train
38528,heldout_prompt
38529,train
38530,train
38531,heldout_prompt
38532,train
38533,train
38534,test
38535,train
38536,train
38537,train
38538,heldout_generator
38539,heldout_prompt
38540,test
38541,heldout_generator
38542,train
38543,heldout_generator
38544,heldout_generator
38545,train
38546,train
38547,train
38548,val
38549,val
38550,heldout_prompt
38551,train
38552,train
38553,test
38554,heldout_prompt
38555,val
38556,train
38557,heldout_generator
38558,heldout_generator
38559,train
38560,train
38561,train
38562,train
38563,train
38564,train
38565,train
38566,train
38567,train
38568,test
38569,heldout_generator
38570,heldout_prompt
38571,heldout_generator
38572,val
38573,heldout_prompt
38574,train
38575,heldout_prompt
38576,heldout_prompt
38577,val
38578,test
38579,train
38580,heldout_generator
38581,heldout_generator
38582,heldout_prompt
38583,val
38584,heldout_generator
38585,train
38586,train
38587,heldout_prompt
38588,train
38589,train
38590,train
38591,train
38592,train
38593,heldout_generator
38594,train
38595,train
38596,train
38597,train
38598,train
38599,train
38600,train
38601,train
38602,train
38603,test
38604,train
38605,heldout_generator
38606,train
38607,heldout_prompt
38608,heldout_generator
38609,train
38610,train
38611,heldout_prompt
38612,train
38613,train
38614,train
38615,train
38616,train
38617,train
38618,train
38619,train
38620,train
38621,train
38622,test
38623,val
38624,train
38625,heldout_prompt
38626,test
38627,train
38628,heldout_generator
38629,train
38630,train
38631,heldout_generator
38632,val
38633,train
38634,train
38635,heldout_prompt
38636,heldout_prompt
38637,train
38638,train
38639,train
38640,test
38641,train
38642,train
38643,heldout_generator
38644,train
38645,train
38646,heldout_prompt
38647,train
38648,val
38649,train
38650,train
38651,train
38652,heldout_prompt
38653,train
38654,train
38655,train
38656,test
38657,heldout_generator
38658,heldout_prompt
38659,train
38660,train
38661,heldout_generator
38662,train
38663,train
38664,heldout_generator
38665,train
38666,train
38667,train
38668,val
38669,train
38670,train
38671,heldout_prompt
38672,test
38673,train
38674,train
38675,heldout_prompt
38676,train
38677,train
38678,test
38679,train
38680,train
38681,train
38682,train
38683,heldout_prompt
38684,train
38685,train
38686,heldout_generator
38687,train
38688,train
38689,train
38690,train
38691,heldout_prompt
38692,heldout_generator
38693,heldout_generator
38694,heldout_generator
38695,heldout_prompt
38696,heldout_generator
38697,test
38698,train
38699,train
38700,train
38701,train
38702,train
38703,train
38704,heldout_generator
38705,heldout_prompt
38706,test
38707,test
38708,train
38709,train
38710,heldout_generator
38711,heldout_generator
38712,test
38713,train
38714,test
38715,test
38716,test
38717,train
38718,train
38719,train
38720,train
38721,train
38722,train
38723,val
38724,val
38725,train
38726,heldout_prompt
38727,heldout_generator
38728,train
38729,heldout_generator
38730,train
38731,train
38732,test
38733,test
38734,heldout_generator
38735,train
38736,train
38737,train
38738,train
38739,train
38740,train
38741,train
38742,train
38743,test
38744,train
38745,train
38746,train
38747,heldout_generator
38748,heldout_generator
38749,test
38750,heldout_prompt
38751,train
38752,train
38753,train
38754,train
38755,train
38756,heldout_generator
38757,train
38758,train
38759,train
38760,train
38761,train
38762,train
38763,heldout_prompt
38764,train
38765,test
38766,heldout_generator
38767,train
38768,train
38769,heldout_prompt
38770,test
38771,train
38772,heldout_generator
38773,train
38774,val
38775,train
38776,val
38777,train
38778,heldout_prompt
38779,train
38780,train
38781,heldout_generator
38782,train
38783,train
38784,test
38785,heldout_generator
38786,test
38787,train
38788,train
38789,train
38790,heldout_prompt
38791,train
38792,heldout_generator
38793,train
38794,train
38795,heldout_generator
38796,train
38797,heldout_generator
38798,train
38799,train
38800,heldout_generator
38801,train
38802,heldout_generator
38803,train
38804,train
38805,train
38806,heldout_generator
38807,heldout_generator
38808,train
38809,train
38810,train
38811,train
38812,train
38813,train
38814,heldout_prompt
38815,val
38816,train
38817,heldout_prompt
38818,train
38819,heldout_generator
38820,heldout_prompt
38821,val
38822,val
38823,val
38824,heldout_generator
38825,test
38826,train
38827,train
38828,train
38829,train
38830,heldout_prompt
38831,heldout_prompt
38832,heldout_prompt
38833,train
38834,train
38835,train
38836,train
38837,val
38838,train
38839,test
38840,heldout_generator
38841,train
38842,val
38843,train
38844,train
38845,train
38846,val
38847,train
38848,val
38849,train
38850,train
38851,train
38852,heldout_generator
38853,train
38854,train
38855,train
38856,train
38857,train
38858,test
38859,test
38860,heldout_prompt
38861,val
38862,heldout_prompt
38863,test
38864,heldout_generator
38865,train
38866,heldout_generator
38867,train
38868,train
38869,heldout_generator
38870,train
38871,heldout_generator
38872,heldout_prompt
38873,val
38874,train
38875,train
38876,heldout_generator
38877,train
38878,train
38879,train
38880,train
38881,train
38882,train
38883,train
38884,heldout_generator
38885,train
38886,test
38887,train
38888,train
38889,val
38890,heldout_prompt
38891,train
38892,heldout_generator
38893,train
38894,test
38895,train
38896,train
38897,train
38898,val
38899,test
38900,train
38901,heldout_generator
38902,train
38903,heldout_generator
38904,train
38905,test
38906,train
38907,heldout_generator
38908,train
38909,train
38910,val
38911,heldout_generator
38912,heldout_generator
38913,train
38914,train
38915,test
38916,heldout_prompt
38917,heldout_generator
38918,heldout_generator
38919,train
38920,train
38921,train
38922,heldout_prompt
38923,test
38924,train
38925,train
38926,train
38927,train
38928,train
38929,train
38930,heldout_generator
38931,heldout_generator
38932,train
38933,heldout_generator
38934,heldout_prompt
38935,train
38936,heldout_generator
38937,train
38938,heldout_generator
38939,train
38940,test
38941,train
38942,train
38943,heldout_generator
38944,train
38945,heldout_generator
38946,train
38947,train
38948,train
38949,heldout_prompt
38950,train
38951,val
38952,train
38953,heldout_generator
38954,train
38955,heldout_generator
38956,train
38957,train
38958,heldout_generator
38959,heldout_generator
38960,test
38961,heldout_prompt
38962,train
38963,train
38964,heldout_generator
38965,train
38966,train
38967,train
38968,train
38969,test
38970,train
38971,heldout_generator
38972,test
38973,test
38974,train
38975,train
38976,heldout_prompt
38977,train
38978,train
38979,train
38980,val
38981,train
38982,test
38983,heldout_generator
38984,val
38985,val
38986,train
38987,train
38988,heldout_prompt
38989,heldout_generator
38990,test
38991,train
38992,train
38993,heldout_prompt
38994,heldout_generator
38995,train
38996,heldout_prompt
38997,heldout_generator
38998,train
38999,heldout_generator
39000,train
39001,train
39002,train
39003,train
39004,train
39005,heldout_prompt
39006,heldout_prompt
39007,val
39008,train
39009,heldout_generator
39010,train
39011,heldout_generator
39012,val
39013,train
39014,heldout_generator
39015,heldout_generator
39016,val
39017,train
39018,test
39019,train
39020,train
39021,train
39022,heldout_prompt
39023,train
39024,train
39025,val
39026,heldout_generator
39027,heldout_prompt
39028,train
39029,heldout_prompt
39030,train
39031,heldout_generator
39032,train
39033,test
39034,train
39035,train
39036,train
39037,train
39038,val
39039,heldout_generator
39040,train
39041,test
39042,train
39043,train
39044,heldout_generator
39045,train
39046,train
39047,train
39048,heldout_generator
39049,heldout_generator
39050,train
39051,train
39052,heldout_prompt
39053,train
39054,train
39055,train
39056,train
39057,val
39058,heldout_generator
39059,heldout_generator
39060,train
39061,val
39062,train
39063,val
39064,val
39065,test
39066,train
39067,train
39068,train
39069,heldout_generator
39070,train
39071,heldout_prompt
39072,train
39073,train
39074,train
39075,train
39076,val
39077,train
39078,train
39079,train
39080,test
39081,train
39082,train
39083,val
39084,heldout_generator
39085,train
39086,train
39087,train
39088,train
39089,val
39090,train
39091,heldout_generator
39092,heldout_generator
39093,train
39094,test
39095,train
39096,val
39097,heldout_generator
39098,train
39099,heldout_generator
39100,val
39101,train
39102,train
39103,train
39104,heldout_generator
39105,train
39106,train
39107,heldout_prompt
39108,heldout_generator
39109,heldout_generator
39110,train
39111,train
39112,train
39113,test
39114,train
39115,heldout_generator
39116,train
39117,train
39118,train
39119,heldout_prompt
39120,train
39121,train
39122,heldout_generator
39123,val
39124,train
39125,train
39126,train
39127,train
39128,heldout_prompt
39129,train
39130,train
39131,heldout_generator
39132,heldout_generator
39133,train
39134,train
39135,train
39136,train
39137,heldout_generator
39138,train
39139,heldout_generator
39140,heldout_generator
39141,train
39142,val
39143,train
39144,heldout_prompt
39145,test
39146,train
39147,train
39148,test
39149,val
39150,heldout_prompt
39151,train
39152,train
39153,val
39154,train
39155,train
39156,heldout_generator
39157,train
39158,heldout_generator
39159,train
39160,heldout_generator
39161,train
39162,heldout_prompt
39163,train
39164,train
39165,train
39166,test
39167,train
39168,train
39169,heldout_generator
39170,train
39171,val
39172,train
39173,test
39174,train
39175,train
39176,train
39177,heldout_generator
39178,heldout_prompt
39179,train
39180,train
39181,heldout_generator
39182,train
39183,train
39184,train
39185,heldout_prompt
39186,train
39187,heldout_prompt
39188,train
39189,heldout_generator
39190,heldout_generator
39191,heldout_generator
39192,heldout_generator
39193,heldout_generator
39194,heldout_prompt
39195,heldout_prompt
39196,heldout_generator
39197,heldout_generator
39198,train
39199,test
39200,test
39201,train
39202,train
39203,train
39204,train
39205,heldout_prompt
39206,heldout_prompt
39207,train
39208,train
39209,train
39210,train
39211,train
39212,train
39213,test
39214,train
39215,train
39216,heldout_generator
39217,train
39218,heldout_generator
39219,heldout_prompt
39220,heldout_prompt
39221,train
39222,train
39223,heldout_generator
39224,train
39225,train
39226,train
39227,heldout_generator
39228,heldout_prompt
39229,heldout_prompt
39230,train
39231,heldout_prompt
39232,train
39233,train
39234,heldout_generator
39235,train
39236,train
39237,val
39238,train
39239,train
39240,heldout_generator
39241,heldout_generator
39242,train
39243,train
39244,train
39245,train
39246,heldout_generator
39247,train
39248,heldout_generator
39249,train
39250,heldout_generator
39251,val
39252,train
39253,train
39254,train
39255,test
39256,train
39257,val
39258,heldout_generator
39259,heldout_generator
39260,test
39261,test
39262,heldout_generator
39263,train
39264,train
39265,train
39266,heldout_prompt
39267,test
39268,train
39269,train
39270,heldout_prompt
39271,train
39272,train
39273,train
39274,train
39275,heldout_generator
39276,train
39277,train
39278,train
39279,train
39280,heldout_prompt
39281,train
39282,train
39283,train
39284,heldout_generator
39285,train
39286,train
39287,heldout_generator
39288,train
39289,train
39290,heldout_generator
39291,train
39292,train
39293,test
39294,val
39295,train
39296,train
39297,test
39298,train
39299,train
39300,heldout_prompt
39301,train
39302,val
39303,train
39304,heldout_prompt
39305,val
39306,train
39307,train
39308,train
39309,train
39310,heldout_generator
39311,train
39312,val
39313,train
39314,train
39315,heldout_prompt
39316,heldout_prompt
39317,train
39318,train
39319,heldout_generator
39320,train
39321,heldout_generator
39322,train
39323,train
39324,train
39325,train
39326,heldout_generator
39327,heldout_generator
39328,val
39329,val
39330,train
39331,train
39332,train
39333,train
39334,train
39335,heldout_generator
39336,train
39337,train
39338,test
39339,train
39340,train
39341,train
39342,train
39343,train
39344,train
39345,train
39346,train
39347,heldout_prompt
39348,test
39349,val
39350,heldout_generator
39351,train
39352,train
39353,heldout_generator
39354,train
39355,train
39356,train
39357,heldout_prompt
39358,train
39359,train
39360,train
39361,train
39362,train
39363,train
39364,train
39365,train
39366,train
39367,test
39368,heldout_generator
39369,heldout_prompt
39370,heldout_prompt
39371,train
39372,test
39373,train
39374,train
39375,train
39376,val
39377,train
39378,test
39379,test
39380,heldout_generator
39381,test
39382,train
39383,train
39384,heldout_generator
39385,train
39386,train
39387,train
39388,train
39389,train
39390,train
39391,heldout_generator
39392,train
39393,heldout_generator
39394,train
39395,train
39396,train
39397,heldout_generator
39398,heldout_prompt
39399,val
39400,train
39401,heldout_prompt
39402,heldout_generator
39403,heldout_generator
39404,train
39405,train
39406,train
39407,heldout_prompt
39408,test
39409,test
39410,train
39411,heldout_generator
39412,train
39413,heldout_prompt
39414,train
39415,heldout_generator
39416,heldout_generator
39417,heldout_generator
39418,heldout_prompt
39419,heldout_prompt
39420,heldout_prompt
39421,heldout_generator
39422,val
39423,train
39424,heldout_generator
39425,train
39426,heldout_prompt
39427,heldout_generator
39428,train
39429,heldout_prompt
39430,train
39431,train
39432,train
39433,val
39434,val
39435,train
39436,train
39437,train
39438,heldout_prompt
39439,train
39440,heldout_generator
39441,train
39442,train
39443,train
39444,heldout_prompt
39445,heldout_generator
39446,train
39447,train
39448,val
39449,train
39450,test
39451,heldout_prompt
39452,heldout_generator
39453,train
39454,train
39455,train
39456,val
39457,val
39458,train
39459,train
39460,test
39461,train
39462,train
39463,heldout_generator
39464,heldout_generator
39465,train
39466,val
39467,train
39468,heldout_prompt
39469,test
39470,heldout_generator
39471,train
39472,heldout_generator
39473,train
39474,heldout_generator
39475,heldout_prompt
39476,test
39477,train
39478,train
39479,train
39480,heldout_generator
39481,heldout_prompt
39482,heldout_generator
39483,train
39484,heldout_generator
39485,val
39486,train
39487,train
39488,train
39489,val
39490,train
39491,train
39492,train
39493,train
39494,train
39495,heldout_generator
39496,test
39497,train
39498,heldout_generator
39499,train
39500,heldout_generator
39501,test
39502,heldout_generator
39503,train
39504,train
39505,train
39506,heldout_generator
39507,train
39508,train
39509,train
39510,train
39511,train
39512,train
39513,train
39514,train
39515,heldout_generator
39516,heldout_generator
39517,heldout_prompt
39518,val
39519,train
39520,train
39521,heldout_generator
39522,heldout_generator
39523,train
39524,test
39525,heldout_generator
39526,train
39527,heldout_generator
39528,heldout_prompt
39529,test
39530,train
39531,heldout_generator
39532,heldout_generator
39533,train
39534,train
39535,test
39536,heldout_generator
39537,train
39538,train
39539,heldout_prompt
39540,val
39541,train
39542,train
39543,heldout_generator
39544,train
39545,train
39546,heldout_prompt
39547,train
39548,train
39549,train
39550,val
39551,val
39552,train
39553,train
39554,train
39555,train
39556,train
39557,val
39558,train
39559,heldout_generator
39560,heldout_prompt
39561,heldout_generator
39562,train
39563,train
39564,train
39565,train
39566,train
39567,heldout_prompt
39568,train
39569,train
39570,heldout_generator
39571,heldout_prompt
39572,heldout_generator
39573,train
39574,train
39575,heldout_generator
39576,train
39577,train
39578,heldout_generator
39579,heldout_generator
39580,train
39581,train
39582,train
39583,train
39584,val
39585,train
39586,train
39587,train
39588,train
39589,val
39590,train
39591,train
39592,heldout_prompt
39593,train
39594,train
39595,heldout_generator
39596,test
39597,heldout_generator
39598,train
39599,train
39600,train
39601,train
39602,train
39603,heldout_prompt
39604,train
39605,heldout_generator
39606,train
39607,train
39608,heldout_prompt
39609,train
39610,train
39611,val
39612,train
39613,train
39614,val
39615,heldout_prompt
39616,heldout_generator
39617,heldout_generator
39618,train
39619,train
39620,test
39621,train
39622,val
39623,train
39624,train
39625,heldout_prompt
39626,heldout_generator
39627,test
39628,val
39629,train
39630,val
39631,train
39632,test
39633,train
39634,train
39635,train
39636,train
39637,heldout_prompt
39638,train
39639,heldout_prompt
39640,heldout_generator
39641,train
39642,train
39643,heldout_generator
39644,train
39645,train
39646,heldout_generator
39647,test
39648,heldout_prompt
39649,train
39650,train
39651,train
39652,train
39653,train
39654,train
39655,heldout_generator
39656,train
39657,train
39658,train
39659,train
39660,train
39661,heldout_prompt
39662,train
39663,train
39664,heldout_generator
39665,val
39666,train
39667,train
39668,train
39669,train
39670,train
39671,heldout_generator
39672,test
39673,train
39674,heldout_prompt
39675,train
39676,train
39677,heldout_generator
39678,train
39679,train
39680,test
39681,train
39682,train
39683,heldout_generator
39684,test
39685,train
39686,train
39687,train
39688,train
39689,test
39690,heldout_generator
39691,train
39692,heldout_generator
39693,train
39694,train
39695,train
39696,train
39697,train
39698,train
39699,train
39700,train
39701,test
39702,heldout_generator
39703,train
39704,train
39705,test
39706,heldout_generator
39707,train
39708,train
39709,train
39710,heldout_generator
39711,heldout_prompt
39712,heldout_generator
39713,train
39714,heldout_generator
39715,train
39716,train
39717,train
39718,heldout_generator
39719,train
39720,train
39721,train
39722,test
39723,train
39724,train
39725,train
39726,train
39727,train
39728,val
39729,train
39730,train
39731,train
39732,heldout_generator
39733,val
39734,heldout_prompt
39735,heldout_prompt
39736,test
39737,heldout_prompt
39738,heldout_prompt
39739,train
39740,heldout_generator
39741,heldout_generator
39742,train
39743,heldout_generator
39744,train
39745,train
39746,heldout_prompt
39747,train
39748,train
39749,heldout_prompt
39750,heldout_prompt
39751,train
39752,train
39753,train
39754,train
39755,heldout_prompt
39756,train
39757,heldout_prompt
39758,train
39759,train
39760,train
39761,train
39762,train
39763,heldout_generator
39764,train
39765,heldout_generator
39766,train
39767,train
39768,train
39769,train
39770,heldout_generator
39771,heldout_prompt
39772,train
39773,heldout_prompt
39774,val
39775,train
39776,train
39777,heldout_generator
39778,train
39779,heldout_generator
39780,heldout_generator
39781,heldout_generator
39782,val
39783,train
39784,test
39785,heldout_generator
39786,heldout_generator
39787,heldout_generator
39788,test
39789,heldout_generator
39790,heldout_generator
39791,train
39792,train
39793,val
39794,heldout_generator
39795,train
39796,train
39797,heldout_generator
39798,train
39799,train
39800,train
39801,heldout_generator
39802,train
39803,train
39804,train
39805,train
39806,val
39807,train
39808,heldout_generator
39809,train
39810,heldout_generator
39811,heldout_prompt
39812,test
39813,train
39814,train
39815,train
39816,train
39817,train
39818,heldout_generator
39819,train
39820,train
39821,train
39822,train
39823,train
39824,heldout_generator
39825,val
39826,train
39827,heldout_prompt
39828,train
39829,train
39830,train
39831,train
39832,train
39833,train
39834,train
39835,train
39836,heldout_generator
39837,heldout_prompt
39838,train
39839,train
39840,train
39841,heldout_generator
39842,train
39843,train
39844,test
39845,train
39846,heldout_generator
39847,train
39848,train
39849,train
39850,train
39851,train
39852,val
39853,train
39854,heldout_generator
39855,train
39856,train
39857,heldout_prompt
39858,train
39859,heldout_generator
39860,test
39861,train
39862,train
39863,heldout_generator
39864,val
39865,train
39866,train
39867,test
39868,test
39869,test
39870,train
39871,heldout_generator
39872,val
39873,train
39874,train
39875,train
39876,train
39877,train
39878,heldout_generator
39879,train
39880,train
39881,train
39882,train
39883,heldout_prompt
39884,test
39885,train
39886,train
39887,train
39888,train
39889,train
39890,heldout_prompt
39891,train
39892,train
39893,heldout_prompt
39894,train
39895,train
39896,heldout_generator
39897,heldout_generator
39898,train
39899,heldout_generator
39900,train
39901,train
39902,heldout_prompt
39903,val
39904,train
39905,train
39906,test
39907,train
39908,test
39909,heldout_generator
39910,train
39911,train
39912,train
39913,train
39914,train
39915,test
39916,train
39917,train
39918,heldout_generator
39919,heldout_generator
39920,train
39921,train
39922,train
39923,train
39924,train
39925,heldout_generator
39926,val
39927,train
39928,heldout_generator
39929,train
39930,heldout_prompt
39931,train
39932,train
39933,val
39934,heldout_prompt
39935,train
39936,train
39937,train
39938,heldout_generator
39939,train
39940,train
39941,heldout_generator
39942,val
39943,train
39944,heldout_prompt
39945,heldout_prompt
39946,heldout_generator
39947,heldout_prompt
39948,val
39949,train
39950,train
39951,train
39952,train
39953,train
39954,train
39955,heldout_generator
39956,train
39957,heldout_generator
39958,train
39959,train
39960,val
39961,train
39962,test
39963,val
39964,train
39965,train
39966,heldout_prompt
39967,val
39968,train
39969,train
39970,train
39971,train
39972,train
39973,heldout_generator
39974,test
39975,train
39976,train
39977,val
39978,heldout_prompt
39979,test
39980,train
39981,heldout_generator
39982,heldout_generator
39983,train
39984,test
39985,test
39986,train
39987,heldout_generator
39988,train
39989,val
39990,train
39991,train
39992,train
39993,train
39994,val
39995,train
39996,train
39997,heldout_generator
39998,test
39999,heldout_prompt
40000,train
40001,train
40002,train
40003,train
40004,val
40005,train
40006,heldout_generator
40007,val
40008,heldout_generator
40009,train
40010,train
40011,train
40012,heldout_prompt
40013,train
40014,train
40015,heldout_generator
40016,heldout_prompt
40017,heldout_prompt
40018,train
40019,heldout_generator
40020,heldout_generator
40021,heldout_generator
40022,train
40023,test
40024,test
40025,train
40026,heldout_generator
40027,train
40028,train
40029,train
40030,heldout_generator
40031,train
40032,train
40033,heldout_generator
40034,train
40035,heldout_generator
40036,train
40037,heldout_generator
40038,train
40039,heldout_prompt
40040,val
40041,heldout_generator
40042,train
40043,val
40044,train
40045,train
40046,train
40047,train
40048,heldout_generator
40049,train
40050,train
40051,heldout_generator
40052,heldout_generator
40053,test
40054,train
40055,train
40056,train
40057,train
40058,heldout_prompt
40059,train
40060,train
40061,train
40062,test
40063,val
40064,heldout_prompt
40065,train
40066,heldout_prompt
40067,heldout_generator
40068,test
40069,train
40070,heldout_generator
40071,train
40072,heldout_prompt
40073,train
40074,heldout_generator
40075,train
40076,train
40077,train
40078,heldout_prompt
40079,train
40080,test
40081,train
40082,test
40083,heldout_prompt
40084,heldout_prompt
40085,train
40086,val
40087,train
40088,train
40089,train
40090,heldout_generator
40091,train
40092,train
40093,train
40094,train
40095,train
40096,train
40097,test
40098,train
40099,heldout_generator
40100,train
40101,val
40102,heldout_generator
40103,val
40104,train
40105,train
40106,heldout_prompt
40107,train
40108,train
40109,heldout_prompt
40110,heldout_generator
40111,train
40112,train
40113,train
40114,heldout_generator
40115,train
40116,train
40117,val
40118,train
40119,train
40120,train
40121,train
40122,heldout_prompt
40123,train
40124,train
40125,heldout_generator
40126,heldout_generator
40127,heldout_generator
40128,test
40129,train
40130,train
40131,train
40132,train
40133,test
40134,train
40135,heldout_generator
40136,train
40137,heldout_generator
40138,train
40139,train
40140,heldout_prompt
40141,heldout_prompt
40142,train
40143,val
40144,heldout_generator
40145,heldout_prompt
40146,train
40147,train
40148,train
40149,heldout_generator
40150,heldout_generator
40151,heldout_generator
40152,train
40153,train
40154,heldout_generator
40155,train
40156,train
40157,heldout_prompt
40158,train
40159,heldout_generator
40160,heldout_generator
40161,test
40162,heldout_generator
40163,val
40164,heldout_prompt
40165,train
40166,heldout_generator
40167,train
40168,heldout_generator
40169,heldout_generator
40170,train
40171,train
40172,train
40173,heldout_generator
40174,train
40175,train
40176,train
40177,train
40178,heldout_generator
40179,train
40180,train
40181,train
40182,heldout_generator
40183,train
40184,train
40185,heldout_prompt
40186,train
40187,heldout_prompt
40188,train
40189,train
40190,train
40191,train
40192,heldout_generator
40193,heldout_generator
40194,train
40195,val
40196,train
40197,heldout_generator
40198,heldout_generator
40199,train
40200,heldout_generator
40201,val
40202,heldout_generator
40203,heldout_prompt
40204,train
40205,heldout_generator
40206,train
40207,test
40208,train
40209,heldout_generator
40210,train
40211,train
40212,test
40213,train
40214,heldout_prompt
40215,heldout_generator
40216,train
40217,train
40218,test
40219,train
40220,heldout_generator
40221,train
40222,heldout_prompt
40223,heldout_prompt
40224,heldout_prompt
40225,train
40226,train
40227,train
40228,test
40229,heldout_generator
40230,test
40231,test
40232,heldout_prompt
40233,train
40234,heldout_generator
40235,train
40236,train
40237,train
40238,heldout_prompt
40239,heldout_generator
40240,train
40241,heldout_prompt
40242,train
40243,train
40244,train
40245,train
40246,heldout_generator
40247,heldout_generator
40248,heldout_generator
40249,train
40250,val
40251,heldout_generator
40252,test
40253,heldout_prompt
40254,train
40255,val
40256,test
40257,train
40258,train
40259,train
40260,train
40261,train
40262,val
40263,train
40264,train
40265,val
40266,train
40267,heldout_generator
40268,train
40269,heldout_generator
40270,val
40271,train
40272,train
40273,train
40274,train
40275,heldout_generator
40276,train
40277,val
40278,train
40279,val
40280,train
40281,train
40282,val
40283,train
40284,train
40285,heldout_generator
40286,train
40287,train
40288,heldout_prompt
40289,train
40290,train
40291,val
40292,train
40293,train
40294,test
40295,train
40296,train
40297,train
40298,heldout_generator
40299,train
40300,train
40301,train
40302,train
40303,heldout_generator
40304,heldout_generator
40305,train
40306,heldout_prompt
40307,train
40308,train
40309,train
40310,train
40311,train
40312,train
40313,train
40314,test
40315,train
40316,heldout_generator
40317,train
40318,heldout_generator
40319,heldout_generator
40320,train
40321,train
40322,heldout_prompt
40323,heldout_prompt
40324,train
40325,heldout_generator
40326,train
40327,train
40328,train
40329,train
40330,train
40331,heldout_prompt
40332,train
40333,train
40334,train
40335,train
40336,train
40337,train
40338,train
40339,train
40340,train
40341,train
40342,heldout_generator
40343,test
40344,heldout_prompt
40345,val
40346,train
40347,train
40348,heldout_prompt
40349,train
40350,train
40351,heldout_prompt
40352,train
40353,val
40354,train
40355,train
40356,train
40357,train
40358,heldout_generator
40359,train
40360,heldout_prompt
40361,heldout_generator
40362,heldout_generator
40363,heldout_generator
40364,heldout_generator
40365,test
40366,train
40367,train
40368,train
40369,train
40370,heldout_generator
40371,train
40372,train
40373,train
40374,train
40375,train
40376,test
40377,train
40378,heldout_prompt
40379,heldout_generator
40380,train
40381,train
40382,train
40383,train
40384,train
40385,train
40386,test
40387,train
40388,heldout_generator
40389,train
40390,train
40391,heldout_generator
40392,heldout_generator
40393,heldout_generator
40394,train
40395,train
40396,train
40397,train
40398,train
40399,train
40400,val
40401,heldout_generator
40402,train
40403,heldout_generator
40404,train
40405,heldout_generator
40406,heldout_prompt
40407,heldout_prompt
40408,heldout_prompt
40409,heldout_prompt
40410,heldout_prompt
40411,heldout_prompt
40412,heldout_prompt
40413,heldout_prompt
40414,heldout_prompt
40415,heldout_prompt
40416,heldout_prompt
40417,heldout_prompt
40418,heldout_prompt
40419,heldout_prompt
40420,heldout_prompt
40421,heldout_prompt
40422,heldout_prompt
40423,heldout_prompt
40424,heldout_prompt
40425,heldout_prompt
40426,heldout_prompt
40427,heldout_prompt
40428,heldout_prompt
40429,heldout_prompt
40430,heldout_prompt
40431,heldout_prompt
40432,heldout_prompt
40433,heldout_prompt
40434,heldout_prompt
40435,heldout_prompt
40436,heldout_prompt
40437,heldout_prompt
40438,heldout_prompt
40439,heldout_prompt
40440,heldout_prompt
40441,heldout_prompt
40442,heldout_prompt
40443,heldout_prompt
40444,heldout_prompt
40445,heldout_prompt
40446,heldout_prompt
40447,heldout_prompt
40448,heldout_prompt
40449,heldout_prompt
40450,heldout_prompt
40451,heldout_prompt
40452,heldout_prompt
40453,heldout_prompt
40454,heldout_prompt
40455,heldout_prompt
40456,heldout_prompt
40457,heldout_prompt
40458,heldout_prompt
40459,heldout_prompt
40460,heldout_prompt
40461,heldout_prompt
40462,heldout_prompt
40463,heldout_prompt
40464,heldout_prompt
40465,heldout_prompt
40466,heldout_prompt
40467,heldout_prompt
40468,heldout_prompt
40469,heldout_prompt
40470,heldout_prompt
40471,heldout_prompt
40472,heldout_prompt
40473,heldout_prompt
40474,heldout_prompt
40475,heldout_prompt
40476,heldout_prompt
40477,heldout_prompt
40478,heldout_prompt
40479,heldout_prompt
40480,heldout_prompt
40481,heldout_prompt
40482,heldout_prompt
40483,heldout_prompt
40484,heldout_prompt
40485,heldout_prompt
40486,heldout_prompt
40487,heldout_prompt
40488,heldout_prompt
40489,heldout_prompt
40490,heldout_prompt
40491,heldout_prompt
40492,heldout_prompt
40493,heldout_prompt
40494,heldout_prompt
40495,heldout_prompt
40496,heldout_prompt
40497,heldout_prompt
40498,heldout_prompt
40499,heldout_prompt
40500,heldout_prompt
40501,heldout_prompt
40502,heldout_prompt
40503,heldout_prompt
40504,heldout_prompt
40505,heldout_prompt
40506,heldout_prompt
40507,heldout_prompt
40508,heldout_prompt
40509,heldout_prompt
40510,heldout_prompt
40511,heldout_prompt
40512,heldout_prompt
40513,heldout_prompt
40514,heldout_prompt
40515,heldout_prompt
40516,heldout_prompt
40517,heldout_prompt
40518,heldout_prompt
40519,heldout_prompt
40520,heldout_prompt
40521,heldout_prompt
40522,heldout_prompt
40523,heldout_prompt
40524,heldout_prompt
40525,heldout_prompt
40526,heldout_prompt
40527,heldout_prompt
40528,heldout_prompt
40529,heldout_prompt
40530,heldout_prompt
40531,heldout_prompt
40532,heldout_prompt
40533,heldout_prompt
40534,heldout_prompt
40535,heldout_prompt
40536,heldout_prompt
40537,heldout_prompt
40538,heldout_prompt
40539,heldout_prompt
40540,heldout_prompt
40541,heldout_prompt
40542,heldout_prompt
40543,heldout_prompt
40544,heldout_prompt
40545,heldout_prompt
40546,heldout_prompt
40547,heldout_prompt
40548,heldout_prompt
40549,heldout_prompt
40550,heldout_prompt
40551,heldout_prompt
40552,heldout_prompt
40553,heldout_prompt
40554,heldout_prompt
40555,heldout_prompt
40556,heldout_prompt
40557,heldout_prompt
40558,heldout_prompt
40559,heldout_prompt
40560,heldout_prompt
40561,heldout_prompt
40562,heldout_prompt
40563,heldout_prompt
40564,heldout_prompt
40565,heldout_prompt
40566,heldout_prompt
40567,heldout_prompt
40568,heldout_prompt
40569,heldout_prompt
40570,heldout_prompt
40571,heldout_prompt
40572,heldout_prompt
40573,heldout_prompt
40574,heldout_prompt
40575,heldout_prompt
40576,heldout_prompt
40577,heldout_prompt
40578,heldout_prompt
40579,heldout_prompt
40580,heldout_prompt
40581,heldout_prompt
40582,heldout_prompt
40583,heldout_prompt
40584,heldout_prompt
40585,heldout_prompt
40586,heldout_prompt
40587,heldout_prompt
40588,heldout_prompt
40589,heldout_prompt
40590,heldout_prompt
40591,heldout_prompt
40592,heldout_prompt
40593,heldout_prompt
40594,heldout_prompt
40595,heldout_prompt
40596,heldout_prompt
40597,heldout_prompt
40598,heldout_prompt
40599,heldout_prompt
40600,heldout_prompt
40601,heldout_prompt
40602,heldout_prompt
40603,heldout_prompt
40604,heldout_prompt
40605,heldout_prompt
40606,heldout_prompt
40607,heldout_prompt
40608,heldout_prompt
40609,heldout_prompt
40610,heldout_prompt
40611,heldout_prompt
40612,heldout_prompt
40613,heldout_prompt
40614,heldout_prompt
40615,heldout_prompt
40616,heldout_prompt
40617,heldout_prompt
40618,heldout_prompt
40619,heldout_prompt
40620,heldout_prompt
40621,heldout_prompt
40622,heldout_prompt
40623,heldout_prompt
40624,heldout_prompt
40625,heldout_prompt
40626,heldout_prompt
40627,heldout_prompt
40628,heldout_prompt
40629,heldout_prompt
40630,heldout_prompt
40631,heldout_prompt
40632,heldout_prompt
40633,heldout_prompt
40634,heldout_prompt
40635,heldout_prompt
40636,heldout_prompt
40637,heldout_prompt
40638,heldout_prompt
40639,heldout_prompt
40640,heldout_prompt
40641,heldout_prompt
40642,heldout_prompt
40643,heldout_prompt
40644,heldout_prompt
40645,heldout_prompt
40646,heldout_prompt
40647,heldout_prompt
40648,heldout_prompt
40649,heldout_prompt
40650,heldout_prompt
40651,heldout_prompt
40652,heldout_prompt
40653,heldout_prompt
40654,heldout_prompt
40655,heldout_prompt
40656,heldout_prompt
40657,heldout_prompt
40658,heldout_prompt
40659,heldout_prompt
40660,heldout_prompt
40661,heldout_prompt
40662,heldout_prompt
40663,heldout_prompt
40664,heldout_prompt
40665,heldout_prompt
40666,heldout_prompt
40667,heldout_prompt
40668,heldout_prompt
40669,heldout_prompt
40670,heldout_prompt
40671,heldout_prompt
40672,heldout_prompt
40673,heldout_prompt
40674,heldout_prompt
40675,heldout_prompt
40676,heldout_prompt
40677,heldout_prompt
40678,heldout_prompt
40679,heldout_prompt
40680,heldout_prompt
40681,heldout_prompt
40682,heldout_prompt
40683,heldout_prompt
40684,heldout_prompt
40685,heldout_prompt
40686,heldout_prompt
40687,heldout_prompt
40688,heldout_prompt
40689,heldout_prompt
40690,heldout_prompt
40691,heldout_prompt
40692,heldout_prompt
40693,heldout_prompt
40694,heldout_prompt
40695,heldout_prompt
40696,heldout_prompt
40697,heldout_prompt
40698,heldout_prompt
40699,heldout_prompt
40700,heldout_prompt
40701,heldout_prompt
40702,heldout_prompt
40703,heldout_prompt
40704,heldout_prompt
40705,heldout_prompt
40706,heldout_prompt
40707,heldout_prompt
40708,heldout_prompt
40709,heldout_prompt
40710,heldout_prompt
40711,heldout_prompt
40712,heldout_prompt
40713,heldout_prompt
40714,heldout_prompt
40715,heldout_prompt
40716,heldout_prompt
40717,heldout_prompt
40718,heldout_prompt
40719,heldout_prompt
40720,heldout_prompt
40721,heldout_prompt
40722,heldout_prompt
40723,heldout_prompt
40724,heldout_prompt
40725,heldout_prompt
40726,heldout_prompt
40727,heldout_prompt
40728,heldout_prompt
40729,heldout_prompt
40730,heldout_prompt
40731,heldout_prompt
40732,heldout_prompt
40733,heldout_prompt
40734,heldout_prompt
40735,heldout_prompt
40736,heldout_prompt
40737,heldout_prompt
40738,heldout_prompt
40739,heldout_prompt
40740,heldout_prompt
40741,heldout_prompt
40742,heldout_prompt
40743,heldout_prompt
40744,heldout_prompt
40745,heldout_prompt
40746,heldout_prompt
40747,heldout_prompt
40748,heldout_prompt
40749,heldout_prompt
40750,heldout_prompt
40751,heldout_prompt
40752,heldout_prompt
40753,heldout_prompt
40754,heldout_prompt
40755,heldout_prompt
40756,heldout_prompt
40757,heldout_prompt
40758,heldout_prompt
40759,heldout_prompt
40760,heldout_prompt
40761,heldout_prompt
40762,heldout_prompt
40763,heldout_prompt
40764,heldout_prompt
40765,heldout_prompt
40766,heldout_prompt
40767,heldout_prompt
40768,heldout_prompt
40769,heldout_prompt
40770,heldout_prompt
40771,heldout_prompt
40772,heldout_prompt
40773,heldout_prompt
40774,heldout_prompt
40775,heldout_prompt
40776,heldout_prompt
40777,heldout_prompt
40778,heldout_prompt
40779,heldout_prompt
40780,heldout_prompt
40781,heldout_prompt
40782,heldout_prompt
40783,heldout_prompt
40784,heldout_prompt
40785,heldout_prompt
40786,heldout_prompt
40787,heldout_prompt
40788,heldout_prompt
40789,heldout_prompt
40790,heldout_prompt
40791,heldout_prompt
40792,heldout_prompt
40793,heldout_prompt
40794,heldout_prompt
40795,heldout_prompt
40796,heldout_prompt
40797,heldout_prompt
40798,heldout_prompt
40799,heldout_prompt
40800,heldout_prompt
40801,heldout_prompt
40802,heldout_prompt
40803,heldout_prompt
40804,heldout_prompt
40805,heldout_prompt
40806,train
40807,train
40808,val
40809,train
40810,train
40811,train
40812,train
40813,val
40814,train
40815,train
40816,train
40817,train
40818,train
40819,train
40820,train
40821,train
40822,train
40823,val
40824,train
40825,train
40826,val
40827,val
40828,train
40829,train
40830,val
40831,train
40832,train
40833,test
40834,train
40835,train
40836,train
40837,val
40838,train
40839,train
40840,train
40841,train
40842,train
40843,test
40844,val
40845,test
40846,train
40847,train
40848,train
40849,train
40850,test
40851,train
40852,train
40853,train
40854,train
40855,train
40856,train
40857,test
40858,train
40859,train
40860,train
40861,test
40862,val
40863,train
40864,train
40865,train
40866,train
40867,train
40868,train
40869,train
40870,train
40871,train
40872,train
40873,train
40874,train
40875,train
40876,train
40877,train
40878,train
40879,train
40880,train
40881,train
40882,val
40883,train
40884,train
40885,train
40886,train
40887,train
40888,train
40889,train
40890,train
40891,train
40892,train
40893,train
40894,train
40895,train
40896,train
40897,train
40898,train
40899,train
40900,train
40901,train
40902,val
40903,train
40904,train
40905,train
40906,test
40907,val
40908,train
40909,train
40910,train
40911,train
40912,train
40913,train
40914,train
40915,test
40916,train
40917,train
40918,test
40919,train
40920,train
40921,val
40922,train
40923,val
40924,train
40925,train
40926,train
40927,train
40928,train
40929,train
40930,train
40931,train
40932,train
40933,train
40934,train
40935,val
40936,val
40937,train
40938,test
40939,train
40940,train
40941,train
40942,train
40943,train
40944,train
40945,train
40946,test
40947,train
40948,train
40949,train
40950,train
40951,val
40952,train
40953,train
40954,train
40955,train
40956,train
40957,train
40958,train
40959,train
40960,test
40961,train
40962,train
40963,train
40964,val
40965,train
40966,train
40967,train
40968,train
40969,test
40970,train
40971,train
40972,train
40973,train
40974,train
40975,train
40976,train
40977,train
40978,train
40979,train
40980,train
40981,train
40982,train
40983,train
40984,train
40985,train
40986,train
40987,train
40988,train
40989,train
40990,train
40991,train
40992,train
40993,train
40994,test
40995,train
40996,train
40997,train
40998,train
40999,train
41000,train
41001,train
41002,test
41003,train
41004,train
41005,test
41006,test
41007,train
41008,train
41009,train
41010,train
41011,train
41012,train
41013,train
41014,train
41015,train
41016,train
41017,train
41018,train
41019,train
41020,train
41021,train
41022,train
41023,train
41024,train
41025,train
41026,test
41027,train
41028,train
41029,train
41030,val
41031,test
41032,train
41033,val
41034,train
41035,train
41036,train
41037,train
41038,train
41039,train
41040,val
41041,val
41042,train
41043,train
41044,train
41045,train
41046,val
41047,train
41048,train
41049,train
41050,train
41051,train
41052,train
41053,train
41054,train
41055,train
41056,train
41057,train
41058,train
41059,train
41060,train
41061,train
41062,train
41063,train
41064,val
41065,train
41066,train
41067,test
41068,train
41069,train
41070,train
41071,train
41072,test
41073,train
41074,train
41075,train
41076,test
41077,train
41078,train
41079,train
41080,train
41081,test
41082,train
41083,train
41084,train
41085,train
41086,train
41087,val
41088,train
41089,train
41090,train
41091,train
41092,train
41093,train
41094,train
41095,train
41096,train
41097,train
41098,train
41099,train
41100,train
41101,train
41102,train
41103,train
41104,train
41105,train
41106,train
41107,test
41108,train
41109,train
41110,val
41111,train
41112,train
41113,train
41114,train
41115,train
41116,train
41117,train
41118,train
41119,test
41120,train
41121,train
41122,train
41123,train
41124,train
41125,train
41126,train
41127,train
41128,train
41129,val
41130,train
41131,train
41132,train
41133,train
41134,train
41135,train
41136,train
41137,train
41138,train
41139,train
41140,train
41141,train
41142,train
41143,train
41144,train
41145,train
41146,train
41147,train
41148,val
41149,train
41150,train
41151,train
41152,val
41153,train
41154,train
41155,train
41156,val
41157,train
41158,train
41159,train
41160,train
41161,train
41162,train
41163,test
41164,train
41165,train
41166,val
41167,test
41168,val
41169,train
41170,train
41171,train
41172,val
41173,train
41174,test
41175,test
41176,train
41177,val
41178,train
41179,train
41180,val
41181,test
41182,train
41183,train
41184,val
41185,test
41186,train
41187,train
41188,train
41189,val
41190,train
41191,test
41192,test
41193,test
41194,train
41195,train
41196,train
41197,test
41198,train
41199,train
41200,train
41201,train
41202,train
41203,train
41204,train
41205,train
41206,train
41207,train
41208,train
41209,train
41210,test
41211,train
41212,train
41213,train
41214,val
41215,train
41216,train
41217,train
41218,train
41219,train
41220,train
41221,train
41222,train
41223,train
41224,train
41225,train
41226,train
41227,test
41228,train
41229,train
41230,train
41231,train
41232,train
41233,test
41234,train
41235,train
41236,train
41237,train
41238,train
41239,test
41240,train
41241,train
41242,train
41243,train
41244,test
41245,train
41246,train
41247,train
41248,train
41249,train
41250,val
41251,train
41252,train
41253,train
41254,train
41255,train
41256,train
41257,val
41258,train
41259,train
41260,train
41261,train
41262,train
41263,train
41264,train
41265,train
41266,val
41267,train
41268,train
41269,train
41270,val
41271,test
41272,train
41273,val
41274,train
41275,train
41276,train
41277,val
41278,train
41279,train
41280,train
41281,train
41282,train
41283,train
41284,test
41285,train
41286,train
41287,val
41288,test
41289,train
41290,val
41291,train
41292,test
41293,test
41294,train
41295,train
41296,test
41297,train
41298,train
41299,train
41300,test
41301,train
41302,train
41303,train
41304,train
41305,train
41306,train
41307,train
41308,train
41309,train
41310,train
41311,train
41312,train
41313,train
41314,train
41315,train
41316,val
41317,train
41318,train
41319,train
41320,train
41321,train
41322,train
41323,train
41324,train
41325,train
41326,train
41327,train
41328,train
41329,train
41330,train
41331,train
41332,train
41333,train
41334,test
41335,val
41336,val
41337,train
41338,train
41339,train
41340,train
41341,train
41342,train
41343,train
41344,train
41345,train
41346,train
41347,val
41348,train
41349,train
41350,train
41351,train
41352,test
41353,train
41354,train
41355,train
41356,train
41357,train
41358,train
41359,train
41360,train
41361,train
41362,val
41363,train
41364,train
41365,val
41366,train
41367,train
41368,train
41369,train
41370,train
41371,train
41372,val
41373,test
41374,train
41375,train
41376,train
41377,train
41378,train
41379,train
41380,train
41381,train
41382,train
41383,train
41384,train
41385,train
41386,train
41387,train
41388,train
41389,val
41390,val
41391,train
41392,test
41393,val
41394,train
41395,train
41396,train
41397,val
41398,train
41399,train
41400,test
41401,train
41402,train
41403,train
41404,train
41405,train
41406,train
41407,train
41408,train
41409,train
41410,train
41411,train
41412,train
41413,train
41414,train
41415,train
41416,train
41417,train
41418,train
41419,test
41420,train
41421,train
41422,train
41423,train
41424,train
41425,train
41426,test
41427,train
41428,train
41429,train
41430,train
41431,val
41432,train
41433,train
41434,train
41435,test
41436,test
41437,train
41438,test
41439,train
41440,train
41441,train
41442,train
41443,train
41444,train
41445,train
41446,train
41447,train
41448,train
41449,train
41450,train
41451,train
41452,train
41453,val
41454,train
41455,train
41456,train
41457,train
41458,train
41459,train
41460,test
41461,train
41462,test
41463,test
41464,train
41465,val
41466,train
41467,train
41468,train
41469,train
41470,train
41471,train
41472,train
41473,val
41474,train
41475,train
41476,train
41477,train
41478,train
41479,test
41480,train
41481,train
41482,train
41483,train
41484,train
41485,train
41486,train
41487,val
41488,train
41489,train
41490,train
41491,train
41492,test
41493,val
41494,train
41495,train
41496,train
41497,train
41498,train
41499,train
41500,train
41501,train
41502,train
41503,train
41504,train
41505,heldout_prompt
41506,heldout_prompt
41507,heldout_prompt
41508,heldout_prompt
41509,heldout_prompt
41510,heldout_prompt
41511,heldout_prompt
41512,heldout_prompt
41513,heldout_prompt
41514,heldout_prompt
41515,heldout_prompt
41516,heldout_prompt
41517,heldout_prompt
41518,heldout_prompt
41519,heldout_prompt
41520,heldout_prompt
41521,heldout_prompt
41522,heldout_prompt
41523,heldout_prompt
41524,heldout_prompt
41525,heldout_prompt
41526,heldout_prompt
41527,heldout_prompt
41528,heldout_prompt
41529,heldout_prompt
41530,heldout_prompt
41531,heldout_prompt
41532,heldout_prompt
41533,heldout_prompt
41534,heldout_prompt
41535,heldout_prompt
41536,heldout_prompt
41537,heldout_prompt
41538,heldout_prompt
41539,heldout_prompt
41540,heldout_prompt
41541,heldout_prompt
41542,heldout_prompt
41543,heldout_prompt
41544,heldout_prompt
41545,heldout_prompt
41546,heldout_prompt
41547,heldout_prompt
41548,heldout_prompt
41549,heldout_prompt
41550,heldout_prompt
41551,heldout_prompt
41552,heldout_prompt
41553,heldout_prompt
41554,train
41555,train
41556,train
41557,train
41558,test
41559,train
41560,train
41561,train
41562,train
41563,train
41564,train
41565,train
41566,test
41567,test
41568,train
41569,train
41570,train
41571,train
41572,train
41573,train
41574,train
41575,train
41576,val
41577,train
41578,train
41579,train
41580,val
41581,train
41582,train
41583,test
41584,train
41585,train
41586,train
41587,train
41588,train
41589,train
41590,test
41591,train
41592,train
41593,train
41594,val
41595,train
41596,train
41597,train
41598,train
41599,val
41600,train
41601,train
41602,train
41603,val
41604,train
41605,train
41606,val
41607,val
41608,train
41609,val
41610,train
41611,test
41612,train
41613,train
41614,train
41615,train
41616,train
41617,train
41618,train
41619,test
41620,train
41621,train
41622,val
41623,train
41624,train
41625,train
41626,train
41627,train
41628,train
41629,train
41630,train
41631,train
41632,train
41633,train
41634,train
41635,test
41636,train
41637,train
41638,train
41639,train
41640,train
41641,train
41642,val
41643,train
41644,train
41645,val
41646,train
41647,train
41648,train
41649,train
41650,train
41651,train
41652,train
41653,val
41654,train
41655,train
41656,train
41657,test
41658,train
41659,train
41660,train
41661,train
41662,train
41663,train
41664,train
41665,train
41666,train
41667,test
41668,train
41669,test
41670,train
41671,test
41672,train
41673,train
41674,train
41675,train
41676,train
41677,train
41678,test
41679,train
41680,train
41681,test
41682,train
41683,train
41684,train
41685,test
41686,train
41687,train
41688,train
41689,train
41690,train
41691,train
41692,test
41693,train
41694,train
41695,train
41696,train
41697,train
41698,test
41699,train
41700,val
41701,train
41702,train
41703,train
41704,val
41705,train
41706,val
41707,train
41708,train
41709,train
41710,train
41711,train
41712,train
41713,test
41714,train
41715,train
41716,train
41717,train
41718,train
41719,train
41720,train
41721,val
41722,train
41723,val
41724,train
41725,train
41726,train
41727,train
41728,train
41729,train
41730,train
41731,test
41732,train
41733,train
41734,train
41735,val
41736,train
41737,train
41738,train
41739,train
41740,train
41741,train
41742,train
41743,train
41744,test
41745,train
41746,train
41747,train
41748,train
41749,train
41750,train
41751,test
41752,train
41753,train
41754,val
41755,train
41756,train
41757,train
41758,train
41759,train
41760,train
41761,train
41762,train
41763,train
41764,train
41765,train
41766,train
41767,train
41768,train
41769,test
41770,train
41771,train
41772,train
41773,test
41774,train
41775,train
41776,train
41777,train
41778,train
41779,train
41780,train
41781,train
41782,test
41783,train
41784,train
41785,test
41786,train
41787,train
41788,train
41789,train
41790,train
41791,train
41792,train
41793,train
41794,train
41795,test
41796,train
41797,test
41798,train
41799,train
41800,train
41801,train
41802,train
41803,train
41804,val
41805,val
41806,train
41807,train
41808,train
41809,train
41810,train
41811,train
41812,train
41813,train
41814,test
41815,train
41816,train
41817,train
41818,train
41819,train
41820,val
41821,train
41822,val
41823,test
41824,train
41825,train
41826,val
41827,train
41828,train
41829,train
41830,val
41831,train
41832,val
41833,train
41834,train
41835,train
41836,train
41837,train
41838,val
41839,train
41840,train
41841,train
41842,train
41843,train
41844,train
41845,train
41846,train
41847,train
41848,train
41849,train
41850,train
41851,train
41852,val
41853,train
41854,heldout_prompt
41855,heldout_prompt
41856,heldout_prompt
41857,heldout_prompt
41858,heldout_prompt
41859,heldout_prompt
41860,heldout_prompt
41861,heldout_prompt
41862,heldout_prompt
41863,heldout_prompt
41864,heldout_prompt
41865,heldout_prompt
41866,heldout_prompt
41867,heldout_prompt
41868,heldout_prompt
41869,heldout_prompt
41870,heldout_prompt
41871,heldout_prompt
41872,heldout_prompt
41873,heldout_prompt
41874,heldout_prompt
41875,heldout_prompt
41876,heldout_prompt
41877,heldout_prompt
41878,heldout_prompt
41879,heldout_prompt
41880,heldout_prompt
41881,heldout_prompt
41882,heldout_prompt
41883,heldout_prompt
41884,heldout_prompt
41885,heldout_prompt
41886,heldout_prompt
41887,heldout_prompt
41888,heldout_prompt
41889,heldout_prompt
41890,heldout_prompt
41891,heldout_prompt
41892,heldout_prompt
41893,heldout_prompt
41894,heldout_prompt
41895,heldout_prompt
41896,heldout_prompt
41897,heldout_prompt
41898,heldout_prompt
41899,heldout_prompt
41900,heldout_prompt
41901,heldout_prompt
41902,heldout_prompt
41903,heldout_prompt
41904,train
41905,train
41906,train
41907,train
41908,train
41909,train
41910,train
41911,train
41912,train
41913,train
41914,train
41915,train
41916,train
41917,train
41918,train
41919,val
41920,train
41921,train
41922,train
41923,train
41924,train
41925,train
41926,train
41927,train
41928,val
41929,train
41930,train
41931,train
41932,train
41933,train
41934,train
41935,train
41936,train
41937,train
41938,val
41939,test
41940,train
41941,test
41942,test
41943,test
41944,train
41945,train
41946,train
41947,test
41948,train
41949,train
41950,val
41951,train
41952,train
41953,train
41954,train
41955,train
41956,train
41957,val
41958,train
41959,test
41960,train
41961,train
41962,train
41963,train
41964,train
41965,train
41966,train
41967,train
41968,train
41969,train
41970,train
41971,train
41972,train
41973,train
41974,train
41975,val
41976,train
41977,test
41978,train
41979,train
41980,train
41981,train
41982,train
41983,train
41984,train
41985,train
41986,train
41987,train
41988,train
41989,train
41990,train
41991,train
41992,train
41993,test
41994,train
41995,train
41996,train
41997,train
41998,train
41999,train
42000,train
42001,train
42002,val
42003,train
42004,heldout_prompt
42005,heldout_prompt
42006,heldout_prompt
42007,heldout_prompt
42008,heldout_prompt
42009,heldout_prompt
42010,heldout_prompt
42011,heldout_prompt
42012,heldout_prompt
42013,heldout_prompt
42014,heldout_prompt
42015,heldout_prompt
42016,heldout_prompt
42017,heldout_prompt
42018,heldout_prompt
42019,heldout_prompt
42020,heldout_prompt
42021,heldout_prompt
42022,heldout_prompt
42023,heldout_prompt
42024,heldout_prompt
42025,heldout_prompt
42026,heldout_prompt
42027,heldout_prompt
42028,heldout_prompt
42029,heldout_prompt
42030,heldout_prompt
42031,heldout_prompt
42032,heldout_prompt
42033,heldout_prompt
42034,heldout_prompt
42035,heldout_prompt
42036,heldout_prompt
42037,heldout_prompt
42038,heldout_prompt
42039,heldout_prompt
42040,heldout_prompt
42041,heldout_prompt
42042,heldout_prompt
42043,heldout_prompt
42044,heldout_prompt
42045,heldout_prompt
42046,heldout_prompt
42047,heldout_prompt
42048,heldout_prompt
42049,heldout_prompt
42050,heldout_prompt
42051,heldout_prompt
42052,heldout_prompt
42053,heldout_prompt
42054,heldout_prompt
42055,heldout_prompt
42056,heldout_prompt
42057,heldout_prompt
42058,heldout_prompt
42059,heldout_prompt
42060,heldout_prompt
42061,heldout_prompt
42062,heldout_prompt
42063,heldout_prompt
42064,heldout_prompt
42065,heldout_prompt
42066,heldout_prompt
42067,heldout_prompt
42068,heldout_prompt
42069,heldout_prompt
42070,heldout_prompt
42071,heldout_prompt
42072,heldout_prompt
42073,heldout_prompt
42074,heldout_prompt
42075,heldout_prompt
42076,heldout_prompt
42077,heldout_prompt
42078,heldout_prompt
42079,heldout_prompt
42080,heldout_prompt
42081,heldout_prompt
42082,heldout_prompt
42083,heldout_prompt
42084,heldout_prompt
42085,heldout_prompt
42086,heldout_prompt
42087,heldout_prompt
42088,heldout_prompt
42089,heldout_prompt
42090,heldout_prompt
42091,heldout_prompt
42092,heldout_prompt
42093,heldout_prompt
42094,heldout_prompt
42095,heldout_prompt
42096,heldout_prompt
42097,heldout_prompt
42098,heldout_prompt
42099,heldout_prompt
42100,heldout_prompt
42101,heldout_prompt
42102,heldout_prompt
42103,heldout_prompt
42104,train
42105,train
42106,train
42107,train
42108,train
42109,heldout_prompt
42110,heldout_prompt
42111,train
42112,heldout_prompt
42113,heldout_prompt
42114,heldout_prompt
42115,train
42116,heldout_prompt
42117,heldout_prompt
42118,train
42119,train
42120,heldout_prompt
42121,train
42122,train
42123,train
42124,heldout_prompt
42125,heldout_prompt
42126,train
42127,heldout_prompt
42128,heldout_prompt
42129,train
42130,heldout_prompt
42131,train
42132,heldout_prompt
42133,train
42134,heldout_prompt
42135,train
42136,heldout_prompt
42137,heldout_prompt
42138,heldout_prompt
42139,train
42140,train
42141,train
42142,train
42143,heldout_prompt
42144,train
42145,heldout_prompt
42146,heldout_prompt
42147,heldout_prompt
42148,train
42149,test
42150,train
42151,val
42152,train
42153,heldout_prompt
42154,train
42155,train
42156,train
42157,heldout_prompt
42158,heldout_prompt
42159,train
42160,train
42161,train
42162,train
42163,train
42164,heldout_prompt
42165,heldout_prompt
42166,heldout_prompt
42167,heldout_prompt
42168,heldout_prompt
42169,heldout_prompt
42170,heldout_prompt
42171,train
42172,train
42173,train
42174,train
42175,train
42176,heldout_prompt
42177,train
42178,train
42179,heldout_prompt
42180,heldout_prompt
42181,val
42182,train
42183,heldout_prompt
42184,heldout_prompt
42185,train
42186,heldout_prompt
42187,heldout_prompt
42188,train
42189,heldout_prompt
42190,heldout_prompt
42191,heldout_prompt
42192,heldout_prompt
42193,train
42194,train
42195,val
42196,test
42197,heldout_prompt
42198,heldout_prompt
42199,train
42200,heldout_prompt
42201,heldout_prompt
42202,train
42203,val
42204,heldout_prompt
42205,heldout_prompt
42206,train
42207,heldout_prompt
42208,val
42209,heldout_prompt
42210,train
42211,test
42212,heldout_prompt
42213,heldout_prompt
42214,heldout_prompt
42215,heldout_prompt
42216,heldout_prompt
42217,heldout_prompt
42218,train
42219,heldout_prompt
42220,heldout_prompt
42221,train
42222,train
42223,train
42224,train
42225,heldout_prompt
42226,test
42227,heldout_prompt
42228,val
42229,heldout_prompt
42230,heldout_prompt
42231,train
42232,train
42233,heldout_prompt
42234,train
42235,train
42236,train
42237,train
42238,train
42239,heldout_prompt
42240,train
42241,train
42242,train
42243,train
42244,train
42245,train
42246,heldout_prompt
42247,train
42248,heldout_prompt
42249,heldout_prompt
42250,val
42251,heldout_prompt
42252,train
42253,heldout_prompt
42254,heldout_prompt
42255,train
42256,heldout_prompt
42257,train
42258,train
42259,heldout_prompt
42260,train
42261,heldout_prompt
42262,train
42263,heldout_prompt
42264,val
42265,train
42266,heldout_prompt
42267,heldout_prompt
42268,train
42269,heldout_prompt
42270,heldout_prompt
42271,heldout_prompt
42272,heldout_prompt
42273,heldout_prompt
42274,train
42275,heldout_prompt
42276,heldout_prompt
42277,test
42278,heldout_prompt
42279,train
42280,heldout_prompt
42281,heldout_prompt
42282,train
42283,heldout_prompt
42284,heldout_prompt
42285,heldout_prompt
42286,heldout_prompt
42287,test
42288,val
42289,heldout_prompt
42290,train
42291,heldout_prompt
42292,heldout_prompt
42293,train
42294,heldout_prompt
42295,heldout_prompt
42296,heldout_prompt
42297,heldout_prompt
42298,heldout_prompt
42299,heldout_prompt
42300,heldout_prompt
42301,val
42302,train
42303,train
42304,train
42305,train
42306,train
42307,heldout_prompt
42308,train
42309,heldout_prompt
42310,train
42311,heldout_prompt
42312,heldout_prompt
42313,heldout_prompt
42314,heldout_prompt
42315,heldout_prompt
42316,heldout_prompt
42317,train
42318,heldout_prompt
42319,heldout_prompt
42320,train
42321,train
42322,train
42323,test
42324,train
42325,train
42326,heldout_prompt
42327,train
42328,train
42329,train
42330,val
42331,heldout_prompt
42332,train
42333,train
42334,train
42335,train
42336,train
42337,train
42338,train
42339,train
42340,heldout_prompt
42341,val
42342,train
42343,heldout_prompt
42344,heldout_prompt
42345,heldout_prompt
42346,train
42347,train
42348,heldout_prompt
42349,train
42350,heldout_prompt
42351,heldout_prompt
42352,heldout_prompt
42353,heldout_prompt
42354,heldout_prompt
42355,train
42356,heldout_prompt
42357,heldout_prompt
42358,train
42359,train
42360,heldout_prompt
42361,heldout_prompt
42362,heldout_prompt
42363,heldout_prompt
42364,train
42365,heldout_prompt
42366,val
42367,train
42368,train
42369,heldout_prompt
42370,heldout_prompt
42371,train
42372,train
42373,heldout_prompt
42374,heldout_prompt
42375,test
42376,heldout_prompt
42377,heldout_prompt
42378,train
42379,heldout_prompt
42380,heldout_prompt
42381,train
42382,train
42383,heldout_prompt
42384,train
42385,heldout_prompt
42386,test
42387,heldout_prompt
42388,heldout_prompt
42389,heldout_prompt
42390,train
42391,train
42392,heldout_prompt
42393,train
42394,train
42395,train
42396,train
42397,heldout_prompt
42398,train
42399,heldout_prompt
42400,train
42401,train
42402,train
42403,train
42404,train
42405,heldout_prompt
42406,train
42407,train
42408,val
42409,val
42410,val
42411,train
42412,val
42413,train
42414,val
42415,heldout_prompt
42416,train
42417,train
42418,heldout_prompt
42419,heldout_prompt
42420,heldout_prompt
42421,test
42422,heldout_prompt
42423,heldout_prompt
42424,train
42425,heldout_prompt
42426,heldout_prompt
42427,heldout_prompt
42428,train
42429,heldout_prompt
42430,train
42431,test
42432,train
42433,train
42434,heldout_prompt
42435,heldout_prompt
42436,train
42437,train
42438,heldout_prompt
42439,val
42440,heldout_prompt
42441,heldout_prompt
42442,train
42443,train
42444,heldout_prompt
42445,heldout_prompt
42446,train
42447,heldout_prompt
42448,heldout_prompt
42449,heldout_prompt
42450,train
42451,heldout_prompt
42452,heldout_prompt
42453,train
42454,train
42455,heldout_prompt
42456,heldout_prompt
42457,train
42458,test
42459,train
42460,heldout_prompt
42461,train
42462,heldout_prompt
42463,train
42464,train
42465,heldout_prompt
42466,heldout_prompt
42467,train
42468,heldout_prompt
42469,train
42470,heldout_prompt
42471,train
42472,train
42473,heldout_prompt
42474,train
42475,heldout_prompt
42476,heldout_prompt
42477,heldout_prompt
42478,heldout_prompt
42479,heldout_prompt
42480,heldout_prompt
42481,heldout_prompt
42482,heldout_prompt
42483,train
42484,train
42485,test
42486,heldout_prompt
42487,heldout_prompt
42488,train
42489,heldout_prompt
42490,train
42491,train
42492,test
42493,train
42494,train
42495,train
42496,heldout_prompt
42497,train
42498,heldout_prompt
42499,heldout_prompt
42500,heldout_prompt
42501,heldout_prompt
42502,train
42503,train
42504,heldout_prompt
42505,train
42506,heldout_prompt
42507,heldout_prompt
42508,train
42509,train
42510,train
42511,heldout_prompt
42512,train
42513,heldout_prompt
42514,train
42515,heldout_prompt
42516,heldout_prompt
42517,train
42518,test
42519,heldout_prompt
42520,heldout_prompt
42521,train
42522,test
42523,test
42524,heldout_prompt
42525,heldout_prompt
42526,heldout_prompt
42527,heldout_prompt
42528,train
42529,train
42530,train
42531,heldout_prompt
42532,train
42533,heldout_prompt
42534,heldout_prompt
42535,test
42536,val
42537,train
42538,train
42539,heldout_prompt
42540,train
42541,val
42542,train
42543,heldout_prompt
42544,train
42545,heldout_prompt
42546,train
42547,heldout_prompt
42548,train
42549,train
42550,train
42551,train
42552,train
42553,heldout_prompt
42554,heldout_prompt
42555,train
42556,heldout_prompt
42557,heldout_prompt
42558,heldout_prompt
42559,heldout_prompt
42560,train
42561,train
42562,heldout_prompt
42563,heldout_prompt
42564,test
42565,train
42566,heldout_prompt
42567,val
42568,train
42569,train
42570,train
42571,val
42572,train
42573,heldout_prompt
42574,train
42575,heldout_prompt
42576,heldout_prompt
42577,train
42578,train
42579,heldout_prompt
42580,heldout_prompt
42581,heldout_prompt
42582,heldout_prompt
42583,heldout_prompt
42584,train
42585,heldout_prompt
42586,train
42587,heldout_prompt
42588,train
42589,train
42590,train
42591,heldout_prompt
42592,val
42593,train
42594,heldout_prompt
42595,train
42596,train
42597,train
42598,heldout_prompt
42599,heldout_prompt
42600,train
42601,train
42602,heldout_prompt
42603,heldout_prompt
42604,heldout_prompt
42605,heldout_prompt
42606,train
42607,train
42608,train
42609,train
42610,train
42611,heldout_prompt
42612,train
42613,train
42614,test
42615,train
42616,train
42617,train
42618,train
42619,test
42620,heldout_prompt
42621,heldout_prompt
42622,heldout_prompt
42623,train
42624,heldout_prompt
42625,heldout_prompt
42626,heldout_prompt
42627,test
42628,train
42629,train
42630,heldout_prompt
42631,heldout_prompt
42632,train
42633,val
42634,train
42635,heldout_prompt
42636,train
42637,heldout_prompt
42638,heldout_prompt
42639,train
42640,heldout_prompt
42641,heldout_prompt
42642,heldout_prompt
42643,test
42644,test
42645,heldout_prompt
42646,heldout_prompt
42647,train
42648,train
42649,val
42650,train
42651,train
42652,heldout_prompt
42653,heldout_prompt
42654,heldout_prompt
42655,val
42656,heldout_prompt
42657,heldout_prompt
42658,train
42659,train
42660,test
42661,train
42662,heldout_prompt
42663,train
42664,heldout_prompt
42665,val
42666,train
42667,val
42668,train
42669,heldout_prompt
42670,heldout_prompt
42671,heldout_prompt
42672,heldout_prompt
42673,train
42674,train
42675,heldout_prompt
42676,heldout_prompt
42677,val
42678,heldout_prompt
42679,train
42680,train
42681,train
42682,train
42683,train
42684,heldout_prompt
42685,train
42686,heldout_prompt
42687,heldout_prompt
42688,heldout_prompt
42689,heldout_prompt
42690,heldout_prompt
42691,heldout_prompt
42692,heldout_prompt
42693,train
42694,test
42695,train
42696,heldout_prompt
42697,train
42698,heldout_prompt
42699,heldout_prompt
42700,heldout_prompt
42701,train
42702,heldout_prompt
42703,heldout_prompt
42704,heldout_prompt
42705,train
42706,heldout_prompt
42707,train
42708,heldout_prompt
42709,train
42710,train
42711,heldout_prompt
42712,train
42713,train
42714,train
42715,train
42716,train
42717,val
42718,heldout_prompt
42719,train
42720,heldout_prompt
42721,train
42722,train
42723,heldout_prompt
42724,heldout_prompt
42725,heldout_prompt
42726,train
42727,heldout_prompt
42728,heldout_prompt
42729,heldout_prompt
42730,train
42731,heldout_prompt
42732,train
42733,train
42734,heldout_prompt
42735,train
42736,heldout_prompt
42737,heldout_prompt
42738,train
42739,train
42740,heldout_prompt
42741,train
42742,train
42743,heldout_prompt
42744,train
42745,heldout_prompt
42746,train
42747,heldout_prompt
42748,heldout_prompt
42749,heldout_prompt
42750,heldout_prompt
42751,test
42752,heldout_prompt
42753,train
42754,train
42755,heldout_prompt
42756,heldout_prompt
42757,train
42758,heldout_prompt
42759,heldout_prompt
42760,test
42761,train
42762,heldout_prompt
42763,train
42764,train
42765,train
42766,train
42767,train
42768,train
42769,train
42770,train
42771,heldout_prompt
42772,heldout_prompt
42773,train
42774,heldout_prompt
42775,train
42776,heldout_prompt
42777,train
42778,heldout_prompt
42779,train
42780,heldout_prompt
42781,train
42782,train
42783,heldout_prompt
42784,heldout_prompt
42785,train
42786,train
42787,train
42788,train
42789,heldout_prompt
42790,heldout_prompt
42791,test
42792,heldout_prompt
42793,train
42794,heldout_prompt
42795,train
42796,val
42797,train
42798,heldout_prompt
42799,val
42800,train
42801,val
42802,heldout_prompt
42803,train
42804,train
42805,train
42806,heldout_prompt
42807,heldout_prompt
42808,heldout_prompt
42809,heldout_prompt
42810,heldout_prompt
42811,train
42812,train
42813,test
42814,train
42815,val
42816,heldout_prompt
42817,heldout_prompt
42818,val
42819,val
42820,heldout_prompt
42821,heldout_prompt
42822,train
42823,heldout_prompt
42824,heldout_prompt
42825,heldout_prompt
42826,heldout_prompt
42827,heldout_prompt
42828,heldout_prompt
42829,test
42830,train
42831,train
42832,val
42833,train
42834,heldout_prompt
42835,train
42836,heldout_prompt
42837,train
42838,heldout_prompt
42839,train
42840,train
42841,train
42842,heldout_prompt
42843,heldout_prompt
42844,heldout_prompt
42845,heldout_prompt
42846,heldout_prompt
42847,heldout_prompt
42848,heldout_prompt
42849,train
42850,heldout_prompt
42851,train
42852,heldout_prompt
42853,train
42854,train
42855,test
42856,train
42857,heldout_prompt
42858,train
42859,heldout_prompt
42860,heldout_prompt
42861,heldout_prompt
42862,train
42863,heldout_prompt
42864,train
42865,heldout_prompt
42866,heldout_prompt
42867,heldout_prompt
42868,heldout_prompt
42869,heldout_prompt
42870,heldout_prompt
42871,train
42872,train
42873,val
42874,train
42875,train
42876,heldout_prompt
42877,heldout_prompt
42878,test
42879,heldout_prompt
42880,heldout_prompt
42881,test
42882,heldout_prompt
42883,train
42884,heldout_prompt
42885,heldout_prompt
42886,heldout_prompt
42887,heldout_prompt
42888,heldout_prompt
42889,heldout_prompt
42890,heldout_prompt
42891,heldout_prompt
42892,train
42893,train
42894,train
42895,heldout_prompt
42896,heldout_prompt
42897,heldout_prompt
42898,train
42899,val
42900,train
42901,heldout_prompt
42902,heldout_prompt
42903,val
42904,train
42905,train
42906,heldout_prompt
42907,heldout_prompt
42908,heldout_prompt
42909,train
42910,heldout_prompt
42911,heldout_prompt
42912,train
42913,train
42914,train
42915,heldout_prompt
42916,train
42917,heldout_prompt
42918,heldout_prompt
42919,train
42920,heldout_prompt
42921,train
42922,train
42923,train
42924,heldout_prompt
42925,heldout_prompt
42926,train
42927,test
42928,heldout_prompt
42929,train
42930,heldout_prompt
42931,test
42932,train
42933,train
42934,val
42935,train
42936,val
42937,heldout_prompt
42938,train
42939,heldout_prompt
42940,train
42941,train
42942,heldout_prompt
42943,heldout_prompt
42944,heldout_prompt
42945,train
42946,heldout_prompt
42947,heldout_prompt
42948,train
42949,train
42950,train
42951,val
42952,train
42953,train
42954,train
42955,train
42956,heldout_prompt
42957,train
42958,train
42959,heldout_prompt
42960,heldout_prompt
42961,train
42962,heldout_prompt
42963,heldout_prompt
42964,heldout_prompt
42965,heldout_prompt
42966,heldout_prompt
42967,heldout_prompt
42968,train
42969,heldout_prompt
42970,heldout_prompt
42971,val
42972,train
42973,heldout_prompt
42974,heldout_prompt
42975,train
42976,train
42977,train
42978,train
42979,train
42980,train
42981,heldout_prompt
42982,heldout_prompt
42983,heldout_prompt
42984,heldout_prompt
42985,test
42986,train
42987,heldout_prompt
42988,heldout_prompt
42989,train
42990,train
42991,heldout_prompt
42992,train
42993,heldout_prompt
42994,heldout_prompt
42995,heldout_prompt
42996,heldout_prompt
42997,heldout_prompt
42998,heldout_prompt
42999,train
43000,train
43001,train
43002,train
43003,train
43004,test
43005,train
43006,heldout_prompt
43007,train
43008,test
43009,heldout_prompt
43010,train
43011,heldout_prompt
43012,heldout_prompt
43013,heldout_prompt
43014,heldout_prompt
43015,train
43016,heldout_prompt
43017,heldout_prompt
43018,heldout_prompt
43019,heldout_prompt
43020,train
43021,train
43022,heldout_prompt
43023,train
43024,heldout_prompt
43025,train
43026,heldout_prompt
43027,heldout_prompt
43028,heldout_prompt
43029,heldout_prompt
43030,train
43031,train
43032,heldout_prompt
43033,train
43034,test
43035,heldout_prompt
43036,heldout_prompt
43037,test
43038,test
43039,test
43040,train
43041,train
43042,heldout_prompt
43043,heldout_prompt
43044,train
43045,train
43046,heldout_prompt
43047,heldout_prompt
43048,heldout_prompt
43049,val
43050,heldout_prompt
43051,heldout_prompt
43052,heldout_prompt
43053,heldout_prompt
43054,train
43055,heldout_prompt
43056,train
43057,train
43058,heldout_prompt
43059,heldout_prompt
43060,train
43061,heldout_prompt
43062,heldout_prompt
43063,train
43064,heldout_prompt
43065,test
43066,train
43067,train
43068,train
43069,train
43070,heldout_prompt
43071,train
43072,heldout_prompt
43073,heldout_prompt
43074,heldout_prompt
43075,heldout_prompt
43076,heldout_prompt
43077,train
43078,test
43079,train
43080,heldout_prompt
43081,heldout_prompt
43082,heldout_prompt
43083,train
43084,heldout_prompt
43085,heldout_prompt
43086,heldout_prompt
43087,heldout_prompt
43088,heldout_prompt
43089,train
43090,train
43091,heldout_prompt
43092,test
43093,train
43094,train
43095,heldout_prompt
43096,train
43097,train
43098,train
43099,train
43100,heldout_prompt
43101,heldout_prompt
43102,heldout_prompt
43103,heldout_prompt
43104,test
43105,train
43106,heldout_prompt
43107,heldout_prompt
43108,train
43109,train
43110,heldout_prompt
43111,test
43112,val
43113,heldout_prompt
43114,train
43115,heldout_prompt
43116,train
43117,train
43118,val
43119,train
43120,heldout_prompt
43121,heldout_prompt
43122,test
43123,heldout_prompt
43124,heldout_prompt
43125,train
43126,heldout_prompt
43127,heldout_prompt
43128,train
43129,heldout_prompt
43130,train
43131,train
43132,heldout_prompt
43133,heldout_prompt
43134,heldout_prompt
43135,heldout_prompt
43136,heldout_prompt
43137,heldout_prompt
43138,train
43139,heldout_prompt
43140,heldout_prompt
43141,heldout_prompt
43142,heldout_prompt
43143,heldout_prompt
43144,heldout_prompt
43145,train
43146,val
43147,heldout_prompt
43148,heldout_prompt
43149,train
43150,train
43151,heldout_prompt
43152,heldout_prompt
43153,heldout_prompt
43154,test
43155,heldout_prompt
43156,heldout_prompt
43157,heldout_prompt
43158,train
43159,train
43160,heldout_prompt
43161,heldout_prompt
43162,heldout_prompt
43163,train
43164,train
43165,heldout_prompt
43166,heldout_prompt
43167,train
43168,heldout_prompt
43169,heldout_prompt
43170,val
43171,heldout_prompt
43172,train
43173,val
43174,heldout_prompt
43175,heldout_prompt
43176,test
43177,train
43178,train
43179,heldout_prompt
43180,heldout_prompt
43181,heldout_prompt
43182,heldout_prompt
43183,heldout_prompt
43184,train
43185,heldout_prompt
43186,test
43187,heldout_prompt
43188,train
43189,train
43190,train
43191,train
43192,train
43193,train
43194,train
43195,heldout_prompt
43196,heldout_prompt
43197,train
43198,train
43199,train
43200,heldout_prompt
43201,heldout_prompt
43202,heldout_prompt
43203,heldout_prompt
43204,train
43205,heldout_prompt
43206,heldout_prompt
43207,heldout_prompt
43208,train
43209,train
43210,heldout_prompt
43211,train
43212,train
43213,heldout_prompt
43214,train
43215,val
43216,train
43217,train
43218,heldout_prompt
43219,train
43220,heldout_prompt
43221,train
43222,heldout_prompt
43223,val
43224,train
43225,heldout_prompt
43226,heldout_prompt
43227,train
43228,train
43229,heldout_prompt
43230,train
43231,train
43232,heldout_prompt
43233,heldout_prompt
43234,heldout_prompt
43235,heldout_prompt
43236,heldout_prompt
43237,heldout_prompt
43238,train
43239,heldout_prompt
43240,train
43241,train
43242,train
43243,heldout_prompt
43244,heldout_prompt
43245,heldout_prompt
43246,train
43247,train
43248,train
43249,train
43250,train
43251,heldout_prompt
43252,train
43253,train
43254,train
43255,train
43256,heldout_prompt
43257,heldout_prompt
43258,heldout_prompt
43259,test
43260,train
43261,heldout_prompt
43262,heldout_prompt
43263,train
43264,heldout_prompt
43265,train
43266,train
43267,train
43268,train
43269,heldout_prompt
43270,heldout_prompt
43271,heldout_prompt
43272,train
43273,heldout_prompt
43274,val
43275,heldout_prompt
43276,heldout_prompt
43277,heldout_prompt
43278,train
43279,train
43280,train
43281,train
43282,heldout_prompt
43283,train
43284,heldout_prompt
43285,heldout_prompt
43286,heldout_prompt
43287,train
43288,heldout_prompt
43289,train
43290,val
43291,train
43292,heldout_prompt
43293,train
43294,val
43295,heldout_prompt
43296,heldout_prompt
43297,heldout_prompt
43298,test
43299,train
43300,train
43301,val
43302,val
43303,val
43304,train
43305,heldout_prompt
43306,test
43307,train
43308,test
43309,train
43310,train
43311,train
43312,val
43313,train
43314,heldout_prompt
43315,heldout_prompt
43316,heldout_prompt
43317,heldout_prompt
43318,heldout_prompt
43319,heldout_prompt
43320,train
43321,heldout_prompt
43322,train
43323,heldout_prompt
43324,val
43325,heldout_prompt
43326,train
43327,heldout_prompt
43328,val
43329,test
43330,heldout_prompt
43331,heldout_prompt
43332,heldout_prompt
43333,heldout_prompt
43334,heldout_prompt
43335,heldout_prompt
43336,heldout_prompt
43337,val
43338,heldout_prompt
43339,val
43340,train
43341,val
43342,val
43343,val
43344,heldout_prompt
43345,train
43346,heldout_prompt
43347,train
43348,heldout_prompt
43349,train
43350,heldout_prompt
43351,heldout_prompt
43352,train
43353,train
43354,heldout_prompt
43355,heldout_prompt
43356,train
43357,heldout_prompt
43358,heldout_prompt
43359,heldout_prompt
43360,train
43361,train
43362,train
43363,heldout_prompt
43364,train
43365,train
43366,train
43367,heldout_prompt
43368,heldout_prompt
43369,heldout_prompt
43370,train
43371,val
43372,train
43373,train
43374,train
43375,heldout_prompt
43376,heldout_prompt
43377,train
43378,heldout_prompt
43379,train
43380,train
43381,train
43382,train
43383,train
43384,heldout_prompt
43385,heldout_prompt
43386,heldout_prompt
43387,heldout_prompt
43388,heldout_prompt
43389,train
43390,test
43391,train
43392,train
43393,train
43394,heldout_prompt
43395,train
43396,val
43397,train
43398,train
43399,heldout_prompt
43400,train
43401,heldout_prompt
43402,heldout_prompt
43403,heldout_prompt
43404,heldout_prompt
43405,train
43406,heldout_prompt
43407,train
43408,heldout_prompt
43409,heldout_prompt
43410,heldout_prompt
43411,heldout_prompt
43412,train
43413,heldout_prompt
43414,train
43415,heldout_prompt
43416,train
43417,heldout_prompt
43418,train
43419,heldout_prompt
43420,test
43421,val
43422,heldout_prompt
43423,heldout_prompt
43424,test
43425,train
43426,heldout_prompt
43427,train
43428,heldout_prompt
43429,train
43430,heldout_prompt
43431,heldout_prompt
43432,train
43433,heldout_prompt
43434,heldout_prompt
43435,heldout_prompt
43436,train
43437,heldout_prompt
43438,train
43439,heldout_prompt
43440,train
43441,heldout_prompt
43442,heldout_prompt
43443,heldout_prompt
43444,heldout_prompt
43445,heldout_prompt
43446,train
43447,heldout_prompt
43448,heldout_prompt
43449,heldout_prompt
43450,heldout_prompt
43451,train
43452,train
43453,test
43454,train
43455,train
43456,train
43457,heldout_prompt
43458,heldout_prompt
43459,heldout_prompt
43460,heldout_prompt
43461,train
43462,heldout_prompt
43463,train
43464,heldout_prompt
43465,heldout_prompt
43466,train
43467,test
43468,heldout_prompt
43469,train
43470,heldout_prompt
43471,train
43472,train
43473,train
43474,train
43475,train
43476,val
43477,heldout_prompt
43478,train
43479,train
43480,train
43481,train
43482,train
43483,train
43484,train
43485,val
43486,train
43487,train
43488,train
43489,train
43490,train
43491,train
43492,test
43493,train
43494,train
43495,train
43496,val
43497,train
43498,train
43499,train
43500,test
43501,train
43502,train
43503,train
43504,val
43505,train
43506,val
43507,train
43508,train
43509,train
43510,val
43511,train
43512,train
43513,train
43514,train
43515,train
43516,train
43517,train
43518,test
43519,train
43520,train
43521,train
43522,train
43523,val
43524,train
43525,train
43526,test
43527,train
43528,train
43529,train
43530,train
43531,train
43532,val
43533,train
43534,train
43535,train
43536,val
43537,train
43538,train
43539,val
43540,train
43541,train
43542,test
43543,train
43544,train
43545,train
43546,train
43547,train
43548,train
43549,train
43550,test
43551,val
43552,train
43553,val
43554,train
43555,train
43556,train
43557,train
43558,val
43559,train
43560,train
43561,train
43562,test
43563,train
43564,train
43565,train
43566,train
43567,train
43568,test
43569,train
43570,train
43571,train
43572,train
43573,val
43574,train
43575,train
43576,val
43577,train
43578,train
43579,train
43580,train
43581,train
43582,test
43583,train
43584,train
43585,test
43586,train
43587,train
43588,val
43589,train
43590,test
43591,train
43592,train
43593,train
43594,test
43595,train
43596,train
43597,train
43598,train
43599,train
43600,test
43601,train
43602,train
43603,train
43604,train
43605,train
43606,train
43607,test
43608,test
43609,train
43610,train
43611,train
43612,train
43613,train
43614,train
43615,train
43616,train
43617,train
43618,test
43619,train
43620,train
43621,train
43622,train
43623,train
43624,train
43625,train
43626,train
43627,train
43628,test
43629,train
43630,train
43631,train
43632,train
43633,train
43634,train
43635,train
43636,val
43637,train
43638,val
43639,train
43640,train
43641,test
43642,train
43643,val
43644,train
43645,train
43646,val
43647,train
43648,test
43649,train
43650,train
43651,train
43652,train
43653,train
43654,val
43655,train
43656,train
43657,train
43658,train
43659,train
43660,train
43661,train
43662,train
43663,train
43664,train
43665,train
43666,train
43667,train
43668,test
43669,val
43670,train
43671,val
43672,test
43673,train
43674,train
43675,test
43676,train
43677,train
43678,train
43679,train
43680,train
43681,val
43682,train
43683,train
43684,train
43685,train
43686,test
43687,train
43688,train
43689,val
43690,train
43691,test
43692,train
43693,train
43694,train
43695,train
43696,train
43697,train
43698,val
43699,train
43700,train
43701,train
43702,train
43703,train
43704,train
43705,train
43706,val
43707,train
43708,train
43709,train
43710,train
43711,train
43712,train
43713,test
43714,train
43715,train
43716,val
43717,train
43718,train
43719,train
43720,train
43721,train
43722,train
43723,train
43724,train
43725,train
43726,test
43727,train
43728,train
43729,train
43730,train
43731,train
43732,val
43733,train
43734,train
43735,train
43736,train
43737,train
43738,train
43739,train
43740,train
43741,train
43742,train
43743,train
43744,train
43745,train
43746,test
43747,train
43748,train
43749,train
43750,train
43751,train
43752,train
43753,train
43754,val
43755,train
43756,test
43757,train
43758,test
43759,train
43760,train
43761,train
43762,train
43763,train
43764,train
43765,train
43766,test
43767,train
43768,train
43769,train
43770,train
43771,val
43772,train
43773,train
43774,val
43775,train
43776,train
43777,train
43778,val
43779,train
43780,val
43781,train
43782,train
43783,train
43784,train
43785,train
43786,val
43787,test
43788,train
43789,test
43790,train
43791,train
43792,train
43793,train
43794,test
43795,train
43796,train
43797,train
43798,train
43799,test
43800,train
43801,train
43802,train
43803,train
43804,train
43805,train
43806,train
43807,train
43808,test
43809,train
43810,train
43811,train
43812,test
43813,train
43814,train
43815,train
43816,val
43817,train
43818,train
43819,test
43820,train
43821,train
43822,train
43823,train
43824,val
43825,train
43826,train
43827,train
43828,train
43829,train
43830,train
43831,val
43832,val
43833,test
43834,train
43835,train
43836,val
43837,test
43838,train
43839,train
43840,val
43841,train
43842,val
43843,train
43844,train
43845,train
43846,train
43847,train
43848,train
43849,train
43850,test
43851,train
43852,train
43853,train
43854,train
43855,val
43856,train
43857,train
43858,test
43859,train
43860,train
43861,train
43862,train
43863,test
43864,train
43865,train
43866,val
43867,train
43868,train
43869,test
43870,train
43871,test
43872,train
43873,test
43874,train
43875,train
43876,train
43877,train
43878,train
43879,train
43880,val
43881,train
43882,val
43883,train
43884,train
43885,train
43886,train
43887,train
43888,train
43889,train
43890,train
43891,train
43892,train
43893,test
43894,val
43895,test
43896,train
43897,val
43898,train
43899,train
43900,train
43901,val
43902,train
43903,train
43904,train
43905,train
43906,train
43907,train
43908,train
43909,train
43910,train
43911,train
43912,train
43913,val
43914,train
43915,train
43916,train
43917,train
43918,train
43919,test
43920,train
43921,train
43922,train
43923,train
43924,train
43925,train
43926,test
43927,train
43928,train
43929,train
43930,train
43931,train
43932,val
43933,train
43934,train
43935,test
43936,train
43937,train
43938,train
43939,train
43940,train
43941,train
43942,train
43943,train
43944,test
43945,train
43946,train
43947,train
43948,train
43949,test
43950,train
43951,train
43952,test
43953,train
43954,train
43955,train
43956,train
43957,train
43958,train
43959,train
43960,train
43961,train
43962,train
43963,test
43964,test
43965,train
43966,train
43967,train
43968,train
43969,train
43970,val
43971,train
43972,train
43973,train
43974,train
43975,train
43976,train
43977,train
43978,val
43979,train
43980,train
43981,val
43982,train
43983,train
43984,train
43985,train
43986,train
43987,train
43988,test
43989,train
43990,train
43991,val
43992,train
43993,train
43994,train
43995,train
43996,train
43997,val
43998,train
43999,train
44000,train
44001,train
44002,train
44003,test
44004,train
44005,val
44006,train
44007,train
44008,train
44009,train
44010,train
44011,val
44012,train
44013,test
44014,test
44015,val
44016,train
44017,train
44018,train
44019,train
44020,train
44021,test
44022,train
44023,train
44024,val
44025,train
44026,train
44027,train
44028,test
44029,test
44030,train
44031,train
44032,train
44033,train
44034,train
44035,val
44036,train
44037,train
44038,train
44039,train
44040,train
44041,test
44042,test
44043,train
44044,train
44045,train
44046,train
44047,train
44048,test
44049,train
44050,train
44051,train
44052,test
44053,train
44054,train
44055,train
44056,train
44057,train
44058,train
44059,train
44060,train
44061,val
44062,train
44063,train
44064,test
44065,train
44066,train
44067,train
44068,train
44069,val
44070,train
44071,val
44072,train
44073,val
44074,train
44075,train
44076,train
44077,train
44078,train
44079,train
44080,train
44081,train
44082,train
44083,test
44084,train
44085,test
44086,train
44087,train
44088,train
44089,train
44090,train
44091,val
44092,train
44093,test
44094,train
44095,train
44096,train
44097,train
44098,train
44099,train
44100,train
44101,train
44102,train
44103,test
44104,train
44105,train
44106,train
44107,train
44108,train
44109,train
44110,train
44111,train
44112,train
44113,train
44114,train
44115,train
44116,train
44117,train
44118,train
44119,train
44120,train
44121,train
44122,train
44123,test
44124,train
44125,train
44126,train
44127,train
44128,train
44129,train
44130,train
44131,train
44132,val
44133,val
44134,train
44135,train
44136,val
44137,test
44138,train
44139,train
44140,test
44141,train
44142,val
44143,train
44144,train
44145,test
44146,test
44147,test
44148,train
44149,val
44150,train
44151,train
44152,train
44153,train
44154,train
44155,val
44156,val
44157,val
44158,train
44159,train
44160,train
44161,test
44162,train
44163,train
44164,train
44165,train
44166,val
44167,train
44168,val
44169,train
44170,train
44171,train
44172,train
44173,val
44174,train
44175,train
44176,train
44177,test
44178,train
44179,train
44180,val
44181,train
44182,test
44183,train
44184,test
44185,train
44186,train
44187,test
44188,train
44189,train
44190,train
44191,train
44192,train
44193,train
44194,heldout_prompt
44195,heldout_prompt
44196,heldout_prompt
44197,heldout_prompt
44198,heldout_prompt
44199,heldout_prompt
44200,heldout_prompt
44201,heldout_prompt
44202,heldout_prompt
44203,heldout_prompt
44204,heldout_prompt
44205,heldout_prompt
44206,heldout_prompt
44207,heldout_prompt
44208,heldout_prompt
44209,heldout_prompt
44210,heldout_prompt
44211,heldout_prompt
44212,heldout_prompt
44213,heldout_prompt
44214,heldout_prompt
44215,heldout_prompt
44216,heldout_prompt
44217,heldout_prompt
44218,heldout_prompt
44219,heldout_prompt
44220,heldout_prompt
44221,heldout_prompt
44222,heldout_prompt
44223,heldout_prompt
44224,heldout_prompt
44225,heldout_prompt
44226,heldout_prompt
44227,heldout_prompt
44228,heldout_prompt
44229,heldout_prompt
44230,heldout_prompt
44231,heldout_prompt
44232,heldout_prompt
44233,heldout_prompt
44234,heldout_prompt
44235,heldout_prompt
44236,heldout_prompt
44237,heldout_prompt
44238,heldout_prompt
44239,heldout_prompt
44240,heldout_prompt
44241,heldout_prompt
44242,heldout_prompt
44243,heldout_prompt
44244,heldout_prompt
44245,heldout_prompt
44246,heldout_prompt
44247,heldout_prompt
44248,heldout_prompt
44249,heldout_prompt
44250,heldout_prompt
44251,heldout_prompt
44252,heldout_prompt
44253,heldout_prompt
44254,heldout_prompt
44255,heldout_prompt
44256,heldout_prompt
44257,heldout_prompt
44258,heldout_prompt
44259,heldout_prompt
44260,heldout_prompt
44261,heldout_prompt
44262,heldout_prompt
44263,heldout_prompt
44264,heldout_prompt
44265,heldout_prompt
44266,heldout_prompt
44267,heldout_prompt
44268,heldout_prompt
44269,heldout_prompt
44270,heldout_prompt
44271,heldout_prompt
44272,heldout_prompt
44273,heldout_prompt
44274,heldout_prompt
44275,heldout_prompt
44276,heldout_prompt
44277,heldout_prompt
44278,heldout_prompt
44279,heldout_prompt
44280,heldout_prompt
44281,heldout_prompt
44282,heldout_prompt
44283,heldout_prompt
44284,heldout_prompt
44285,heldout_prompt
44286,heldout_prompt
44287,heldout_prompt
44288,heldout_prompt
44289,heldout_prompt
44290,heldout_prompt
44291,heldout_prompt
44292,heldout_prompt
44293,heldout_prompt
44294,heldout_prompt
44295,heldout_prompt
44296,heldout_prompt
44297,heldout_prompt
44298,heldout_prompt
44299,heldout_prompt
44300,heldout_prompt
44301,heldout_prompt
44302,heldout_prompt
44303,heldout_prompt
44304,heldout_prompt
44305,heldout_prompt
44306,heldout_prompt
44307,heldout_prompt
44308,heldout_prompt
44309,heldout_prompt
44310,heldout_prompt
44311,heldout_prompt
44312,heldout_prompt
44313,heldout_prompt
44314,heldout_prompt
44315,heldout_prompt
44316,heldout_prompt
44317,heldout_prompt
44318,heldout_prompt
44319,heldout_prompt
44320,heldout_prompt
44321,heldout_prompt
44322,heldout_prompt
44323,heldout_prompt
44324,heldout_prompt
44325,heldout_prompt
44326,heldout_prompt
44327,heldout_prompt
44328,heldout_prompt
44329,heldout_prompt
44330,heldout_prompt
44331,heldout_prompt
44332,heldout_prompt
44333,heldout_prompt
44334,heldout_prompt
44335,heldout_prompt
44336,heldout_prompt
44337,heldout_prompt
44338,heldout_prompt
44339,heldout_prompt
44340,heldout_prompt
44341,heldout_prompt
44342,heldout_prompt
44343,heldout_prompt
44344,heldout_prompt
44345,heldout_prompt
44346,heldout_prompt
44347,heldout_prompt
44348,heldout_prompt
44349,heldout_prompt
44350,heldout_prompt
44351,heldout_prompt
44352,heldout_prompt
44353,heldout_prompt
44354,heldout_prompt
44355,heldout_prompt
44356,heldout_prompt
44357,heldout_prompt
44358,heldout_prompt
44359,heldout_prompt
44360,heldout_prompt
44361,heldout_prompt
44362,heldout_prompt
44363,heldout_prompt
44364,heldout_prompt
44365,heldout_prompt
44366,heldout_prompt
44367,heldout_prompt
44368,heldout_prompt
44369,heldout_prompt
44370,heldout_prompt
44371,heldout_prompt
44372,heldout_prompt
44373,heldout_prompt
44374,heldout_prompt
44375,heldout_prompt
44376,heldout_prompt
44377,heldout_prompt
44378,heldout_prompt
44379,heldout_prompt
44380,heldout_prompt
44381,heldout_prompt
44382,heldout_prompt
44383,heldout_prompt
44384,heldout_prompt
44385,heldout_prompt
44386,heldout_prompt
44387,heldout_prompt
44388,heldout_prompt
44389,heldout_prompt
44390,heldout_prompt
44391,heldout_prompt
44392,heldout_prompt
44393,heldout_prompt
44394,heldout_prompt
44395,heldout_prompt
44396,heldout_prompt
44397,heldout_prompt
44398,heldout_prompt
44399,heldout_prompt
44400,heldout_prompt
44401,heldout_prompt
44402,heldout_prompt
44403,heldout_prompt
44404,heldout_prompt
44405,heldout_prompt
44406,heldout_prompt
44407,heldout_prompt
44408,heldout_prompt
44409,heldout_prompt
44410,heldout_prompt
44411,heldout_prompt
44412,heldout_prompt
44413,heldout_prompt
44414,heldout_prompt
44415,heldout_prompt
44416,heldout_prompt
44417,heldout_prompt
44418,heldout_prompt
44419,heldout_prompt
44420,heldout_prompt
44421,heldout_prompt
44422,heldout_prompt
44423,heldout_prompt
44424,heldout_prompt
44425,heldout_prompt
44426,heldout_prompt
44427,heldout_prompt
44428,heldout_prompt
44429,heldout_prompt
44430,heldout_prompt
44431,heldout_prompt
44432,heldout_prompt
44433,heldout_prompt
44434,heldout_prompt
44435,heldout_prompt
44436,heldout_prompt
44437,heldout_prompt
44438,heldout_prompt
44439,heldout_prompt
44440,heldout_prompt
44441,heldout_prompt
44442,heldout_prompt
44443,heldout_prompt
44444,heldout_prompt
44445,heldout_prompt
44446,heldout_prompt
44447,heldout_prompt
44448,heldout_prompt
44449,heldout_prompt
44450,heldout_prompt
44451,heldout_prompt
44452,heldout_prompt
44453,heldout_prompt
44454,heldout_prompt
44455,heldout_prompt
44456,heldout_prompt
44457,heldout_prompt
44458,heldout_prompt
44459,heldout_prompt
44460,heldout_prompt
44461,heldout_prompt
44462,heldout_prompt
44463,heldout_prompt
44464,heldout_prompt
44465,heldout_prompt
44466,heldout_prompt
44467,heldout_prompt
44468,heldout_prompt
44469,heldout_prompt
44470,heldout_prompt
44471,heldout_prompt
44472,heldout_prompt
44473,heldout_prompt
44474,heldout_prompt
44475,heldout_prompt
44476,heldout_prompt
44477,heldout_prompt
44478,heldout_prompt
44479,heldout_prompt
44480,heldout_prompt
44481,heldout_prompt
44482,heldout_prompt
44483,heldout_prompt
44484,heldout_prompt
44485,heldout_prompt
44486,heldout_prompt
44487,heldout_prompt
44488,heldout_prompt
44489,heldout_prompt
44490,heldout_prompt
44491,heldout_prompt
44492,heldout_prompt
44493,heldout_prompt
44494,heldout_prompt
44495,heldout_prompt
44496,heldout_prompt
44497,heldout_prompt
44498,heldout_prompt
44499,heldout_prompt
44500,heldout_prompt
44501,heldout_prompt
44502,heldout_prompt
44503,heldout_prompt
44504,heldout_prompt
44505,heldout_prompt
44506,heldout_prompt
44507,heldout_prompt
44508,heldout_prompt
44509,heldout_prompt
44510,heldout_prompt
44511,heldout_prompt
44512,heldout_prompt
44513,heldout_prompt
44514,heldout_prompt
44515,heldout_prompt
44516,heldout_prompt
44517,heldout_prompt
44518,heldout_prompt
44519,heldout_prompt
44520,heldout_prompt
44521,heldout_prompt
44522,heldout_prompt
44523,heldout_prompt
44524,heldout_prompt
44525,heldout_prompt
44526,heldout_prompt
44527,heldout_prompt
44528,heldout_prompt
44529,heldout_prompt
44530,heldout_prompt
44531,heldout_prompt
44532,heldout_prompt
44533,heldout_prompt
44534,heldout_prompt
44535,heldout_prompt
44536,heldout_prompt
44537,heldout_prompt
44538,heldout_prompt
44539,heldout_prompt
44540,heldout_prompt
44541,heldout_prompt
44542,heldout_prompt
44543,heldout_prompt
44544,heldout_prompt
44545,heldout_prompt
44546,heldout_prompt
44547,heldout_prompt
44548,heldout_prompt
44549,heldout_prompt
44550,heldout_prompt
44551,heldout_prompt
44552,heldout_prompt
44553,heldout_prompt
44554,heldout_prompt
44555,heldout_prompt
44556,heldout_prompt
44557,heldout_prompt
44558,heldout_prompt
44559,heldout_prompt
44560,heldout_prompt
44561,heldout_prompt
44562,heldout_prompt
44563,heldout_prompt
44564,heldout_prompt
44565,heldout_prompt
44566,heldout_prompt
44567,heldout_prompt
44568,heldout_prompt
44569,heldout_prompt
44570,heldout_prompt
44571,heldout_prompt
44572,heldout_prompt
44573,heldout_prompt
44574,heldout_prompt
44575,heldout_prompt
44576,heldout_prompt
44577,heldout_prompt
44578,heldout_prompt
44579,heldout_prompt
44580,heldout_prompt
44581,heldout_prompt
44582,heldout_prompt
44583,heldout_prompt
44584,heldout_prompt
44585,heldout_prompt
44586,heldout_prompt
44587,heldout_prompt
44588,heldout_prompt
44589,heldout_prompt
44590,heldout_prompt
44591,heldout_prompt
44592,heldout_prompt
44593,heldout_prompt
44594,heldout_prompt
44595,heldout_prompt
44596,heldout_prompt
44597,heldout_prompt
44598,heldout_prompt
44599,heldout_prompt
44600,heldout_prompt
44601,heldout_prompt
44602,heldout_prompt
44603,heldout_prompt
44604,heldout_prompt
44605,heldout_prompt
44606,heldout_prompt
44607,heldout_prompt
44608,heldout_prompt
44609,heldout_prompt
44610,heldout_prompt
44611,heldout_prompt
44612,heldout_prompt
44613,heldout_prompt
44614,heldout_prompt
44615,heldout_prompt
44616,heldout_prompt
44617,heldout_prompt
44618,heldout_prompt
44619,heldout_prompt
44620,heldout_prompt
44621,heldout_prompt
44622,heldout_prompt
44623,heldout_prompt
44624,heldout_prompt
44625,heldout_prompt
44626,heldout_prompt
44627,heldout_prompt
44628,heldout_prompt
44629,heldout_prompt
44630,heldout_prompt
44631,heldout_prompt
44632,heldout_prompt
44633,heldout_prompt
44634,heldout_prompt
44635,heldout_prompt
44636,heldout_prompt
44637,heldout_prompt
44638,heldout_prompt
44639,heldout_prompt
44640,heldout_prompt
44641,heldout_prompt
44642,heldout_prompt
44643,heldout_prompt
44644,heldout_prompt
44645,heldout_prompt
44646,heldout_prompt
44647,heldout_prompt
44648,heldout_prompt
44649,heldout_prompt
44650,heldout_prompt
44651,heldout_prompt
44652,heldout_prompt
44653,heldout_prompt
44654,heldout_prompt
44655,heldout_prompt
44656,heldout_prompt
44657,heldout_prompt
44658,heldout_prompt
44659,heldout_prompt
44660,heldout_prompt
44661,heldout_prompt
44662,heldout_prompt
44663,heldout_prompt
44664,heldout_prompt
44665,heldout_prompt
44666,heldout_prompt
44667,heldout_prompt
44668,heldout_prompt
44669,heldout_prompt
44670,heldout_prompt
44671,heldout_prompt
44672,heldout_prompt
44673,heldout_prompt
44674,heldout_prompt
44675,heldout_prompt
44676,heldout_prompt
44677,heldout_prompt
44678,heldout_prompt
44679,heldout_prompt
44680,heldout_prompt
44681,heldout_prompt
44682,heldout_prompt
44683,heldout_prompt
44684,heldout_prompt
44685,heldout_prompt
44686,heldout_prompt
44687,heldout_prompt
44688,heldout_prompt
44689,heldout_prompt
44690,heldout_prompt
44691,heldout_prompt
44692,heldout_prompt
44693,heldout_prompt
44694,heldout_prompt
44695,heldout_prompt
44696,heldout_prompt
44697,heldout_prompt
44698,heldout_prompt
44699,heldout_prompt
44700,heldout_prompt
44701,heldout_prompt
44702,heldout_prompt
44703,heldout_prompt
44704,heldout_prompt
44705,heldout_prompt
44706,heldout_prompt
44707,heldout_prompt
44708,heldout_prompt
44709,heldout_prompt
44710,heldout_prompt
44711,heldout_prompt
44712,heldout_prompt
44713,heldout_prompt
44714,heldout_prompt
44715,heldout_prompt
44716,heldout_prompt
44717,heldout_prompt
44718,heldout_prompt
44719,heldout_prompt
44720,heldout_prompt
44721,heldout_prompt
44722,heldout_prompt
44723,heldout_prompt
44724,heldout_prompt
44725,heldout_prompt
44726,heldout_prompt
44727,heldout_prompt
44728,heldout_prompt
44729,heldout_prompt
44730,heldout_prompt
44731,heldout_prompt
44732,heldout_prompt
44733,heldout_prompt
44734,heldout_prompt
44735,heldout_prompt
44736,heldout_prompt
44737,heldout_prompt
44738,heldout_prompt
44739,heldout_prompt
44740,heldout_prompt
44741,heldout_prompt
44742,heldout_prompt
44743,heldout_prompt
44744,heldout_prompt
44745,heldout_prompt
44746,heldout_prompt
44747,heldout_prompt
44748,heldout_prompt
44749,heldout_prompt
44750,heldout_prompt
44751,heldout_prompt
44752,heldout_prompt
44753,heldout_prompt
44754,heldout_prompt
44755,heldout_prompt
44756,heldout_prompt
44757,heldout_prompt
44758,heldout_prompt
44759,heldout_prompt
44760,heldout_prompt
44761,heldout_prompt
44762,heldout_prompt
44763,heldout_prompt
44764,heldout_prompt
44765,heldout_prompt
44766,heldout_prompt
44767,heldout_prompt
44768,heldout_prompt
44769,heldout_prompt
44770,heldout_prompt
44771,heldout_prompt
44772,heldout_prompt
44773,heldout_prompt
44774,heldout_prompt
44775,heldout_prompt
44776,heldout_prompt
44777,heldout_prompt
44778,heldout_prompt
44779,heldout_prompt
44780,heldout_prompt
44781,heldout_prompt
44782,heldout_prompt
44783,heldout_prompt
44784,heldout_prompt
44785,heldout_prompt
44786,heldout_prompt
44787,heldout_prompt
44788,heldout_prompt
44789,heldout_prompt
44790,heldout_prompt
44791,heldout_prompt
44792,heldout_prompt
44793,heldout_prompt
44794,heldout_prompt
44795,heldout_prompt
44796,heldout_prompt
44797,heldout_prompt
44798,heldout_prompt
44799,heldout_prompt
44800,heldout_prompt
44801,heldout_prompt
44802,heldout_prompt
44803,heldout_prompt
44804,heldout_prompt
44805,heldout_prompt
44806,heldout_prompt
44807,heldout_prompt
44808,heldout_prompt
44809,heldout_prompt
44810,heldout_prompt
44811,heldout_prompt
44812,heldout_prompt
44813,heldout_prompt
44814,heldout_prompt
44815,heldout_prompt
44816,heldout_prompt
44817,heldout_prompt
44818,heldout_prompt
44819,heldout_prompt
44820,heldout_prompt
44821,heldout_prompt
44822,heldout_prompt
44823,heldout_prompt
44824,heldout_prompt
44825,heldout_prompt
44826,heldout_prompt
44827,heldout_prompt
44828,heldout_prompt
44829,heldout_prompt
44830,heldout_prompt
44831,heldout_prompt
44832,heldout_prompt
44833,heldout_prompt
44834,heldout_prompt
44835,heldout_prompt
44836,heldout_prompt
44837,heldout_prompt
44838,heldout_prompt
44839,heldout_prompt
44840,heldout_prompt
44841,heldout_prompt
44842,heldout_prompt
44843,heldout_prompt
44844,heldout_prompt
44845,heldout_prompt
44846,heldout_prompt
44847,heldout_prompt
44848,heldout_prompt
44849,heldout_prompt
44850,heldout_prompt
44851,heldout_prompt
44852,heldout_prompt
44853,heldout_prompt
44854,heldout_prompt
44855,heldout_prompt
44856,heldout_prompt
44857,heldout_prompt
44858,heldout_prompt
44859,heldout_prompt
44860,heldout_prompt
44861,heldout_prompt
44862,heldout_prompt
44863,heldout_prompt
44864,heldout_prompt
44865,heldout_prompt
